[
	{
		"DamageID": "AttackPeck",
		"WeaponCategory": "Bite_AI",
		"IgnoreInvulnerable": 0,
		"NoReaction": 0,
		"SurfaceImpactEffect": "Bullet",
		"AttackType": "Heavy",
		"DamageType": "Slash",
		"StatusEffect": ["MegaTurkey_Peck"],
		"EffectOnlyOnDamage": true,
		"DeflectDamageID": "Deflect_Default",
		"CanCrit": false,
		"DmgCoef": 0,
		"DmgCoefHead": 0,
		"DmgCoefCrit": 0,
		"PowerLevel": 5,
		"BlockPowerLevel": 5,
		"CritPowerLevel": 5,
		"HitStun": 40,
		"BlockHitStun": 35,
		"CritHitStun": 40,
		"ImpactDistanceX": 0,
		"ImpactDistanceY": 0,
		"ImpactDistanceZ": 0,
		"ImpactDecayRate": 0.8,
		"BlockImpactDistanceX": 0,
		"BlockImpactDistanceY": 0,
		"BlockImpactDistanceZ": 0,
		"BlockImpactDecayRate": 0.8,
		"CritImpactDistanceX": 0,
		"CritImpactDistanceY": 0,
		"CritImpactDistanceZ": 0,
		"CritImpactDecayRate": 0.8,
		"AddDmg": 0.01,
		"StaggerDmgModifier": 0.5,
		"CritStaggerDmgModifier": 0,
		"StaggerResistModifier": 1,
		"TargetCameraShakeID": "Small",
		"ImpactRating": 3,
		"BlockStaminaDmgMod": 0.8,
		"BlockAbsorptionModifier": 1,
		"StunBreakoutIncrement": 1,
		"HitRuneCharge": 0.1625,
		"HitBlockedRuneCharge": 0.325
	},
	{
		"DamageID": "Attack_Lasers",
		"WeaponCategory": "Bite_AI",
		"IgnoreInvulnerable": 0,
		"NoReaction": 1,
		"SurfaceImpactEffect": "Bullet",
		"AttackType": "Heavy",
		"DamageType": "Slash",
		"StatusEffect": ["MegaTurkey_Lasers"],
		"EffectOnlyOnDamage": true,
		"DeflectDamageID": "Deflect_Default",
		"CanCrit": false,
		"DmgCoef": 0,
		"DmgCoefHead": 1,
		"DmgCoefCrit": 1,
		"PowerLevel": 0,
		"BlockPowerLevel": 0,
		"CritPowerLevel": 0,
		"HitStun": 10,
		"BlockHitStun": 5,
		"CritHitStun": 10,
		"ImpactDistanceX": 0,
		"ImpactDistanceY": 0,
		"ImpactDistanceZ": 0,
		"ImpactDecayRate": 0.8,
		"BlockImpactDistanceX": 0,
		"BlockImpactDistanceY": 0,
		"BlockImpactDistanceZ": 0,
		"BlockImpactDecayRate": 0.8,
		"CritImpactDistanceX": 0,
		"CritImpactDistanceY": 0,
		"CritImpactDistanceZ": 0,
		"CritImpactDecayRate": 0.8,
		"AddDmg": 0.01,
		"StaggerDmgModifier": 0.5,
		"CritStaggerDmgModifier": 0,
		"StaggerResistModifier": 1,
		"TargetCameraShakeID": "Small",
		"ImpactRating": 3,
		"BlockStaminaDmgMod": 0.8,
		"BlockAbsorptionModifier": 1,
		"StunBreakoutIncrement": 1,
		"HitRuneCharge": 0.1625,
		"HitBlockedRuneCharge": 0.325
	},
	{
		"DamageID": "Attack_AOE_Jump",
		"WeaponCategory": "Bite_AI",
		"IgnoreInvulnerable": 0,
		"NoReaction": 0,
		"SurfaceImpactEffect": "Bullet",
		"AttackType": "Heavy",
		"DamageType": "Slash",
		"StatusEffect": ["MegaTurkey_AOE_Jump"],
		"EffectOnlyOnDamage": true,
		"DeflectDamageID": "Deflect_Default",
		"CanCrit": false,
		"DmgCoef": 0,
		"DmgCoefHead": 1,
		"DmgCoefCrit": 1,
		"PowerLevel": 4,
		"BlockPowerLevel": 4,
		"CritPowerLevel": 4,
		"HitStun": 40,
		"BlockHitStun": 35,
		"CritHitStun": 40,
		"ImpactDistanceX": 0,
		"ImpactDistanceY": 0,
		"ImpactDistanceZ": 0,
		"ImpactDecayRate": 0.8,
		"BlockImpactDistanceX": 0,
		"BlockImpactDistanceY": 0,
		"BlockImpactDistanceZ": 0,
		"BlockImpactDecayRate": 0.8,
		"CritImpactDistanceX": 0,
		"CritImpactDistanceY": 0,
		"CritImpactDistanceZ": 0,
		"CritImpactDecayRate": 0.8,
		"AddDmg": 0.01,
		"StaggerDmgModifier": 0.5,
		"CritStaggerDmgModifier": 0,
		"StaggerResistModifier": 1,
		"TargetCameraShakeID": "Small",
		"ImpactRating": 3,
		"BlockStaminaDmgMod": 0.8,
		"BlockAbsorptionModifier": 1,
		"StunBreakoutIncrement": 1,
		"HitRuneCharge": 0.1625,
		"HitBlockedRuneCharge": 0.325
	},
	{
		"DamageID": "Attack_Egg_Bomb",
		"WeaponCategory": "Bite_AI",
		"IgnoreInvulnerable": 0,
		"NoReaction": 0,
		"SurfaceImpactEffect": "Bullet",
		"AttackType": "Heavy",
		"DamageType": "Slash",
		"StatusEffect": ["MegaTurkey_Egg_Bomb"],
		"EffectOnlyOnDamage": true,
		"DeflectDamageID": "Deflect_Default",
		"CanCrit": false,
		"DmgCoef": 0,
		"DmgCoefHead": 1,
		"DmgCoefCrit": 1,
		"PowerLevel": 2,
		"BlockPowerLevel": 2,
		"CritPowerLevel": 2,
		"HitStun": 20,
		"BlockHitStun": 15,
		"CritHitStun": 20,
		"ImpactDistanceX": 0,
		"ImpactDistanceY": 0,
		"ImpactDistanceZ": 0,
		"ImpactDecayRate": 0.8,
		"BlockImpactDistanceX": 0,
		"BlockImpactDistanceY": 0,
		"BlockImpactDistanceZ": 0,
		"BlockImpactDecayRate": 0.8,
		"CritImpactDistanceX": 0,
		"CritImpactDistanceY": 0,
		"CritImpactDistanceZ": 0,
		"CritImpactDecayRate": 0.8,
		"AddDmg": 0.01,
		"StaggerDmgModifier": 0.5,
		"CritStaggerDmgModifier": 0,
		"StaggerResistModifier": 1,
		"TargetCameraShakeID": "Small",
		"ImpactRating": 3,
		"BlockStaminaDmgMod": 0.8,
		"BlockAbsorptionModifier": 1,
		"StunBreakoutIncrement": 1,
		"HitRuneCharge": 0.1625,
		"HitBlockedRuneCharge": 0.325
	},
	{
		"DamageID": "Attack_Egg_Drop",
		"WeaponCategory": "Bite_AI",
		"IgnoreInvulnerable": 0,
		"NoReaction": 0,
		"SurfaceImpactEffect": "Bullet",
		"AttackType": "Heavy",
		"DamageType": "Slash",
		"StatusEffect": ["MegaTurkey_Egg_Drop"],
		"EffectOnlyOnDamage": true,
		"DeflectDamageID": "Deflect_Default",
		"CanCrit": false,
		"DmgCoef": 0,
		"DmgCoefHead": 1,
		"DmgCoefCrit": 1,
		"PowerLevel": 2,
		"BlockPowerLevel": 2,
		"CritPowerLevel": 2,
		"HitStun": 20,
		"BlockHitStun": 15,
		"CritHitStun": 20,
		"ImpactDistanceX": 0,
		"ImpactDistanceY": 0,
		"ImpactDistanceZ": 0,
		"ImpactDecayRate": 0.8,
		"BlockImpactDistanceX": 0,
		"BlockImpactDistanceY": 0,
		"BlockImpactDistanceZ": 0,
		"BlockImpactDecayRate": 0.8,
		"CritImpactDistanceX": 0,
		"CritImpactDistanceY": 0,
		"CritImpactDistanceZ": 0,
		"CritImpactDecayRate": 0.8,
		"AddDmg": 0.01,
		"StaggerDmgModifier": 0.5,
		"CritStaggerDmgModifier": 0,
		"StaggerResistModifier": 1,
		"TargetCameraShakeID": "Small",
		"ImpactRating": 3,
		"BlockStaminaDmgMod": 0.8,
		"BlockAbsorptionModifier": 1,
		"StunBreakoutIncrement": 1,
		"HitRuneCharge": 0.1625,
		"HitBlockedRuneCharge": 0.325
	},
	{
		"DamageID": "Attack_Egg_Explode",
		"WeaponCategory": "Bite_AI",
		"IgnoreInvulnerable": 0,
		"NoReaction": 0,
		"SurfaceImpactEffect": "Bullet",
		"AttackType": "Heavy",
		"DamageType": "Slash",
		"StatusEffect": ["MegaTurkey_Egg_Explode"],
		"EffectOnlyOnDamage": true,
		"DeflectDamageID": "Deflect_Default",
		"CanCrit": false,
		"DmgCoef": 0,
		"DmgCoefHead": 1,
		"DmgCoefCrit": 1,
		"PowerLevel": 2,
		"BlockPowerLevel": 2,
		"CritPowerLevel": 2,
		"HitStun": 20,
		"BlockHitStun": 15,
		"CritHitStun": 20,
		"ImpactDistanceX": 0,
		"ImpactDistanceY": 0,
		"ImpactDistanceZ": 0,
		"ImpactDecayRate": 0.8,
		"BlockImpactDistanceX": 0,
		"BlockImpactDistanceY": 0,
		"BlockImpactDistanceZ": 0,
		"BlockImpactDecayRate": 0.8,
		"CritImpactDistanceX": 0,
		"CritImpactDistanceY": 0,
		"CritImpactDistanceZ": 0,
		"CritImpactDecayRate": 0.8,
		"AddDmg": 0.01,
		"StaggerDmgModifier": 0.5,
		"CritStaggerDmgModifier": 0,
		"StaggerResistModifier": 1,
		"TargetCameraShakeID": "Small",
		"ImpactRating": 3,
		"BlockStaminaDmgMod": 0.8,
		"BlockAbsorptionModifier": 1,
		"StunBreakoutIncrement": 1,
		"HitRuneCharge": 0.1625,
		"HitBlockedRuneCharge": 0.325
	},
	{
		"DamageID": "Fall",
		"WeaponCategory": "Fall",
		"IgnoreInvulnerable": 1,
		"NoReaction": 1,
		"SurfaceImpactEffect": "Bullet",
		"DamageType": "Falling",
		"EffectOnlyOnDamage": false,
		"CanCrit": false,
		"DmgCoef": 1,
		"DmgCoefHead": 0,
		"DmgCoefCrit": 0,
		"PowerLevel": 2,
		"BlockPowerLevel": 2,
		"CritPowerLevel": 2,
		"HitStun": 0,
		"BlockHitStun": 0,
		"CritHitStun": 0,
		"ImpactDistanceX": 0,
		"ImpactDistanceY": 0,
		"ImpactDistanceZ": 0,
		"ImpactDecayRate": 0,
		"BlockImpactDistanceX": 0,
		"BlockImpactDistanceY": 0,
		"BlockImpactDistanceZ": 0,
		"BlockImpactDecayRate": 0,
		"CritImpactDistanceX": 0,
		"CritImpactDistanceY": 0,
		"CritImpactDistanceZ": 0,
		"CritImpactDecayRate": 0,
		"AddDmg": 0,
		"StaggerDmgModifier": 0,
		"CritStaggerDmgModifier": 0,
		"StaggerResistModifier": 0,
		"TargetCameraShakeID": "Small",
		"ImpactRating": 0,
		"BlockStaminaDmgMod": 1,
		"BlockAbsorptionModifier": 1,
		"StunBreakoutIncrement": 1,
		"HitRuneCharge": 0.1625,
		"HitBlockedRuneCharge": 0.325
	},
	{
		"DamageID": "Reaction_Breakout",
		"WeaponCategory": "Fall",
		"IgnoreInvulnerable": 1,
		"NoReaction": 1,
		"SurfaceImpactEffect": "Bullet",
		"DamageType": "Falling",
		"EffectOnlyOnDamage": false,
		"CanCrit": false,
		"DmgCoef": 0,
		"DmgCoefHead": 0,
		"DmgCoefCrit": 0,
		"PowerLevel": 0,
		"BlockPowerLevel": 0,
		"CritPowerLevel": 0,
		"HitStun": 0,
		"BlockHitStun": 0,
		"CritHitStun": 0,
		"ImpactDistanceX": 0,
		"ImpactDistanceY": 0,
		"ImpactDistanceZ": 0,
		"ImpactDecayRate": 0,
		"BlockImpactDistanceX": 0,
		"BlockImpactDistanceY": 0,
		"BlockImpactDistanceZ": 0,
		"BlockImpactDecayRate": 0,
		"CritImpactDistanceX": 0,
		"CritImpactDistanceY": 0,
		"CritImpactDistanceZ": 0,
		"CritImpactDecayRate": 0,
		"AddDmg": 0,
		"StaggerDmgModifier": 0,
		"CritStaggerDmgModifier": 0,
		"StaggerResistModifier": 10,
		"TargetCameraShakeID": "Small",
		"ImpactRating": 1,
		"BlockStaminaDmgMod": 0,
		"BlockAbsorptionModifier": 0,
		"StunBreakoutIncrement": 1,
		"HitRuneCharge": 0.1625,
		"HitBlockedRuneCharge": 0.325
	}
]