[
	{
		"CostumeChangeId": "CostumeChange_Adiana",
		"CostumeChangeMesh": "objects/characters/npc/natural/adiana/halloween_adiana_costume.cdf",
		"MatchesPlayerSkeleton": true,
		"MeshRenderZPosOffset": 0,
		"CHEST_SLOT_Left": "FLY_LeatherLight_Arm_L",
		"CHEST_SLOT_Right": "FLY_LeatherLight_Arm_R",
		"HANDS_SLOT_Left": "FLY_LeatherLight_Arm_L",
		"HANDS_SLOT_Right": "FLY_LeatherLight_Arm_R",
		"LEGS_SLOT_Left": "FLY_LeatherLight_Leg_R",
		"LEGS_SLOT_Right": "FLY_LeatherLight_Leg_R",
		"FEET_SLOT_Left": "FLY_LeatherLight_Leg_L",
		"FEET_SLOT_Right": "FLY_LeatherLight_Leg_R"
	},
	{
		"CostumeChangeId": "CostumeChange_Thorpe",
		"CostumeChangeMesh": "objects/characters/npc/supernatural/captain_ftue_corrupted/halloween_thorpe_costume.cdf",
		"MatchesPlayerSkeleton": true,
		"MeshRenderZPosOffset": 0,
		"HEAD_SLOT_Left": "Enable_MetalLight_VoiceFX",
		"HEAD_SLOT_Right": "Disable_MetalLight_VoiceFX",
		"CHEST_SLOT_Left": "FLY_MetalMed_Arm_L",
		"CHEST_SLOT_Right": "FLY_MetalMed_Arm_R",
		"HANDS_SLOT_Left": "FLY_MetalMed_Arm_L",
		"HANDS_SLOT_Right": "FLY_MetalMed_Arm_R",
		"LEGS_SLOT_Left": "FLY_MetalLight_Leg_L",
		"LEGS_SLOT_Right": "FLY_MetalLight_Leg_R",
		"FEET_SLOT_Left": "FLY_MetalMed_Leg_L",
		"FEET_SLOT_Right": "FLY_MetalMed_Leg_R"
	},
	{
		"CostumeChangeId": "CostumeChange_Anubian_Horus",
		"CostumeChangeMesh": "objects/characters/npc/supernatural/anubian_horus/halloween_anubian_horus_costume.cdf",
		"MatchesPlayerSkeleton": true,
		"MeshRenderZPosOffset": 0,
		"HEAD_SLOT_Left": "Enable_MetalLight_VoiceFX",
		"HEAD_SLOT_Right": "Disable_MetalLight_VoiceFX",
		"CHEST_SLOT_Left": "FLY_MetalMed_Arm_L",
		"CHEST_SLOT_Right": "FLY_MetalMed_Arm_R",
		"HANDS_SLOT_Left": "FLY_MetalMed_Arm_L",
		"HANDS_SLOT_Right": "FLY_MetalMed_Arm_R",
		"LEGS_SLOT_Left": "FLY_MetalLight_Leg_L",
		"LEGS_SLOT_Right": "FLY_MetalLight_Leg_R",
		"FEET_SLOT_Left": "FLY_MetalMed_Leg_L",
		"FEET_SLOT_Right": "FLY_MetalMed_Leg_R"
	},
	{
		"CostumeChangeId": "CostumeChange_Lost_Monarch",
		"CostumeChangeMesh": "objects/characters/npc/supernatural/LostMonarchSm/lostmonarchsm.cdf",
		"MatchesPlayerSkeleton": true,
		"MeshRenderZPosOffset": 0,
		"CHEST_SLOT_Left": "FLY_MetalMed_Arm_L",
		"CHEST_SLOT_Right": "FLY_MetalMed_Arm_R",
		"HANDS_SLOT_Left": "FLY_MetalMed_Arm_L",
		"HANDS_SLOT_Right": "FLY_MetalMed_Arm_R",
		"LEGS_SLOT_Left": "FLY_MetalLight_Leg_L",
		"LEGS_SLOT_Right": "FLY_MetalLight_Leg_R",
		"FEET_SLOT_Left": "FLY_MetalMed_Leg_L",
		"FEET_SLOT_Right": "FLY_MetalMed_Leg_R"
	},
	{
		"CostumeChangeId": "CostumeChange_FoodAngryEarthCandyFishT5",
		"CostumeChangeMesh": "objects/characters/npc/natural/fish/Fish_B_Sunfish.cdf",
		"MatchesPlayerSkeleton": false,
		"MeshRenderZPosOffset": 0.2
	},
	{
		"CostumeChangeId": "CostumeChange_FoodAngryEarthCandyFishT5_AeternumSturgeon",
		"CostumeChangeMesh": "objects/characters/npc/natural/fish/Aeternum_Sturgeon_Fish.cdf",
		"MatchesPlayerSkeleton": false,
		"MeshRenderZPosOffset": 0
	},
	{
		"CostumeChangeId": "CostumeChange_FoodAngryEarthCandyFishT5_AtlanticMackerel",
		"CostumeChangeMesh": "objects/characters/npc/natural/fish/Fish_A_AtlanticMackerel.cdf",
		"MatchesPlayerSkeleton": false,
		"MeshRenderZPosOffset": 0
	},
	{
		"CostumeChangeId": "CostumeChange_FoodAngryEarthCandyFishT5_Pike",
		"CostumeChangeMesh": "objects/characters/npc/natural/fish/Fish_A_Pike.cdf",
		"MatchesPlayerSkeleton": false,
		"MeshRenderZPosOffset": 0
	},
	{
		"CostumeChangeId": "CostumeChange_FoodAngryEarthCandyFishT5_RainbowTrout",
		"CostumeChangeMesh": "objects/characters/npc/natural/fish/Fish_A_RainbowTrout.cdf",
		"MatchesPlayerSkeleton": false,
		"MeshRenderZPosOffset": 0
	},
	{
		"CostumeChangeId": "CostumeChange_FoodAngryEarthCandyFishT5_Snapper",
		"CostumeChangeMesh": "objects/characters/npc/natural/fish/Fish_A_Snapper.cdf",
		"MatchesPlayerSkeleton": false,
		"MeshRenderZPosOffset": 0
	},
	{
		"CostumeChangeId": "CostumeChange_FoodAngryEarthCandyFishT5_SockeyeSalmon",
		"CostumeChangeMesh": "objects/characters/npc/natural/fish/Fish_A_SockeyeSalmon.cdf",
		"MatchesPlayerSkeleton": false,
		"MeshRenderZPosOffset": 0
	},
	{
		"CostumeChangeId": "CostumeChange_FoodAngryEarthCandyFishT5_YellowPerch",
		"CostumeChangeMesh": "objects/characters/npc/natural/fish/Fish_A_YellowPerch.cdf",
		"MatchesPlayerSkeleton": false,
		"MeshRenderZPosOffset": 0
	},
	{
		"CostumeChangeId": "CostumeChange_FoodAngryEarthCandyFishT5_Bluefish",
		"CostumeChangeMesh": "objects/characters/npc/natural/fish/Fish_B_Bluefish.cdf",
		"MatchesPlayerSkeleton": false,
		"MeshRenderZPosOffset": 0
	},
	{
		"CostumeChangeId": "CostumeChange_FoodAngryEarthCandyFishT5_Catfish",
		"CostumeChangeMesh": "objects/characters/npc/natural/fish/Fish_B_Catfish.cdf",
		"MatchesPlayerSkeleton": false,
		"MeshRenderZPosOffset": 0
	},
	{
		"CostumeChangeId": "CostumeChange_FoodAngryEarthCandyFishT5_Flounder",
		"CostumeChangeMesh": "objects/characters/npc/natural/fish/Fish_B_Flounder.cdf",
		"MatchesPlayerSkeleton": false,
		"MeshRenderZPosOffset": 0
	},
	{
		"CostumeChangeId": "CostumeChange_FoodAngryEarthCandyFishT5_Halibut",
		"CostumeChangeMesh": "objects/characters/npc/natural/fish/Fish_B_Halibut.cdf",
		"MatchesPlayerSkeleton": false,
		"MeshRenderZPosOffset": 0
	},
	{
		"CostumeChangeId": "CostumeChange_FoodAngryEarthCandyFishT5_RockBass",
		"CostumeChangeMesh": "objects/characters/npc/natural/fish/Fish_B_RockBass.cdf",
		"MatchesPlayerSkeleton": false,
		"MeshRenderZPosOffset": 0
	},
	{
		"CostumeChangeId": "CostumeChange_FoodAngryEarthCandyFishT5_Sunfish",
		"CostumeChangeMesh": "objects/characters/npc/natural/fish/Fish_B_Sunfish.cdf",
		"MatchesPlayerSkeleton": false,
		"MeshRenderZPosOffset": 0
	}
]