[
	{
		"DamageID": "GhastlyHatchet_SpectralSpin",
		"WeaponCategory": "Sword",
		"IgnoreInvulnerable": 0,
		"NoReaction": 0,
		"IsRanged": false,
		"SurfaceImpactEffect": "Bullet",
		"AttackType": "Heavy",
		"DamageType": "Slash",
		"EffectOnlyOnDamage": false,
		"DeflectDamageID": "Deflect_Default",
		"CanCrit": false,
		"DmgCoef": 0.25,
		"DmgCoefHead": 0.27,
		"DmgCoefCrit": 0,
		"PowerLevel": 1,
		"BlockPowerLevel": 0,
		"CritPowerLevel": 0,
		"HitStun": 15,
		"BlockHitStun": 10,
		"CritHitStun": 30,
		"ImpactDistanceX": 0,
		"ImpactDistanceY": 4,
		"ImpactDistanceZ": 0,
		"ImpactDecayRate": 0.8,
		"BlockImpactDistanceX": 0,
		"BlockImpactDistanceY": 0,
		"BlockImpactDistanceZ": 0,
		"BlockImpactDecayRate": 1,
		"CritImpactDistanceX": 0,
		"CritImpactDistanceY": 0,
		"CritImpactDistanceZ": 0,
		"CritImpactDecayRate": 0.8,
		"AddDmg": 0,
		"StaggerDmgModifier": 0,
		"StaggerResistModifier": 0,
		"TargetCameraShakeID": "Small",
		"BlockTargetCameraShakeID": "Small",
		"CritTargetCameraShakeID": "Small",
		"ImpactRating": 3,
		"BlockStaminaDmgMod": 0.33,
		"BlockAbsorptionModifier": 1,
		"StunBreakoutIncrement": 0,
		"HitRuneCharge": 0.1625,
		"HitBlockedRuneCharge": 0.325
	},
	{
		"DamageID": "GhastlyHatchet_ReflexCheck",
		"WeaponCategory": "Axe",
		"IgnoreInvulnerable": 0,
		"NoReaction": 0,
		"IsRanged": false,
		"SurfaceImpactEffect": "Bullet",
		"AttackType": "Heavy",
		"DamageType": "Slash",
		"EffectOnlyOnDamage": true,
		"DeflectDamageID": "Deflect_Default",
		"CanCrit": true,
		"DmgCoef": 0.22,
		"DmgCoefHead": 0.81,
		"DmgCoefCrit": 1,
		"PowerLevel": 3,
		"BlockPowerLevel": 2,
		"CritPowerLevel": 3,
		"HitStun": 45,
		"BlockHitStun": 10,
		"CritHitStun": 50,
		"ImpactDistanceX": 0,
		"ImpactDistanceY": 1.2,
		"ImpactDistanceZ": 0,
		"ImpactDecayRate": 0.8,
		"BlockImpactDistanceX": 0,
		"BlockImpactDistanceY": 0.9,
		"BlockImpactDistanceZ": 0,
		"BlockImpactDecayRate": 0.8,
		"CritImpactDistanceX": 1,
		"CritImpactDistanceY": 0,
		"CritImpactDistanceZ": 0,
		"CritImpactDecayRate": 0.8,
		"AddDmg": 0,
		"StaggerDmgModifier": 0.5,
		"StaggerResistModifier": 0,
		"TargetCameraShakeID": "Small",
		"BlockTargetCameraShakeID": "Medium",
		"CritTargetCameraShakeID": "Medium",
		"ImpactRating": 4,
		"BlockStaminaDmgMod": 0.33,
		"BlockAbsorptionModifier": 1,
		"StunBreakoutIncrement": 0,
		"HitRuneCharge": 0.1625,
		"HitBlockedRuneCharge": 0.325
	},
	{
		"DamageID": "GhastlyHatchet_ThrowNSplode",
		"WeaponCategory": "Bow",
		"IgnoreInvulnerable": 0,
		"NoReaction": 0,
		"IsRanged": true,
		"SurfaceImpactEffect": "Bullet",
		"AttackType": "Light",
		"DamageType": "Slash",
		"EffectOnlyOnDamage": false,
		"DeflectDamageID": "Deflect_Default",
		"CanCrit": false,
		"DmgCoef": 0.17,
		"DmgCoefHead": 0.2,
		"DmgCoefCrit": 0,
		"PowerLevel": 0,
		"BlockPowerLevel": 0,
		"CritPowerLevel": 0,
		"HitStun": 5,
		"BlockHitStun": 10,
		"CritHitStun": 5,
		"ImpactDistanceX": 0.1,
		"ImpactDistanceY": 0,
		"ImpactDistanceZ": 0,
		"ImpactDecayRate": 0.8,
		"BlockImpactDistanceX": 0.02,
		"BlockImpactDistanceY": 0,
		"BlockImpactDistanceZ": 0,
		"BlockImpactDecayRate": 0.8,
		"CritImpactDistanceX": 0,
		"CritImpactDistanceY": 0,
		"CritImpactDistanceZ": 0,
		"CritImpactDecayRate": 0.8,
		"AddDmg": 0,
		"StaggerDmgModifier": 0,
		"StaggerResistModifier": 0,
		"TargetCameraShakeID": "Small",
		"BlockTargetCameraShakeID": "Small",
		"CritTargetCameraShakeID": "Small",
		"ImpactRating": 3,
		"BlockStaminaDmgMod": 0.33,
		"BlockAbsorptionModifier": 1,
		"StunBreakoutIncrement": 0,
		"HitRuneCharge": 0.1625,
		"HitBlockedRuneCharge": 0.325
	},
	{
		"DamageID": "GhastlyHatchet_ThrowNSplodeExplosion",
		"WeaponCategory": "Axe",
		"IgnoreInvulnerable": 0,
		"NoReaction": 0,
		"IsRanged": true,
		"SurfaceImpactEffect": "Bullet",
		"AttackType": "Light",
		"DamageType": "Arcane",
		"EffectOnlyOnDamage": false,
		"DeflectDamageID": "Deflect_Default",
		"CanCrit": false,
		"DmgCoef": 0.42,
		"DmgCoefHead": 0.42,
		"DmgCoefCrit": 0,
		"PowerLevel": 0,
		"BlockPowerLevel": 1,
		"CritPowerLevel": 0,
		"HitStun": 30,
		"BlockHitStun": 10,
		"CritHitStun": 0,
		"ImpactDistanceX": 0,
		"ImpactDistanceY": 0,
		"ImpactDistanceZ": 0,
		"ImpactDecayRate": 0,
		"BlockImpactDistanceX": 0,
		"BlockImpactDistanceY": 0,
		"BlockImpactDistanceZ": 0,
		"BlockImpactDecayRate": 0,
		"CritImpactDistanceX": 0,
		"CritImpactDistanceY": 0,
		"CritImpactDistanceZ": 0,
		"CritImpactDecayRate": 0,
		"AddDmg": 0,
		"StaggerDmgModifier": 0,
		"StaggerResistModifier": 1,
		"TargetCameraShakeID": "Small",
		"BlockTargetCameraShakeID": "Small",
		"CritTargetCameraShakeID": "Small",
		"ImpactRating": 3,
		"BlockStaminaDmgMod": 0.33,
		"BlockAbsorptionModifier": 1,
		"StunBreakoutIncrement": 0,
		"HitRuneCharge": 0.1625,
		"HitBlockedRuneCharge": 0.325
	},
	{
		"DamageID": "GhastlyHatchet_Swipe_LR",
		"WeaponCategory": "Axe",
		"IgnoreInvulnerable": 0,
		"NoReaction": 0,
		"IsRanged": false,
		"SurfaceImpactEffect": "Bullet",
		"AttackType": "Light",
		"DamageType": "Slash",
		"EffectOnlyOnDamage": false,
		"DeflectDamageID": "Deflect_Default",
		"CanCrit": false,
		"DmgCoef": 0.2,
		"DmgCoefHead": 0.2,
		"DmgCoefCrit": 0,
		"PowerLevel": 0,
		"BlockPowerLevel": 0,
		"CritPowerLevel": 0,
		"HitStun": 15,
		"BlockHitStun": 10,
		"CritHitStun": 30,
		"ImpactDistanceX": 0,
		"ImpactDistanceY": 1,
		"ImpactDistanceZ": 0,
		"ImpactDecayRate": 0.6,
		"BlockImpactDistanceX": 0,
		"BlockImpactDistanceY": 1.1,
		"BlockImpactDistanceZ": 0,
		"BlockImpactDecayRate": 0.8,
		"CritImpactDistanceX": 0,
		"CritImpactDistanceY": 0,
		"CritImpactDistanceZ": 0,
		"CritImpactDecayRate": 0.8,
		"AddDmg": 0,
		"StaggerDmgModifier": 0,
		"StaggerResistModifier": 0,
		"TargetCameraShakeID": "Small",
		"BlockTargetCameraShakeID": "Small",
		"CritTargetCameraShakeID": "Small",
		"ImpactRating": 3,
		"BlockStaminaDmgMod": 0.33,
		"BlockAbsorptionModifier": 1,
		"StunBreakoutIncrement": 0,
		"HitRuneCharge": 0.1625,
		"HitBlockedRuneCharge": 0.325
	},
	{
		"DamageID": "GhastlyHatchet_ThrowNSplodeExplosionClose",
		"WeaponCategory": "Axe",
		"IgnoreInvulnerable": 0,
		"NoReaction": 0,
		"IsRanged": true,
		"SurfaceImpactEffect": "Bullet",
		"AttackType": "Light",
		"DamageType": "Arcane",
		"EffectOnlyOnDamage": false,
		"DeflectDamageID": "Deflect_Default",
		"CanCrit": false,
		"DmgCoef": 0.42,
		"DmgCoefHead": 0.42,
		"DmgCoefCrit": 0,
		"PowerLevel": 1,
		"BlockPowerLevel": 1,
		"CritPowerLevel": 0,
		"HitStun": 30,
		"BlockHitStun": 10,
		"CritHitStun": 0,
		"ImpactDistanceX": 0,
		"ImpactDistanceY": 0,
		"ImpactDistanceZ": 0,
		"ImpactDecayRate": 0,
		"BlockImpactDistanceX": 0,
		"BlockImpactDistanceY": 0,
		"BlockImpactDistanceZ": 0,
		"BlockImpactDecayRate": 0,
		"CritImpactDistanceX": 0,
		"CritImpactDistanceY": 0,
		"CritImpactDistanceZ": 0,
		"CritImpactDecayRate": 0,
		"AddDmg": 0,
		"StaggerDmgModifier": 0,
		"StaggerResistModifier": 1,
		"TargetCameraShakeID": "Small",
		"BlockTargetCameraShakeID": "Small",
		"CritTargetCameraShakeID": "Small",
		"ImpactRating": 3,
		"BlockStaminaDmgMod": 0.33,
		"BlockAbsorptionModifier": 1,
		"StunBreakoutIncrement": 0,
		"HitRuneCharge": 0.1625,
		"HitBlockedRuneCharge": 0.325
	}
]