[
	{
		"WeaponName": "2HAxe",
		"ProfileType": "Weapon",
		"ProfileName": "Axe2HGeneric",
		"CameraLockProfileName": "Axe2HCameraLock"
	},
	{
		"WeaponName": "Blunderbuss",
		"ProfileType": "Weapon",
		"ProfileName": "BlunderbussGeneric",
		"CameraLockProfileName": "BlunderbussCameraLock"
	},
	{
		"WeaponName": "Bow",
		"ProfileType": "Weapon",
		"ProfileName": "BowGeneric",
		"CameraLockProfileName": "BowCameraLock"
	},
	{
		"WeaponName": "FireStaff",
		"ProfileType": "Weapon",
		"ProfileName": "FireStaffGeneric",
		"CameraLockProfileName": "FireStaffCameraLock"
	},
	{
		"WeaponName": "Flail",
		"ProfileType": "Weapon",
		"ProfileName": "FlailGeneric",
		"CameraLockProfileName": "FlailCameraLock"
	},
	{
		"WeaponName": "GreatSword",
		"ProfileType": "Weapon",
		"ProfileName": "GreatSwordGeneric",
		"CameraLockProfileName": "GreatSwordCameraLock"
	},
	{
		"WeaponName": "2HHammer",
		"ProfileType": "Weapon",
		"ProfileName": "Hammer2HGeneric",
		"CameraLockProfileName": "Hammer2HCameraLock"
	},
	{
		"WeaponName": "Hatchet",
		"ProfileType": "Weapon",
		"ProfileName": "HatchetGeneric",
		"CameraLockProfileName": "HatchetCameraLock"
	},
	{
		"WeaponName": "IceMagic",
		"ProfileType": "Weapon",
		"ProfileName": "IceMagicGeneric",
		"CameraLockProfileName": "IceMagicCameraLock"
	},
	{
		"WeaponName": "LifeStaff",
		"ProfileType": "Weapon",
		"ProfileName": "LifeStaffGeneric",
		"CameraLockProfileName": "LifeStaffCameraLock"
	},
	{
		"WeaponName": "Musket",
		"ProfileType": "Weapon",
		"ProfileName": "MusketGeneric",
		"CameraLockProfileName": "MusketCameraLock"
	},
	{
		"WeaponName": "Rapier",
		"ProfileType": "Weapon",
		"ProfileName": "RapierGeneric",
		"CameraLockProfileName": "RapierCameraLock"
	},
	{
		"WeaponName": "Spear",
		"ProfileType": "Weapon",
		"ProfileName": "SpearGeneric",
		"CameraLockProfileName": "SpearCameraLock"
	},
	{
		"WeaponName": "Sword",
		"ProfileType": "Weapon",
		"ProfileName": "SwordGeneric",
		"CameraLockProfileName": "SwordCameraLock"
	},
	{
		"WeaponName": "VoidGauntlet",
		"ProfileType": "Weapon",
		"ProfileName": "VoidGauntletGeneric",
		"CameraLockProfileName": "VoidGauntletCameraLock"
	},
	{
		"WeaponName": "Heartgem",
		"ProfileType": "Weapon",
		"ProfileName": "HeartgemGeneric",
		"CameraLockProfileName": "HeartgemGeneric"
	},
	{
		"WeaponName": "Unarmed",
		"ProfileType": "Unarmed",
		"ProfileName": "UnarmedGeneric",
		"CameraLockProfileName": "UnarmedGeneric"
	},
	{
		"WeaponName": "Ballista",
		"ProfileType": "SiegeWeapon",
		"ProfileName": "TurretGeneric",
		"CameraLockProfileName": "TurretGeneric"
	},
	{
		"WeaponName": "Repeater",
		"ProfileType": "SiegeWeapon",
		"ProfileName": "TurretGeneric",
		"CameraLockProfileName": "TurretGeneric"
	},
	{
		"WeaponName": "Explosive",
		"ProfileType": "SiegeWeapon",
		"ProfileName": "TurretGeneric",
		"CameraLockProfileName": "TurretGeneric"
	},
	{
		"WeaponName": "Ability_Bow_PoisonShot",
		"ProfileType": "AbilityAimPose",
		"ProfileName": "AbilityGeneric",
		"CameraLockProfileName": "AbilityGeneric"
	},
	{
		"WeaponName": "Ability_Bow_RainofArrows",
		"ProfileType": "AbilityAimPose",
		"ProfileName": "AbilityGeneric",
		"CameraLockProfileName": "AbilityGeneric"
	},
	{
		"WeaponName": "Ability_Bow_PenetratingShot",
		"ProfileType": "AbilityAimPose",
		"ProfileName": "AbilityGeneric",
		"CameraLockProfileName": "AbilityGeneric"
	},
	{
		"WeaponName": "Ability_Musket_ShootersStance",
		"ProfileType": "AbilityAimPose",
		"ProfileName": "AbilityGeneric",
		"CameraLockProfileName": "AbilityGeneric"
	},
	{
		"WeaponName": "Ability_Blunderbuss_MortarShot",
		"ProfileType": "AbilityAimPose",
		"ProfileName": "AbilityGeneric",
		"CameraLockProfileName": "AbilityGeneric"
	},
	{
		"WeaponName": "Ability_Bow_RapidShot",
		"ProfileType": "ActiveAbility",
		"ProfileName": "AbilityGeneric",
		"CameraLockProfileName": "AbilityGeneric"
	},
	{
		"WeaponName": "Ability_Bow_EvadeShot",
		"ProfileType": "ActiveAbility",
		"ProfileName": "AbilityGeneric",
		"CameraLockProfileName": "AbilityGeneric"
	},
	{
		"WeaponName": "Ability_Bow_SplinterShot",
		"ProfileType": "ActiveAbility",
		"ProfileName": "AbilityGeneric",
		"CameraLockProfileName": "AbilityGeneric"
	}
]