[
	{
		"StatusID": "Status_Infix_EnrageSet_Haste",
		"DisplayName": "@Status_Haste",
		"Description": "@Status_Haste_Description",
		"EffectCategories": ["Buff", "Haste"],
		"PlaceholderIcon": "lyshineui/images/status/se_haste.webp",
		"ShowInUITray": true,
		"ShowTextInRemoteDamageNumbers": false,
		"FxScriptOn": "StatFX_Haste_ON",
		"BaseDuration": 5,
		"DurationMax": 10,
		"TickRate": 1,
		"Health": 0,
		"HealthMinPercent": 0,
		"FromAlchemy": 0,
		"FromSpell": 0,
		"NoHealthRegen": 0,
		"HealMod": 0,
		"MaxHealthMod": 0,
		"HealthRate": 0,
		"CoreTempMod": 0,
		"TempMod": 0,
		"Stamina": 0,
		"StaminaRate": 0,
		"MaxStaminaMod": 0,
		"MountStaminaRate": 0,
		"MountStaminaDrainRate": 0,
		"Mana": 0,
		"ManaRate": 0,
		"Food": 0,
		"FoodBurn": 0,
		"Drink": 0,
		"DrinkBurn": 0,
		"Encumbrance": 0,
		"GrantSanctuary": 0,
		"NoSprint": 0,
		"NoRun": 0,
		"NoDodge": 0,
		"NoNav": 0,
		"Silenced": 0,
		"Stunned": 0,
		"RemoveOnDeath": 1,
		"RemoveOnDeathsDoor": 1,
		"StackDuration": false,
		"StackMax": 1,
		"RemoveUnappliedStacks": false,
		"MoveSpeedMod": 0.028,
		"SprintSpeedMod": 0.028,
		"UIPriority": 2,
		"UiNameplatePriority": 2,
		"ShowInNameplates": true
	}
]