[
	{
		"EquipmentSetId": "TestEquipmentSet_1",
		"DisplayName": "Equipment Set 1",
		"Description": "Description of the Equipment Set 1",
		"ItemIds": "RangerArchetypeHead,RangerArchetypeChest,RangerArchetypeHands,RangerArchetypeLegs,RangerArchetypeFeet,RangerArchetype_2hSpear,RangerArchetype_2hBow,1hShieldAT2",
		"Perk1": "PerkID_Equip_Set_Perk_5",
		"Perk1Threshold": 6,
		"Perk2": "PerkID_Equip_Set_Perk_6",
		"Perk2Threshold": 7
	},
	{
		"EquipmentSetId": "TestEquipmentSet_2",
		"DisplayName": "Equipment Set 2",
		"Description": "Description of the Equipment Set 2",
		"ItemIds": "DestroyerArchetypeHead,DestroyerArchetypeChest,DestroyerArchetypeHands,DestroyerArchetypeLegs,DestroyerArchetypeFeet,1hSwordT2_FTUE,DestroyerArchetype_2hGreataxe,DestroyerArchetype_2hWarhammer",
		"Perk1": "PerkID_Equip_Set_Perk_5",
		"Perk1Threshold": 6,
		"Perk2": "PerkID_Equip_Set_Perk_6",
		"Perk2Threshold": 7
	}
]