[
	{
		"DamageID": "AG_Reaver_Slash_01",
		"WeaponCategory": "Sword",
		"IgnoreInvulnerable": 0,
		"NoReaction": 0,
		"IsRanged": false,
		"SurfaceImpactEffect": "Bullet",
		"AttackType": "Light",
		"DamageType": "Slash",
		"EffectOnlyOnDamage": false,
		"CanCrit": false,
		"DmgCoef": 0.225,
		"DmgCoefHead": 1,
		"DmgCoefCrit": 1,
		"PowerLevel": 0,
		"CritPowerLevel": 0,
		"BlockPowerLevel": 0,
		"HitStun": 10,
		"BlockHitStun": 15,
		"CritHitStun": 10,
		"ImpactDistanceX": 0,
		"ImpactDistanceY": 0.5,
		"ImpactDistanceZ": 0,
		"ImpactDecayRate": 0.8,
		"CritImpactDistanceX": 0,
		"CritImpactDistanceY": 0.5,
		"CritImpactDistanceZ": 0,
		"CritImpactDecayRate": 0.8,
		"BlockImpactDistanceX": 0,
		"BlockImpactDistanceY": 0.5,
		"BlockImpactDistanceZ": 0,
		"BlockImpactDecayRate": 0.8,
		"AddDmg": 0,
		"StaggerDmgModifier": 0,
		"CritStaggerDmgModifier": 1,
		"StaggerResistModifier": 1,
		"CameraShakeID": "Small",
		"CritCameraShakeID": "Small",
		"ImpactRating": 0,
		"BlockStaminaDmgMod": 0.1,
		"BlockAbsorptionModifier": 1,
		"StunBreakoutIncrement": 0,
		"StaminaDmg": 0,
		"HitRuneCharge": 0.1625,
		"HitBlockedRuneCharge": 0.325
	},
	{
		"DamageID": "AG_Reaver_Dash",
		"WeaponCategory": "Sword",
		"IgnoreInvulnerable": 0,
		"NoReaction": 0,
		"IsRanged": false,
		"SurfaceImpactEffect": "Bullet",
		"AttackType": "Heavy",
		"DamageType": "Slash",
		"EffectOnlyOnDamage": false,
		"CanCrit": false,
		"DmgCoef": 0.85,
		"DmgCoefHead": 1,
		"DmgCoefCrit": 1,
		"PowerLevel": 3,
		"CritPowerLevel": 3,
		"BlockPowerLevel": 3,
		"HitStun": 30,
		"BlockHitStun": 25,
		"CritHitStun": 30,
		"ImpactDistanceX": 0,
		"ImpactDistanceY": 2,
		"ImpactDistanceZ": 0,
		"ImpactDecayRate": 0.8,
		"CritImpactDistanceX": 0,
		"CritImpactDistanceY": 2,
		"CritImpactDistanceZ": 0,
		"CritImpactDecayRate": 0.8,
		"BlockImpactDistanceX": 0,
		"BlockImpactDistanceY": 0.5,
		"BlockImpactDistanceZ": 0,
		"BlockImpactDecayRate": 0.8,
		"AddDmg": 0,
		"StaggerDmgModifier": 1,
		"CritStaggerDmgModifier": 1,
		"StaggerResistModifier": 1,
		"CameraShakeID": "Large",
		"CritCameraShakeID": "Large",
		"ImpactRating": 0,
		"BlockStaminaDmgMod": 0.8,
		"BlockAbsorptionModifier": 1,
		"StunBreakoutIncrement": 1,
		"StaminaDmg": 0,
		"HitRuneCharge": 0.1625,
		"HitBlockedRuneCharge": 0.325
	},
	{
		"DamageID": "AG_Reaver_Dash_Arcane",
		"WeaponCategory": "Sword",
		"IgnoreInvulnerable": 0,
		"NoReaction": 0,
		"IsRanged": false,
		"SurfaceImpactEffect": "Bullet",
		"AttackType": "Heavy",
		"DamageType": "Slash",
		"Affixes": "AI_ArcaneDMG_10",
		"StatusEffect": ["AI_Snare_6sec"],
		"EffectOnlyOnDamage": true,
		"CanCrit": false,
		"DmgCoef": 0.85,
		"DmgCoefHead": 1,
		"DmgCoefCrit": 1,
		"PowerLevel": 3,
		"CritPowerLevel": 3,
		"BlockPowerLevel": 3,
		"HitStun": 30,
		"BlockHitStun": 25,
		"CritHitStun": 30,
		"ImpactDistanceX": 0,
		"ImpactDistanceY": 2,
		"ImpactDistanceZ": 0,
		"ImpactDecayRate": 0.8,
		"CritImpactDistanceX": 0,
		"CritImpactDistanceY": 2,
		"CritImpactDistanceZ": 0,
		"CritImpactDecayRate": 0.8,
		"BlockImpactDistanceX": 0,
		"BlockImpactDistanceY": 0.5,
		"BlockImpactDistanceZ": 0,
		"BlockImpactDecayRate": 0.8,
		"AddDmg": 0,
		"StaggerDmgModifier": 1,
		"CritStaggerDmgModifier": 1,
		"StaggerResistModifier": 1,
		"CameraShakeID": "Large",
		"CritCameraShakeID": "Large",
		"ImpactRating": 0,
		"BlockStaminaDmgMod": 0.8,
		"BlockAbsorptionModifier": 1,
		"StunBreakoutIncrement": 1,
		"StaminaDmg": 0,
		"HitRuneCharge": 0.1625,
		"HitBlockedRuneCharge": 0.325
	},
	{
		"DamageID": "AG_Spearman_Stab_01",
		"WeaponCategory": "Sword",
		"IgnoreInvulnerable": 0,
		"NoReaction": 0,
		"IsRanged": false,
		"SurfaceImpactEffect": "Bullet",
		"AttackType": "Light",
		"DamageType": "Thrust",
		"EffectOnlyOnDamage": false,
		"CanCrit": false,
		"DmgCoef": 0.3,
		"DmgCoefHead": 1,
		"DmgCoefCrit": 1,
		"PowerLevel": 0,
		"CritPowerLevel": 0,
		"BlockPowerLevel": 0,
		"HitStun": 13,
		"BlockHitStun": 8,
		"CritHitStun": 13,
		"ImpactDistanceX": 0,
		"ImpactDistanceY": 1,
		"ImpactDistanceZ": 0,
		"ImpactDecayRate": 0.8,
		"CritImpactDistanceX": 0,
		"CritImpactDistanceY": 1,
		"CritImpactDistanceZ": 0,
		"CritImpactDecayRate": 0.8,
		"BlockImpactDistanceX": 0,
		"BlockImpactDistanceY": 1,
		"BlockImpactDistanceZ": 0,
		"BlockImpactDecayRate": 0.8,
		"AddDmg": 0,
		"StaggerDmgModifier": 1,
		"CritStaggerDmgModifier": 1,
		"StaggerResistModifier": 1,
		"CameraShakeID": "Small",
		"CritCameraShakeID": "Small",
		"ImpactRating": 0,
		"BlockStaminaDmgMod": 0.1,
		"BlockAbsorptionModifier": 1,
		"StunBreakoutIncrement": 0,
		"StaminaDmg": 0,
		"HitRuneCharge": 0.1625,
		"HitBlockedRuneCharge": 0.325
	},
	{
		"DamageID": "AG_Spearman_Stab_02",
		"WeaponCategory": "Sword",
		"IgnoreInvulnerable": 0,
		"NoReaction": 0,
		"IsRanged": false,
		"SurfaceImpactEffect": "Bullet",
		"AttackType": "Light",
		"DamageType": "Thrust",
		"EffectOnlyOnDamage": false,
		"CanCrit": false,
		"DmgCoef": 0.3,
		"DmgCoefHead": 1,
		"DmgCoefCrit": 1,
		"PowerLevel": 2,
		"CritPowerLevel": 2,
		"BlockPowerLevel": 2,
		"HitStun": 20,
		"BlockHitStun": 15,
		"CritHitStun": 20,
		"ImpactDistanceX": 0,
		"ImpactDistanceY": 1,
		"ImpactDistanceZ": 0,
		"ImpactDecayRate": 0.8,
		"CritImpactDistanceX": 0,
		"CritImpactDistanceY": 1,
		"CritImpactDistanceZ": 0,
		"CritImpactDecayRate": 0.8,
		"BlockImpactDistanceX": 0,
		"BlockImpactDistanceY": 1,
		"BlockImpactDistanceZ": 0,
		"BlockImpactDecayRate": 0.8,
		"AddDmg": 0,
		"StaggerDmgModifier": 1,
		"CritStaggerDmgModifier": 1,
		"StaggerResistModifier": 1,
		"CameraShakeID": "Small",
		"CritCameraShakeID": "Small",
		"ImpactRating": 0,
		"BlockStaminaDmgMod": 0.15,
		"BlockAbsorptionModifier": 1,
		"StunBreakoutIncrement": 1,
		"StaminaDmg": 0,
		"HitRuneCharge": 0.1625,
		"HitBlockedRuneCharge": 0.325
	},
	{
		"DamageID": "AG_Spearman_ShieldBash_Sweep",
		"WeaponCategory": "Sword",
		"IgnoreInvulnerable": 0,
		"NoReaction": 0,
		"IsRanged": false,
		"SurfaceImpactEffect": "Bullet",
		"AttackType": "Heavy",
		"DamageType": "Thrust",
		"EffectOnlyOnDamage": false,
		"CanCrit": false,
		"DmgCoef": 0.65,
		"DmgCoefHead": 1,
		"DmgCoefCrit": 1,
		"PowerLevel": 3,
		"CritPowerLevel": 3,
		"BlockPowerLevel": 3,
		"HitStun": 30,
		"BlockHitStun": 25,
		"CritHitStun": 30,
		"ImpactDistanceX": 0,
		"ImpactDistanceY": 2,
		"ImpactDistanceZ": 0,
		"ImpactDecayRate": 0.8,
		"CritImpactDistanceX": 0,
		"CritImpactDistanceY": 2,
		"CritImpactDistanceZ": 0,
		"CritImpactDecayRate": 0.8,
		"BlockImpactDistanceX": 0,
		"BlockImpactDistanceY": 1,
		"BlockImpactDistanceZ": 0,
		"BlockImpactDecayRate": 0.8,
		"AddDmg": 0,
		"StaggerDmgModifier": 1.5,
		"CritStaggerDmgModifier": 1.5,
		"StaggerResistModifier": 1.5,
		"CameraShakeID": "Small",
		"CritCameraShakeID": "Small",
		"ImpactRating": 0,
		"BlockStaminaDmgMod": 0.8,
		"BlockAbsorptionModifier": 1,
		"StunBreakoutIncrement": 1,
		"StaminaDmg": 0,
		"HitRuneCharge": 0.1625,
		"HitBlockedRuneCharge": 0.325
	},
	{
		"DamageID": "AG_Spearman_ShieldBash_Rush",
		"WeaponCategory": "Sword",
		"IgnoreInvulnerable": 0,
		"NoReaction": 0,
		"IsRanged": false,
		"SurfaceImpactEffect": "Bullet",
		"AttackType": "Heavy",
		"DamageType": "Thrust",
		"EffectOnlyOnDamage": false,
		"CanCrit": false,
		"DmgCoef": 0.45,
		"DmgCoefHead": 1,
		"DmgCoefCrit": 1,
		"PowerLevel": 2,
		"CritPowerLevel": 2,
		"BlockPowerLevel": 2,
		"HitStun": 25,
		"BlockHitStun": 20,
		"CritHitStun": 25,
		"ImpactDistanceX": 0,
		"ImpactDistanceY": 2,
		"ImpactDistanceZ": 0,
		"ImpactDecayRate": 0.8,
		"CritImpactDistanceX": 0,
		"CritImpactDistanceY": 2,
		"CritImpactDistanceZ": 0,
		"CritImpactDecayRate": 0.8,
		"BlockImpactDistanceX": 0,
		"BlockImpactDistanceY": 1,
		"BlockImpactDistanceZ": 0,
		"BlockImpactDecayRate": 0.8,
		"AddDmg": 0,
		"StaggerDmgModifier": 1.5,
		"CritStaggerDmgModifier": 1.5,
		"StaggerResistModifier": 1.5,
		"CameraShakeID": "Small",
		"CritCameraShakeID": "Small",
		"ImpactRating": 0,
		"BlockStaminaDmgMod": 0.8,
		"BlockAbsorptionModifier": 1,
		"StunBreakoutIncrement": 1,
		"StaminaDmg": 0,
		"HitRuneCharge": 0.1625,
		"HitBlockedRuneCharge": 0.325
	},
	{
		"DamageID": "Damned_Priest_Fireball_Spell",
		"WeaponCategory": "AncientMagic",
		"IgnoreInvulnerable": 0,
		"NoReaction": 0,
		"IsRanged": true,
		"SurfaceImpactEffect": "Bullet",
		"AttackType": "Magic",
		"DamageType": "Arcane",
		"EffectOnlyOnDamage": false,
		"CanCrit": false,
		"DmgCoef": 0.35,
		"DmgCoefHead": 1,
		"DmgCoefCrit": 1,
		"PowerLevel": 0,
		"CritPowerLevel": 1,
		"BlockPowerLevel": 0,
		"HitStun": 20,
		"BlockHitStun": 15,
		"CritHitStun": 20,
		"ImpactDistanceX": 0,
		"ImpactDistanceY": 1,
		"ImpactDistanceZ": 0,
		"ImpactDecayRate": 0.8,
		"CritImpactDistanceX": 0,
		"CritImpactDistanceY": 1,
		"CritImpactDistanceZ": 0,
		"CritImpactDecayRate": 0.8,
		"BlockImpactDistanceX": 0,
		"BlockImpactDistanceY": 1,
		"BlockImpactDistanceZ": 0,
		"BlockImpactDecayRate": 0.8,
		"AddDmg": 0,
		"StaggerDmgModifier": 0,
		"CritStaggerDmgModifier": 0,
		"StaggerResistModifier": 0,
		"CameraShakeID": "Small",
		"CritCameraShakeID": "Small",
		"ImpactRating": 0,
		"BlockStaminaDmgMod": 0.33,
		"BlockAbsorptionModifier": 1,
		"StunBreakoutIncrement": 1,
		"StaminaDmg": 0,
		"HitRuneCharge": 0.1625,
		"HitBlockedRuneCharge": 0.325
	},
	{
		"DamageID": "Mage_Rolling_Spell",
		"WeaponCategory": "StaffSpells_No_Environment",
		"IgnoreInvulnerable": 0,
		"NoReaction": 1,
		"IsRanged": true,
		"SurfaceImpactEffect": "Bullet",
		"AttackType": "Magic",
		"DamageType": "Arcane",
		"StatusEffect": ["AI_Snare_6sec"],
		"EffectOnlyOnDamage": false,
		"CanCrit": false,
		"DmgCoef": 0.3,
		"DmgCoefHead": 1,
		"DmgCoefCrit": 1,
		"PowerLevel": 0,
		"CritPowerLevel": 0,
		"BlockPowerLevel": 0,
		"HitStun": 30,
		"BlockHitStun": 25,
		"CritHitStun": 30,
		"ImpactDistanceX": 0,
		"ImpactDistanceY": 0,
		"ImpactDistanceZ": 0,
		"ImpactDecayRate": 0.8,
		"CritImpactDistanceX": 0,
		"CritImpactDistanceY": 0,
		"CritImpactDistanceZ": 0,
		"CritImpactDecayRate": 0.8,
		"BlockImpactDistanceX": 0,
		"BlockImpactDistanceY": 1,
		"BlockImpactDistanceZ": 0,
		"BlockImpactDecayRate": 0.8,
		"AddDmg": 0,
		"StaggerDmgModifier": 0,
		"CritStaggerDmgModifier": 0,
		"StaggerResistModifier": 0,
		"CameraShakeID": "Small",
		"CritCameraShakeID": "Small",
		"ImpactRating": 0,
		"BlockStaminaDmgMod": 0.33,
		"BlockAbsorptionModifier": 1,
		"StunBreakoutIncrement": 1,
		"StaminaDmg": 0,
		"HitRuneCharge": 0.1625,
		"HitBlockedRuneCharge": 0.325
	},
	{
		"DamageID": "Damned_Priest_Ranged_AOE_Spell",
		"WeaponCategory": "StaffSpells_No_Environment",
		"IgnoreInvulnerable": 0,
		"NoReaction": 1,
		"IsRanged": false,
		"SurfaceImpactEffect": "Bullet",
		"AttackType": "Magic",
		"DamageType": "Arcane",
		"EffectOnlyOnDamage": false,
		"CanCrit": false,
		"DmgCoef": 0.2,
		"DmgCoefHead": 0.8,
		"DmgCoefCrit": 1,
		"PowerLevel": 0,
		"CritPowerLevel": 0,
		"BlockPowerLevel": 0,
		"HitStun": 10,
		"BlockHitStun": 5,
		"CritHitStun": 10,
		"ImpactDistanceX": 0,
		"ImpactDistanceY": 0,
		"ImpactDistanceZ": 0,
		"ImpactDecayRate": 0.8,
		"CritImpactDistanceX": 0,
		"CritImpactDistanceY": 0,
		"CritImpactDistanceZ": 0,
		"CritImpactDecayRate": 0.8,
		"BlockImpactDistanceX": 0,
		"BlockImpactDistanceY": 0,
		"BlockImpactDistanceZ": 0,
		"BlockImpactDecayRate": 0.8,
		"AddDmg": 0,
		"StaggerDmgModifier": 0,
		"CritStaggerDmgModifier": 0,
		"StaggerResistModifier": 0,
		"CameraShakeID": "Small",
		"CritCameraShakeID": "Small",
		"ImpactRating": 0,
		"BlockStaminaDmgMod": 0,
		"BlockAbsorptionModifier": 1,
		"StunBreakoutIncrement": 1,
		"StaminaDmg": 0,
		"HitRuneCharge": 0.1625,
		"HitBlockedRuneCharge": 0.325
	},
	{
		"DamageID": "Damned_Priest_BlastAway_Spell",
		"WeaponCategory": "AncientMagic",
		"IgnoreInvulnerable": 0,
		"NoReaction": 0,
		"IsRanged": false,
		"SurfaceImpactEffect": "Bullet",
		"AttackType": "Magic",
		"DamageType": "Arcane",
		"StatusEffect": ["AI_Root_4sec"],
		"EffectOnlyOnDamage": true,
		"CanCrit": false,
		"DmgCoef": 1,
		"DmgCoefHead": 1,
		"DmgCoefCrit": 1,
		"PowerLevel": 2,
		"CritPowerLevel": 2,
		"BlockPowerLevel": 2,
		"HitStun": 29,
		"BlockHitStun": 24,
		"CritHitStun": 29,
		"ImpactDistanceX": 0,
		"ImpactDistanceY": 2.5,
		"ImpactDistanceZ": 0,
		"ImpactDecayRate": 0.8,
		"CritImpactDistanceX": 0,
		"CritImpactDistanceY": 2.5,
		"CritImpactDistanceZ": 0,
		"CritImpactDecayRate": 0.8,
		"BlockImpactDistanceX": 0,
		"BlockImpactDistanceY": 0,
		"BlockImpactDistanceZ": 0,
		"BlockImpactDecayRate": 0.8,
		"AddDmg": 0,
		"StaggerDmgModifier": 1.2,
		"CritStaggerDmgModifier": 1.2,
		"StaggerResistModifier": 1,
		"CameraShakeID": "Small",
		"CritCameraShakeID": "Small",
		"ImpactRating": 1,
		"BlockStaminaDmgMod": 0.55,
		"BlockAbsorptionModifier": 1,
		"StunBreakoutIncrement": 1,
		"StaminaDmg": 0,
		"HitRuneCharge": 0.1625,
		"HitBlockedRuneCharge": 0.325
	},
	{
		"DamageID": "Damned_Priest_Close_Staff_Attack",
		"WeaponCategory": "Club",
		"IgnoreInvulnerable": 0,
		"NoReaction": 0,
		"IsRanged": false,
		"SurfaceImpactEffect": "Bullet",
		"AttackType": "Light",
		"DamageType": "Strike",
		"EffectOnlyOnDamage": false,
		"DeflectDamageID": "Deflect_Default",
		"CanCrit": false,
		"DmgCoef": 0.25,
		"DmgCoefHead": 1,
		"DmgCoefCrit": 1,
		"PowerLevel": 0,
		"CritPowerLevel": 1,
		"BlockPowerLevel": 0,
		"HitStun": 10,
		"BlockHitStun": 5,
		"CritHitStun": 10,
		"ImpactDistanceX": 0,
		"ImpactDistanceY": 1.75,
		"ImpactDistanceZ": 0,
		"ImpactDecayRate": 0.8,
		"CritImpactDistanceX": 0,
		"CritImpactDistanceY": 1.75,
		"CritImpactDistanceZ": 0,
		"CritImpactDecayRate": 0.8,
		"BlockImpactDistanceX": 0,
		"BlockImpactDistanceY": 0,
		"BlockImpactDistanceZ": 0,
		"BlockImpactDecayRate": 0,
		"AddDmg": 0,
		"StaggerDmgModifier": 1.5,
		"CritStaggerDmgModifier": 1.5,
		"StaggerResistModifier": 1.75,
		"CameraShakeID": "Small",
		"CritCameraShakeID": "Small",
		"ImpactRating": 3,
		"BlockStaminaDmgMod": 0.15,
		"BlockAbsorptionModifier": 1,
		"StunBreakoutIncrement": 0,
		"StaminaDmg": 0,
		"HitRuneCharge": 0.1625,
		"HitBlockedRuneCharge": 0.325
	},
	{
		"DamageID": "Damned_Priest_Close_Overhead_Staff_Attack",
		"WeaponCategory": "Club",
		"IgnoreInvulnerable": 0,
		"NoReaction": 0,
		"IsRanged": false,
		"SurfaceImpactEffect": "Bullet",
		"AttackType": "Heavy",
		"DamageType": "Strike",
		"EffectOnlyOnDamage": false,
		"DeflectDamageID": "Deflect_Default",
		"CanCrit": false,
		"DmgCoef": 1,
		"DmgCoefHead": 1,
		"DmgCoefCrit": 1,
		"PowerLevel": 3,
		"CritPowerLevel": 3,
		"BlockPowerLevel": 3,
		"HitStun": 30,
		"BlockHitStun": 25,
		"CritHitStun": 30,
		"ImpactDistanceX": 0,
		"ImpactDistanceY": 1.75,
		"ImpactDistanceZ": 0,
		"ImpactDecayRate": 0.8,
		"CritImpactDistanceX": 0,
		"CritImpactDistanceY": 1.75,
		"CritImpactDistanceZ": 0,
		"CritImpactDecayRate": 0.8,
		"BlockImpactDistanceX": 0,
		"BlockImpactDistanceY": 0,
		"BlockImpactDistanceZ": 0,
		"BlockImpactDecayRate": 0,
		"AddDmg": 0,
		"StaggerDmgModifier": 1.5,
		"CritStaggerDmgModifier": 1.5,
		"StaggerResistModifier": 1.75,
		"CameraShakeID": "Small",
		"CritCameraShakeID": "Small",
		"ImpactRating": 3,
		"BlockStaminaDmgMod": 0.33,
		"BlockAbsorptionModifier": 1,
		"StunBreakoutIncrement": 1,
		"StaminaDmg": 0,
		"HitRuneCharge": 0.1625,
		"HitBlockedRuneCharge": 0.325
	},
	{
		"DamageID": "Mage_Frigid_Winds_Spell",
		"WeaponCategory": "StaffSpells_No_Environment",
		"IgnoreInvulnerable": 0,
		"NoReaction": 0,
		"IsRanged": false,
		"SurfaceImpactEffect": "Bullet",
		"AttackType": "Magic",
		"DamageType": "Arcane",
		"EffectOnlyOnDamage": false,
		"CanCrit": false,
		"DmgCoef": 0.15,
		"DmgCoefHead": 1,
		"DmgCoefCrit": 1,
		"PowerLevel": 4,
		"CritPowerLevel": 4,
		"BlockPowerLevel": 4,
		"HitStun": 30,
		"BlockHitStun": 25,
		"CritHitStun": 30,
		"ImpactDistanceX": 0,
		"ImpactDistanceY": 8,
		"ImpactDistanceZ": 0.75,
		"ImpactDecayRate": 0.8,
		"CritImpactDistanceX": 0,
		"CritImpactDistanceY": 8,
		"CritImpactDistanceZ": 0.75,
		"CritImpactDecayRate": 0.8,
		"BlockImpactDistanceX": 0,
		"BlockImpactDistanceY": 0,
		"BlockImpactDistanceZ": 0,
		"BlockImpactDecayRate": 0.8,
		"AddDmg": 0,
		"StaggerDmgModifier": 1.2,
		"CritStaggerDmgModifier": 1.2,
		"StaggerResistModifier": 1,
		"CameraShakeID": "Small",
		"CritCameraShakeID": "Small",
		"ImpactRating": 1,
		"BlockStaminaDmgMod": 0.55,
		"BlockAbsorptionModifier": 1,
		"StunBreakoutIncrement": 1,
		"StaminaDmg": 0,
		"HitRuneCharge": 0.1625,
		"HitBlockedRuneCharge": 0.325
	},
	{
		"DamageID": "Mage_Arcane_Shield",
		"WeaponCategory": "StaffSpells_No_Environment",
		"IgnoreInvulnerable": 0,
		"NoReaction": 0,
		"IsRanged": false,
		"SurfaceImpactEffect": "Bullet",
		"AttackType": "Magic",
		"DamageType": "Arcane",
		"EffectOnlyOnDamage": false,
		"CanCrit": false,
		"DmgCoef": 0,
		"DmgCoefHead": 1,
		"DmgCoefCrit": 1,
		"PowerLevel": 3,
		"CritPowerLevel": 3,
		"BlockPowerLevel": 3,
		"HitStun": 30,
		"BlockHitStun": 25,
		"CritHitStun": 30,
		"ImpactDistanceX": 0,
		"ImpactDistanceY": 3,
		"ImpactDistanceZ": 0,
		"ImpactDecayRate": 0.8,
		"CritImpactDistanceX": 0,
		"CritImpactDistanceY": 3,
		"CritImpactDistanceZ": 0,
		"CritImpactDecayRate": 0.8,
		"BlockImpactDistanceX": 0,
		"BlockImpactDistanceY": 0,
		"BlockImpactDistanceZ": 0,
		"BlockImpactDecayRate": 0.8,
		"AddDmg": 0,
		"StaggerDmgModifier": 1.2,
		"CritStaggerDmgModifier": 1.2,
		"StaggerResistModifier": 1,
		"CameraShakeID": "Small",
		"CritCameraShakeID": "Small",
		"ImpactRating": 1,
		"BlockStaminaDmgMod": 0.55,
		"BlockAbsorptionModifier": 1,
		"StunBreakoutIncrement": 1,
		"StaminaDmg": 0,
		"HitRuneCharge": 0.1625,
		"HitBlockedRuneCharge": 0.325
	},
	{
		"DamageID": "Mage_Iceblock_Spell",
		"WeaponCategory": "StaffSpells_No_Environment",
		"IgnoreInvulnerable": 0,
		"NoReaction": 0,
		"IsRanged": false,
		"SurfaceImpactEffect": "Bullet",
		"AttackType": "Magic",
		"DamageType": "Arcane",
		"EffectOnlyOnDamage": false,
		"CanCrit": false,
		"DmgCoef": 0,
		"DmgCoefHead": 1,
		"DmgCoefCrit": 1,
		"PowerLevel": 1,
		"CritPowerLevel": 1,
		"BlockPowerLevel": 1,
		"HitStun": 15,
		"BlockHitStun": 10,
		"CritHitStun": 15,
		"ImpactDistanceX": 0,
		"ImpactDistanceY": 0,
		"ImpactDistanceZ": 0,
		"ImpactDecayRate": 0.8,
		"CritImpactDistanceX": 0,
		"CritImpactDistanceY": 0,
		"CritImpactDistanceZ": 0,
		"CritImpactDecayRate": 0.8,
		"BlockImpactDistanceX": 0,
		"BlockImpactDistanceY": 0,
		"BlockImpactDistanceZ": 0,
		"BlockImpactDecayRate": 0.8,
		"AddDmg": 0,
		"StaggerDmgModifier": 1.2,
		"CritStaggerDmgModifier": 1.2,
		"StaggerResistModifier": 1,
		"CameraShakeID": "Small",
		"CritCameraShakeID": "Small",
		"ImpactRating": 1,
		"BlockStaminaDmgMod": 0.55,
		"BlockAbsorptionModifier": 1,
		"StunBreakoutIncrement": 1,
		"StaminaDmg": 0,
		"HitRuneCharge": 0.1625,
		"HitBlockedRuneCharge": 0.325
	},
	{
		"DamageID": "Javelineer_Stab",
		"WeaponCategory": "Sword",
		"IgnoreInvulnerable": 0,
		"NoReaction": 0,
		"IsRanged": false,
		"SurfaceImpactEffect": "Bullet",
		"AttackType": "Light",
		"DamageType": "Thrust",
		"EffectOnlyOnDamage": false,
		"CanCrit": false,
		"DmgCoef": 0.35,
		"DmgCoefHead": 1,
		"DmgCoefCrit": 1,
		"PowerLevel": 0,
		"CritPowerLevel": 1,
		"BlockPowerLevel": 0,
		"HitStun": 15,
		"BlockHitStun": 10,
		"CritHitStun": 15,
		"ImpactDistanceX": 0,
		"ImpactDistanceY": 1,
		"ImpactDistanceZ": 0,
		"ImpactDecayRate": 0.8,
		"CritImpactDistanceX": 0,
		"CritImpactDistanceY": 1,
		"CritImpactDistanceZ": 0,
		"CritImpactDecayRate": 0.8,
		"BlockImpactDistanceX": 0,
		"BlockImpactDistanceY": 0,
		"BlockImpactDistanceZ": 0,
		"BlockImpactDecayRate": 0.8,
		"AddDmg": 0,
		"StaggerDmgModifier": 1,
		"CritStaggerDmgModifier": 1,
		"StaggerResistModifier": 1,
		"CameraShakeID": "Small",
		"CritCameraShakeID": "Small",
		"ImpactRating": 0,
		"BlockStaminaDmgMod": 0.15,
		"BlockAbsorptionModifier": 1,
		"StunBreakoutIncrement": 0,
		"StaminaDmg": 0,
		"HitRuneCharge": 0.1625,
		"HitBlockedRuneCharge": 0.325
	},
	{
		"DamageID": "Javelineer_Flurry",
		"WeaponCategory": "Sword",
		"IgnoreInvulnerable": 0,
		"NoReaction": 0,
		"IsRanged": false,
		"SurfaceImpactEffect": "Bullet",
		"AttackType": "Light",
		"DamageType": "Thrust",
		"EffectOnlyOnDamage": false,
		"CanCrit": false,
		"DmgCoef": 0.15,
		"DmgCoefHead": 1,
		"DmgCoefCrit": 1,
		"PowerLevel": 0,
		"CritPowerLevel": 0,
		"BlockPowerLevel": 0,
		"HitStun": 15,
		"BlockHitStun": 15,
		"CritHitStun": 15,
		"ImpactDistanceX": 0,
		"ImpactDistanceY": 0,
		"ImpactDistanceZ": 0,
		"ImpactDecayRate": 0.8,
		"CritImpactDistanceX": 0,
		"CritImpactDistanceY": 0,
		"CritImpactDistanceZ": 0,
		"CritImpactDecayRate": 0.8,
		"BlockImpactDistanceX": 0,
		"BlockImpactDistanceY": 0,
		"BlockImpactDistanceZ": 0,
		"BlockImpactDecayRate": 0.8,
		"AddDmg": 0,
		"StaggerDmgModifier": 1,
		"CritStaggerDmgModifier": 1,
		"StaggerResistModifier": 1,
		"CameraShakeID": "Small",
		"CritCameraShakeID": "Small",
		"ImpactRating": 0,
		"BlockStaminaDmgMod": 0.2,
		"BlockAbsorptionModifier": 1,
		"StunBreakoutIncrement": 1,
		"StaminaDmg": 0,
		"HitRuneCharge": 0.1625,
		"HitBlockedRuneCharge": 0.325
	},
	{
		"DamageID": "Javelineer_Throw",
		"WeaponCategory": "Sword",
		"IgnoreInvulnerable": 0,
		"NoReaction": 0,
		"IsRanged": true,
		"SurfaceImpactEffect": "Bullet",
		"AttackType": "Light",
		"DamageType": "Thrust",
		"EffectOnlyOnDamage": false,
		"CanCrit": false,
		"DmgCoef": 0.4,
		"DmgCoefHead": 1,
		"DmgCoefCrit": 1,
		"PowerLevel": 0,
		"CritPowerLevel": 1,
		"BlockPowerLevel": 0,
		"HitStun": 10,
		"BlockHitStun": 15,
		"CritHitStun": 10,
		"ImpactDistanceX": 0,
		"ImpactDistanceY": 2,
		"ImpactDistanceZ": 0,
		"ImpactDecayRate": 0.8,
		"CritImpactDistanceX": 0,
		"CritImpactDistanceY": 2,
		"CritImpactDistanceZ": 0,
		"CritImpactDecayRate": 0.8,
		"BlockImpactDistanceX": 0,
		"BlockImpactDistanceY": 0,
		"BlockImpactDistanceZ": 0,
		"BlockImpactDecayRate": 0.8,
		"AddDmg": 0,
		"StaggerDmgModifier": 0,
		"CritStaggerDmgModifier": 0,
		"StaggerResistModifier": 0,
		"CameraShakeID": "Small",
		"CritCameraShakeID": "Small",
		"ImpactRating": 0,
		"BlockStaminaDmgMod": 0.2,
		"BlockAbsorptionModifier": 1,
		"StunBreakoutIncrement": 0,
		"StaminaDmg": 0,
		"HitRuneCharge": 0.1625,
		"HitBlockedRuneCharge": 0.325
	},
	{
		"DamageID": "Javelineer_Heroic_Throw",
		"WeaponCategory": "Sword",
		"IgnoreInvulnerable": 0,
		"NoReaction": 0,
		"IsRanged": true,
		"SurfaceImpactEffect": "Bullet",
		"AttackType": "Heavy",
		"DamageType": "Arcane",
		"EffectOnlyOnDamage": false,
		"CanCrit": false,
		"DmgCoef": 0.65,
		"DmgCoefHead": 1,
		"DmgCoefCrit": 1,
		"PowerLevel": 3,
		"CritPowerLevel": 3,
		"BlockPowerLevel": 3,
		"HitStun": 30,
		"BlockHitStun": 25,
		"CritHitStun": 30,
		"ImpactDistanceX": 0,
		"ImpactDistanceY": 5,
		"ImpactDistanceZ": 0,
		"ImpactDecayRate": 0.8,
		"CritImpactDistanceX": 0,
		"CritImpactDistanceY": 5,
		"CritImpactDistanceZ": 0,
		"CritImpactDecayRate": 0.8,
		"BlockImpactDistanceX": 0,
		"BlockImpactDistanceY": 0,
		"BlockImpactDistanceZ": 0,
		"BlockImpactDecayRate": 0.8,
		"AddDmg": 0,
		"StaggerDmgModifier": 0,
		"CritStaggerDmgModifier": 0,
		"StaggerResistModifier": 0,
		"CameraShakeID": "Small",
		"CritCameraShakeID": "Small",
		"ImpactRating": 0,
		"BlockStaminaDmgMod": 0.8,
		"BlockAbsorptionModifier": 1,
		"StunBreakoutIncrement": 1,
		"StaminaDmg": 0,
		"HitRuneCharge": 0.1625,
		"HitBlockedRuneCharge": 0.325
	},
	{
		"DamageID": "Javelineer_Lunge",
		"WeaponCategory": "Sword",
		"IgnoreInvulnerable": 0,
		"NoReaction": 0,
		"IsRanged": false,
		"SurfaceImpactEffect": "Bullet",
		"AttackType": "Heavy",
		"DamageType": "Thrust",
		"EffectOnlyOnDamage": false,
		"CanCrit": false,
		"DmgCoef": 0.65,
		"DmgCoefHead": 1,
		"DmgCoefCrit": 1,
		"PowerLevel": 4,
		"CritPowerLevel": 4,
		"BlockPowerLevel": 4,
		"HitStun": 20,
		"BlockHitStun": 15,
		"CritHitStun": 20,
		"ImpactDistanceX": 0,
		"ImpactDistanceY": 1,
		"ImpactDistanceZ": 0,
		"ImpactDecayRate": 0.8,
		"CritImpactDistanceX": 0,
		"CritImpactDistanceY": 1,
		"CritImpactDistanceZ": 0,
		"CritImpactDecayRate": 0.8,
		"BlockImpactDistanceX": 0,
		"BlockImpactDistanceY": 0,
		"BlockImpactDistanceZ": 0,
		"BlockImpactDecayRate": 0.8,
		"AddDmg": 0,
		"StaggerDmgModifier": 1,
		"CritStaggerDmgModifier": 1,
		"StaggerResistModifier": 1,
		"CameraShakeID": "Small",
		"CritCameraShakeID": "Small",
		"ImpactRating": 0,
		"BlockStaminaDmgMod": 0.7,
		"BlockAbsorptionModifier": 1,
		"StunBreakoutIncrement": 1,
		"StaminaDmg": 0,
		"HitRuneCharge": 0.1625,
		"HitBlockedRuneCharge": 0.325
	},
	{
		"DamageID": "Javelineer_Lunge_Knockback",
		"WeaponCategory": "Sword",
		"IgnoreInvulnerable": 0,
		"NoReaction": 0,
		"IsRanged": false,
		"SurfaceImpactEffect": "Bullet",
		"AttackType": "Heavy",
		"DamageType": "Thrust",
		"EffectOnlyOnDamage": false,
		"CanCrit": false,
		"DmgCoef": 0.25,
		"DmgCoefHead": 1,
		"DmgCoefCrit": 1,
		"PowerLevel": 3,
		"CritPowerLevel": 3,
		"BlockPowerLevel": 4,
		"HitStun": 30,
		"BlockHitStun": 25,
		"CritHitStun": 30,
		"ImpactDistanceX": 0,
		"ImpactDistanceY": 5,
		"ImpactDistanceZ": 0,
		"ImpactDecayRate": 0.8,
		"CritImpactDistanceX": 0,
		"CritImpactDistanceY": 5,
		"CritImpactDistanceZ": 0,
		"CritImpactDecayRate": 0.8,
		"BlockImpactDistanceX": 0,
		"BlockImpactDistanceY": 0,
		"BlockImpactDistanceZ": 0,
		"BlockImpactDecayRate": 0.8,
		"AddDmg": 0,
		"StaggerDmgModifier": 1,
		"CritStaggerDmgModifier": 1,
		"StaggerResistModifier": 1,
		"CameraShakeID": "Small",
		"CritCameraShakeID": "Small",
		"ImpactRating": 0,
		"BlockStaminaDmgMod": 0.7,
		"BlockAbsorptionModifier": 1,
		"StunBreakoutIncrement": 1,
		"StaminaDmg": 0,
		"HitRuneCharge": 0.1625,
		"HitBlockedRuneCharge": 0.325
	},
	{
		"DamageID": "Javelineer_Slash",
		"WeaponCategory": "Sword",
		"IgnoreInvulnerable": 0,
		"NoReaction": 0,
		"IsRanged": false,
		"SurfaceImpactEffect": "Bullet",
		"AttackType": "Heavy",
		"DamageType": "Slash",
		"EffectOnlyOnDamage": false,
		"CanCrit": false,
		"DmgCoef": 0.35,
		"DmgCoefHead": 1,
		"DmgCoefCrit": 1,
		"PowerLevel": 2,
		"CritPowerLevel": 2,
		"BlockPowerLevel": 2,
		"HitStun": 20,
		"BlockHitStun": 20,
		"CritHitStun": 20,
		"ImpactDistanceX": 0,
		"ImpactDistanceY": 1.5,
		"ImpactDistanceZ": 0,
		"ImpactDecayRate": 0.8,
		"CritImpactDistanceX": 0,
		"CritImpactDistanceY": 1.5,
		"CritImpactDistanceZ": 0,
		"CritImpactDecayRate": 0.8,
		"BlockImpactDistanceX": 0,
		"BlockImpactDistanceY": 0,
		"BlockImpactDistanceZ": 0,
		"BlockImpactDecayRate": 0.8,
		"AddDmg": 0,
		"StaggerDmgModifier": 1,
		"CritStaggerDmgModifier": 1,
		"StaggerResistModifier": 1,
		"CameraShakeID": "Small",
		"CritCameraShakeID": "Small",
		"ImpactRating": 0,
		"BlockStaminaDmgMod": 0.2,
		"BlockAbsorptionModifier": 1,
		"StunBreakoutIncrement": 0,
		"StaminaDmg": 0,
		"HitRuneCharge": 0.1625,
		"HitBlockedRuneCharge": 0.325
	},
	{
		"DamageID": "AnubianReaver_InfernoSpinSlash",
		"WeaponCategory": "Sword",
		"IgnoreInvulnerable": 0,
		"NoReaction": 0,
		"IsRanged": false,
		"SurfaceImpactEffect": "Bullet",
		"AttackType": "Light",
		"DamageType": "Slash",
		"Affixes": "AI_FireDMG_100",
		"EffectOnlyOnDamage": false,
		"CanCrit": false,
		"DmgCoef": 0.15,
		"DmgCoefHead": 1,
		"DmgCoefCrit": 1,
		"PowerLevel": 1,
		"CritPowerLevel": 1,
		"BlockPowerLevel": 1,
		"HitStun": 10,
		"BlockHitStun": 15,
		"CritHitStun": 10,
		"ImpactDistanceX": 0,
		"ImpactDistanceY": 0.5,
		"ImpactDistanceZ": 0,
		"ImpactDecayRate": 0.8,
		"CritImpactDistanceX": 0,
		"CritImpactDistanceY": 0.5,
		"CritImpactDistanceZ": 0,
		"CritImpactDecayRate": 0.8,
		"BlockImpactDistanceX": 0,
		"BlockImpactDistanceY": 0,
		"BlockImpactDistanceZ": 0,
		"BlockImpactDecayRate": 0.8,
		"AddDmg": 0,
		"StaggerDmgModifier": 0,
		"CritStaggerDmgModifier": 1,
		"StaggerResistModifier": 1,
		"CameraShakeID": "Small",
		"CritCameraShakeID": "Small",
		"ImpactRating": 0,
		"BlockStaminaDmgMod": 0.1,
		"BlockAbsorptionModifier": 1,
		"StunBreakoutIncrement": 0,
		"StaminaDmg": 0,
		"HitRuneCharge": 0.1625,
		"HitBlockedRuneCharge": 0.325
	},
	{
		"DamageID": "AnubianReaver_InfernoEruption",
		"WeaponCategory": "AncientMagic",
		"IgnoreInvulnerable": 0,
		"NoReaction": 0,
		"IsRanged": false,
		"SurfaceImpactEffect": "Bullet",
		"AttackType": "Magic",
		"DamageType": "Fire",
		"StatusEffect": ["AI_Anubian_Burn_9"],
		"EffectOnlyOnDamage": true,
		"CanCrit": false,
		"DmgCoef": 0.5,
		"DmgCoefHead": 1,
		"DmgCoefCrit": 1,
		"PowerLevel": 0,
		"CritPowerLevel": 0,
		"BlockPowerLevel": 0,
		"HitStun": 30,
		"BlockHitStun": 25,
		"CritHitStun": 30,
		"ImpactDistanceX": 0,
		"ImpactDistanceY": 1.5,
		"ImpactDistanceZ": 0,
		"ImpactDecayRate": 0.8,
		"CritImpactDistanceX": 0,
		"CritImpactDistanceY": 1.5,
		"CritImpactDistanceZ": 0,
		"CritImpactDecayRate": 0.8,
		"BlockImpactDistanceX": 0,
		"BlockImpactDistanceY": 0,
		"BlockImpactDistanceZ": 0,
		"BlockImpactDecayRate": 0.8,
		"AddDmg": 0,
		"StaggerDmgModifier": 1,
		"CritStaggerDmgModifier": 1,
		"StaggerResistModifier": 1,
		"CameraShakeID": "Small",
		"CritCameraShakeID": "Small",
		"ImpactRating": 0,
		"BlockStaminaDmgMod": 0.4,
		"BlockAbsorptionModifier": 1,
		"StunBreakoutIncrement": 0,
		"StaminaDmg": 0,
		"HitRuneCharge": 0.1625,
		"HitBlockedRuneCharge": 0.325
	},
	{
		"DamageID": "AnubianSpearman_SunbeamLance_01",
		"WeaponCategory": "AncientMagic",
		"IgnoreInvulnerable": 0,
		"NoReaction": 0,
		"IsRanged": true,
		"SurfaceImpactEffect": "Bullet",
		"AttackType": "Magic",
		"DamageType": "Fire",
		"StatusEffect": ["AI_Anubian_Burn_9"],
		"EffectOnlyOnDamage": true,
		"CanCrit": false,
		"DmgCoef": 0.25,
		"DmgCoefHead": 1,
		"DmgCoefCrit": 1,
		"PowerLevel": 1,
		"CritPowerLevel": 1,
		"BlockPowerLevel": 1,
		"HitStun": 13,
		"BlockHitStun": 8,
		"CritHitStun": 13,
		"ImpactDistanceX": 0,
		"ImpactDistanceY": 1,
		"ImpactDistanceZ": 0,
		"ImpactDecayRate": 0.8,
		"CritImpactDistanceX": 0,
		"CritImpactDistanceY": 1,
		"CritImpactDistanceZ": 0,
		"CritImpactDecayRate": 0.8,
		"BlockImpactDistanceX": 0,
		"BlockImpactDistanceY": 0,
		"BlockImpactDistanceZ": 0,
		"BlockImpactDecayRate": 0.8,
		"AddDmg": 0,
		"StaggerDmgModifier": 1,
		"CritStaggerDmgModifier": 1,
		"StaggerResistModifier": 1,
		"CameraShakeID": "Small",
		"CritCameraShakeID": "Small",
		"ImpactRating": 0,
		"BlockStaminaDmgMod": 0.4,
		"BlockAbsorptionModifier": 1,
		"StunBreakoutIncrement": 0,
		"StaminaDmg": 0,
		"HitRuneCharge": 0.1625,
		"HitBlockedRuneCharge": 0.325
	},
	{
		"DamageID": "AnubianSpearman_Sunbeam_Swipe",
		"WeaponCategory": "Sword",
		"IgnoreInvulnerable": 0,
		"NoReaction": 0,
		"IsRanged": false,
		"SurfaceImpactEffect": "Bullet",
		"AttackType": "Magic",
		"DamageType": "Fire",
		"StatusEffect": ["AI_Anubian_Burn_9"],
		"EffectOnlyOnDamage": true,
		"CanCrit": false,
		"DmgCoef": 0.4,
		"DmgCoefHead": 1,
		"DmgCoefCrit": 1,
		"PowerLevel": 0,
		"CritPowerLevel": 0,
		"BlockPowerLevel": 0,
		"HitStun": 10,
		"BlockHitStun": 10,
		"CritHitStun": 10,
		"ImpactDistanceX": 0,
		"ImpactDistanceY": 1,
		"ImpactDistanceZ": 0,
		"ImpactDecayRate": 0.8,
		"CritImpactDistanceX": 0,
		"CritImpactDistanceY": 1,
		"CritImpactDistanceZ": 0,
		"CritImpactDecayRate": 0.8,
		"BlockImpactDistanceX": 0,
		"BlockImpactDistanceY": 0,
		"BlockImpactDistanceZ": 0,
		"BlockImpactDecayRate": 0.8,
		"AddDmg": 0,
		"StaggerDmgModifier": 1,
		"CritStaggerDmgModifier": 1,
		"StaggerResistModifier": 1,
		"CameraShakeID": "Small",
		"CritCameraShakeID": "Small",
		"ImpactRating": 0,
		"BlockStaminaDmgMod": 0.7,
		"BlockAbsorptionModifier": 1,
		"StunBreakoutIncrement": 0,
		"StaminaDmg": 0,
		"HitRuneCharge": 0.1625,
		"HitBlockedRuneCharge": 0.325
	},
	{
		"DamageID": "Mage_Miniboss_Beam",
		"WeaponCategory": "AncientMagic",
		"IgnoreInvulnerable": 1,
		"NoReaction": 1,
		"IsRanged": false,
		"SurfaceImpactEffect": "Bullet",
		"AttackType": "Magic",
		"DamageType": "Arcane",
		"StatusEffect": ["AI_Mage_Miniboss_Heal"],
		"EffectOnlyOnDamage": false,
		"CanCrit": false,
		"DmgCoef": 1,
		"DmgCoefHead": 1,
		"DmgCoefCrit": 1,
		"PowerLevel": 0,
		"CritPowerLevel": 0,
		"BlockPowerLevel": 0,
		"HitStun": 0,
		"BlockHitStun": 0,
		"CritHitStun": 0,
		"ImpactDistanceX": 0,
		"ImpactDistanceY": 0,
		"ImpactDistanceZ": 0,
		"ImpactDecayRate": 0,
		"CritImpactDistanceX": 0,
		"CritImpactDistanceY": 0,
		"CritImpactDistanceZ": 0,
		"CritImpactDecayRate": 0,
		"BlockImpactDistanceX": 0,
		"BlockImpactDistanceY": 0,
		"BlockImpactDistanceZ": 0,
		"BlockImpactDecayRate": 0,
		"AddDmg": 0,
		"StaggerDmgModifier": 0,
		"CritStaggerDmgModifier": 0,
		"StaggerResistModifier": 0,
		"CameraShakeID": "Small",
		"CritCameraShakeID": "Small",
		"ImpactRating": 0,
		"BlockStaminaDmgMod": 0,
		"BlockAbsorptionModifier": 1,
		"StunBreakoutIncrement": 0,
		"StaminaDmg": 0,
		"HitRuneCharge": 0.1625,
		"HitBlockedRuneCharge": 0.325
	},
	{
		"DamageID": "Mage_Miniboss_Orb_AOE",
		"WeaponCategory": "AncientMagic",
		"IgnoreInvulnerable": 0,
		"NoReaction": 0,
		"IsRanged": false,
		"SurfaceImpactEffect": "Bullet",
		"AttackType": "Magic",
		"DamageType": "Arcane",
		"EffectOnlyOnDamage": false,
		"CanCrit": false,
		"DmgCoef": 1,
		"DmgCoefHead": 1,
		"DmgCoefCrit": 1,
		"PowerLevel": 0,
		"CritPowerLevel": 0,
		"BlockPowerLevel": 0,
		"HitStun": 15,
		"BlockHitStun": 10,
		"CritHitStun": 15,
		"ImpactDistanceX": 0,
		"ImpactDistanceY": 0,
		"ImpactDistanceZ": 0,
		"ImpactDecayRate": 0.8,
		"CritImpactDistanceX": 0,
		"CritImpactDistanceY": 0,
		"CritImpactDistanceZ": 0,
		"CritImpactDecayRate": 0.8,
		"BlockImpactDistanceX": 0,
		"BlockImpactDistanceY": 0,
		"BlockImpactDistanceZ": 0,
		"BlockImpactDecayRate": 0.8,
		"AddDmg": 0,
		"StaggerDmgModifier": 1.2,
		"CritStaggerDmgModifier": 1.2,
		"StaggerResistModifier": 1,
		"CameraShakeID": "Small",
		"CritCameraShakeID": "Small",
		"ImpactRating": 1,
		"BlockStaminaDmgMod": 0.55,
		"BlockAbsorptionModifier": 1,
		"StunBreakoutIncrement": 1,
		"StaminaDmg": 0,
		"HitRuneCharge": 0.1625,
		"HitBlockedRuneCharge": 0.325
	},
	{
		"DamageID": "Heartforge_Guardian_Explosion",
		"WeaponCategory": "AncientMagic",
		"IgnoreInvulnerable": 0,
		"NoReaction": 0,
		"IsRanged": false,
		"SurfaceImpactEffect": "Bullet",
		"AttackType": "Magic",
		"DamageType": "Arcane",
		"StatusEffect": ["AI_Weaken"],
		"EffectOnlyOnDamage": true,
		"CanCrit": false,
		"DmgCoef": 0.15,
		"DmgCoefHead": 0.15,
		"DmgCoefCrit": 0.15,
		"PowerLevel": 0,
		"CritPowerLevel": 0,
		"BlockPowerLevel": 0,
		"HitStun": 10,
		"BlockHitStun": 5,
		"CritHitStun": 10,
		"ImpactDistanceX": 0,
		"ImpactDistanceY": 0,
		"ImpactDistanceZ": 0,
		"ImpactDecayRate": 0.8,
		"CritImpactDistanceX": 0,
		"CritImpactDistanceY": 0,
		"CritImpactDistanceZ": 0,
		"CritImpactDecayRate": 0.8,
		"BlockImpactDistanceX": 0,
		"BlockImpactDistanceY": 0,
		"BlockImpactDistanceZ": 0,
		"BlockImpactDecayRate": 0.8,
		"AddDmg": 0,
		"StaggerDmgModifier": 1.2,
		"CritStaggerDmgModifier": 1.2,
		"StaggerResistModifier": 1,
		"CameraShakeID": "Small",
		"CritCameraShakeID": "Small",
		"ImpactRating": 1,
		"BlockStaminaDmgMod": 0.55,
		"BlockAbsorptionModifier": 1,
		"StunBreakoutIncrement": 1,
		"StaminaDmg": 0,
		"HitRuneCharge": 0.1625,
		"HitBlockedRuneCharge": 0.325
	},
	{
		"DamageID": "Fall",
		"WeaponCategory": "Fall",
		"IgnoreInvulnerable": 1,
		"NoReaction": 1,
		"IsRanged": false,
		"SurfaceImpactEffect": "Bullet",
		"DamageType": "Falling",
		"EffectOnlyOnDamage": false,
		"CanCrit": false,
		"DmgCoef": 1,
		"DmgCoefHead": 1,
		"DmgCoefCrit": 1,
		"PowerLevel": 2,
		"CritPowerLevel": 2,
		"BlockPowerLevel": 2,
		"HitStun": 0,
		"BlockHitStun": 0,
		"CritHitStun": 0,
		"ImpactDistanceX": 0,
		"ImpactDistanceY": 0,
		"ImpactDistanceZ": 0,
		"ImpactDecayRate": 0,
		"CritImpactDistanceX": 0,
		"CritImpactDistanceY": 0,
		"CritImpactDistanceZ": 0,
		"CritImpactDecayRate": 0,
		"BlockImpactDistanceX": 0,
		"BlockImpactDistanceY": 0,
		"BlockImpactDistanceZ": 0,
		"BlockImpactDecayRate": 0,
		"AddDmg": 0,
		"StaggerDmgModifier": 0,
		"CritStaggerDmgModifier": 0,
		"StaggerResistModifier": 0,
		"ImpactRating": 0,
		"BlockStaminaDmgMod": 0,
		"BlockAbsorptionModifier": 1,
		"StunBreakoutIncrement": 0,
		"StaminaDmg": 0,
		"HitRuneCharge": 0.1625,
		"HitBlockedRuneCharge": 0.325
	},
	{
		"DamageID": "Reaction_Breakout",
		"WeaponCategory": "Fall",
		"IgnoreInvulnerable": 1,
		"NoReaction": 1,
		"IsRanged": false,
		"SurfaceImpactEffect": "Bullet",
		"DamageType": "Falling",
		"EffectOnlyOnDamage": false,
		"CanCrit": false,
		"DmgCoef": 0,
		"DmgCoefHead": 0,
		"DmgCoefCrit": 0,
		"PowerLevel": 0,
		"CritPowerLevel": 0,
		"BlockPowerLevel": 0,
		"HitStun": 0,
		"BlockHitStun": 0,
		"CritHitStun": 0,
		"ImpactDistanceX": 0,
		"ImpactDistanceY": 0,
		"ImpactDistanceZ": 0,
		"ImpactDecayRate": 0,
		"CritImpactDistanceX": 0,
		"CritImpactDistanceY": 0,
		"CritImpactDistanceZ": 0,
		"CritImpactDecayRate": 0,
		"BlockImpactDistanceX": 0,
		"BlockImpactDistanceY": 0,
		"BlockImpactDistanceZ": 0,
		"BlockImpactDecayRate": 0,
		"AddDmg": 0,
		"StaggerDmgModifier": 0,
		"CritStaggerDmgModifier": 0,
		"StaggerResistModifier": 10,
		"CameraShakeID": "Small",
		"CritCameraShakeID": "Small",
		"ImpactRating": 1,
		"BlockStaminaDmgMod": 0,
		"BlockAbsorptionModifier": 1,
		"StunBreakoutIncrement": 1,
		"StaminaDmg": 1,
		"HitRuneCharge": 0.1625,
		"HitBlockedRuneCharge": 0.325
	},
	{
		"DamageID": "test",
		"WeaponCategory": "AncientMagic",
		"IgnoreInvulnerable": 0,
		"NoReaction": 0,
		"IsRanged": false,
		"SurfaceImpactEffect": "Bullet",
		"AttackType": "Magic",
		"DamageType": "Fire",
		"EffectOnlyOnDamage": false,
		"CanCrit": false,
		"DmgCoef": 0.15,
		"DmgCoefHead": 1,
		"DmgCoefCrit": 1,
		"PowerLevel": 0,
		"CritPowerLevel": 0,
		"BlockPowerLevel": 0,
		"HitStun": 10,
		"BlockHitStun": 15,
		"CritHitStun": 10,
		"ImpactDistanceX": 0,
		"ImpactDistanceY": 0.5,
		"ImpactDistanceZ": 0,
		"ImpactDecayRate": 0.8,
		"CritImpactDistanceX": 0,
		"CritImpactDistanceY": 0.5,
		"CritImpactDistanceZ": 0,
		"CritImpactDecayRate": 0.8,
		"BlockImpactDistanceX": 0,
		"BlockImpactDistanceY": 0.5,
		"BlockImpactDistanceZ": 0,
		"BlockImpactDecayRate": 0.8,
		"AddDmg": 0,
		"StaggerDmgModifier": 1,
		"CritStaggerDmgModifier": 1,
		"StaggerResistModifier": 1,
		"CameraShakeID": "Small",
		"CritCameraShakeID": "Small",
		"ImpactRating": 0,
		"BlockStaminaDmgMod": 0.1,
		"BlockAbsorptionModifier": 1,
		"StunBreakoutIncrement": 0,
		"StaminaDmg": 0,
		"HitRuneCharge": 0.1625,
		"HitBlockedRuneCharge": 0.325
	}
]