[
	{
		"DamageID": "Attack_Uppercut",
		"WeaponCategory": "Unarmed",
		"IgnoreInvulnerable": 0,
		"NoReaction": 0,
		"AttackType": "Heavy",
		"DamageType": "Strike",
		"DeflectDamageID": "Deflect_Default",
		"CanCrit": false,
		"DmgCoef": 1,
		"DmgCoefHead": 1,
		"DmgCoefCrit": 1,
		"PowerLevel": 4,
		"CritPowerLevel": 4,
		"BlockPowerLevel": 3,
		"HitStun": 20,
		"CritHitStun": 20,
		"BlockHitStun": 15,
		"ImpactDistanceX": 0,
		"ImpactDistanceY": 6,
		"ImpactDistanceZ": 0.5,
		"ImpactDecayRate": 0.8,
		"CritImpactDistanceX": 0,
		"CritImpactDistanceY": 6,
		"CritImpactDistanceZ": 0.5,
		"CritImpactDecayRate": 0.8,
		"BlockImpactDistanceX": 0,
		"BlockImpactDistanceY": 0,
		"BlockImpactDistanceZ": 0,
		"BlockImpactDecayRate": 0.8,
		"AddDmg": 0,
		"StaggerDmgModifier": 1.5,
		"StaggerResistModifier": 1.5,
		"CameraShakeID": "Small",
		"ImpactRating": 4,
		"BlockStaminaDmgMod": 1.25,
		"BlockAbsorptionModifier": 1,
		"LOSCheckVerticalAngleOffset": 0,
		"HitRuneCharge": 0.1625,
		"HitBlockedRuneCharge": 0.325
	},
	{
		"DamageID": "Attack_Haymaker",
		"WeaponCategory": "Unarmed",
		"IgnoreInvulnerable": 0,
		"NoReaction": 0,
		"AttackType": "Heavy",
		"DamageType": "Strike",
		"DeflectDamageID": "Deflect_Default",
		"CanCrit": false,
		"DmgCoef": 0.8,
		"DmgCoefHead": 1,
		"DmgCoefCrit": 1,
		"PowerLevel": 3,
		"CritPowerLevel": 3,
		"BlockPowerLevel": 3,
		"HitStun": 25,
		"CritHitStun": 20,
		"BlockHitStun": 15,
		"ImpactDistanceX": 0,
		"ImpactDistanceY": 3,
		"ImpactDistanceZ": 0,
		"ImpactDecayRate": 0.8,
		"CritImpactDistanceX": 0,
		"CritImpactDistanceY": 3,
		"CritImpactDistanceZ": 0,
		"CritImpactDecayRate": 0.8,
		"BlockImpactDistanceX": 0,
		"BlockImpactDistanceY": 0,
		"BlockImpactDistanceZ": 0,
		"BlockImpactDecayRate": 0.8,
		"AddDmg": 0,
		"StaggerDmgModifier": 1.5,
		"StaggerResistModifier": 1.5,
		"CameraShakeID": "Small",
		"ImpactRating": 4,
		"BlockStaminaDmgMod": 1,
		"BlockAbsorptionModifier": 1,
		"LOSCheckVerticalAngleOffset": 0,
		"HitRuneCharge": 0.1625,
		"HitBlockedRuneCharge": 0.325
	},
	{
		"DamageID": "Swipe_Left",
		"WeaponCategory": "Unarmed",
		"IgnoreInvulnerable": 0,
		"NoReaction": 0,
		"AttackType": "Heavy",
		"DamageType": "Arcane",
		"StatusEffect": ["AI_Snare_30percent_3sec"],
		"DeflectDamageID": "Deflect_Default",
		"CanCrit": false,
		"DmgCoef": 0.6,
		"DmgCoefHead": 1,
		"DmgCoefCrit": 1,
		"PowerLevel": 1,
		"CritPowerLevel": 1,
		"BlockPowerLevel": 1,
		"HitStun": 20,
		"CritHitStun": 20,
		"BlockHitStun": 15,
		"ImpactDistanceX": 1,
		"ImpactDistanceY": 2,
		"ImpactDistanceZ": 0,
		"ImpactDecayRate": 0.8,
		"CritImpactDistanceX": 1,
		"CritImpactDistanceY": 2,
		"CritImpactDistanceZ": 0,
		"CritImpactDecayRate": 0.8,
		"BlockImpactDistanceX": 0,
		"BlockImpactDistanceY": 0,
		"BlockImpactDistanceZ": 0,
		"BlockImpactDecayRate": 0.8,
		"AddDmg": 0,
		"StaggerDmgModifier": 1,
		"StaggerResistModifier": 1,
		"CameraShakeID": "Small",
		"ImpactRating": 3,
		"BlockStaminaDmgMod": 0.15,
		"BlockAbsorptionModifier": 1,
		"LOSCheckVerticalAngleOffset": 0,
		"HitRuneCharge": 0.1625,
		"HitBlockedRuneCharge": 0.325
	},
	{
		"DamageID": "Swipe_Left_Combo",
		"WeaponCategory": "Unarmed",
		"IgnoreInvulnerable": 0,
		"NoReaction": 0,
		"AttackType": "Heavy",
		"DamageType": "Slash",
		"DeflectDamageID": "Deflect_Default",
		"CanCrit": false,
		"DmgCoef": 0.6,
		"DmgCoefHead": 1,
		"DmgCoefCrit": 1,
		"PowerLevel": 4,
		"CritPowerLevel": 4,
		"BlockPowerLevel": 4,
		"HitStun": 20,
		"CritHitStun": 20,
		"BlockHitStun": 15,
		"ImpactDistanceX": 2.5,
		"ImpactDistanceY": 2,
		"ImpactDistanceZ": 0,
		"ImpactDecayRate": 0.8,
		"CritImpactDistanceX": 2.5,
		"CritImpactDistanceY": 2,
		"CritImpactDistanceZ": 0,
		"CritImpactDecayRate": 0.8,
		"BlockImpactDistanceX": 0,
		"BlockImpactDistanceY": 0,
		"BlockImpactDistanceZ": 0,
		"BlockImpactDecayRate": 0.8,
		"AddDmg": 0,
		"StaggerDmgModifier": 1,
		"StaggerResistModifier": 1,
		"CameraShakeID": "Small",
		"ImpactRating": 3,
		"BlockStaminaDmgMod": 0.15,
		"BlockAbsorptionModifier": 1,
		"LOSCheckVerticalAngleOffset": 0,
		"HitRuneCharge": 0.1625,
		"HitBlockedRuneCharge": 0.325
	},
	{
		"DamageID": "Shoulder_Charge",
		"WeaponCategory": "Unarmed",
		"IgnoreInvulnerable": 0,
		"NoReaction": 0,
		"AttackType": "Heavy",
		"DamageType": "Strike",
		"DeflectDamageID": "Deflect_Default",
		"CanCrit": false,
		"DmgCoef": 0.4,
		"DmgCoefHead": 1,
		"DmgCoefCrit": 1,
		"PowerLevel": 4,
		"CritPowerLevel": 4,
		"BlockPowerLevel": 4,
		"HitStun": 20,
		"CritHitStun": 20,
		"BlockHitStun": 15,
		"ImpactDistanceX": 1,
		"ImpactDistanceY": 3,
		"ImpactDistanceZ": 0,
		"ImpactDecayRate": 0.8,
		"CritImpactDistanceX": 1,
		"CritImpactDistanceY": 3,
		"CritImpactDistanceZ": 0,
		"CritImpactDecayRate": 0.8,
		"BlockImpactDistanceX": 0,
		"BlockImpactDistanceY": 0,
		"BlockImpactDistanceZ": 0,
		"BlockImpactDecayRate": 0.8,
		"AddDmg": 0,
		"StaggerDmgModifier": 1,
		"StaggerResistModifier": 1,
		"CameraShakeID": "Small",
		"ImpactRating": 3,
		"BlockStaminaDmgMod": 1,
		"BlockAbsorptionModifier": 1,
		"LOSCheckVerticalAngleOffset": 0,
		"HitRuneCharge": 0.1625,
		"HitBlockedRuneCharge": 0.325
	},
	{
		"DamageID": "Shoulder_Charge_Run",
		"WeaponCategory": "Unarmed",
		"IgnoreInvulnerable": 0,
		"NoReaction": 0,
		"AttackType": "Heavy",
		"DamageType": "Strike",
		"DeflectDamageID": "Deflect_Default",
		"CanCrit": false,
		"DmgCoef": 0.4,
		"DmgCoefHead": 1,
		"DmgCoefCrit": 1,
		"PowerLevel": 2,
		"CritPowerLevel": 2,
		"BlockPowerLevel": 2,
		"HitStun": 20,
		"CritHitStun": 20,
		"BlockHitStun": 15,
		"ImpactDistanceX": 1,
		"ImpactDistanceY": 2,
		"ImpactDistanceZ": 0,
		"ImpactDecayRate": 0.8,
		"CritImpactDistanceX": 1,
		"CritImpactDistanceY": 2,
		"CritImpactDistanceZ": 0,
		"CritImpactDecayRate": 0.8,
		"BlockImpactDistanceX": 0,
		"BlockImpactDistanceY": 0,
		"BlockImpactDistanceZ": 0,
		"BlockImpactDecayRate": 0.8,
		"AddDmg": 0,
		"StaggerDmgModifier": 1,
		"StaggerResistModifier": 1,
		"CameraShakeID": "Small",
		"ImpactRating": 3,
		"BlockStaminaDmgMod": 1,
		"BlockAbsorptionModifier": 1,
		"LOSCheckVerticalAngleOffset": 0,
		"HitRuneCharge": 0.1625,
		"HitBlockedRuneCharge": 0.325
	},
	{
		"DamageID": "Attack_Structure",
		"WeaponCategory": "Unarmed",
		"IgnoreInvulnerable": 0,
		"NoReaction": 0,
		"DamageType": "Siege",
		"DeflectDamageID": "Deflect_Default",
		"CanCrit": false,
		"DmgCoef": 0.2,
		"DmgCoefHead": 1,
		"DmgCoefCrit": 1,
		"PowerLevel": 3,
		"CritPowerLevel": 3,
		"BlockPowerLevel": 3,
		"HitStun": 30,
		"CritHitStun": 30,
		"BlockHitStun": 25,
		"ImpactDistanceX": -1,
		"ImpactDistanceY": 2,
		"ImpactDistanceZ": 0,
		"ImpactDecayRate": 0.8,
		"CritImpactDistanceX": -1,
		"CritImpactDistanceY": 2,
		"CritImpactDistanceZ": 0,
		"CritImpactDecayRate": 0.8,
		"BlockImpactDistanceX": 0,
		"BlockImpactDistanceY": 0,
		"BlockImpactDistanceZ": 0,
		"BlockImpactDecayRate": 0.8,
		"AddDmg": 0,
		"StaggerDmgModifier": 1,
		"StaggerResistModifier": 1,
		"CameraShakeID": "Small",
		"ImpactRating": 3,
		"BlockStaminaDmgMod": 1,
		"BlockAbsorptionModifier": 1,
		"LOSCheckVerticalAngleOffset": 0,
		"HitRuneCharge": 0.1625,
		"HitBlockedRuneCharge": 0.325
	},
	{
		"DamageID": "Remnant_CoreOverload",
		"WeaponCategory": "Unarmed",
		"IgnoreInvulnerable": 0,
		"NoReaction": 1,
		"DamageType": "Arcane",
		"DeflectDamageID": "Deflect_Default",
		"CanCrit": false,
		"DmgCoef": 0.1,
		"DmgCoefHead": 1,
		"DmgCoefCrit": 1,
		"PowerLevel": 1,
		"CritPowerLevel": 1,
		"BlockPowerLevel": 1,
		"HitStun": 15,
		"CritHitStun": 15,
		"BlockHitStun": 15,
		"ImpactDistanceX": 0,
		"ImpactDistanceY": 0,
		"ImpactDistanceZ": 0,
		"ImpactDecayRate": 0.1,
		"CritImpactDistanceX": 0,
		"CritImpactDistanceY": 0,
		"CritImpactDistanceZ": 0,
		"CritImpactDecayRate": 0.1,
		"BlockImpactDistanceX": 0,
		"BlockImpactDistanceY": 0,
		"BlockImpactDistanceZ": 0,
		"BlockImpactDecayRate": 0.1,
		"AddDmg": 0,
		"StaggerDmgModifier": 1,
		"StaggerResistModifier": 1,
		"CameraShakeID": "Small",
		"ImpactRating": 1,
		"BlockStaminaDmgMod": 1,
		"BlockAbsorptionModifier": 1,
		"LOSCheckVerticalAngleOffset": 0,
		"HitRuneCharge": 0.1625,
		"HitBlockedRuneCharge": 0.325
	},
	{
		"DamageID": "Fall",
		"WeaponCategory": "Fall",
		"IgnoreInvulnerable": 1,
		"NoReaction": 1,
		"SurfaceImpactEffect": "Bullet",
		"DamageType": "Falling",
		"CanCrit": false,
		"DmgCoef": 1,
		"DmgCoefHead": 1,
		"DmgCoefCrit": 1,
		"PowerLevel": 2,
		"CritPowerLevel": 2,
		"BlockPowerLevel": 2,
		"HitStun": 0,
		"CritHitStun": 0,
		"BlockHitStun": 0,
		"ImpactDistanceX": 0,
		"ImpactDistanceY": 0,
		"ImpactDistanceZ": 0,
		"ImpactDecayRate": 0,
		"CritImpactDistanceX": 0,
		"CritImpactDistanceY": 0,
		"CritImpactDistanceZ": 0,
		"CritImpactDecayRate": 0,
		"BlockImpactDistanceX": 0,
		"BlockImpactDistanceY": 0,
		"BlockImpactDistanceZ": 0,
		"BlockImpactDecayRate": 0,
		"AddDmg": 0,
		"StaggerDmgModifier": 0,
		"StaggerResistModifier": 0,
		"ImpactRating": 0,
		"BlockStaminaDmgMod": 0,
		"BlockAbsorptionModifier": 1,
		"LOSCheckVerticalAngleOffset": 0,
		"HitRuneCharge": 0,
		"HitBlockedRuneCharge": 0
	}
]