[
	{
		"Name": "Warhammer_Heavy",
		"Filter": "ImpactSurfaceAlignmentCast",
		"VerticalCastDist": 5,
		"MaxRotAngle": 45,
		"TiltToSurface": true,
		"SnapToPos": true,
		"AlignToDamageableTargets": false
	},
	{
		"Name": "Warhammer_Special",
		"Filter": "ImpactSurfaceAlignmentCast",
		"VerticalCastDist": 5,
		"MaxRotAngle": 45,
		"TiltToSurface": true,
		"SnapToPos": true,
		"AlignToDamageableTargets": true
	},
	{
		"Name": "Warhammer_Mightygavel",
		"Filter": "ImpactSurfaceAlignmentCast",
		"VerticalCastDist": 5,
		"MaxRotAngle": 45,
		"TiltToSurface": true,
		"SnapToPos": true,
		"AlignToDamageableTargets": true
	},
	{
		"Name": "Warhammer_POD",
		"Filter": "ImpactSurfaceAlignmentCast",
		"VerticalCastDist": 5,
		"MaxRotAngle": 45,
		"TiltToSurface": true,
		"SnapToPos": true,
		"AlignToDamageableTargets": true
	},
	{
		"Name": "Warhammer_Shockwave",
		"Filter": "ImpactSurfaceAlignmentCast",
		"VerticalCastDist": 5,
		"MaxRotAngle": 45,
		"TiltToSurface": true,
		"SnapToPos": true,
		"AlignToDamageableTargets": true
	},
	{
		"Name": "Spear_Throw",
		"Filter": "ImpactSurfaceAlignmentCast",
		"VerticalCastDist": 0.5,
		"MaxRotAngle": 45,
		"TiltToSurface": true,
		"SnapToPos": true,
		"AlignToDamageableTargets": true
	},
	{
		"Name": "Greatsword_Heavy",
		"Filter": "ImpactSurfaceAlignmentCast",
		"VerticalCastDist": 5,
		"MaxRotAngle": 45,
		"TiltToSurface": true,
		"SnapToPos": true,
		"AlignToDamageableTargets": false
	}
]