[
	{
		"Name": "PlaybackFunction",
		"mat_default": "PlayImpactSoundFromPosition"
	},
	{
		"Name": "Default",
		"mat_default": "Play_Imp_PunchUnarmed_Dirt",
		"mat_bark": "Play_Imp_SpearWood_Wood",
		"mat_dirt": "Play_Imp_SwordWood_Dirt",
		"mat_fabric": "Play_Imp_SwordWood_Cloth",
		"mat_glass": "Play_Imp_SpearMetal_Stone",
		"mat_grass": "Play_Imp_PunchUnarmed_Dirt",
		"mat_metal": "Play_Imp_SwordMetal_Metal",
		"mat_mud": "Play_Imp_PunchUnarmed_Dirt",
		"mat_rock": "Play_Imp_SpearMetal_Stone",
		"mat_rock_wet": "Play_Imp_SpearMetal_Stone",
		"mat_sand": "Play_Imp_PunchUnarmed_Dirt",
		"mat_sand_wet": "Play_Imp_PunchUnarmed_Dirt",
		"mat_thatch": "Play_Imp_PunchUnarmed_Dirt",
		"mat_water": "Play_Imp_GreatAxe_Water",
		"mat_water_deep": "Play_Imp_GreatAxe_Water",
		"mat_water_shallow": "Play_Imp_GreatAxe_Water",
		"mat_wood": "Play_Imp_SpearWood_Wood",
		"mat_corruption_core": "Play_Imp_Corruption_Core",
		"mat_corruption": "Play_Imp_Corruption_Core",
		"mat_holy_shield": "Play_Imp_Proj_HolyShield",
		"mat_Ice_Entomb": "Play_Imp_IceEntomb",
		"mat_flesh": "Play_Imp_PunchUnarmed_Flesh",
		"mat_ice": "Play_Imp_PunchUnarmed_IceWall"
	},
	{
		"Name": "Default+Crit",
		"mat_default": "Play_Imp_PunchUnarmed_Dirt",
		"mat_bark": "Play_Imp_SpearWood_Wood",
		"mat_dirt": "Play_Imp_SwordWood_Dirt",
		"mat_fabric": "Play_Imp_SwordWood_Cloth",
		"mat_glass": "Play_Imp_SpearMetal_Stone",
		"mat_grass": "Play_Imp_PunchUnarmed_Dirt",
		"mat_metal": "Play_Imp_SwordMetal_Metal",
		"mat_mud": "Play_Imp_PunchUnarmed_Dirt",
		"mat_rock": "Play_Imp_SpearMetal_Stone",
		"mat_rock_wet": "Play_Imp_SpearMetal_Stone",
		"mat_sand": "Play_Imp_PunchUnarmed_Dirt",
		"mat_sand_wet": "Play_Imp_PunchUnarmed_Dirt",
		"mat_thatch": "Play_Imp_PunchUnarmed_Dirt",
		"mat_water": "Play_Imp_GreatAxe_Water",
		"mat_water_deep": "Play_Imp_GreatAxe_Water",
		"mat_water_shallow": "Play_Imp_GreatAxe_Water",
		"mat_wood": "Play_Imp_SpearWood_Wood",
		"mat_corruption_core": "Play_Imp_Corruption_Core",
		"mat_corruption": "Play_Imp_Corruption_Core",
		"mat_holy_shield": "Play_Imp_Proj_HolyShield",
		"mat_Ice_Entomb": "Play_Imp_IceEntomb",
		"mat_flesh": "Play_Imp_PunchUnarmed_Flesh",
		"mat_ice": "Play_Imp_PunchUnarmed_IceWall"
	},
	{
		"Name": "Sword",
		"mat_default": "Play_Imp_SwordMetal_Dirt",
		"mat_bark": "Play_Imp_SwordMetal_Wood",
		"mat_dirt": "Play_Imp_SwordMetal_Dirt",
		"mat_fabric": "Play_Imp_SwordMetal_Cloth",
		"mat_glass": "Play_Imp_SwordMetal_Stone",
		"mat_grass": "Play_Imp_SwordMetal_Grass",
		"mat_metal": "Play_Imp_SwordMetal_Metal",
		"mat_mud": "Play_Imp_SwordMetal_Dirt",
		"mat_rock": "Play_Imp_SwordMetal_Stone",
		"mat_rock_wet": "Play_Imp_SwordMetal_Stone",
		"mat_sand": "Play_Imp_SwordMetal_Sand",
		"mat_sand_wet": "Play_Imp_SwordMetal_Sand",
		"mat_thatch": "Play_Imp_SwordMetal_Dirt",
		"mat_water": "Play_Imp_SwordWood_Water",
		"mat_water_deep": "Play_Imp_SwordWood_Water",
		"mat_water_shallow": "Play_Imp_SwordWood_Water",
		"mat_wood": "Play_Imp_SwordMetal_Wood",
		"mat_corruption_core": "Play_Imp_Corruption_Core",
		"mat_corruption": "Play_Imp_Corruption_Core",
		"mat_holy_shield": "Play_Imp_Proj_HolyShield",
		"mat_Ice_Entomb": "Play_Imp_IceEntomb",
		"mat_flesh": "Play_Imp_SwordMetal_Flesh",
		"mat_ice": "Play_Imp_SwordMetal_IceWall"
	},
	{
		"Name": "Sword_Fleche",
		"mat_default": "NoEnvironment",
		"mat_bark": "NoEnvironment",
		"mat_dirt": "NoEnvironment",
		"mat_fabric": "NoEnvironment",
		"mat_glass": "NoEnvironment",
		"mat_grass": "NoEnvironment",
		"mat_metal": "NoEnvironment",
		"mat_mud": "NoEnvironment",
		"mat_rock": "NoEnvironment",
		"mat_rock_wet": "NoEnvironment",
		"mat_sand": "NoEnvironment",
		"mat_sand_wet": "NoEnvironment",
		"mat_thatch": "NoEnvironment",
		"mat_water": "NoEnvironment",
		"mat_water_deep": "NoEnvironment",
		"mat_water_shallow": "NoEnvironment",
		"mat_wood": "NoEnvironment",
		"mat_corruption_core": "NoEnvironment",
		"mat_corruption": "NoEnvironment",
		"mat_holy_shield": "NoEnvironment",
		"mat_Ice_Entomb": "NoEnvironment",
		"mat_flesh": "NoEnvironment",
		"mat_ice": "NoEnvironment"
	},
	{
		"Name": "Sword+Crit",
		"mat_default": "Play_Imp_PunchUnarmed_Dirt",
		"mat_bark": "Play_Imp_SwordMetal_Wood",
		"mat_dirt": "Play_Imp_SwordMetal_Dirt",
		"mat_fabric": "Play_Imp_SwordMetal_Cloth",
		"mat_glass": "Play_Imp_SwordMetal_Stone",
		"mat_grass": "Play_Imp_SwordMetal_Grass",
		"mat_metal": "Play_Imp_SwordMetal_Metal",
		"mat_mud": "Play_Imp_SwordMetal_Dirt",
		"mat_rock": "Play_Imp_SwordMetal_Stone",
		"mat_rock_wet": "Play_Imp_SwordMetal_Stone",
		"mat_sand": "Play_Imp_SwordMetal_Sand",
		"mat_sand_wet": "Play_Imp_SwordMetal_Sand",
		"mat_thatch": "Play_Imp_SwordMetal_Dirt",
		"mat_water": "Play_Imp_SwordWood_Water",
		"mat_water_deep": "Play_Imp_SwordWood_Water",
		"mat_water_shallow": "Play_Imp_SwordWood_Water",
		"mat_wood": "Play_Imp_SwordMetal_Wood",
		"mat_corruption_core": "Play_Imp_Corruption_Core",
		"mat_corruption": "Play_Imp_Corruption_Core",
		"mat_holy_shield": "Play_Imp_Proj_HolyShield",
		"mat_Ice_Entomb": "Play_Imp_IceEntomb",
		"mat_flesh": "Play_Imp_SwordMetal_Flesh",
		"mat_ice": "Play_Imp_SwordMetal_IceWall"
	},
	{
		"Name": "Club",
		"mat_default": "Play_Imp_ClubMetal_Dirt",
		"mat_bark": "Play_Imp_ClubMetal_Wood",
		"mat_dirt": "Play_Imp_ClubMetal_Dirt",
		"mat_fabric": "Play_Imp_PunchUnarmed_Grass",
		"mat_glass": "Play_Imp_ClubMetal_Stone",
		"mat_grass": "Play_Imp_ClubMetal_Grass",
		"mat_metal": "Play_Imp_ClubMetal_Metal",
		"mat_mud": "Play_Imp_ClubMetal_Dirt",
		"mat_rock": "Play_Imp_ClubMetal_Stone",
		"mat_rock_wet": "Play_Imp_ClubMetal_Stone",
		"mat_sand": "Play_Imp_ClubMetal_Sand",
		"mat_sand_wet": "Play_Imp_ClubMetal_Sand",
		"mat_thatch": "Play_Imp_ClubMetal_Dirt",
		"mat_water": "Play_Imp_GreatAxe_Water",
		"mat_water_deep": "Play_Imp_GreatAxe_Water",
		"mat_water_shallow": "Play_Imp_GreatAxe_Water",
		"mat_wood": "Play_Imp_ClubMetal_Wood",
		"mat_corruption_core": "Play_Imp_Corruption_Core",
		"mat_corruption": "Play_Imp_Corruption_Core",
		"mat_holy_shield": "Play_Imp_Proj_HolyShield",
		"mat_Ice_Entomb": "Play_Imp_IceEntomb",
		"mat_flesh": "Play_Imp_ClubMetal_Flesh",
		"mat_ice": "Play_Imp_ClubMetal_IceWall"
	},
	{
		"Name": "ClubSpriggan",
		"mat_default": "Play_Imp_ClubWoodSpriggan_Ground",
		"mat_bark": "Play_Imp_ClubWoodSpriggan_Ground",
		"mat_dirt": "Play_Imp_ClubWoodSpriggan_Ground",
		"mat_fabric": "Play_Imp_ClubWoodSpriggan_Ground",
		"mat_glass": "Play_Imp_ClubWoodSpriggan_Ground",
		"mat_grass": "Play_Imp_ClubWoodSpriggan_Ground",
		"mat_metal": "Play_Imp_ClubWoodSpriggan_Ground",
		"mat_mud": "Play_Imp_ClubWoodSpriggan_Ground",
		"mat_rock": "Play_Imp_ClubWoodSpriggan_Ground",
		"mat_rock_wet": "Play_Imp_ClubWoodSpriggan_Ground",
		"mat_sand": "Play_Imp_ClubWoodSpriggan_Ground",
		"mat_sand_wet": "Play_Imp_ClubWoodSpriggan_Ground",
		"mat_thatch": "Play_Imp_ClubWoodSpriggan_Ground",
		"mat_water": "Play_Imp_GreatAxe_Water",
		"mat_water_deep": "Play_Imp_GreatAxe_Water",
		"mat_water_shallow": "Play_Imp_GreatAxe_Water",
		"mat_wood": "Play_Imp_ClubWoodSpriggan_Ground",
		"mat_corruption_core": "Play_Imp_ClubWoodSpriggan_Ground",
		"mat_corruption": "Play_Imp_ClubWoodSpriggan_Ground",
		"mat_holy_shield": "Play_Imp_Proj_HolyShield",
		"mat_Ice_Entomb": "Play_Imp_IceEntomb",
		"mat_flesh": "Play_Imp_ClubMetal_Flesh",
		"mat_ice": "Play_Imp_ClubMetal_IceWall"
	},
	{
		"Name": "Axe",
		"mat_default": "Play_Imp_SpearMetal_Dirt",
		"mat_bark": "Play_2HAxe_Gather",
		"mat_dirt": "Play_Imp_SpearMetal_Dirt",
		"mat_fabric": "Play_Imp_SwordWood_Cloth",
		"mat_glass": "Play_2HPickaxe_Gather",
		"mat_grass": "Play_Imp_SpearMetal_Dirt",
		"mat_metal": "Play_Imp_GreatAxe_Metal",
		"mat_mud": "Play_Imp_SpearMetal_Dirt",
		"mat_rock": "Play_2HPickaxe_Gather",
		"mat_rock_wet": "Play_2HPickaxe_Gather",
		"mat_sand": "Play_Imp_SpearMetal_Dirt",
		"mat_sand_wet": "Play_Imp_SpearMetal_Dirt",
		"mat_thatch": "Play_Imp_SpearMetal_Dirt",
		"mat_water": "Play_Imp_GreatAxe_Water",
		"mat_water_deep": "Play_Imp_GreatAxe_Water",
		"mat_water_shallow": "Play_Imp_GreatAxe_Water",
		"mat_wood": "Play_2HAxe_Gather",
		"mat_corruption_core": "Play_Imp_Corruption_Core",
		"mat_corruption": "Play_Imp_Corruption_Core",
		"mat_holy_shield": "Play_Imp_Proj_HolyShield",
		"mat_Ice_Entomb": "Play_Imp_IceEntomb",
		"mat_flesh": "Play_Imp_Axe_Flesh",
		"mat_ice": "Play_Imp_Axe_IceWall"
	},
	{
		"Name": "Axe+Crit",
		"mat_default": "Play_Imp_PunchUnarmed_Dirt",
		"mat_bark": "Play_2HAxe_Gather",
		"mat_dirt": "Play_Imp_SpearMetal_Dirt",
		"mat_fabric": "Play_Imp_SwordWood_Cloth",
		"mat_glass": "Play_2HPickaxe_Gather",
		"mat_grass": "Play_Imp_SpearMetal_Dirt",
		"mat_metal": "Play_Imp_GreatAxe_Metal",
		"mat_mud": "Play_Imp_SpearMetal_Dirt",
		"mat_rock": "Play_2HPickaxe_Gather",
		"mat_rock_wet": "Play_2HPickaxe_Gather",
		"mat_sand": "Play_Imp_SpearMetal_Dirt",
		"mat_sand_wet": "Play_Imp_SpearMetal_Dirt",
		"mat_thatch": "Play_Imp_SpearMetal_Dirt",
		"mat_water": "Play_Imp_GreatAxe_Water",
		"mat_water_deep": "Play_Imp_GreatAxe_Water",
		"mat_water_shallow": "Play_Imp_GreatAxe_Water",
		"mat_wood": "Play_2HAxe_Gather",
		"mat_corruption_core": "Play_Imp_Corruption_Core",
		"mat_corruption": "Play_Imp_Corruption_Core",
		"mat_holy_shield": "Play_Imp_Proj_HolyShield",
		"mat_Ice_Entomb": "Play_Imp_IceEntomb",
		"mat_flesh": "Play_Imp_Axe_Flesh",
		"mat_ice": "Play_Imp_Axe_IceWall"
	},
	{
		"Name": "Axe_Throw",
		"mat_default": "Play_Imp_SpearMetal_Dirt",
		"mat_bark": "Play_2HAxe_Gather",
		"mat_dirt": "Play_Imp_SpearMetal_Dirt",
		"mat_fabric": "Play_Imp_SwordWood_Cloth",
		"mat_glass": "Play_2HPickaxe_Gather",
		"mat_grass": "Play_Imp_SpearMetal_Dirt",
		"mat_metal": "Play_Imp_GreatAxe_Metal",
		"mat_mud": "Play_Imp_SpearMetal_Dirt",
		"mat_rock": "Play_2HPickaxe_Gather",
		"mat_rock_wet": "Play_2HPickaxe_Gather",
		"mat_sand": "Play_Imp_SpearMetal_Dirt",
		"mat_sand_wet": "Play_Imp_SpearMetal_Dirt",
		"mat_thatch": "Play_Imp_SpearMetal_Dirt",
		"mat_water": "Play_Imp_GreatAxe_Water",
		"mat_water_deep": "Play_Imp_GreatAxe_Water",
		"mat_water_shallow": "Play_Imp_GreatAxe_Water",
		"mat_wood": "Play_2HAxe_Gather",
		"mat_corruption_core": "Play_Imp_Corruption_Core",
		"mat_corruption": "Play_Imp_Corruption_Core",
		"mat_holy_shield": "Play_Imp_Proj_HolyShield",
		"mat_Ice_Entomb": "Play_Imp_IceEntomb",
		"mat_flesh": "Play_Imp_Axe_Flesh",
		"mat_ice": "Play_Imp_Axe_IceWall"
	},
	{
		"Name": "Axe_Throw+Crit",
		"mat_default": "Play_Imp_SpearMetal_Dirt",
		"mat_bark": "Play_2HAxe_Gather",
		"mat_dirt": "Play_Imp_SpearMetal_Dirt",
		"mat_fabric": "Play_Imp_SwordWood_Cloth",
		"mat_glass": "Play_2HPickaxe_Gather",
		"mat_grass": "Play_Imp_SpearMetal_Dirt",
		"mat_metal": "Play_Imp_GreatAxe_Metal",
		"mat_mud": "Play_Imp_SpearMetal_Dirt",
		"mat_rock": "Play_2HPickaxe_Gather",
		"mat_rock_wet": "Play_2HPickaxe_Gather",
		"mat_sand": "Play_Imp_SpearMetal_Dirt",
		"mat_sand_wet": "Play_Imp_SpearMetal_Dirt",
		"mat_thatch": "Play_Imp_SpearMetal_Dirt",
		"mat_water": "Play_Imp_GreatAxe_Water",
		"mat_water_deep": "Play_Imp_GreatAxe_Water",
		"mat_water_shallow": "Play_Imp_GreatAxe_Water",
		"mat_wood": "Play_2HAxe_Gather",
		"mat_corruption_core": "Play_Imp_Corruption_Core",
		"mat_corruption": "Play_Imp_Corruption_Core",
		"mat_holy_shield": "Play_Imp_Proj_HolyShield",
		"mat_Ice_Entomb": "Play_Imp_IceEntomb",
		"mat_flesh": "Play_Imp_Axe_Flesh",
		"mat_ice": "Play_Imp_Axe_IceWall"
	},
	{
		"Name": "GreatAxe",
		"mat_default": "Play_Imp_PunchUnarmed_Dirt",
		"mat_bark": "Play_Imp_GreatAxe_Wood",
		"mat_dirt": "Play_Imp_GreatAxe_Dirt",
		"mat_fabric": "Play_Imp_SwordWood_Cloth",
		"mat_glass": "Play_Imp_GreatAxe_Stone",
		"mat_grass": "Play_Imp_GreatAxe_Dirt",
		"mat_metal": "Play_Imp_GreatAxe_Metal",
		"mat_mud": "Play_Imp_GreatAxe_Dirt",
		"mat_rock": "Play_Imp_GreatAxe_Stone",
		"mat_rock_wet": "Play_Imp_GreatAxe_Stone",
		"mat_sand": "Play_Imp_GreatAxe_Dirt",
		"mat_sand_wet": "Play_Imp_GreatAxe_Dirt",
		"mat_thatch": "Play_Imp_GreatAxe_Wood",
		"mat_water": "Play_Imp_GreatAxe_Water",
		"mat_water_deep": "Play_Imp_GreatAxe_Water",
		"mat_water_shallow": "Play_Imp_GreatAxe_Water",
		"mat_wood": "Play_Imp_GreatAxe_Wood",
		"mat_corruption_core": "Play_Imp_Corruption_Core",
		"mat_corruption": "Play_Imp_Corruption_Core",
		"mat_holy_shield": "Play_Imp_Proj_HolyShield",
		"mat_Ice_Entomb": "Play_Imp_IceEntomb",
		"mat_flesh": "Play_Imp_GreatAxe_Flesh",
		"mat_ice": "Play_Imp_GreatAxe_IceWall"
	},
	{
		"Name": "GreatAxe+Crit",
		"mat_default": "Play_Imp_PunchUnarmed_Dirt",
		"mat_bark": "Play_Imp_GreatAxe_Wood",
		"mat_dirt": "Play_Imp_GreatAxe_Dirt",
		"mat_fabric": "Play_Imp_SwordWood_Cloth",
		"mat_glass": "Play_Imp_GreatAxe_Stone",
		"mat_grass": "Play_Imp_GreatAxe_Dirt",
		"mat_metal": "Play_Imp_GreatAxe_Metal",
		"mat_mud": "Play_Imp_GreatAxe_Dirt",
		"mat_rock": "Play_Imp_GreatAxe_Stone",
		"mat_rock_wet": "Play_Imp_GreatAxe_Stone",
		"mat_sand": "Play_Imp_GreatAxe_Dirt",
		"mat_sand_wet": "Play_Imp_GreatAxe_Dirt",
		"mat_thatch": "Play_Imp_GreatAxe_Wood",
		"mat_water": "Play_Imp_GreatAxe_Water",
		"mat_water_deep": "Play_Imp_GreatAxe_Water",
		"mat_water_shallow": "Play_Imp_GreatAxe_Water",
		"mat_wood": "Play_Imp_GreatAxe_Wood",
		"mat_corruption_core": "Play_Imp_Corruption_Core",
		"mat_corruption": "Play_Imp_Corruption_Core",
		"mat_holy_shield": "Play_Imp_Proj_HolyShield",
		"mat_Ice_Entomb": "Play_Imp_IceEntomb",
		"mat_flesh": "Play_Imp_GreatAxe_Flesh",
		"mat_ice": "Play_Imp_GreatAxe_IceWall"
	},
	{
		"Name": "Unarmed",
		"mat_default": "Play_Imp_PunchUnarmed_Dirt",
		"mat_bark": "Play_Imp_PunchUnarmed_Wood",
		"mat_dirt": "Play_Imp_PunchUnarmed_Dirt",
		"mat_fabric": "Play_Imp_PunchUnarmed_Grass",
		"mat_glass": "Play_Imp_PunchUnarmed_Stone",
		"mat_grass": "Play_Imp_PunchUnarmed_Grass",
		"mat_metal": "Play_Imp_PunchUnarmed_Metal",
		"mat_mud": "Play_Imp_PunchUnarmed_Dirt",
		"mat_rock": "Play_Imp_PunchUnarmed_Stone",
		"mat_rock_wet": "Play_Imp_PunchUnarmed_Stone",
		"mat_sand": "Play_Imp_PunchUnarmed_Dirt",
		"mat_sand_wet": "Play_Imp_PunchUnarmed_Dirt",
		"mat_thatch": "Play_Imp_PunchUnarmed_Dirt",
		"mat_water": "Play_Imp_GreatAxe_Water",
		"mat_water_deep": "Play_Imp_GreatAxe_Water",
		"mat_water_shallow": "Play_Imp_GreatAxe_Water",
		"mat_wood": "Play_Imp_PunchUnarmed_Wood",
		"mat_corruption_core": "Play_Imp_Corruption_Core",
		"mat_corruption": "Play_Imp_Corruption_Core",
		"mat_holy_shield": "Play_Imp_Proj_HolyShield",
		"mat_Ice_Entomb": "Play_Imp_IceEntomb",
		"mat_flesh": "Play_Imp_PunchUnarmed_Flesh",
		"mat_ice": "Play_Imp_PunchUnarmed_IceWall"
	},
	{
		"Name": "Musket",
		"mat_default": "Play_Imp_Bullet_Dirt",
		"mat_bark": "Play_Imp_Bullet_Wood",
		"mat_dirt": "Play_Imp_Bullet_Dirt",
		"mat_fabric": "Play_Imp_Bullet_Cloth",
		"mat_glass": "Play_Imp_Bullet_Stone",
		"mat_grass": "Play_Imp_Bullet_Grass",
		"mat_metal": "Play_Imp_Bullet_Metal",
		"mat_mud": "Play_Imp_Bullet_Dirt",
		"mat_rock": "Play_Imp_Bullet_Stone",
		"mat_rock_wet": "Play_Imp_Bullet_Stone",
		"mat_sand": "Play_Imp_Bullet_Sand",
		"mat_sand_wet": "Play_Imp_Bullet_Sand",
		"mat_thatch": "Play_Imp_Bullet_Dirt",
		"mat_water": "Play_Imp_GreatAxe_Water",
		"mat_water_deep": "Play_Imp_GreatAxe_Water",
		"mat_water_shallow": "Play_Imp_GreatAxe_Water",
		"mat_wood": "Play_Imp_Bullet_Wood",
		"mat_corruption_core": "Play_Imp_Corruption_Core",
		"mat_corruption": "Play_Imp_Corruption_Core",
		"mat_holy_shield": "Play_Imp_Proj_HolyShield",
		"mat_Ice_Entomb": "Play_Imp_IceEntomb",
		"mat_flesh": "Play_Imp_Bullet_Flesh",
		"mat_ice": "Play_Imp_Bullet_IceWall"
	},
	{
		"Name": "Musket_Heavy",
		"mat_default": "Play_Imp_PunchUnarmed_Dirt",
		"mat_bark": "Play_Imp_GreatAxe_Wood",
		"mat_dirt": "Play_Imp_GreatAxe_Dirt",
		"mat_fabric": "Play_Imp_SwordWood_Cloth",
		"mat_glass": "Play_Imp_GreatAxe_Stone",
		"mat_grass": "Play_Imp_GreatAxe_Dirt",
		"mat_metal": "Play_Imp_GreatAxe_Metal",
		"mat_mud": "Play_Imp_GreatAxe_Dirt",
		"mat_rock": "Play_Imp_GreatAxe_Stone",
		"mat_rock_wet": "Play_Imp_GreatAxe_Stone",
		"mat_sand": "Play_Imp_GreatAxe_Dirt",
		"mat_sand_wet": "Play_Imp_GreatAxe_Dirt",
		"mat_thatch": "Play_Imp_GreatAxe_Wood",
		"mat_water": "Play_Imp_GreatAxe_Water",
		"mat_water_deep": "Play_Imp_GreatAxe_Water",
		"mat_water_shallow": "Play_Imp_GreatAxe_Water",
		"mat_wood": "Play_Imp_GreatAxe_Wood",
		"mat_corruption_core": "Play_Imp_Corruption_Core",
		"mat_corruption": "Play_Imp_Corruption_Core",
		"mat_holy_shield": "Play_Imp_Proj_HolyShield",
		"mat_Ice_Entomb": "Play_Imp_IceEntomb",
		"mat_flesh": "Play_Imp_Bullet_Flesh",
		"mat_ice": "Play_Imp_Bullet_IceWall"
	},
	{
		"Name": "StickyBomb",
		"mat_default": "Play_Imp_PunchUnarmed_Dirt",
		"mat_bark": "Play_Imp_ClubMetal_Wood",
		"mat_dirt": "Play_Imp_ClubMetal_Dirt",
		"mat_fabric": "Play_Imp_PunchUnarmed_Grass",
		"mat_glass": "Play_Imp_ClubMetal_Stone",
		"mat_grass": "Play_Imp_ClubMetal_Grass",
		"mat_metal": "Play_Imp_ClubMetal_Metal",
		"mat_mud": "Play_Imp_ClubMetal_Dirt",
		"mat_rock": "Play_Imp_ClubMetal_Stone",
		"mat_rock_wet": "Play_Imp_ClubMetal_Stone",
		"mat_sand": "Play_Imp_ClubMetal_Sand",
		"mat_sand_wet": "Play_Imp_ClubMetal_Sand",
		"mat_thatch": "Play_Imp_ClubMetal_Dirt",
		"mat_water": "Play_Imp_GreatAxe_Water",
		"mat_water_deep": "Play_Imp_GreatAxe_Water",
		"mat_water_shallow": "Play_Imp_GreatAxe_Water",
		"mat_wood": "Play_Imp_ClubMetal_Wood",
		"mat_corruption_core": "Play_Imp_Corruption_Core",
		"mat_corruption": "Play_Imp_Corruption_Core",
		"mat_holy_shield": "Play_Imp_Proj_HolyShield",
		"mat_Ice_Entomb": "Play_Imp_IceEntomb",
		"mat_flesh": "Play_Ability_StickyBomb_Stuck",
		"mat_ice": "Play_Imp_Bullet_IceWall"
	},
	{
		"Name": "Musket+Crit",
		"mat_default": "Play_Imp_Bullet_Dirt",
		"mat_bark": "Play_Imp_Bullet_Wood",
		"mat_dirt": "Play_Imp_Bullet_Dirt",
		"mat_fabric": "Play_Imp_Bullet_Cloth",
		"mat_glass": "Play_Imp_Bullet_Stone",
		"mat_grass": "Play_Imp_Bullet_Grass",
		"mat_metal": "Play_Imp_Bullet_Metal",
		"mat_mud": "Play_Imp_Bullet_Dirt",
		"mat_rock": "Play_Imp_Bullet_Stone",
		"mat_rock_wet": "Play_Imp_Bullet_Stone",
		"mat_sand": "Play_Imp_Bullet_Sand",
		"mat_sand_wet": "Play_Imp_Bullet_Sand",
		"mat_thatch": "Play_Imp_Bullet_Dirt",
		"mat_water": "Play_Imp_GreatAxe_Water",
		"mat_water_deep": "Play_Imp_GreatAxe_Water",
		"mat_water_shallow": "Play_Imp_GreatAxe_Water",
		"mat_wood": "Play_Imp_Bullet_Wood",
		"mat_corruption_core": "Play_Imp_Corruption_Core",
		"mat_corruption": "Play_Imp_Corruption_Core",
		"mat_holy_shield": "Play_Imp_Proj_HolyShield",
		"mat_Ice_Entomb": "Play_Imp_IceEntomb",
		"mat_flesh": "Play_Imp_Bullet_Flesh",
		"mat_ice": "Play_Imp_Bullet_IceWall"
	},
	{
		"Name": "Bow",
		"mat_default": "Play_Imp_Arrow_Dirt",
		"mat_bark": "Play_Imp_Arrow_Wood",
		"mat_dirt": "Play_Imp_Arrow_Dirt",
		"mat_fabric": "Play_Imp_Arrow_Cloth",
		"mat_glass": "Play_Imp_Arrow_Stone",
		"mat_grass": "Play_Imp_Arrow_Grass",
		"mat_metal": "Play_Imp_Arrow_Metal",
		"mat_mud": "Play_Imp_Arrow_Dirt",
		"mat_rock": "Play_Imp_Arrow_Stone",
		"mat_rock_wet": "Play_Imp_Arrow_Stone",
		"mat_sand": "Play_Imp_Arrow_Sand",
		"mat_sand_wet": "Play_Imp_Arrow_Sand",
		"mat_thatch": "Play_Imp_Arrow_Dirt",
		"mat_water": "Play_Imp_GreatAxe_Water",
		"mat_water_deep": "Play_Imp_GreatAxe_Water",
		"mat_water_shallow": "Play_Imp_GreatAxe_Water",
		"mat_wood": "Play_Imp_Arrow_Wood",
		"mat_corruption_core": "Play_Imp_Corruption_Core",
		"mat_corruption": "Play_Imp_Corruption_Core",
		"mat_holy_shield": "Play_Imp_Proj_HolyShield",
		"mat_Ice_Entomb": "Play_Imp_IceEntomb",
		"mat_flesh": "Play_Imp_Arrow_Flesh",
		"mat_ice": "Play_Imp_Bullet_IceWall"
	},
	{
		"Name": "Bow_Heavy",
		"mat_default": "Play_Imp_PunchUnarmed_Dirt",
		"mat_bark": "Play_Imp_GreatAxe_Wood",
		"mat_dirt": "Play_Imp_GreatAxe_Dirt",
		"mat_fabric": "Play_Imp_SwordWood_Cloth",
		"mat_glass": "Play_Imp_GreatAxe_Stone",
		"mat_grass": "Play_Imp_GreatAxe_Dirt",
		"mat_metal": "Play_Imp_GreatAxe_Metal",
		"mat_mud": "Play_Imp_GreatAxe_Dirt",
		"mat_rock": "Play_Imp_GreatAxe_Stone",
		"mat_rock_wet": "Play_Imp_GreatAxe_Stone",
		"mat_sand": "Play_Imp_GreatAxe_Dirt",
		"mat_sand_wet": "Play_Imp_GreatAxe_Dirt",
		"mat_thatch": "Play_Imp_GreatAxe_Wood",
		"mat_water": "Play_Imp_GreatAxe_Water",
		"mat_water_deep": "Play_Imp_GreatAxe_Water",
		"mat_water_shallow": "Play_Imp_GreatAxe_Water",
		"mat_wood": "Play_Imp_GreatAxe_Wood",
		"mat_corruption_core": "Play_Imp_Corruption_Core",
		"mat_corruption": "Play_Imp_Corruption_Core",
		"mat_holy_shield": "Play_Imp_Proj_HolyShield",
		"mat_Ice_Entomb": "Play_Imp_IceEntomb",
		"mat_flesh": "Play_Imp_Arrow_Flesh",
		"mat_ice": "Play_Imp_Bullet_IceWall"
	},
	{
		"Name": "Bow+Crit",
		"mat_default": "Play_Imp_PunchUnarmed_Dirt",
		"mat_bark": "Play_Imp_Arrow_Wood",
		"mat_dirt": "Play_Imp_Arrow_Dirt",
		"mat_fabric": "Play_Imp_Arrow_Cloth",
		"mat_glass": "Play_Imp_Arrow_Stone",
		"mat_grass": "Play_Imp_Arrow_Grass",
		"mat_metal": "Play_Imp_Arrow_Metal",
		"mat_mud": "Play_Imp_Arrow_Dirt",
		"mat_rock": "Play_Imp_Arrow_Stone",
		"mat_rock_wet": "Play_Imp_Arrow_Stone",
		"mat_sand": "Play_Imp_Arrow_Sand",
		"mat_sand_wet": "Play_Imp_Arrow_Sand",
		"mat_thatch": "Play_Imp_Arrow_Dirt",
		"mat_water": "Play_Imp_GreatAxe_Water",
		"mat_water_deep": "Play_Imp_GreatAxe_Water",
		"mat_water_shallow": "Play_Imp_GreatAxe_Water",
		"mat_wood": "Play_Imp_Arrow_Wood",
		"mat_corruption_core": "Play_Imp_Corruption_Core",
		"mat_corruption": "Play_Imp_Corruption_Core",
		"mat_holy_shield": "Play_Imp_Proj_HolyShield",
		"mat_Ice_Entomb": "Play_Imp_IceEntomb",
		"mat_flesh": "Play_Imp_Arrow_Flesh",
		"mat_ice": "Play_Imp_Bullet_IceWall"
	},
	{
		"Name": "Shield",
		"mat_default": "Play_Imp_ShieldMetal_Dirt",
		"mat_bark": "Play_Imp_ShieldMetal_Wood",
		"mat_dirt": "Play_Imp_ShieldMetal_Dirt",
		"mat_fabric": "Play_Imp_ShieldMetal_Grass",
		"mat_glass": "Play_Imp_ShieldMetal_Stone",
		"mat_grass": "Play_Imp_ShieldMetal_Grass",
		"mat_metal": "Play_Imp_ShieldMetal_Stone",
		"mat_mud": "Play_Imp_ShieldMetal_Dirt",
		"mat_rock": "Play_Imp_ShieldMetal_Stone",
		"mat_rock_wet": "Play_Imp_ShieldMetal_Stone",
		"mat_sand": "Play_Imp_ShieldMetal_Dirt",
		"mat_sand_wet": "Play_Imp_ShieldMetal_Dirt",
		"mat_thatch": "Play_Imp_ShieldMetal_Dirt",
		"mat_water": "Play_Imp_GreatAxe_Water",
		"mat_water_deep": "Play_Imp_GreatAxe_Water",
		"mat_water_shallow": "Play_Imp_GreatAxe_Water",
		"mat_wood": "Play_Imp_ShieldMetal_Wood",
		"mat_corruption_core": "Play_Imp_Corruption_Core",
		"mat_corruption": "Play_Imp_Corruption_Core",
		"mat_holy_shield": "Play_Imp_Proj_HolyShield",
		"mat_Ice_Entomb": "Play_Imp_IceEntomb",
		"mat_flesh": "Play_Imp_ShieldMetal_Flesh",
		"mat_ice": "Play_Imp_ShieldMetal_Flesh"
	},
	{
		"Name": "Shield+Crit",
		"mat_default": "Play_Imp_PunchUnarmed_Dirt",
		"mat_bark": "Play_Imp_ShieldMetal_Wood",
		"mat_dirt": "Play_Imp_ShieldMetal_Dirt",
		"mat_fabric": "Play_Imp_ShieldMetal_Grass",
		"mat_glass": "Play_Imp_ShieldMetal_Stone",
		"mat_grass": "Play_Imp_ShieldMetal_Grass",
		"mat_metal": "Play_Imp_ShieldMetal_Stone",
		"mat_mud": "Play_Imp_ShieldMetal_Dirt",
		"mat_rock": "Play_Imp_ShieldMetal_Stone",
		"mat_rock_wet": "Play_Imp_ShieldMetal_Stone",
		"mat_sand": "Play_Imp_ShieldMetal_Dirt",
		"mat_sand_wet": "Play_Imp_ShieldMetal_Dirt",
		"mat_thatch": "Play_Imp_ShieldMetal_Dirt",
		"mat_water": "Play_Imp_GreatAxe_Water",
		"mat_water_deep": "Play_Imp_GreatAxe_Water",
		"mat_water_shallow": "Play_Imp_GreatAxe_Water",
		"mat_wood": "Play_Imp_ShieldMetal_Wood",
		"mat_corruption_core": "Play_Imp_Corruption_Core",
		"mat_corruption": "Play_Imp_Corruption_Core",
		"mat_holy_shield": "Play_Imp_Proj_HolyShield",
		"mat_Ice_Entomb": "Play_Imp_IceEntomb",
		"mat_flesh": "Play_Imp_ShieldMetal_Flesh",
		"mat_ice": "Play_Imp_ShieldMetal_Flesh"
	},
	{
		"Name": "DemoHammer",
		"mat_default": "Play_Imp_PunchUnarmed_Dirt",
		"mat_bark": "Play_Imp_GreatAxe_Wood",
		"mat_dirt": "Play_Imp_GreatAxe_Dirt",
		"mat_fabric": "Play_Imp_SwordWood_Cloth",
		"mat_glass": "Play_Imp_GreatAxe_Stone",
		"mat_grass": "Play_Imp_GreatAxe_Dirt",
		"mat_metal": "Play_Imp_GreatAxe_Metal",
		"mat_mud": "Play_Imp_GreatAxe_Dirt",
		"mat_rock": "Play_Imp_GreatAxe_Stone",
		"mat_rock_wet": "Play_Imp_GreatAxe_Stone",
		"mat_sand": "Play_Imp_GreatAxe_Dirt",
		"mat_sand_wet": "Play_Imp_GreatAxe_Dirt",
		"mat_thatch": "Play_Imp_GreatAxe_Wood",
		"mat_water": "Play_Imp_GreatAxe_Water",
		"mat_water_deep": "Play_Imp_GreatAxe_Water",
		"mat_water_shallow": "Play_Imp_GreatAxe_Water",
		"mat_wood": "Play_Imp_GreatAxe_Wood",
		"mat_corruption_core": "Play_Imp_Corruption_Core",
		"mat_corruption": "Play_Imp_Corruption_Core",
		"mat_holy_shield": "Play_Imp_Proj_HolyShield",
		"mat_Ice_Entomb": "Play_Imp_IceEntomb",
		"mat_flesh": "Play_Imp_Warhammer_Flesh",
		"mat_ice": "Play_Imp_Warhammer_Flesh"
	},
	{
		"Name": "Warhammer",
		"mat_default": "Play_Imp_GreatAxe_Dirt",
		"mat_bark": "Play_Imp_GreatAxe_Wood",
		"mat_dirt": "Play_Imp_GreatAxe_Dirt",
		"mat_fabric": "Play_Imp_SwordWood_Cloth",
		"mat_glass": "Play_Imp_GreatAxe_Stone",
		"mat_grass": "Play_Imp_GreatAxe_Dirt",
		"mat_metal": "Play_Imp_GreatAxe_Metal",
		"mat_mud": "Play_Imp_GreatAxe_Water",
		"mat_rock": "Play_Imp_GreatAxe_Stone",
		"mat_rock_wet": "Play_Imp_GreatAxe_Stone",
		"mat_sand": "Play_Imp_GreatAxe_Sand",
		"mat_sand_wet": "Play_Imp_GreatAxe_Sand",
		"mat_thatch": "Play_Imp_GreatAxe_Wood",
		"mat_water": "Play_Imp_GreatAxe_Sand",
		"mat_water_deep": "Play_Imp_GreatAxe_Sand",
		"mat_water_shallow": "Play_Imp_GreatAxe_Sand",
		"mat_wood": "Play_Imp_GreatAxe_Wood",
		"mat_corruption_core": "Play_Imp_Corruption_Core",
		"mat_corruption": "Play_Imp_Corruption_Core",
		"mat_holy_shield": "Play_Imp_Proj_HolyShield",
		"mat_Ice_Entomb": "Play_Imp_IceEntomb",
		"mat_flesh": "Play_Imp_Warhammer_Flesh",
		"mat_ice": "Play_Imp_Warhammer_IceWall"
	},
	{
		"Name": "Warhammer_Heavy",
		"mat_default": "Play_Imp_GreatAxe_Dirt",
		"mat_bark": "Play_Imp_GreatAxe_Wood",
		"mat_dirt": "Play_Imp_GreatAxe_Dirt",
		"mat_fabric": "Play_Imp_SwordWood_Cloth",
		"mat_glass": "Play_Imp_GreatAxe_Stone",
		"mat_grass": "Play_Imp_GreatAxe_Dirt",
		"mat_metal": "Play_Imp_GreatAxe_Metal",
		"mat_mud": "Play_Imp_GreatAxe_Water",
		"mat_rock": "Play_Imp_GreatAxe_Stone",
		"mat_rock_wet": "Play_Imp_GreatAxe_Stone",
		"mat_sand": "Play_Imp_GreatAxe_Sand",
		"mat_sand_wet": "Play_Imp_GreatAxe_Sand",
		"mat_thatch": "Play_Imp_GreatAxe_Wood",
		"mat_water": "Play_Imp_GreatAxe_Sand",
		"mat_water_deep": "Play_Imp_GreatAxe_Sand",
		"mat_water_shallow": "Play_Imp_GreatAxe_Sand",
		"mat_wood": "Play_Imp_GreatAxe_Wood",
		"mat_corruption_core": "Play_Imp_Corruption_Core",
		"mat_corruption": "Play_Imp_Corruption_Core",
		"mat_holy_shield": "Play_Imp_Proj_HolyShield",
		"mat_Ice_Entomb": "Play_Imp_IceEntomb",
		"mat_flesh": "Play_Imp_Warhammer_Flesh",
		"mat_ice": "Play_Imp_Warhammer_IceWall"
	},
	{
		"Name": "Warhammer+Crit",
		"mat_default": "Play_Imp_PunchUnarmed_Dirt",
		"mat_bark": "Play_Imp_GreatAxe_Wood",
		"mat_dirt": "Play_Imp_GreatAxe_Dirt",
		"mat_fabric": "Play_Imp_SwordWood_Cloth",
		"mat_glass": "Play_Imp_GreatAxe_Stone",
		"mat_grass": "Play_Imp_GreatAxe_Dirt",
		"mat_metal": "Play_Imp_GreatAxe_Metal",
		"mat_mud": "Play_Imp_GreatAxe_Water",
		"mat_rock": "Play_Imp_GreatAxe_Stone",
		"mat_rock_wet": "Play_Imp_GreatAxe_Stone",
		"mat_sand": "Play_Imp_GreatAxe_Sand",
		"mat_sand_wet": "Play_Imp_GreatAxe_Sand",
		"mat_thatch": "Play_Imp_GreatAxe_Wood",
		"mat_water": "Play_Imp_GreatAxe_Sand",
		"mat_water_deep": "Play_Imp_GreatAxe_Sand",
		"mat_water_shallow": "Play_Imp_GreatAxe_Sand",
		"mat_wood": "Play_Imp_GreatAxe_Wood",
		"mat_corruption_core": "Play_Imp_Corruption_Core",
		"mat_corruption": "Play_Imp_Corruption_Core",
		"mat_holy_shield": "Play_Imp_Proj_HolyShield",
		"mat_Ice_Entomb": "Play_Imp_IceEntomb",
		"mat_flesh": "Play_Imp_Warhammer_Flesh",
		"mat_ice": "Play_Imp_Warhammer_IceWall"
	},
	{
		"Name": "Spear",
		"mat_default": "Play_Imp_SpearMetal_Dirt",
		"mat_bark": "Play_Imp_SpearWood_Wood",
		"mat_dirt": "Play_Imp_SpearMetal_Dirt",
		"mat_fabric": "Play_Imp_SpearMetal_Cloth",
		"mat_glass": "Play_Imp_SpearMetal_Stone",
		"mat_grass": "Play_Imp_SpearMetal_Grass",
		"mat_metal": "Play_Imp_SpearMetal_Metal",
		"mat_mud": "Play_Imp_SpearMetal_Dirt",
		"mat_rock": "Play_Imp_SpearMetal_Stone",
		"mat_rock_wet": "Play_Imp_SpearMetal_Stone",
		"mat_sand": "Play_Imp_SpearMetal_Sand",
		"mat_sand_wet": "Play_Imp_SpearMetal_Dirt",
		"mat_thatch": "Play_Imp_SpearMetal_Dirt",
		"mat_water": "Play_Imp_GreatAxe_Water",
		"mat_water_deep": "Play_Imp_GreatAxe_Water",
		"mat_water_shallow": "Play_Imp_GreatAxe_Water",
		"mat_wood": "Play_Imp_SpearWood_Wood",
		"mat_corruption_core": "Play_Imp_Corruption_Core",
		"mat_corruption": "Play_Imp_Corruption_Core",
		"mat_holy_shield": "Play_Imp_Proj_HolyShield",
		"mat_Ice_Entomb": "Play_Imp_IceEntomb",
		"mat_flesh": "Play_Imp_SpearMetal_Flesh",
		"mat_ice": "Play_Imp_SpearMetal_IceWall"
	},
	{
		"Name": "Spear_Throw",
		"mat_default": "Play_Imp_SpearMetal_Dirt",
		"mat_bark": "Play_Imp_SpearWood_Wood",
		"mat_dirt": "Play_Imp_SpearMetal_Dirt",
		"mat_fabric": "Play_Imp_SpearMetal_Cloth",
		"mat_glass": "Play_Imp_SpearMetal_Stone",
		"mat_grass": "Play_Imp_SpearMetal_Grass",
		"mat_metal": "Play_Imp_SpearMetal_Metal",
		"mat_mud": "Play_Imp_SpearMetal_Dirt",
		"mat_rock": "Play_Imp_SpearMetal_Stone",
		"mat_rock_wet": "Play_Imp_SpearMetal_Stone",
		"mat_sand": "Play_Imp_SpearMetal_Sand",
		"mat_sand_wet": "Play_Imp_SpearMetal_Dirt",
		"mat_thatch": "Play_Imp_SpearMetal_Dirt",
		"mat_water": "Play_Imp_GreatAxe_Water",
		"mat_water_deep": "Play_Imp_GreatAxe_Water",
		"mat_water_shallow": "Play_Imp_GreatAxe_Water",
		"mat_wood": "Play_Imp_SpearWood_Wood",
		"mat_corruption_core": "Play_Imp_Corruption_Core",
		"mat_corruption": "Play_Imp_Corruption_Core",
		"mat_holy_shield": "Play_Imp_Proj_HolyShield",
		"mat_Ice_Entomb": "Play_Imp_IceEntomb",
		"mat_flesh": "Play_Imp_SpearMetal_Flesh",
		"mat_ice": "Play_Imp_SpearMetal_IceWall"
	},
	{
		"Name": "Spear_Kick",
		"mat_default": "Play_Imp_PunchUnarmed_Dirt",
		"mat_bark": "Play_Imp_PunchUnarmed_Wood",
		"mat_dirt": "Play_Imp_PunchUnarmed_Dirt",
		"mat_fabric": "Play_Imp_PunchUnarmed_Grass",
		"mat_glass": "Play_Imp_PunchUnarmed_Stone",
		"mat_grass": "Play_Imp_PunchUnarmed_Grass",
		"mat_metal": "Play_Imp_PunchUnarmed_Metal",
		"mat_mud": "Play_Imp_PunchUnarmed_Dirt",
		"mat_rock": "Play_Imp_PunchUnarmed_Stone",
		"mat_rock_wet": "Play_Imp_PunchUnarmed_Stone",
		"mat_sand": "Play_Imp_PunchUnarmed_Dirt",
		"mat_sand_wet": "Play_Imp_PunchUnarmed_Dirt",
		"mat_thatch": "Play_Imp_PunchUnarmed_Dirt",
		"mat_water": "Play_Imp_GreatAxe_Water",
		"mat_water_deep": "Play_Imp_GreatAxe_Water",
		"mat_water_shallow": "Play_Imp_GreatAxe_Water",
		"mat_wood": "Play_Imp_PunchUnarmed_Wood",
		"mat_corruption_core": "Play_Imp_Corruption_Core",
		"mat_corruption": "Play_Imp_Corruption_Core",
		"mat_holy_shield": "Play_Imp_Proj_HolyShield",
		"mat_Ice_Entomb": "Play_Imp_IceEntomb",
		"mat_flesh": "Play_Imp_SpearMetal_Flesh",
		"mat_ice": "Play_Imp_SpearMetal_IceWall"
	},
	{
		"Name": "Spear+Crit",
		"mat_default": "Play_Imp_PunchUnarmed_Dirt",
		"mat_bark": "Play_Imp_SpearWood_Wood",
		"mat_dirt": "Play_Imp_SpearMetal_Dirt",
		"mat_fabric": "Play_Imp_SpearMetal_Cloth",
		"mat_glass": "Play_Imp_SpearMetal_Stone",
		"mat_grass": "Play_Imp_SpearMetal_Grass",
		"mat_metal": "Play_Imp_SpearMetal_Metal",
		"mat_mud": "Play_Imp_SpearMetal_Dirt",
		"mat_rock": "Play_Imp_SpearMetal_Stone",
		"mat_rock_wet": "Play_Imp_SpearMetal_Stone",
		"mat_sand": "Play_Imp_SpearMetal_Sand",
		"mat_sand_wet": "Play_Imp_SpearMetal_Dirt",
		"mat_thatch": "Play_Imp_SpearMetal_Dirt",
		"mat_water": "Play_Imp_GreatAxe_Water",
		"mat_water_deep": "Play_Imp_GreatAxe_Water",
		"mat_water_shallow": "Play_Imp_GreatAxe_Water",
		"mat_wood": "Play_Imp_SpearWood_Wood",
		"mat_corruption_core": "Play_Imp_Corruption_Core",
		"mat_corruption": "Play_Imp_Corruption_Core",
		"mat_holy_shield": "Play_Imp_Proj_HolyShield",
		"mat_Ice_Entomb": "Play_Imp_IceEntomb",
		"mat_flesh": "Play_Imp_SpearMetal_Flesh",
		"mat_ice": "Play_Imp_SpearMetal_IceWall"
	},
	{
		"Name": "Spear_Throw+Crit",
		"mat_default": "Play_Imp_PunchUnarmed_Dirt",
		"mat_bark": "Play_Imp_SpearWood_Wood",
		"mat_dirt": "Play_Imp_SpearMetal_Dirt",
		"mat_fabric": "Play_Imp_SpearMetal_Cloth",
		"mat_glass": "Play_Imp_SpearMetal_Stone",
		"mat_grass": "Play_Imp_SpearMetal_Grass",
		"mat_metal": "Play_Imp_SpearMetal_Metal",
		"mat_mud": "Play_Imp_SpearMetal_Dirt",
		"mat_rock": "Play_Imp_SpearMetal_Stone",
		"mat_rock_wet": "Play_Imp_SpearMetal_Stone",
		"mat_sand": "Play_Imp_SpearMetal_Sand",
		"mat_sand_wet": "Play_Imp_SpearMetal_Dirt",
		"mat_thatch": "Play_Imp_SpearMetal_Dirt",
		"mat_water": "Play_Imp_GreatAxe_Water",
		"mat_water_deep": "Play_Imp_GreatAxe_Water",
		"mat_water_shallow": "Play_Imp_GreatAxe_Water",
		"mat_wood": "Play_Imp_SpearWood_Wood",
		"mat_corruption_core": "Play_Imp_Corruption_Core",
		"mat_corruption": "Play_Imp_Corruption_Core",
		"mat_holy_shield": "Play_Imp_Proj_HolyShield",
		"mat_Ice_Entomb": "Play_Imp_IceEntomb",
		"mat_flesh": "Play_Imp_SpearMetal_Flesh",
		"mat_ice": "Play_Imp_SpearMetal_IceWall"
	},
	{
		"Name": "GhostSpell_Ice",
		"mat_default": "Play_Imp_PunchUnarmed_Dirt",
		"mat_bark": "Play_Imp_SpearWood_Wood",
		"mat_dirt": "Play_Imp_SwordWood_Dirt",
		"mat_fabric": "Play_Imp_SwordWood_Cloth",
		"mat_glass": "Play_Imp_SpearMetal_Stone",
		"mat_grass": "Play_Imp_PunchUnarmed_Dirt",
		"mat_metal": "Play_Imp_SwordMetal_Metal",
		"mat_mud": "Play_Imp_PunchUnarmed_Dirt",
		"mat_rock": "Play_Imp_SpearMetal_Stone",
		"mat_rock_wet": "Play_Imp_SpearMetal_Stone",
		"mat_sand": "Play_Imp_PunchUnarmed_Dirt",
		"mat_sand_wet": "Play_Imp_PunchUnarmed_Dirt",
		"mat_thatch": "Play_Imp_PunchUnarmed_Dirt",
		"mat_water": "Play_Imp_GreatAxe_Water",
		"mat_water_deep": "Play_Imp_GreatAxe_Water",
		"mat_water_shallow": "Play_Imp_GreatAxe_Water",
		"mat_wood": "Play_Imp_SpearWood_Wood",
		"mat_corruption_core": "Play_Imp_PunchUnarmed_Dirt",
		"mat_corruption": "Play_Imp_PunchUnarmed_Dirt",
		"mat_holy_shield": "Play_Imp_Proj_HolyShield",
		"mat_Ice_Entomb": "Play_Imp_IceEntomb",
		"mat_flesh": "Play_Imp_GreatAxe_Flesh",
		"mat_ice": "Play_Imp_Axe_IceWall"
	},
	{
		"Name": "GhostSpell_Fire",
		"mat_default": "Play_Imp_PunchUnarmed_Dirt",
		"mat_bark": "Play_Imp_SpearWood_Wood",
		"mat_dirt": "Play_Imp_SwordWood_Dirt",
		"mat_fabric": "Play_Imp_SwordWood_Cloth",
		"mat_glass": "Play_Imp_SpearMetal_Stone",
		"mat_grass": "Play_Imp_PunchUnarmed_Dirt",
		"mat_metal": "Play_Imp_SwordMetal_Metal",
		"mat_mud": "Play_Imp_PunchUnarmed_Dirt",
		"mat_rock": "Play_Imp_SpearMetal_Stone",
		"mat_rock_wet": "Play_Imp_SpearMetal_Stone",
		"mat_sand": "Play_Imp_PunchUnarmed_Dirt",
		"mat_sand_wet": "Play_Imp_PunchUnarmed_Dirt",
		"mat_thatch": "Play_Imp_PunchUnarmed_Dirt",
		"mat_water": "Play_Imp_GreatAxe_Water",
		"mat_water_deep": "Play_Imp_GreatAxe_Water",
		"mat_water_shallow": "Play_Imp_GreatAxe_Water",
		"mat_wood": "Play_Imp_SpearWood_Wood",
		"mat_corruption_core": "Play_Imp_PunchUnarmed_Dirt",
		"mat_corruption": "Play_Imp_PunchUnarmed_Dirt",
		"mat_holy_shield": "Play_Imp_Proj_HolyShield",
		"mat_Ice_Entomb": "Play_Imp_IceEntomb",
		"mat_flesh": "Play_Imp_GreatAxe_Flesh",
		"mat_ice": "Play_Imp_Axe_IceWall"
	},
	{
		"Name": "GhostSpell_Lightning",
		"mat_default": "Play_Imp_PunchUnarmed_Dirt",
		"mat_bark": "Play_Imp_SpearWood_Wood",
		"mat_dirt": "Play_Imp_SwordWood_Dirt",
		"mat_fabric": "Play_Imp_SwordWood_Cloth",
		"mat_glass": "Play_Imp_SpearMetal_Stone",
		"mat_grass": "Play_Imp_PunchUnarmed_Dirt",
		"mat_metal": "Play_Imp_SwordMetal_Metal",
		"mat_mud": "Play_Imp_PunchUnarmed_Dirt",
		"mat_rock": "Play_Imp_SpearMetal_Stone",
		"mat_rock_wet": "Play_Imp_SpearMetal_Stone",
		"mat_sand": "Play_Imp_PunchUnarmed_Dirt",
		"mat_sand_wet": "Play_Imp_PunchUnarmed_Dirt",
		"mat_thatch": "Play_Imp_PunchUnarmed_Dirt",
		"mat_water": "Play_Imp_GreatAxe_Water",
		"mat_water_deep": "Play_Imp_GreatAxe_Water",
		"mat_water_shallow": "Play_Imp_GreatAxe_Water",
		"mat_wood": "Play_Imp_SpearWood_Wood",
		"mat_corruption_core": "Play_Imp_PunchUnarmed_Dirt",
		"mat_corruption": "Play_Imp_PunchUnarmed_Dirt",
		"mat_holy_shield": "Play_Imp_Proj_HolyShield",
		"mat_Ice_Entomb": "Play_Imp_IceEntomb",
		"mat_flesh": "Play_Imp_GreatAxe_Flesh",
		"mat_ice": "Play_Imp_Axe_IceWall"
	},
	{
		"Name": "GhostSpell_Curse",
		"mat_default": "Play_Imp_PunchUnarmed_Dirt",
		"mat_bark": "Play_Imp_SpearWood_Wood",
		"mat_dirt": "Play_Imp_SwordWood_Dirt",
		"mat_fabric": "Play_Imp_SwordWood_Cloth",
		"mat_glass": "Play_Imp_SpearMetal_Stone",
		"mat_grass": "Play_Imp_PunchUnarmed_Dirt",
		"mat_metal": "Play_Imp_SwordMetal_Metal",
		"mat_mud": "Play_Imp_PunchUnarmed_Dirt",
		"mat_rock": "Play_Imp_SpearMetal_Stone",
		"mat_rock_wet": "Play_Imp_SpearMetal_Stone",
		"mat_sand": "Play_Imp_PunchUnarmed_Dirt",
		"mat_sand_wet": "Play_Imp_PunchUnarmed_Dirt",
		"mat_thatch": "Play_Imp_PunchUnarmed_Dirt",
		"mat_water": "Play_Imp_GreatAxe_Water",
		"mat_water_deep": "Play_Imp_GreatAxe_Water",
		"mat_water_shallow": "Play_Imp_GreatAxe_Water",
		"mat_wood": "Play_Imp_SpearWood_Wood",
		"mat_corruption_core": "Play_Imp_PunchUnarmed_Dirt",
		"mat_corruption": "Play_Imp_PunchUnarmed_Dirt",
		"mat_holy_shield": "Play_Imp_Proj_HolyShield",
		"mat_Ice_Entomb": "Play_Imp_IceEntomb",
		"mat_flesh": "Play_Imp_GreatAxe_Flesh",
		"mat_ice": "Play_Imp_Axe_IceWall"
	},
	{
		"Name": "GhostSpell_Disease",
		"mat_default": "Play_Imp_PunchUnarmed_Dirt",
		"mat_bark": "Play_Imp_SpearWood_Wood",
		"mat_dirt": "Play_Imp_SwordWood_Dirt",
		"mat_fabric": "Play_Imp_SwordWood_Cloth",
		"mat_glass": "Play_Imp_SpearMetal_Stone",
		"mat_grass": "Play_Imp_PunchUnarmed_Dirt",
		"mat_metal": "Play_Imp_SwordMetal_Metal",
		"mat_mud": "Play_Imp_PunchUnarmed_Dirt",
		"mat_rock": "Play_Imp_SpearMetal_Stone",
		"mat_rock_wet": "Play_Imp_SpearMetal_Stone",
		"mat_sand": "Play_Imp_PunchUnarmed_Dirt",
		"mat_sand_wet": "Play_Imp_PunchUnarmed_Dirt",
		"mat_thatch": "Play_Imp_PunchUnarmed_Dirt",
		"mat_water": "Play_Imp_GreatAxe_Water",
		"mat_water_deep": "Play_Imp_GreatAxe_Water",
		"mat_water_shallow": "Play_Imp_GreatAxe_Water",
		"mat_wood": "Play_Imp_SpearWood_Wood",
		"mat_corruption_core": "Play_Imp_PunchUnarmed_Dirt",
		"mat_corruption": "Play_Imp_PunchUnarmed_Dirt",
		"mat_holy_shield": "Play_Imp_Proj_HolyShield",
		"mat_Ice_Entomb": "Play_Imp_IceEntomb",
		"mat_flesh": "Play_Imp_GreatAxe_Flesh",
		"mat_ice": "Play_Imp_Axe_IceWall"
	},
	{
		"Name": "Bite_AI",
		"mat_default": "NoEnvironment",
		"mat_bark": "NoEnvironment",
		"mat_dirt": "NoEnvironment",
		"mat_fabric": "NoEnvironment",
		"mat_glass": "NoEnvironment",
		"mat_grass": "NoEnvironment",
		"mat_metal": "NoEnvironment",
		"mat_mud": "NoEnvironment",
		"mat_rock": "NoEnvironment",
		"mat_rock_wet": "NoEnvironment",
		"mat_sand": "NoEnvironment",
		"mat_sand_wet": "NoEnvironment",
		"mat_thatch": "NoEnvironment",
		"mat_water": "NoEnvironment",
		"mat_water_deep": "NoEnvironment",
		"mat_water_shallow": "NoEnvironment",
		"mat_wood": "NoEnvironment",
		"mat_corruption_core": "NoEnvironment",
		"mat_corruption": "NoEnvironment",
		"mat_holy_shield": "Play_Imp_Proj_HolyShield",
		"mat_Ice_Entomb": "Play_Imp_IceEntomb",
		"mat_flesh": "NoEnvironment",
		"mat_ice": "NoEnvironment"
	},
	{
		"Name": "Blunt_AI",
		"mat_default": "Play_Imp_PunchUnarmed_Dirt",
		"mat_bark": "Play_Imp_PunchUnarmed_Wood",
		"mat_dirt": "Play_Imp_PunchUnarmed_Dirt",
		"mat_fabric": "Play_Imp_PunchUnarmed_Grass",
		"mat_glass": "Play_Imp_PunchUnarmed_Stone",
		"mat_grass": "Play_Imp_PunchUnarmed_Grass",
		"mat_metal": "Play_Imp_PunchUnarmed_Metal",
		"mat_mud": "Play_Imp_PunchUnarmed_Dirt",
		"mat_rock": "Play_Imp_PunchUnarmed_Stone",
		"mat_rock_wet": "Play_Imp_PunchUnarmed_Stone",
		"mat_sand": "Play_Imp_PunchUnarmed_Dirt",
		"mat_sand_wet": "Play_Imp_PunchUnarmed_Dirt",
		"mat_thatch": "Play_Imp_PunchUnarmed_Dirt",
		"mat_water": "Play_Imp_GreatAxe_Water",
		"mat_water_deep": "Play_Imp_GreatAxe_Water",
		"mat_water_shallow": "Play_Imp_GreatAxe_Water",
		"mat_wood": "Play_Imp_PunchUnarmed_Wood",
		"mat_corruption_core": "Play_Imp_PunchUnarmed_Dirt",
		"mat_corruption": "Play_Imp_PunchUnarmed_Dirt",
		"mat_holy_shield": "Play_Imp_Proj_HolyShield",
		"mat_Ice_Entomb": "Play_Imp_IceEntomb",
		"mat_flesh": "Play_Imp_GreatAxe_Flesh",
		"mat_ice": "Play_Imp_Axe_IceWall"
	},
	{
		"Name": "Bear_Claw",
		"mat_default": "Play_Imp_PunchUnarmed_Dirt",
		"mat_bark": "Play_Imp_PunchUnarmed_Wood",
		"mat_dirt": "Play_Imp_PunchUnarmed_Dirt",
		"mat_fabric": "Play_Imp_PunchUnarmed_Grass",
		"mat_glass": "Play_Imp_PunchUnarmed_Stone",
		"mat_grass": "Play_Imp_PunchUnarmed_Grass",
		"mat_metal": "Play_Imp_PunchUnarmed_Metal",
		"mat_mud": "Play_Imp_PunchUnarmed_Dirt",
		"mat_rock": "Play_Imp_PunchUnarmed_Stone",
		"mat_rock_wet": "Play_Imp_PunchUnarmed_Stone",
		"mat_sand": "Play_Imp_PunchUnarmed_Dirt",
		"mat_sand_wet": "Play_Imp_PunchUnarmed_Dirt",
		"mat_thatch": "Play_Imp_PunchUnarmed_Dirt",
		"mat_water": "Play_Imp_GreatAxe_Water",
		"mat_water_deep": "Play_Imp_GreatAxe_Water",
		"mat_water_shallow": "Play_Imp_GreatAxe_Water",
		"mat_wood": "Play_Imp_PunchUnarmed_Wood",
		"mat_corruption_core": "Play_Imp_PunchUnarmed_Dirt",
		"mat_corruption": "Play_Imp_PunchUnarmed_Dirt",
		"mat_holy_shield": "Play_Imp_Proj_HolyShield",
		"mat_Ice_Entomb": "Play_Imp_IceEntomb",
		"mat_flesh": "Play_Imp_GreatAxe_Flesh",
		"mat_ice": "Play_Imp_Axe_IceWall"
	},
	{
		"Name": "Regurgitator_Vomitball",
		"mat_default": "Play_Imp_Regurgitator_Vomitball_Environment",
		"mat_bark": "Play_Imp_Regurgitator_Vomitball_Environment",
		"mat_dirt": "Play_Imp_Regurgitator_Vomitball_Environment",
		"mat_fabric": "Play_Imp_Regurgitator_Vomitball_Environment",
		"mat_glass": "Play_Imp_Regurgitator_Vomitball_Environment",
		"mat_grass": "Play_Imp_Regurgitator_Vomitball_Environment",
		"mat_metal": "Play_Imp_Regurgitator_Vomitball_Environment",
		"mat_mud": "Play_Imp_Regurgitator_Vomitball_Environment",
		"mat_rock": "Play_Imp_Regurgitator_Vomitball_Environment",
		"mat_rock_wet": "Play_Imp_Regurgitator_Vomitball_Environment",
		"mat_sand": "Play_Imp_Regurgitator_Vomitball_Environment",
		"mat_sand_wet": "Play_Imp_Regurgitator_Vomitball_Environment",
		"mat_thatch": "Play_Imp_Regurgitator_Vomitball_Environment",
		"mat_water": "Play_Imp_Regurgitator_Vomitball_Environment",
		"mat_water_deep": "Play_Imp_Regurgitator_Vomitball_Environment",
		"mat_water_shallow": "Play_Imp_Regurgitator_Vomitball_Environment",
		"mat_wood": "Play_Imp_Regurgitator_Vomitball_Environment",
		"mat_corruption_core": "Play_Imp_Regurgitator_Vomitball_Environment",
		"mat_corruption": "Play_Imp_Regurgitator_Vomitball_Environment",
		"mat_holy_shield": "Play_Imp_Proj_HolyShield",
		"mat_Ice_Entomb": "Play_Imp_IceEntomb",
		"mat_flesh": "Play_Imp_GreatAxe_Flesh",
		"mat_ice": "Play_Imp_Axe_IceWall"
	},
	{
		"Name": "Sword+Fire",
		"mat_default": "Play_Imp_Bullet_Flesh",
		"mat_bark": "Play_Imp_Bullet_Flesh",
		"mat_dirt": "Play_Imp_Bullet_Flesh",
		"mat_fabric": "Play_Imp_Bullet_Flesh",
		"mat_glass": "Play_Imp_Bullet_Flesh",
		"mat_grass": "Play_Imp_Bullet_Flesh",
		"mat_metal": "Play_Imp_Bullet_Flesh",
		"mat_mud": "Play_Imp_Bullet_Flesh",
		"mat_rock": "Play_Imp_Bullet_Flesh",
		"mat_rock_wet": "Play_Imp_Bullet_Flesh",
		"mat_sand": "Play_Imp_Bullet_Flesh",
		"mat_sand_wet": "Play_Imp_Bullet_Flesh",
		"mat_thatch": "Play_Imp_Bullet_Flesh",
		"mat_water": "Play_Imp_Bullet_Flesh",
		"mat_water_deep": "Play_Imp_Bullet_Flesh",
		"mat_water_shallow": "Play_Imp_Bullet_Flesh",
		"mat_wood": "Play_Imp_Bullet_Flesh",
		"mat_corruption_core": "Play_Imp_Bullet_Flesh",
		"mat_corruption": "Play_Imp_Bullet_Flesh",
		"mat_holy_shield": "Play_Imp_Proj_HolyShield",
		"mat_Ice_Entomb": "Play_Imp_IceEntomb",
		"mat_flesh": "Play_Imp_Bullet_Flesh",
		"mat_ice": "Play_Imp_Bullet_IceWall"
	},
	{
		"Name": "MagicFire",
		"mat_default": "Play_Gauntlet_Fireball_Explo_Ground",
		"mat_bark": "Play_Gauntlet_Fireball_Explo_Ground",
		"mat_dirt": "Play_Gauntlet_Fireball_Explo_Ground",
		"mat_fabric": "Play_Gauntlet_Fireball_Explo_Ground",
		"mat_glass": "Play_Gauntlet_Fireball_Explo_Ground",
		"mat_grass": "Play_Gauntlet_Fireball_Explo_Ground",
		"mat_metal": "Play_Gauntlet_Fireball_Explo_Ground",
		"mat_mud": "Play_Gauntlet_Fireball_Explo_Ground",
		"mat_rock": "Play_Gauntlet_Fireball_Explo_Ground",
		"mat_rock_wet": "Play_Gauntlet_Fireball_Explo_Ground",
		"mat_sand": "Play_Gauntlet_Fireball_Explo_Ground",
		"mat_sand_wet": "Play_Gauntlet_Fireball_Explo_Ground",
		"mat_thatch": "Play_Gauntlet_Fireball_Explo_Ground",
		"mat_water": "Play_Gauntlet_Fireball_Explo_Ground",
		"mat_water_deep": "Play_Gauntlet_Fireball_Explo_Ground",
		"mat_water_shallow": "Play_Gauntlet_Fireball_Explo_Ground",
		"mat_wood": "Play_Gauntlet_Fireball_Explo_Ground",
		"mat_corruption_core": "Play_Imp_Corruption_Core",
		"mat_corruption": "Play_Imp_Corruption_Core",
		"mat_holy_shield": "Play_Imp_FireProj_HolyShield",
		"mat_Ice_Entomb": "Play_Imp_IceEntomb",
		"mat_flesh": "Play_Imp_GreatAxe_Flesh",
		"mat_ice": "Play_Imp_PunchUnarmed_IceWall"
	},
	{
		"Name": "Ballista",
		"mat_default": "Play_Imp_GreatAxe_Dirt",
		"mat_bark": "Play_Imp_GreatAxe_Wood",
		"mat_dirt": "Play_Imp_GreatAxe_Dirt",
		"mat_fabric": "Play_Imp_SwordWood_Cloth",
		"mat_glass": "Play_Imp_GreatAxe_Stone",
		"mat_grass": "Play_Imp_GreatAxe_Dirt",
		"mat_metal": "Play_Imp_GreatAxe_Metal",
		"mat_mud": "Play_Imp_GreatAxe_Dirt",
		"mat_rock": "Play_Imp_GreatAxe_Stone",
		"mat_rock_wet": "Play_Imp_GreatAxe_Stone",
		"mat_sand": "Play_Imp_GreatAxe_Dirt",
		"mat_sand_wet": "Play_Imp_GreatAxe_Dirt",
		"mat_thatch": "Play_Imp_GreatAxe_Wood",
		"mat_water": "Play_Imp_GreatAxe_Water",
		"mat_water_deep": "Play_Imp_GreatAxe_Water",
		"mat_water_shallow": "Play_Imp_GreatAxe_Water",
		"mat_wood": "Play_Imp_GreatAxe_Wood",
		"mat_corruption_core": "Play_Imp_GreatAxe_Wood",
		"mat_corruption": "Play_Imp_GreatAxe_Wood",
		"mat_holy_shield": "Play_Imp_Proj_HolyShield",
		"mat_Ice_Entomb": "Play_Imp_IceEntomb",
		"mat_flesh": "Play_Imp_GreatAxe_Flesh",
		"mat_ice": "Play_Imp_Axe_IceWall"
	},
	{
		"Name": "CannonBall",
		"mat_default": "Play_Cannon_Imp",
		"mat_bark": "Play_Imp_CannonBall_Wood",
		"mat_dirt": "Play_Imp_CannonBall_Dirt",
		"mat_fabric": "Play_Imp_CannonBall_Cloth",
		"mat_glass": "Play_Imp_CannonBall_Stone",
		"mat_grass": "Play_Imp_CannonBall_Dirt",
		"mat_metal": "Play_Imp_CannonBall_Metal",
		"mat_mud": "Play_Imp_CannonBall_Dirt",
		"mat_rock": "Play_Imp_CannonBall_Stone",
		"mat_rock_wet": "Play_Imp_CannonBall_Stone",
		"mat_sand": "Play_Imp_CannonBall_Dirt",
		"mat_sand_wet": "Play_Imp_CannonBall_Dirt",
		"mat_thatch": "Play_Imp_CannonBall_Wood",
		"mat_water": "Play_Imp_CannonBall_Water",
		"mat_water_deep": "Play_Imp_CannonBall_Water",
		"mat_water_shallow": "Play_Imp_CannonBall_Water",
		"mat_wood": "Play_Imp_CannonBall_Wood",
		"mat_corruption_core": "Play_Cannon_Imp",
		"mat_corruption": "Play_Cannon_Imp",
		"mat_holy_shield": "Play_Imp_FireProj_HolyShield",
		"mat_Ice_Entomb": "Play_Imp_IceEntomb",
		"mat_flesh": "Play_Imp_Warhammer_Flesh",
		"mat_ice": "Play_Imp_Warhammer_IceWall"
	},
	{
		"Name": "MagicStaff",
		"mat_default": "Play_Imp_ClubMetal_Dirt",
		"mat_bark": "Play_Imp_ClubMetal_Wood",
		"mat_dirt": "Play_Imp_ClubMetal_Dirt",
		"mat_fabric": "Play_Imp_PunchUnarmed_Grass",
		"mat_glass": "Play_Imp_ClubMetal_Stone",
		"mat_grass": "Play_Imp_ClubMetal_Grass",
		"mat_metal": "Play_Imp_ClubMetal_Metal",
		"mat_mud": "Play_Imp_ClubMetal_Dirt",
		"mat_rock": "Play_Imp_ClubMetal_Stone",
		"mat_rock_wet": "Play_Imp_ClubMetal_Stone",
		"mat_sand": "Play_Imp_ClubMetal_Sand",
		"mat_sand_wet": "Play_Imp_ClubMetal_Sand",
		"mat_thatch": "Play_Imp_ClubMetal_Dirt",
		"mat_water": "Play_Imp_GreatAxe_Water",
		"mat_water_deep": "Play_Imp_GreatAxe_Water",
		"mat_water_shallow": "Play_Imp_GreatAxe_Water",
		"mat_wood": "Play_Imp_ClubMetal_Wood",
		"mat_corruption_core": "Play_Imp_ClubMetal_Wood",
		"mat_corruption": "Play_Imp_ClubMetal_Wood",
		"mat_holy_shield": "Play_Imp_FireProj_HolyShield",
		"mat_Ice_Entomb": "Play_Imp_IceEntomb",
		"mat_flesh": "Play_Imp_Warhammer_Flesh",
		"mat_ice": "Play_Imp_Warhammer_IceWall"
	},
	{
		"Name": "FireStaff_Proj",
		"mat_default": "Play_Fire_Proj_Explo_Ground",
		"mat_bark": "Play_Fire_Proj_Explo_Ground",
		"mat_dirt": "Play_Fire_Proj_Explo_Ground",
		"mat_fabric": "Play_Fire_Proj_Explo_Ground",
		"mat_glass": "Play_Fire_Proj_Explo_Ground",
		"mat_grass": "Play_Fire_Proj_Explo_Ground",
		"mat_metal": "Play_Fire_Proj_Explo_Ground",
		"mat_mud": "Play_Fire_Proj_Explo_Ground",
		"mat_rock": "Play_Fire_Proj_Explo_Ground",
		"mat_rock_wet": "Play_Fire_Proj_Explo_Ground",
		"mat_sand": "Play_Fire_Proj_Explo_Ground",
		"mat_sand_wet": "Play_Fire_Proj_Explo_Ground",
		"mat_thatch": "Play_Fire_Proj_Explo_Ground",
		"mat_water": "Play_Fire_Proj_Explo_Ground",
		"mat_water_deep": "Play_Fire_Proj_Explo_Ground",
		"mat_water_shallow": "Play_Fire_Proj_Explo_Ground",
		"mat_wood": "Play_Fire_Proj_Explo_Ground",
		"mat_corruption_core": "Play_Fire_Proj_Explo_Ground",
		"mat_corruption": "Play_Fire_Proj_Explo_Ground",
		"mat_holy_shield": "Play_Imp_FireProj_HolyShield",
		"mat_Ice_Entomb": "Play_Imp_IceEntomb",
		"mat_flesh": "Play_Imp_GreatAxe_Flesh",
		"mat_ice": "Play_Imp_Warhammer_IceWall"
	},
	{
		"Name": "FireStaff_Proj+Crit",
		"mat_default": "Play_Fire_Proj_Explo_Ground",
		"mat_bark": "Play_Fire_Proj_Explo_Ground",
		"mat_dirt": "Play_Fire_Proj_Explo_Ground",
		"mat_fabric": "Play_Fire_Proj_Explo_Ground",
		"mat_glass": "Play_Fire_Proj_Explo_Ground",
		"mat_grass": "Play_Fire_Proj_Explo_Ground",
		"mat_metal": "Play_Fire_Proj_Explo_Ground",
		"mat_mud": "Play_Fire_Proj_Explo_Ground",
		"mat_rock": "Play_Fire_Proj_Explo_Ground",
		"mat_rock_wet": "Play_Fire_Proj_Explo_Ground",
		"mat_sand": "Play_Fire_Proj_Explo_Ground",
		"mat_sand_wet": "Play_Fire_Proj_Explo_Ground",
		"mat_thatch": "Play_Fire_Proj_Explo_Ground",
		"mat_water": "Play_Fire_Proj_Explo_Ground",
		"mat_water_deep": "Play_Fire_Proj_Explo_Ground",
		"mat_water_shallow": "Play_Fire_Proj_Explo_Ground",
		"mat_wood": "Play_Fire_Proj_Explo_Ground",
		"mat_corruption_core": "Play_Fire_Proj_Explo_Ground",
		"mat_corruption": "Play_Fire_Proj_Explo_Ground",
		"mat_holy_shield": "Play_Imp_FireProj_HolyShield",
		"mat_Ice_Entomb": "Play_Imp_IceEntomb",
		"mat_flesh": "Play_Imp_GreatAxe_Flesh",
		"mat_ice": "Play_Imp_Warhammer_IceWall"
	},
	{
		"Name": "FlameThrower",
		"mat_default": "NoEnvironment",
		"mat_bark": "NoEnvironment",
		"mat_dirt": "NoEnvironment",
		"mat_fabric": "NoEnvironment",
		"mat_glass": "NoEnvironment",
		"mat_grass": "NoEnvironment",
		"mat_metal": "NoEnvironment",
		"mat_mud": "NoEnvironment",
		"mat_rock": "NoEnvironment",
		"mat_rock_wet": "NoEnvironment",
		"mat_sand": "NoEnvironment",
		"mat_sand_wet": "NoEnvironment",
		"mat_thatch": "NoEnvironment",
		"mat_water": "NoEnvironment",
		"mat_water_deep": "NoEnvironment",
		"mat_water_shallow": "NoEnvironment",
		"mat_wood": "NoEnvironment",
		"mat_corruption_core": "NoEnvironment",
		"mat_corruption": "NoEnvironment",
		"mat_holy_shield": "NoEnvironment",
		"mat_Ice_Entomb": "NoEnvironment",
		"mat_flesh": "NoEnvironment",
		"mat_ice": "NoEnvironment"
	},
	{
		"Name": "LifeStaff_Proj",
		"mat_default": "Play_Imp_LifeStaff_Env",
		"mat_bark": "Play_Imp_LifeStaff_Env",
		"mat_dirt": "Play_Imp_LifeStaff_Env",
		"mat_fabric": "Play_Imp_LifeStaff_Env",
		"mat_glass": "Play_Imp_LifeStaff_Env",
		"mat_grass": "Play_Imp_LifeStaff_Env",
		"mat_metal": "Play_Imp_LifeStaff_Env",
		"mat_mud": "Play_Imp_LifeStaff_Env",
		"mat_rock": "Play_Imp_LifeStaff_Env",
		"mat_rock_wet": "Play_Imp_LifeStaff_Env",
		"mat_sand": "Play_Imp_LifeStaff_Env",
		"mat_sand_wet": "Play_Imp_LifeStaff_Env",
		"mat_thatch": "Play_Imp_LifeStaff_Env",
		"mat_water": "Play_Imp_LifeStaff_Env",
		"mat_water_deep": "Play_Imp_LifeStaff_Env",
		"mat_water_shallow": "Play_Imp_LifeStaff_Env",
		"mat_wood": "Play_Imp_LifeStaff_Env",
		"mat_corruption_core": "Play_Imp_LifeStaff_Env",
		"mat_corruption": "Play_Imp_LifeStaff_Env",
		"mat_holy_shield": "Play_Imp_LifeProj_HolyShield",
		"mat_Ice_Entomb": "Play_Imp_IceEntomb",
		"mat_flesh": "Play_Imp_LifeStaff",
		"mat_ice": "Play_Imp_Warhammer_IceWall"
	},
	{
		"Name": "LifeStaff_Proj_Protect",
		"mat_default": "Play_IMP_LifeStaff_Protect",
		"mat_bark": "Play_IMP_LifeStaff_Protect",
		"mat_dirt": "Play_IMP_LifeStaff_Protect",
		"mat_fabric": "Play_IMP_LifeStaff_Protect",
		"mat_glass": "Play_IMP_LifeStaff_Protect",
		"mat_grass": "Play_IMP_LifeStaff_Protect",
		"mat_metal": "Play_IMP_LifeStaff_Protect",
		"mat_mud": "Play_IMP_LifeStaff_Protect",
		"mat_rock": "Play_IMP_LifeStaff_Protect",
		"mat_rock_wet": "Play_IMP_LifeStaff_Protect",
		"mat_sand": "Play_IMP_LifeStaff_Protect",
		"mat_sand_wet": "Play_IMP_LifeStaff_Protect",
		"mat_thatch": "Play_IMP_LifeStaff_Protect",
		"mat_water": "Play_IMP_LifeStaff_Protect",
		"mat_water_deep": "Play_IMP_LifeStaff_Protect",
		"mat_water_shallow": "Play_IMP_LifeStaff_Protect",
		"mat_wood": "Play_IMP_LifeStaff_Protect",
		"mat_corruption_core": "Play_IMP_LifeStaff_Protect",
		"mat_corruption": "Play_IMP_LifeStaff_Protect",
		"mat_holy_shield": "Play_Imp_LifeProj_HolyShield",
		"mat_Ice_Entomb": "Play_Imp_IceEntomb",
		"mat_flesh": "Play_Imp_LifeStaff",
		"mat_ice": "Play_Imp_Warhammer_IceWall"
	},
	{
		"Name": "LifeStaff_Proj+Crit",
		"mat_default": "Play_Imp_LifeStaff_Env",
		"mat_bark": "Play_Imp_LifeStaff_Env",
		"mat_dirt": "Play_Imp_LifeStaff_Env",
		"mat_fabric": "Play_Imp_LifeStaff_Env",
		"mat_glass": "Play_Imp_LifeStaff_Env",
		"mat_grass": "Play_Imp_LifeStaff_Env",
		"mat_metal": "Play_Imp_LifeStaff_Env",
		"mat_mud": "Play_Imp_LifeStaff_Env",
		"mat_rock": "Play_Imp_LifeStaff_Env",
		"mat_rock_wet": "Play_Imp_LifeStaff_Env",
		"mat_sand": "Play_Imp_LifeStaff_Env",
		"mat_sand_wet": "Play_Imp_LifeStaff_Env",
		"mat_thatch": "Play_Imp_LifeStaff_Env",
		"mat_water": "Play_Imp_LifeStaff_Env",
		"mat_water_deep": "Play_Imp_LifeStaff_Env",
		"mat_water_shallow": "Play_Imp_LifeStaff_Env",
		"mat_wood": "Play_Imp_LifeStaff_Env",
		"mat_corruption_core": "Play_Imp_LifeStaff_Env",
		"mat_corruption": "Play_Imp_LifeStaff_Env",
		"mat_holy_shield": "Play_Imp_LifeProj_HolyShield",
		"mat_Ice_Entomb": "Play_Imp_IceEntomb",
		"mat_flesh": "Play_Imp_LifeStaff",
		"mat_ice": "Play_Imp_Warhammer_IceWall"
	},
	{
		"Name": "IceGauntlet_Proj",
		"mat_default": "Play_Imp_IceGauntlet_Env",
		"mat_bark": "Play_Imp_IceGauntlet_Env",
		"mat_dirt": "Play_Imp_IceGauntlet_Env",
		"mat_fabric": "Play_Imp_IceGauntlet_Env",
		"mat_glass": "Play_Imp_IceGauntlet_Env",
		"mat_grass": "Play_Imp_IceGauntlet_Env",
		"mat_metal": "Play_Imp_IceGauntlet_Env",
		"mat_mud": "Play_Imp_IceGauntlet_Env",
		"mat_rock": "Play_Imp_IceGauntlet_Env",
		"mat_rock_wet": "Play_Imp_IceGauntlet_Env",
		"mat_sand": "Play_Imp_IceGauntlet_Env",
		"mat_sand_wet": "Play_Imp_IceGauntlet_Env",
		"mat_thatch": "Play_Imp_IceGauntlet_Env",
		"mat_water": "Play_Imp_IceGauntlet_Env",
		"mat_water_deep": "Play_Imp_IceGauntlet_Env",
		"mat_water_shallow": "Play_Imp_IceGauntlet_Env",
		"mat_wood": "Play_Imp_IceGauntlet_Env",
		"mat_corruption_core": "Play_Imp_IceGauntlet_Env",
		"mat_corruption": "Play_Imp_IceGauntlet_Env",
		"mat_holy_shield": "Play_Imp_LifeProj_HolyShield",
		"mat_Ice_Entomb": "Play_Imp_IceEntomb",
		"mat_flesh": "Play_Imp_IceGauntlet",
		"mat_ice": "Play_Imp_Warhammer_IceWall"
	},
	{
		"Name": "IceGauntlet_Proj_Heavy",
		"mat_default": "Play_Imp_IceGauntlet_Env",
		"mat_bark": "Play_Imp_IceGauntlet_Env",
		"mat_dirt": "Play_Imp_IceGauntlet_Env",
		"mat_fabric": "Play_Imp_IceGauntlet_Env",
		"mat_glass": "Play_Imp_IceGauntlet_Env",
		"mat_grass": "Play_Imp_IceGauntlet_Env",
		"mat_metal": "Play_Imp_IceGauntlet_Env",
		"mat_mud": "Play_Imp_IceGauntlet_Env",
		"mat_rock": "Play_Imp_IceGauntlet_Env",
		"mat_rock_wet": "Play_Imp_IceGauntlet_Env",
		"mat_sand": "Play_Imp_IceGauntlet_Env",
		"mat_sand_wet": "Play_Imp_IceGauntlet_Env",
		"mat_thatch": "Play_Imp_IceGauntlet_Env",
		"mat_water": "Play_Imp_IceGauntlet_Env",
		"mat_water_deep": "Play_Imp_IceGauntlet_Env",
		"mat_water_shallow": "Play_Imp_IceGauntlet_Env",
		"mat_wood": "Play_Imp_IceGauntlet_Env",
		"mat_corruption_core": "Play_Imp_IceGauntlet_Env",
		"mat_corruption": "Play_Imp_IceGauntlet_Env",
		"mat_holy_shield": "Play_Imp_LifeProj_HolyShield",
		"mat_Ice_Entomb": "Play_Imp_IceEntomb",
		"mat_flesh": "Play_Imp_IceGauntlet",
		"mat_ice": "Play_Imp_Warhammer_IceWall"
	},
	{
		"Name": "IceGauntlet_Null",
		"mat_default": "Play_Imp_IceGauntlet_Env",
		"mat_bark": "Play_Imp_IceGauntlet_Env",
		"mat_dirt": "Play_Imp_IceGauntlet_Env",
		"mat_fabric": "Play_Imp_IceGauntlet_Env",
		"mat_glass": "Play_Imp_IceGauntlet_Env",
		"mat_grass": "Play_Imp_IceGauntlet_Env",
		"mat_metal": "Play_Imp_IceGauntlet_Env",
		"mat_mud": "Play_Imp_IceGauntlet_Env",
		"mat_rock": "Play_Imp_IceGauntlet_Env",
		"mat_rock_wet": "Play_Imp_IceGauntlet_Env",
		"mat_sand": "Play_Imp_IceGauntlet_Env",
		"mat_sand_wet": "Play_Imp_IceGauntlet_Env",
		"mat_thatch": "Play_Imp_IceGauntlet_Env",
		"mat_water": "Play_Imp_IceGauntlet_Env",
		"mat_water_deep": "Play_Imp_IceGauntlet_Env",
		"mat_water_shallow": "Play_Imp_IceGauntlet_Env",
		"mat_wood": "Play_Imp_IceGauntlet_Env",
		"mat_corruption_core": "Play_Imp_IceGauntlet_Env",
		"mat_corruption": "Play_Imp_IceGauntlet_Env",
		"mat_holy_shield": "Play_Imp_LifeProj_HolyShield",
		"mat_Ice_Entomb": "Play_Imp_IceEntomb",
		"mat_flesh": "Play_Imp_IceGauntlet",
		"mat_ice": "Play_Imp_Warhammer_IceWall"
	},
	{
		"Name": "IceGauntlet_Proj+Crit",
		"mat_default": "Play_Imp_IceGauntlet_Env",
		"mat_bark": "Play_Imp_IceGauntlet_Env",
		"mat_dirt": "Play_Imp_IceGauntlet_Env",
		"mat_fabric": "Play_Imp_IceGauntlet_Env",
		"mat_glass": "Play_Imp_IceGauntlet_Env",
		"mat_grass": "Play_Imp_IceGauntlet_Env",
		"mat_metal": "Play_Imp_IceGauntlet_Env",
		"mat_mud": "Play_Imp_IceGauntlet_Env",
		"mat_rock": "Play_Imp_IceGauntlet_Env",
		"mat_rock_wet": "Play_Imp_IceGauntlet_Env",
		"mat_sand": "Play_Imp_IceGauntlet_Env",
		"mat_sand_wet": "Play_Imp_IceGauntlet_Env",
		"mat_thatch": "Play_Imp_IceGauntlet_Env",
		"mat_water": "Play_Imp_IceGauntlet_Env",
		"mat_water_deep": "Play_Imp_IceGauntlet_Env",
		"mat_water_shallow": "Play_Imp_IceGauntlet_Env",
		"mat_wood": "Play_Imp_IceGauntlet_Env",
		"mat_corruption_core": "Play_Imp_IceGauntlet_Env",
		"mat_corruption": "Play_Imp_IceGauntlet_Env",
		"mat_holy_shield": "Play_Imp_LifeProj_HolyShield",
		"mat_Ice_Entomb": "Play_Imp_IceEntomb",
		"mat_flesh": "Play_Imp_IceGauntlet",
		"mat_ice": "Play_Imp_Warhammer_IceWall"
	},
	{
		"Name": "CorruptedMagic",
		"mat_default": "Play_Imp_CorruptedMagic_Environment",
		"mat_bark": "Play_Imp_CorruptedMagic_Environment",
		"mat_dirt": "Play_Imp_CorruptedMagic_Environment",
		"mat_fabric": "Play_Imp_CorruptedMagic_Environment",
		"mat_glass": "Play_Imp_CorruptedMagic_Environment",
		"mat_grass": "Play_Imp_CorruptedMagic_Environment",
		"mat_metal": "Play_Imp_CorruptedMagic_Environment",
		"mat_mud": "Play_Imp_CorruptedMagic_Environment",
		"mat_rock": "Play_Imp_CorruptedMagic_Environment",
		"mat_rock_wet": "Play_Imp_CorruptedMagic_Environment",
		"mat_sand": "Play_Imp_CorruptedMagic_Environment",
		"mat_sand_wet": "Play_Imp_CorruptedMagic_Environment",
		"mat_thatch": "Play_Imp_CorruptedMagic_Environment",
		"mat_water": "Play_Imp_CorruptedMagic_Environment",
		"mat_water_deep": "Play_Imp_CorruptedMagic_Environment",
		"mat_water_shallow": "Play_Imp_CorruptedMagic_Environment",
		"mat_wood": "Play_Imp_CorruptedMagic_Environment",
		"mat_corruption_core": "Play_Imp_CorruptedMagic_Environment",
		"mat_corruption": "Play_Imp_CorruptedMagic_Environment",
		"mat_holy_shield": "Play_Imp_Proj_HolyShield",
		"mat_Ice_Entomb": "Play_Imp_IceEntomb",
		"mat_flesh": "Play_Imp_CorruptedMagic",
		"mat_ice": "Play_Imp_CorruptedMagic_Environment"
	},
	{
		"Name": "DryadMagic",
		"mat_default": "Play_Imp_DryadMagic_Environment",
		"mat_bark": "Play_Imp_DryadMagic_Environment",
		"mat_dirt": "Play_Imp_DryadMagic_Environment",
		"mat_fabric": "Play_Imp_DryadMagic_Environment",
		"mat_glass": "Play_Imp_DryadMagic_Environment",
		"mat_grass": "Play_Imp_DryadMagic_Environment",
		"mat_metal": "Play_Imp_DryadMagic_Environment",
		"mat_mud": "Play_Imp_DryadMagic_Environment",
		"mat_rock": "Play_Imp_DryadMagic_Environment",
		"mat_rock_wet": "Play_Imp_DryadMagic_Environment",
		"mat_sand": "Play_Imp_DryadMagic_Environment",
		"mat_sand_wet": "Play_Imp_DryadMagic_Environment",
		"mat_thatch": "Play_Imp_DryadMagic_Environment",
		"mat_water": "Play_Imp_DryadMagic_Environment",
		"mat_water_deep": "Play_Imp_DryadMagic_Environment",
		"mat_water_shallow": "Play_Imp_DryadMagic_Environment",
		"mat_wood": "Play_Imp_DryadMagic_Environment",
		"mat_corruption_core": "Play_Imp_DryadMagic_Environment",
		"mat_corruption": "Play_Imp_DryadMagic_Environment",
		"mat_holy_shield": "Play_Imp_Proj_HolyShield",
		"mat_Ice_Entomb": "Play_Imp_IceEntomb",
		"mat_flesh": "Play_Imp_CorruptedMagic",
		"mat_ice": "Play_Imp_DryadMagic_Environment"
	},
	{
		"Name": "CorruptedSlash",
		"mat_default": "Play_Imp_CorruptedMagic_Environment",
		"mat_bark": "Play_Imp_CorruptedMagic_Environment",
		"mat_dirt": "Play_Imp_CorruptedMagic_Environment",
		"mat_fabric": "Play_Imp_CorruptedMagic_Environment",
		"mat_glass": "Play_Imp_CorruptedMagic_Environment",
		"mat_grass": "Play_Imp_CorruptedMagic_Environment",
		"mat_metal": "Play_Imp_CorruptedMagic_Environment",
		"mat_mud": "Play_Imp_CorruptedMagic_Environment",
		"mat_rock": "Play_Imp_CorruptedMagic_Environment",
		"mat_rock_wet": "Play_Imp_CorruptedMagic_Environment",
		"mat_sand": "Play_Imp_CorruptedMagic_Environment",
		"mat_sand_wet": "Play_Imp_CorruptedMagic_Environment",
		"mat_thatch": "Play_Imp_CorruptedMagic_Environment",
		"mat_water": "Play_Imp_CorruptedMagic_Environment",
		"mat_water_deep": "Play_Imp_CorruptedMagic_Environment",
		"mat_water_shallow": "Play_Imp_CorruptedMagic_Environment",
		"mat_wood": "Play_Imp_CorruptedMagic_Environment",
		"mat_corruption_core": "Play_Imp_CorruptedMagic_Environment",
		"mat_corruption": "Play_Imp_CorruptedMagic_Environment",
		"mat_holy_shield": "Play_Imp_Proj_HolyShield",
		"mat_Ice_Entomb": "Play_Imp_IceEntomb",
		"mat_flesh": "Play_Imp_CorruptedMagic",
		"mat_ice": "Play_Imp_CorruptedMagic_Environment"
	},
	{
		"Name": "VoidGauntlet_Proj",
		"mat_default": "Play_Imp_VoidGauntlet_Env",
		"mat_bark": "Play_Imp_VoidGauntlet_Env",
		"mat_dirt": "Play_Imp_VoidGauntlet_Env",
		"mat_fabric": "Play_Imp_VoidGauntlet_Env",
		"mat_glass": "Play_Imp_VoidGauntlet_Env",
		"mat_grass": "Play_Imp_VoidGauntlet_Env",
		"mat_metal": "Play_Imp_VoidGauntlet_Env",
		"mat_mud": "Play_Imp_VoidGauntlet_Env",
		"mat_rock": "Play_Imp_VoidGauntlet_Env",
		"mat_rock_wet": "Play_Imp_VoidGauntlet_Env",
		"mat_sand": "Play_Imp_VoidGauntlet_Env",
		"mat_sand_wet": "Play_Imp_VoidGauntlet_Env",
		"mat_thatch": "Play_Imp_VoidGauntlet_Env",
		"mat_water": "Play_Imp_VoidGauntlet_Env",
		"mat_water_deep": "Play_Imp_VoidGauntlet_Env",
		"mat_water_shallow": "Play_Imp_VoidGauntlet_Env",
		"mat_wood": "Play_Imp_VoidGauntlet_Env",
		"mat_corruption_core": "Play_Imp_VoidGauntlet_Env",
		"mat_corruption": "Play_Imp_VoidGauntlet_Env",
		"mat_holy_shield": "Play_Imp_LifeProj_HolyShield",
		"mat_Ice_Entomb": "Play_Imp_IceEntomb",
		"mat_flesh": "Play_Imp_VoidGauntlet",
		"mat_ice": "Play_Imp_VoidGauntlet"
	},
	{
		"Name": "VoidGauntlet_Proj_Heavy",
		"mat_default": "Play_Imp_VoidGauntlet_Env",
		"mat_bark": "Play_Imp_VoidGauntlet_Env",
		"mat_dirt": "Play_Imp_VoidGauntlet_Env",
		"mat_fabric": "Play_Imp_VoidGauntlet_Env",
		"mat_glass": "Play_Imp_VoidGauntlet_Env",
		"mat_grass": "Play_Imp_VoidGauntlet_Env",
		"mat_metal": "Play_Imp_VoidGauntlet_Env",
		"mat_mud": "Play_Imp_VoidGauntlet_Env",
		"mat_rock": "Play_Imp_VoidGauntlet_Env",
		"mat_rock_wet": "Play_Imp_VoidGauntlet_Env",
		"mat_sand": "Play_Imp_VoidGauntlet_Env",
		"mat_sand_wet": "Play_Imp_VoidGauntlet_Env",
		"mat_thatch": "Play_Imp_VoidGauntlet_Env",
		"mat_water": "Play_Imp_VoidGauntlet_Env",
		"mat_water_deep": "Play_Imp_VoidGauntlet_Env",
		"mat_water_shallow": "Play_Imp_VoidGauntlet_Env",
		"mat_wood": "Play_Imp_VoidGauntlet_Env",
		"mat_corruption_core": "Play_Imp_VoidGauntlet_Env",
		"mat_corruption": "Play_Imp_VoidGauntlet_Env",
		"mat_holy_shield": "Play_Imp_LifeProj_HolyShield",
		"mat_Ice_Entomb": "Play_Imp_IceEntomb",
		"mat_flesh": "Play_Imp_VoidGauntlet",
		"mat_ice": "Play_Imp_VoidGauntlet"
	},
	{
		"Name": "VoidGauntlet_Blade",
		"mat_default": "Play_Imp_VoidGauntlet_Blade",
		"mat_bark": "Play_Imp_VoidGauntlet_Blade",
		"mat_dirt": "Play_Imp_VoidGauntlet_Blade",
		"mat_fabric": "Play_Imp_VoidGauntlet_Blade",
		"mat_glass": "Play_Imp_VoidGauntlet_Blade",
		"mat_grass": "Play_Imp_VoidGauntlet_Blade",
		"mat_metal": "Play_Imp_VoidGauntlet_Blade",
		"mat_mud": "Play_Imp_VoidGauntlet_Blade",
		"mat_rock": "Play_Imp_VoidGauntlet_Blade",
		"mat_rock_wet": "Play_Imp_VoidGauntlet_Blade",
		"mat_sand": "Play_Imp_VoidGauntlet_Blade",
		"mat_sand_wet": "Play_Imp_VoidGauntlet_Blade",
		"mat_thatch": "Play_Imp_VoidGauntlet_Blade",
		"mat_water": "Play_Imp_VoidGauntlet_Blade",
		"mat_water_deep": "Play_Imp_VoidGauntlet_Blade",
		"mat_water_shallow": "Play_Imp_VoidGauntlet_Blade",
		"mat_wood": "Play_Imp_VoidGauntlet_Blade",
		"mat_corruption_core": "Play_Imp_VoidGauntlet_Blade",
		"mat_corruption": "Play_Imp_VoidGauntlet_Blade",
		"mat_holy_shield": "Play_Imp_LifeProj_HolyShield",
		"mat_Ice_Entomb": "Play_Imp_IceEntomb",
		"mat_flesh": "Play_Imp_VoidGauntlet_Blade",
		"mat_ice": "Play_Imp_VoidGauntlet_Blade"
	},
	{
		"Name": "VoidGauntlet_Special",
		"mat_default": "Play_Imp_VoidGauntlet_Env_Special",
		"mat_bark": "Play_Imp_VoidGauntlet_Env_Special",
		"mat_dirt": "Play_Imp_VoidGauntlet_Env_Special",
		"mat_fabric": "Play_Imp_VoidGauntlet_Env_Special",
		"mat_glass": "Play_Imp_VoidGauntlet_Env_Special",
		"mat_grass": "Play_Imp_VoidGauntlet_Env_Special",
		"mat_metal": "Play_Imp_VoidGauntlet_Env_Special",
		"mat_mud": "Play_Imp_VoidGauntlet_Env_Special",
		"mat_rock": "Play_Imp_VoidGauntlet_Env_Special",
		"mat_rock_wet": "Play_Imp_VoidGauntlet_Env_Special",
		"mat_sand": "Play_Imp_VoidGauntlet_Env_Special",
		"mat_sand_wet": "Play_Imp_VoidGauntlet_Env_Special",
		"mat_thatch": "Play_Imp_VoidGauntlet_Env_Special",
		"mat_water": "Play_Imp_VoidGauntlet_Env_Special",
		"mat_water_deep": "Play_Imp_VoidGauntlet_Env_Special",
		"mat_water_shallow": "Play_Imp_VoidGauntlet_Env_Special",
		"mat_wood": "Play_Imp_VoidGauntlet_Env_Special",
		"mat_corruption_core": "Play_Imp_VoidGauntlet_Env_Special",
		"mat_corruption": "Play_Imp_VoidGauntlet_Env_Special",
		"mat_holy_shield": "Play_Imp_LifeProj_HolyShield",
		"mat_Ice_Entomb": "Play_Imp_IceEntomb",
		"mat_flesh": "Play_Imp_VoidGauntlet_Special",
		"mat_ice": "Play_Imp_VoidGauntlet_Special"
	},
	{
		"Name": "VoidGauntlet_Rupture",
		"mat_default": "Play_Imp_VoidGauntlet_Special",
		"mat_bark": "Play_Imp_VoidGauntlet_Special",
		"mat_dirt": "Play_Imp_VoidGauntlet_Special",
		"mat_fabric": "Play_Imp_VoidGauntlet_Special",
		"mat_glass": "Play_Imp_VoidGauntlet_Special",
		"mat_grass": "Play_Imp_VoidGauntlet_Special",
		"mat_metal": "Play_Imp_VoidGauntlet_Special",
		"mat_mud": "Play_Imp_VoidGauntlet_Special",
		"mat_rock": "Play_Imp_VoidGauntlet_Special",
		"mat_rock_wet": "Play_Imp_VoidGauntlet_Special",
		"mat_sand": "Play_Imp_VoidGauntlet_Special",
		"mat_sand_wet": "Play_Imp_VoidGauntlet_Special",
		"mat_thatch": "Play_Imp_VoidGauntlet_Special",
		"mat_water": "Play_Imp_VoidGauntlet_Special",
		"mat_water_deep": "Play_Imp_VoidGauntlet_Special",
		"mat_water_shallow": "Play_Imp_VoidGauntlet_Special",
		"mat_wood": "Play_Imp_VoidGauntlet_Special",
		"mat_corruption_core": "Play_Imp_VoidGauntlet_Special",
		"mat_corruption": "Play_Imp_VoidGauntlet_Special",
		"mat_holy_shield": "Play_Imp_LifeProj_HolyShield",
		"mat_Ice_Entomb": "Play_Imp_IceEntomb",
		"mat_flesh": "Play_Imp_VoidGauntlet_Special",
		"mat_ice": "Play_Imp_VoidGauntlet_Special"
	},
	{
		"Name": "VoidGauntlet_Proj+Crit",
		"mat_default": "Play_Imp_VoidGauntlet_Env",
		"mat_bark": "Play_Imp_VoidGauntlet_Env",
		"mat_dirt": "Play_Imp_VoidGauntlet_Env",
		"mat_fabric": "Play_Imp_VoidGauntlet_Env",
		"mat_glass": "Play_Imp_VoidGauntlet_Env",
		"mat_grass": "Play_Imp_VoidGauntlet_Env",
		"mat_metal": "Play_Imp_VoidGauntlet_Env",
		"mat_mud": "Play_Imp_VoidGauntlet_Env",
		"mat_rock": "Play_Imp_VoidGauntlet_Env",
		"mat_rock_wet": "Play_Imp_VoidGauntlet_Env",
		"mat_sand": "Play_Imp_VoidGauntlet_Env",
		"mat_sand_wet": "Play_Imp_VoidGauntlet_Env",
		"mat_thatch": "Play_Imp_VoidGauntlet_Env",
		"mat_water": "Play_Imp_VoidGauntlet_Env",
		"mat_water_deep": "Play_Imp_VoidGauntlet_Env",
		"mat_water_shallow": "Play_Imp_VoidGauntlet_Env",
		"mat_wood": "Play_Imp_VoidGauntlet_Env",
		"mat_corruption_core": "Play_Imp_VoidGauntlet_Env",
		"mat_corruption": "Play_Imp_VoidGauntlet_Env",
		"mat_holy_shield": "Play_Imp_LifeProj_HolyShield",
		"mat_Ice_Entomb": "Play_Imp_IceEntomb",
		"mat_flesh": "Play_Imp_VoidGauntlet",
		"mat_ice": "Play_Imp_VoidGauntlet"
	},
	{
		"Name": "VoidGauntlet_Blade+Crit",
		"mat_default": "Play_Imp_VoidGauntlet_Blade",
		"mat_bark": "Play_Imp_VoidGauntlet_Blade",
		"mat_dirt": "Play_Imp_VoidGauntlet_Blade",
		"mat_fabric": "Play_Imp_VoidGauntlet_Blade",
		"mat_glass": "Play_Imp_VoidGauntlet_Blade",
		"mat_grass": "Play_Imp_VoidGauntlet_Blade",
		"mat_metal": "Play_Imp_VoidGauntlet_Blade",
		"mat_mud": "Play_Imp_VoidGauntlet_Blade",
		"mat_rock": "Play_Imp_VoidGauntlet_Blade",
		"mat_rock_wet": "Play_Imp_VoidGauntlet_Blade",
		"mat_sand": "Play_Imp_VoidGauntlet_Blade",
		"mat_sand_wet": "Play_Imp_VoidGauntlet_Blade",
		"mat_thatch": "Play_Imp_VoidGauntlet_Blade",
		"mat_water": "Play_Imp_VoidGauntlet_Blade",
		"mat_water_deep": "Play_Imp_VoidGauntlet_Blade",
		"mat_water_shallow": "Play_Imp_VoidGauntlet_Blade",
		"mat_wood": "Play_Imp_VoidGauntlet_Blade",
		"mat_corruption_core": "Play_Imp_VoidGauntlet_Blade",
		"mat_corruption": "Play_Imp_VoidGauntlet_Blade",
		"mat_holy_shield": "Play_Imp_LifeProj_HolyShield",
		"mat_Ice_Entomb": "Play_Imp_IceEntomb",
		"mat_flesh": "Play_Imp_VoidGauntlet_Blade",
		"mat_ice": "Play_Imp_VoidGauntlet_Blade"
	},
	{
		"Name": "Blunderbuss",
		"mat_default": "Play_Imp_Bullet_Dirt",
		"mat_bark": "Play_Imp_Bullet_Wood",
		"mat_dirt": "Play_Imp_Bullet_Dirt",
		"mat_fabric": "Play_Imp_Bullet_Cloth",
		"mat_glass": "Play_Imp_Bullet_Stone",
		"mat_grass": "Play_Imp_Bullet_Grass",
		"mat_metal": "Play_Imp_Bullet_Metal",
		"mat_mud": "Play_Imp_Bullet_Dirt",
		"mat_rock": "Play_Imp_Bullet_Stone",
		"mat_rock_wet": "Play_Imp_Bullet_Stone",
		"mat_sand": "Play_Imp_Bullet_Sand",
		"mat_sand_wet": "Play_Imp_Bullet_Sand",
		"mat_thatch": "Play_Imp_Bullet_Dirt",
		"mat_water": "Play_Imp_GreatAxe_Water",
		"mat_water_deep": "Play_Imp_GreatAxe_Water",
		"mat_water_shallow": "Play_Imp_GreatAxe_Water",
		"mat_wood": "Play_Imp_Bullet_Wood",
		"mat_corruption_core": "Play_Imp_Corruption_Core",
		"mat_corruption": "Play_Imp_Corruption_Core",
		"mat_holy_shield": "Play_Imp_Proj_HolyShield",
		"mat_Ice_Entomb": "Play_Imp_IceEntomb",
		"mat_flesh": "Play_Imp_Bullet_Flesh",
		"mat_ice": "Play_Imp_Bullet_IceWall"
	},
	{
		"Name": "Blunderbuss_Claw",
		"mat_default": "Play_Imp_Bullet_Metal",
		"mat_bark": "Play_Imp_Bullet_Metal",
		"mat_dirt": "Play_Imp_Bullet_Metal",
		"mat_fabric": "Play_Imp_Bullet_Metal",
		"mat_glass": "Play_Imp_Bullet_Metal",
		"mat_grass": "Play_Imp_Bullet_Metal",
		"mat_metal": "Play_Imp_Bullet_Metal",
		"mat_mud": "Play_Imp_Bullet_Metal",
		"mat_rock": "Play_Imp_Bullet_Metal",
		"mat_rock_wet": "Play_Imp_Bullet_Metal",
		"mat_sand": "Play_Imp_Bullet_Metal",
		"mat_sand_wet": "Play_Imp_Bullet_Metal",
		"mat_thatch": "Play_Imp_Bullet_Metal",
		"mat_water": "Play_Imp_Bullet_Metal",
		"mat_water_deep": "Play_Imp_Bullet_Metal",
		"mat_water_shallow": "Play_Imp_Bullet_Metal",
		"mat_wood": "Play_Imp_Bullet_Metal",
		"mat_corruption_core": "Play_Imp_Bullet_Metal",
		"mat_corruption": "Play_Imp_Bullet_Metal",
		"mat_holy_shield": "Play_Imp_Proj_HolyShield",
		"mat_Ice_Entomb": "Play_Imp_IceEntomb",
		"mat_flesh": "Play_Imp_Bullet_Flesh",
		"mat_ice": "Play_Imp_Bullet_IceWall"
	},
	{
		"Name": "Blunderbuss_Net",
		"mat_default": "Play_Imp_Bullet_Cloth",
		"mat_bark": "Play_Imp_Bullet_Cloth",
		"mat_dirt": "Play_Imp_Bullet_Cloth",
		"mat_fabric": "Play_Imp_Bullet_Cloth",
		"mat_glass": "Play_Imp_Bullet_Cloth",
		"mat_grass": "Play_Imp_Bullet_Cloth",
		"mat_metal": "Play_Imp_Bullet_Cloth",
		"mat_mud": "Play_Imp_Bullet_Cloth",
		"mat_rock": "Play_Imp_Bullet_Cloth",
		"mat_rock_wet": "Play_Imp_Bullet_Cloth",
		"mat_sand": "Play_Imp_Bullet_Cloth",
		"mat_sand_wet": "Play_Imp_Bullet_Cloth",
		"mat_thatch": "Play_Imp_Bullet_Cloth",
		"mat_water": "Play_Imp_Bullet_Cloth",
		"mat_water_deep": "Play_Imp_Bullet_Cloth",
		"mat_water_shallow": "Play_Imp_Bullet_Cloth",
		"mat_wood": "Play_Imp_Bullet_Cloth",
		"mat_corruption_core": "Play_Imp_Bullet_Cloth",
		"mat_corruption": "Play_Imp_Bullet_Cloth",
		"mat_holy_shield": "Play_Imp_Proj_HolyShield",
		"mat_Ice_Entomb": "Play_Imp_IceEntomb",
		"mat_flesh": "Play_Imp_Bullet_Flesh",
		"mat_ice": "Play_Imp_Bullet_IceWall"
	},
	{
		"Name": "Blunderbuss_Net_Barbed",
		"mat_default": "Play_Imp_Bullet_Stone",
		"mat_bark": "Play_Imp_Bullet_Stone",
		"mat_dirt": "Play_Imp_Bullet_Stone",
		"mat_fabric": "Play_Imp_Bullet_Stone",
		"mat_glass": "Play_Imp_Bullet_Stone",
		"mat_grass": "Play_Imp_Bullet_Stone",
		"mat_metal": "Play_Imp_Bullet_Stone",
		"mat_mud": "Play_Imp_Bullet_Stone",
		"mat_rock": "Play_Imp_Bullet_Stone",
		"mat_rock_wet": "Play_Imp_Bullet_Stone",
		"mat_sand": "Play_Imp_Bullet_Stone",
		"mat_sand_wet": "Play_Imp_Bullet_Stone",
		"mat_thatch": "Play_Imp_Bullet_Stone",
		"mat_water": "Play_Imp_Bullet_Stone",
		"mat_water_deep": "Play_Imp_Bullet_Stone",
		"mat_water_shallow": "Play_Imp_Bullet_Stone",
		"mat_wood": "Play_Imp_Bullet_Stone",
		"mat_corruption_core": "Play_Imp_Bullet_Stone",
		"mat_corruption": "Play_Imp_Bullet_Stone",
		"mat_holy_shield": "Play_Imp_Proj_HolyShield",
		"mat_Ice_Entomb": "Play_Imp_IceEntomb",
		"mat_flesh": "Play_Imp_Bullet_Flesh",
		"mat_ice": "Play_Imp_Bullet_IceWall"
	},
	{
		"Name": "Blunderbuss_Shrapnel",
		"mat_default": "Play_Imp_Bullet_Dirt",
		"mat_bark": "Play_Imp_Bullet_Wood",
		"mat_dirt": "Play_Imp_Bullet_Dirt",
		"mat_fabric": "Play_Imp_Bullet_Cloth",
		"mat_glass": "Play_Imp_Bullet_Stone",
		"mat_grass": "Play_Imp_Bullet_Grass",
		"mat_metal": "Play_Imp_Bullet_Metal",
		"mat_mud": "Play_Imp_Bullet_Dirt",
		"mat_rock": "Play_Imp_Bullet_Stone",
		"mat_rock_wet": "Play_Imp_Bullet_Stone",
		"mat_sand": "Play_Imp_Bullet_Sand",
		"mat_sand_wet": "Play_Imp_Bullet_Sand",
		"mat_thatch": "Play_Imp_Bullet_Dirt",
		"mat_water": "Play_Imp_GreatAxe_Water",
		"mat_water_deep": "Play_Imp_GreatAxe_Water",
		"mat_water_shallow": "Play_Imp_GreatAxe_Water",
		"mat_wood": "Play_Imp_Bullet_Wood",
		"mat_corruption_core": "Play_Imp_Corruption_Core",
		"mat_corruption": "Play_Imp_Corruption_Core",
		"mat_holy_shield": "Play_Imp_Proj_HolyShield",
		"mat_Ice_Entomb": "Play_Imp_IceEntomb",
		"mat_flesh": "Play_Imp_Bullet_Flesh",
		"mat_ice": "Play_Imp_Bullet_IceWall"
	},
	{
		"Name": "Greatsword",
		"mat_default": "Play_Imp_PunchUnarmed_Dirt",
		"mat_bark": "Play_Imp_GreatAxe_Wood",
		"mat_dirt": "Play_Imp_GreatAxe_Dirt",
		"mat_fabric": "Play_Imp_SwordWood_Cloth",
		"mat_glass": "Play_Imp_GreatAxe_Stone",
		"mat_grass": "Play_Imp_GreatAxe_Dirt",
		"mat_metal": "Play_Imp_GreatAxe_Metal",
		"mat_mud": "Play_Imp_GreatAxe_Dirt",
		"mat_rock": "Play_Imp_GreatAxe_Stone",
		"mat_rock_wet": "Play_Imp_GreatAxe_Stone",
		"mat_sand": "Play_Imp_GreatAxe_Dirt",
		"mat_sand_wet": "Play_Imp_GreatAxe_Dirt",
		"mat_thatch": "Play_Imp_GreatAxe_Wood",
		"mat_water": "Play_Imp_GreatAxe_Water",
		"mat_water_deep": "Play_Imp_GreatAxe_Water",
		"mat_water_shallow": "Play_Imp_GreatAxe_Water",
		"mat_wood": "Play_Imp_GreatAxe_Wood",
		"mat_corruption_core": "Play_Imp_Corruption_Core",
		"mat_corruption": "Play_Imp_Corruption_Core",
		"mat_holy_shield": "Play_Imp_Proj_HolyShield",
		"mat_Ice_Entomb": "Play_Imp_IceEntomb",
		"mat_flesh": "Play_Imp_GreatAxe_Flesh",
		"mat_ice": "Play_Imp_GreatAxe_IceWall"
	},
	{
		"Name": "Greatsword+Crit",
		"mat_default": "Play_Imp_PunchUnarmed_Dirt",
		"mat_bark": "Play_Imp_GreatAxe_Wood",
		"mat_dirt": "Play_Imp_GreatAxe_Dirt",
		"mat_fabric": "Play_Imp_SwordWood_Cloth",
		"mat_glass": "Play_Imp_GreatAxe_Stone",
		"mat_grass": "Play_Imp_GreatAxe_Dirt",
		"mat_metal": "Play_Imp_GreatAxe_Metal",
		"mat_mud": "Play_Imp_GreatAxe_Dirt",
		"mat_rock": "Play_Imp_GreatAxe_Stone",
		"mat_rock_wet": "Play_Imp_GreatAxe_Stone",
		"mat_sand": "Play_Imp_GreatAxe_Dirt",
		"mat_sand_wet": "Play_Imp_GreatAxe_Dirt",
		"mat_thatch": "Play_Imp_GreatAxe_Wood",
		"mat_water": "Play_Imp_GreatAxe_Water",
		"mat_water_deep": "Play_Imp_GreatAxe_Water",
		"mat_water_shallow": "Play_Imp_GreatAxe_Water",
		"mat_wood": "Play_Imp_GreatAxe_Wood",
		"mat_corruption_core": "Play_Imp_Corruption_Core",
		"mat_corruption": "Play_Imp_Corruption_Core",
		"mat_holy_shield": "Play_Imp_Proj_HolyShield",
		"mat_Ice_Entomb": "Play_Imp_IceEntomb",
		"mat_flesh": "Play_Imp_GreatAxe_Flesh",
		"mat_ice": "Play_Imp_GreatAxe_IceWall"
	},
	{
		"Name": "Greatsword_Heavy",
		"mat_default": "Play_Imp_PunchUnarmed_Dirt",
		"mat_bark": "Play_Imp_GreatAxe_Wood",
		"mat_dirt": "Play_Imp_GreatAxe_Dirt",
		"mat_fabric": "Play_Imp_SwordWood_Cloth",
		"mat_glass": "Play_Imp_GreatAxe_Stone",
		"mat_grass": "Play_Imp_GreatAxe_Dirt",
		"mat_metal": "Play_Imp_GreatAxe_Metal",
		"mat_mud": "Play_Imp_GreatAxe_Dirt",
		"mat_rock": "Play_Imp_GreatAxe_Stone",
		"mat_rock_wet": "Play_Imp_GreatAxe_Stone",
		"mat_sand": "Play_Imp_GreatAxe_Dirt",
		"mat_sand_wet": "Play_Imp_GreatAxe_Dirt",
		"mat_thatch": "Play_Imp_GreatAxe_Wood",
		"mat_water": "Play_Imp_GreatAxe_Water",
		"mat_water_deep": "Play_Imp_GreatAxe_Water",
		"mat_water_shallow": "Play_Imp_GreatAxe_Water",
		"mat_wood": "Play_Imp_GreatAxe_Wood",
		"mat_corruption_core": "Play_Imp_Corruption_Core",
		"mat_corruption": "Play_Imp_Corruption_Core",
		"mat_holy_shield": "Play_Imp_Proj_HolyShield",
		"mat_Ice_Entomb": "Play_Imp_IceEntomb",
		"mat_flesh": "Play_Imp_GreatAxe_Flesh",
		"mat_ice": "Play_Imp_GreatAxe_IceWall"
	},
	{
		"Name": "Flail",
		"mat_default": "Play_Imp_1H_Flail_Dirt",
		"mat_bark": "Play_Imp_1H_Flail_Wood",
		"mat_dirt": "Play_Imp_1H_Flail_Dirt",
		"mat_fabric": "Play_Imp_1H_Flail_Cloth",
		"mat_glass": "Play_Imp_1H_Flail_Stone",
		"mat_grass": "Play_Imp_1H_Flail_Grass",
		"mat_metal": "Play_Imp_1H_Flail_Metal",
		"mat_mud": "Play_Imp_1H_Flail_Mud",
		"mat_rock": "Play_Imp_1H_Flail_Stone",
		"mat_rock_wet": "Play_Imp_1H_Flail_Stone",
		"mat_sand": "Play_Imp_1H_Flail_Sand",
		"mat_sand_wet": "Play_Imp_1H_Flail_Sand",
		"mat_thatch": "Play_Imp_1H_Flail_Dirt",
		"mat_water": "Play_Imp_1H_Flail_Water",
		"mat_water_deep": "Play_Imp_1H_Flail_Water",
		"mat_water_shallow": "Play_Imp_1H_Flail_Water",
		"mat_wood": "Play_Imp_1H_Flail_Wood",
		"mat_corruption_core": "Play_Imp_Corruption_Core",
		"mat_corruption": "Play_Imp_Corruption_Core",
		"mat_holy_shield": "Play_Imp_Proj_HolyShield",
		"mat_Ice_Entomb": "Play_Imp_IceEntomb",
		"mat_flesh": "Play_Imp_1H_Flail_Flesh",
		"mat_ice": "Play_Imp_1H_Flail_IceWall"
	},
	{
		"Name": "Flail_No_Environment",
		"mat_default": "Play_Imp_1H_Flail_Dirt",
		"mat_bark": "Play_Imp_1H_Flail_Wood",
		"mat_dirt": "Play_Imp_1H_Flail_Dirt",
		"mat_fabric": "Play_Imp_1H_Flail_Cloth",
		"mat_glass": "Play_Imp_1H_Flail_Stone",
		"mat_grass": "Play_Imp_1H_Flail_Grass",
		"mat_metal": "Play_Imp_1H_Flail_Metal",
		"mat_mud": "Play_Imp_1H_Flail_Mud",
		"mat_rock": "Play_Imp_1H_Flail_Stone",
		"mat_rock_wet": "Play_Imp_1H_Flail_Stone",
		"mat_sand": "Play_Imp_1H_Flail_Sand",
		"mat_sand_wet": "Play_Imp_1H_Flail_Sand",
		"mat_thatch": "Play_Imp_1H_Flail_Dirt",
		"mat_water": "Play_Imp_1H_Flail_Water",
		"mat_water_deep": "Play_Imp_1H_Flail_Water",
		"mat_water_shallow": "Play_Imp_1H_Flail_Water",
		"mat_wood": "Play_Imp_1H_Flail_Wood",
		"mat_corruption_core": "Play_Imp_Corruption_Core",
		"mat_corruption": "Play_Imp_Corruption_Core",
		"mat_holy_shield": "Play_Imp_Proj_HolyShield",
		"mat_Ice_Entomb": "Play_Imp_IceEntomb",
		"mat_flesh": "Play_Imp_1H_Flail_Flesh",
		"mat_ice": "Play_Imp_1H_Flail_IceWall"
	},
	{
		"Name": "Flail+Crit",
		"mat_default": "Play_Imp_1H_Flail_Dirt",
		"mat_bark": "Play_Imp_1H_Flail_Wood",
		"mat_dirt": "Play_Imp_1H_Flail_Dirt",
		"mat_fabric": "Play_Imp_1H_Flail_Cloth",
		"mat_glass": "Play_Imp_1H_Flail_Stone",
		"mat_grass": "Play_Imp_1H_Flail_Grass",
		"mat_metal": "Play_Imp_1H_Flail_Metal",
		"mat_mud": "Play_Imp_1H_Flail_Mud",
		"mat_rock": "Play_Imp_1H_Flail_Stone",
		"mat_rock_wet": "Play_Imp_1H_Flail_Stone",
		"mat_sand": "Play_Imp_1H_Flail_Sand",
		"mat_sand_wet": "Play_Imp_1H_Flail_Sand",
		"mat_thatch": "Play_Imp_1H_Flail_Dirt",
		"mat_water": "Play_Imp_1H_Flail_Water",
		"mat_water_deep": "Play_Imp_1H_Flail_Water",
		"mat_water_shallow": "Play_Imp_1H_Flail_Water",
		"mat_wood": "Play_Imp_1H_Flail_Wood",
		"mat_corruption_core": "Play_Imp_Corruption_Core",
		"mat_corruption": "Play_Imp_Corruption_Core",
		"mat_holy_shield": "Play_Imp_Proj_HolyShield",
		"mat_Ice_Entomb": "Play_Imp_IceEntomb",
		"mat_flesh": "Play_Imp_1H_Flail_Flesh",
		"mat_ice": "Play_Imp_1H_Flail_IceWall"
	},
	{
		"Name": "Flail_No_Environment+Crit",
		"mat_default": "Play_Imp_1H_Flail_Dirt",
		"mat_bark": "Play_Imp_1H_Flail_Wood",
		"mat_dirt": "Play_Imp_1H_Flail_Dirt",
		"mat_fabric": "Play_Imp_1H_Flail_Cloth",
		"mat_glass": "Play_Imp_1H_Flail_Stone",
		"mat_grass": "Play_Imp_1H_Flail_Grass",
		"mat_metal": "Play_Imp_1H_Flail_Metal",
		"mat_mud": "Play_Imp_1H_Flail_Mud",
		"mat_rock": "Play_Imp_1H_Flail_Stone",
		"mat_rock_wet": "Play_Imp_1H_Flail_Stone",
		"mat_sand": "Play_Imp_1H_Flail_Sand",
		"mat_sand_wet": "Play_Imp_1H_Flail_Sand",
		"mat_thatch": "Play_Imp_1H_Flail_Dirt",
		"mat_water": "Play_Imp_1H_Flail_Water",
		"mat_water_deep": "Play_Imp_1H_Flail_Water",
		"mat_water_shallow": "Play_Imp_1H_Flail_Water",
		"mat_wood": "Play_Imp_1H_Flail_Wood",
		"mat_corruption_core": "Play_Imp_Corruption_Core",
		"mat_corruption": "Play_Imp_Corruption_Core",
		"mat_holy_shield": "Play_Imp_Proj_HolyShield",
		"mat_Ice_Entomb": "Play_Imp_IceEntomb",
		"mat_flesh": "Play_Imp_1H_Flail_Flesh",
		"mat_ice": "Play_Imp_1H_Flail_IceWall"
	},
	{
		"Name": "Flail_Heavy",
		"mat_default": "Play_Imp_1H_Flail_Dirt",
		"mat_bark": "Play_Imp_1H_Flail_Wood",
		"mat_dirt": "Play_Imp_1H_Flail_Dirt",
		"mat_fabric": "Play_Imp_1H_Flail_Cloth",
		"mat_glass": "Play_Imp_1H_Flail_Stone",
		"mat_grass": "Play_Imp_1H_Flail_Grass",
		"mat_metal": "Play_Imp_1H_Flail_Metal",
		"mat_mud": "Play_Imp_1H_Flail_Mud",
		"mat_rock": "Play_Imp_1H_Flail_Stone",
		"mat_rock_wet": "Play_Imp_1H_Flail_Stone",
		"mat_sand": "Play_Imp_1H_Flail_Sand",
		"mat_sand_wet": "Play_Imp_1H_Flail_Sand",
		"mat_thatch": "Play_Imp_1H_Flail_Dirt",
		"mat_water": "Play_Imp_1H_Flail_Water",
		"mat_water_deep": "Play_Imp_1H_Flail_Water",
		"mat_water_shallow": "Play_Imp_1H_Flail_Water",
		"mat_wood": "Play_Imp_1H_Flail_Wood",
		"mat_corruption_core": "Play_Imp_Corruption_Core",
		"mat_corruption": "Play_Imp_Corruption_Core",
		"mat_holy_shield": "Play_Imp_Proj_HolyShield",
		"mat_Ice_Entomb": "Play_Imp_IceEntomb",
		"mat_flesh": "Play_Imp_1H_Flail_Flesh",
		"mat_ice": "Play_Imp_1H_Flail_IceWall"
	},
	{
		"Name": "Megaflora_PetalProjectile",
		"mat_default": "Play_Imp_PetalProjectile_Env",
		"mat_bark": "Play_Imp_PetalProjectile_Env",
		"mat_dirt": "Play_Imp_PetalProjectile_Env",
		"mat_fabric": "Play_Imp_PetalProjectile_Env",
		"mat_glass": "Play_Imp_PetalProjectile_Env",
		"mat_grass": "Play_Imp_PetalProjectile_Env",
		"mat_metal": "Play_Imp_PetalProjectile_Env",
		"mat_mud": "Play_Imp_PetalProjectile_Env",
		"mat_rock": "Play_Imp_PetalProjectile_Env",
		"mat_rock_wet": "Play_Imp_PetalProjectile_Env",
		"mat_sand": "Play_Imp_PetalProjectile_Env",
		"mat_sand_wet": "Play_Imp_PetalProjectile_Env",
		"mat_thatch": "Play_Imp_PetalProjectile_Env",
		"mat_water": "Play_Imp_PetalProjectile_Env",
		"mat_water_deep": "Play_Imp_PetalProjectile_Env",
		"mat_water_shallow": "Play_Imp_PetalProjectile_Env",
		"mat_wood": "Play_Imp_PetalProjectile_Env",
		"mat_corruption_core": "Play_Imp_PetalProjectile_Env",
		"mat_corruption": "Play_Imp_PetalProjectile_Env",
		"mat_holy_shield": "Play_Imp_Proj_HolyShield",
		"mat_Ice_Entomb": "Play_Imp_IceEntomb",
		"mat_flesh": "Play_Imp_PetalProjectile_Env",
		"mat_ice": "Play_Imp_PetalProjectile_Env"
	},
	{
		"Name": "Mammoth_Lob",
		"mat_default": "Play_Imp_Rock_Env",
		"mat_bark": "Play_Imp_Rock_Env",
		"mat_dirt": "Play_Imp_Rock_Env",
		"mat_fabric": "Play_Imp_Rock_Env",
		"mat_glass": "Play_Imp_Rock_Env",
		"mat_grass": "Play_Imp_Rock_Env",
		"mat_metal": "Play_Imp_Rock_Env",
		"mat_mud": "Play_Imp_Rock_Env",
		"mat_rock": "Play_Imp_Rock_Env",
		"mat_rock_wet": "Play_Imp_Rock_Env",
		"mat_sand": "Play_Imp_Rock_Env",
		"mat_sand_wet": "Play_Imp_Rock_Env",
		"mat_thatch": "Play_Imp_Rock_Env",
		"mat_water": "Play_Imp_Rock_Env",
		"mat_water_deep": "Play_Imp_Rock_Env",
		"mat_water_shallow": "Play_Imp_Rock_Env",
		"mat_wood": "Play_Imp_Rock_Env",
		"mat_corruption_core": "Play_Imp_Rock_Env",
		"mat_corruption": "Play_Imp_Rock_Env",
		"mat_holy_shield": "Play_Imp_Proj_HolyShield",
		"mat_Ice_Entomb": "Play_Imp_IceEntomb",
		"mat_flesh": "Play_Imp_Rock_Env",
		"mat_ice": "Play_Imp_Rock_Env"
	},
	{
		"Name": "Mammoth_Shock",
		"mat_default": "Play_Imp_Shock",
		"mat_bark": "Play_Imp_Shock",
		"mat_dirt": "Play_Imp_Shock",
		"mat_fabric": "Play_Imp_Shock",
		"mat_glass": "Play_Imp_Shock",
		"mat_grass": "Play_Imp_Shock",
		"mat_metal": "Play_Imp_Shock",
		"mat_mud": "Play_Imp_Shock",
		"mat_rock": "Play_Imp_Shock",
		"mat_rock_wet": "Play_Imp_Shock",
		"mat_sand": "Play_Imp_Shock",
		"mat_sand_wet": "Play_Imp_Shock",
		"mat_thatch": "Play_Imp_Shock",
		"mat_water": "Play_Imp_Shock",
		"mat_water_deep": "Play_Imp_Shock",
		"mat_water_shallow": "Play_Imp_Shock",
		"mat_wood": "Play_Imp_Shock",
		"mat_corruption_core": "Play_Imp_Shock",
		"mat_corruption": "Play_Imp_Shock",
		"mat_holy_shield": "Play_Imp_Proj_HolyShield",
		"mat_Ice_Entomb": "Play_Imp_IceEntomb",
		"mat_flesh": "Play_Imp_Shock",
		"mat_ice": "Play_Imp_Shock"
	},
	{
		"Name": "Mammoth_LavaToss",
		"mat_default": "Play_Imp_LavaRock_Env",
		"mat_bark": "Play_Imp_LavaRock_Env",
		"mat_dirt": "Play_Imp_LavaRock_Env",
		"mat_fabric": "Play_Imp_LavaRock_Env",
		"mat_glass": "Play_Imp_LavaRock_Env",
		"mat_grass": "Play_Imp_LavaRock_Env",
		"mat_metal": "Play_Imp_LavaRock_Env",
		"mat_mud": "Play_Imp_LavaRock_Env",
		"mat_rock": "Play_Imp_LavaRock_Env",
		"mat_rock_wet": "Play_Imp_LavaRock_Env",
		"mat_sand": "Play_Imp_LavaRock_Env",
		"mat_sand_wet": "Play_Imp_LavaRock_Env",
		"mat_thatch": "Play_Imp_LavaRock_Env",
		"mat_water": "Play_Imp_LavaRock_Env",
		"mat_water_deep": "Play_Imp_LavaRock_Env",
		"mat_water_shallow": "Play_Imp_LavaRock_Env",
		"mat_wood": "Play_Imp_LavaRock_Env",
		"mat_corruption_core": "Play_Imp_LavaRock_Env",
		"mat_corruption": "Play_Imp_LavaRock_Env",
		"mat_holy_shield": "Play_Imp_Proj_HolyShield",
		"mat_Ice_Entomb": "Play_Imp_IceEntomb",
		"mat_flesh": "Play_Imp_LavaRock_Env",
		"mat_ice": "Play_Imp_LavaRock_Env"
	},
	{
		"Name": "Medusa_SlashPoison",
		"mat_default": "Play_Imp_Medusa_ShashPoison_Env",
		"mat_bark": "Play_Imp_Medusa_ShashPoison_Env",
		"mat_dirt": "Play_Imp_Medusa_ShashPoison_Env",
		"mat_fabric": "Play_Imp_Medusa_ShashPoison_Env",
		"mat_glass": "Play_Imp_Medusa_ShashPoison_Env",
		"mat_grass": "Play_Imp_Medusa_ShashPoison_Env",
		"mat_metal": "Play_Imp_Medusa_ShashPoison_Env",
		"mat_mud": "Play_Imp_Medusa_ShashPoison_Env",
		"mat_rock": "Play_Imp_Medusa_ShashPoison_Env",
		"mat_rock_wet": "Play_Imp_Medusa_ShashPoison_Env",
		"mat_sand": "Play_Imp_Medusa_ShashPoison_Env",
		"mat_sand_wet": "Play_Imp_Medusa_ShashPoison_Env",
		"mat_thatch": "Play_Imp_Medusa_ShashPoison_Env",
		"mat_water": "Play_Imp_Medusa_ShashPoison_Env",
		"mat_water_deep": "Play_Imp_Medusa_ShashPoison_Env",
		"mat_water_shallow": "Play_Imp_Medusa_ShashPoison_Env",
		"mat_wood": "Play_Imp_Medusa_ShashPoison_Env",
		"mat_corruption_core": "Play_Imp_Corruption_Core",
		"mat_corruption": "Play_Imp_Corruption_Core",
		"mat_holy_shield": "Play_Imp_Proj_HolyShield",
		"mat_Ice_Entomb": "Play_Imp_IceEntomb",
		"mat_flesh": "Play_Imp_Corruption_Core",
		"mat_ice": "Play_Imp_Medusa_ShashPoison_Env"
	},
	{
		"Name": "Medusa_Charge",
		"mat_default": "Play_Imp_Medusa_Charge_Env",
		"mat_bark": "Play_Imp_Medusa_Charge_Env",
		"mat_dirt": "Play_Imp_Medusa_Charge_Env",
		"mat_fabric": "Play_Imp_Medusa_Charge_Env",
		"mat_glass": "Play_Imp_Medusa_Charge_Env",
		"mat_grass": "Play_Imp_Medusa_Charge_Env",
		"mat_metal": "Play_Imp_Medusa_Charge_Env",
		"mat_mud": "Play_Imp_Medusa_Charge_Env",
		"mat_rock": "Play_Imp_Medusa_Charge_Env",
		"mat_rock_wet": "Play_Imp_Medusa_Charge_Env",
		"mat_sand": "Play_Imp_Medusa_Charge_Env",
		"mat_sand_wet": "Play_Imp_Medusa_Charge_Env",
		"mat_thatch": "Play_Imp_Medusa_Charge_Env",
		"mat_water": "Play_Imp_Medusa_Charge_Env",
		"mat_water_deep": "Play_Imp_Medusa_Charge_Env",
		"mat_water_shallow": "Play_Imp_Medusa_Charge_Env",
		"mat_wood": "Play_Imp_Medusa_Charge_Env",
		"mat_corruption_core": "Play_Imp_Corruption_Core",
		"mat_corruption": "Play_Imp_Corruption_Core",
		"mat_holy_shield": "Play_Imp_Proj_HolyShield",
		"mat_Ice_Entomb": "Play_Imp_IceEntomb",
		"mat_flesh": "Play_Imp_Corruption_Core",
		"mat_ice": "Play_Imp_Medusa_Charge_Env"
	},
	{
		"Name": "Kurok_Nature_RipperProjectile",
		"mat_default": "Play_Imp_Kurok_Nature_RipperProjectile_Env",
		"mat_bark": "Play_Imp_Kurok_Nature_RipperProjectile_Env",
		"mat_dirt": "Play_Imp_Kurok_Nature_RipperProjectile_Env",
		"mat_fabric": "Play_Imp_Kurok_Nature_RipperProjectile_Env",
		"mat_glass": "Play_Imp_Kurok_Nature_RipperProjectile_Env",
		"mat_grass": "Play_Imp_Kurok_Nature_RipperProjectile_Env",
		"mat_metal": "Play_Imp_Kurok_Nature_RipperProjectile_Env",
		"mat_mud": "Play_Imp_Kurok_Nature_RipperProjectile_Env",
		"mat_rock": "Play_Imp_Kurok_Nature_RipperProjectile_Env",
		"mat_rock_wet": "Play_Imp_Kurok_Nature_RipperProjectile_Env",
		"mat_sand": "Play_Imp_Kurok_Nature_RipperProjectile_Env",
		"mat_sand_wet": "Play_Imp_Kurok_Nature_RipperProjectile_Env",
		"mat_thatch": "Play_Imp_Kurok_Nature_RipperProjectile_Env",
		"mat_water": "Play_Imp_Kurok_Nature_RipperProjectile_Env",
		"mat_water_deep": "Play_Imp_Kurok_Nature_RipperProjectile_Env",
		"mat_water_shallow": "Play_Imp_Kurok_Nature_RipperProjectile_Env",
		"mat_wood": "Play_Imp_Kurok_Nature_RipperProjectile_Env",
		"mat_corruption_core": "Play_Imp_Kurok_Nature_RipperProjectile_Env",
		"mat_corruption": "Play_Imp_Kurok_Nature_RipperProjectile_Env",
		"mat_holy_shield": "Play_Imp_Proj_HolyShield",
		"mat_Ice_Entomb": "Play_Imp_IceEntomb",
		"mat_flesh": "Play_Imp_Kurok_Nature_RipperProjectile_Env",
		"mat_ice": "Play_Imp_Kurok_Nature_RipperProjectile_Env"
	},
	{
		"Name": "Mordred_ManiFistAtion",
		"mat_default": "Play_Imp_Mordred_ManiFistAtion",
		"mat_bark": "Play_Imp_Mordred_ManiFistAtion",
		"mat_dirt": "Play_Imp_Mordred_ManiFistAtion",
		"mat_fabric": "Play_Imp_Mordred_ManiFistAtion",
		"mat_glass": "Play_Imp_Mordred_ManiFistAtion",
		"mat_grass": "Play_Imp_Mordred_ManiFistAtion",
		"mat_metal": "Play_Imp_Mordred_ManiFistAtion",
		"mat_mud": "Play_Imp_Mordred_ManiFistAtion",
		"mat_rock": "Play_Imp_Mordred_ManiFistAtion",
		"mat_rock_wet": "Play_Imp_Mordred_ManiFistAtion",
		"mat_sand": "Play_Imp_Mordred_ManiFistAtion",
		"mat_sand_wet": "Play_Imp_Mordred_ManiFistAtion",
		"mat_thatch": "Play_Imp_Mordred_ManiFistAtion",
		"mat_water": "Play_Imp_Mordred_ManiFistAtion",
		"mat_water_deep": "Play_Imp_Mordred_ManiFistAtion",
		"mat_water_shallow": "Play_Imp_Mordred_ManiFistAtion",
		"mat_wood": "Play_Imp_Mordred_ManiFistAtion",
		"mat_corruption_core": "Play_Imp_Mordred_ManiFistAtion",
		"mat_corruption": "Play_Imp_Mordred_ManiFistAtion",
		"mat_holy_shield": "Play_Imp_Proj_HolyShield",
		"mat_Ice_Entomb": "Play_Imp_IceEntomb",
		"mat_flesh": "Play_Imp_Mordred_ManiFistAtion",
		"mat_ice": "Play_Imp_Mordred_ManiFistAtion"
	}
]