[
	{
		"Name": "Default",
		"mat_default": "EnvironmentDefault",
		"mat_bark": "EnvironmentWood",
		"mat_dirt": "EnvironmentDirt",
		"mat_fabric": "EnvironmentFabric",
		"mat_glass": "EnvironmentRock",
		"mat_grass": "EnvironmentDefault",
		"mat_metal": "EnvironmentMetal",
		"mat_mud": "EnvironmentDefault",
		"mat_rock": "EnvironmentRock",
		"mat_rock_wet": "EnvironmentRock",
		"mat_sand": "EnvironmentDefault",
		"mat_sand_wet": "EnvironmentDefault",
		"mat_thatch": "EnvironmentDefault",
		"mat_water": "EnvironmentWater",
		"mat_water_deep": "EnvironmentWater",
		"mat_water_shallow": "EnvironmentWater",
		"mat_wood": "EnvironmentWood",
		"mat_corruption_core": "EnvironmentCorruptionCore",
		"mat_corruption": "EnvironmentCorruptionCore",
		"mat_holy_shield": "HolyShield_Proj",
		"mat_ice_entomb": "EnvironmentRock"
	},
	{
		"Name": "Default+Crit",
		"mat_default": "EnvironmentDefault",
		"mat_bark": "EnvironmentWood",
		"mat_dirt": "EnvironmentDirt",
		"mat_fabric": "EnvironmentFabric",
		"mat_glass": "EnvironmentRock",
		"mat_grass": "EnvironmentDefault",
		"mat_metal": "EnvironmentMetal",
		"mat_mud": "EnvironmentDefault",
		"mat_rock": "EnvironmentRock",
		"mat_rock_wet": "EnvironmentRock",
		"mat_sand": "EnvironmentDefault",
		"mat_sand_wet": "EnvironmentDefault",
		"mat_thatch": "EnvironmentDefault",
		"mat_water": "EnvironmentWater",
		"mat_water_deep": "EnvironmentWater",
		"mat_water_shallow": "EnvironmentWater",
		"mat_wood": "EnvironmentWood",
		"mat_corruption_core": "EnvironmentCorruptionCore",
		"mat_corruption": "EnvironmentCorruptionCore",
		"mat_holy_shield": "HolyShield_Proj",
		"mat_ice_entomb": "EnvironmentRock"
	},
	{
		"Name": "Sword",
		"mat_default": "EnvironmentSwordDirt",
		"mat_bark": "EnvironmentSwordWood",
		"mat_dirt": "EnvironmentSwordDirt",
		"mat_fabric": "EnvironmentSwordFabric",
		"mat_glass": "EnvironmentSwordRock",
		"mat_grass": "EnvironmentSwordGrass",
		"mat_metal": "EnvironmentSwordMetal",
		"mat_mud": "EnvironmentSwordDirt",
		"mat_rock": "EnvironmentSwordRock",
		"mat_rock_wet": "EnvironmentSwordRock",
		"mat_sand": "EnvironmentSwordSand",
		"mat_sand_wet": "EnvironmentSwordSand",
		"mat_thatch": "EnvironmentSwordDirt",
		"mat_water": "EnvironmentSwordWater",
		"mat_water_deep": "EnvironmentSwordWater",
		"mat_water_shallow": "EnvironmentSwordWater",
		"mat_wood": "EnvironmentSwordWood",
		"mat_corruption_core": "EnvironmentCorruptionCore",
		"mat_corruption": "EnvironmentCorruptionCore",
		"mat_holy_shield": "HolyShield_Proj",
		"mat_ice_entomb": "EnvironmentSwordRock"
	},
	{
		"Name": "Sword_Fleche",
		"mat_default": "NoEnvironment",
		"mat_bark": "NoEnvironment",
		"mat_dirt": "NoEnvironment",
		"mat_fabric": "NoEnvironment",
		"mat_glass": "NoEnvironment",
		"mat_grass": "NoEnvironment",
		"mat_metal": "NoEnvironment",
		"mat_mud": "NoEnvironment",
		"mat_rock": "NoEnvironment",
		"mat_rock_wet": "NoEnvironment",
		"mat_sand": "NoEnvironment",
		"mat_sand_wet": "NoEnvironment",
		"mat_thatch": "NoEnvironment",
		"mat_water": "NoEnvironment",
		"mat_water_deep": "NoEnvironment",
		"mat_water_shallow": "NoEnvironment",
		"mat_wood": "NoEnvironment",
		"mat_corruption_core": "NoEnvironment",
		"mat_corruption": "NoEnvironment",
		"mat_holy_shield": "NoEnvironment",
		"mat_ice_entomb": "NoEnvironment"
	},
	{
		"Name": "Sword+Crit",
		"mat_default": "EnvironmentDefault",
		"mat_bark": "EnvironmentSwordWood",
		"mat_dirt": "EnvironmentSwordDirt",
		"mat_fabric": "EnvironmentSwordFabric",
		"mat_glass": "EnvironmentSwordRock",
		"mat_grass": "EnvironmentSwordGrass",
		"mat_metal": "EnvironmentSwordMetal",
		"mat_mud": "EnvironmentSwordDirt",
		"mat_rock": "EnvironmentSwordRock",
		"mat_rock_wet": "EnvironmentSwordRock",
		"mat_sand": "EnvironmentSwordSand",
		"mat_sand_wet": "EnvironmentSwordSand",
		"mat_thatch": "EnvironmentSwordDirt",
		"mat_water": "EnvironmentSwordWater",
		"mat_water_deep": "EnvironmentSwordWater",
		"mat_water_shallow": "EnvironmentSwordWater",
		"mat_wood": "EnvironmentSwordWood",
		"mat_corruption_core": "EnvironmentCorruptionCore",
		"mat_corruption": "EnvironmentCorruptionCore",
		"mat_holy_shield": "HolyShield_Proj",
		"mat_ice_entomb": "EnvironmentSwordRock"
	},
	{
		"Name": "Club",
		"mat_default": "EnvironmentClubDirt",
		"mat_bark": "EnvironmentClubWood",
		"mat_dirt": "EnvironmentClubDirt",
		"mat_fabric": "EnvironmentClubFabric",
		"mat_glass": "EnvironmentClubRock",
		"mat_grass": "EnvironmentClubGrass",
		"mat_metal": "EnvironmentClubMetal",
		"mat_mud": "EnvironmentClubDirt",
		"mat_rock": "EnvironmentClubRock",
		"mat_rock_wet": "EnvironmentClubRock",
		"mat_sand": "EnvironmentClubSand",
		"mat_sand_wet": "EnvironmentClubSand",
		"mat_thatch": "EnvironmentClubDirt",
		"mat_water": "EnvironmentWater",
		"mat_water_deep": "EnvironmentWater",
		"mat_water_shallow": "EnvironmentWater",
		"mat_wood": "EnvironmentClubWood",
		"mat_corruption_core": "EnvironmentCorruptionCore",
		"mat_corruption": "EnvironmentCorruptionCore",
		"mat_holy_shield": "HolyShield_Proj",
		"mat_ice_entomb": "EnvironmentClubRock"
	},
	{
		"Name": "ClubSpriggan",
		"mat_default": "EnvironmentClubSpriggan",
		"mat_bark": "EnvironmentClubSpriggan",
		"mat_dirt": "EnvironmentClubSpriggan",
		"mat_fabric": "EnvironmentClubSpriggan",
		"mat_glass": "EnvironmentClubSpriggan",
		"mat_grass": "EnvironmentClubSpriggan",
		"mat_metal": "EnvironmentClubSpriggan",
		"mat_mud": "EnvironmentClubSpriggan",
		"mat_rock": "EnvironmentClubSpriggan",
		"mat_rock_wet": "EnvironmentClubSpriggan",
		"mat_sand": "EnvironmentClubSpriggan",
		"mat_sand_wet": "EnvironmentClubSpriggan",
		"mat_thatch": "EnvironmentClubSpriggan",
		"mat_water": "EnvironmentWater",
		"mat_water_deep": "EnvironmentWater",
		"mat_water_shallow": "EnvironmentWater",
		"mat_wood": "EnvironmentClubSpriggan",
		"mat_corruption_core": "EnvironmentClubSpriggan",
		"mat_corruption": "EnvironmentClubSpriggan",
		"mat_holy_shield": "HolyShield_Proj",
		"mat_ice_entomb": "EnvironmentClubSpriggan"
	},
	{
		"Name": "Axe",
		"mat_default": "EnvironmentAxeDirt",
		"mat_bark": "EnvironmentAxeWood",
		"mat_dirt": "EnvironmentAxeDirt",
		"mat_fabric": "EnvironmentFabric",
		"mat_glass": "EnvironmentAxeRock",
		"mat_grass": "EnvironmentAxeDirt",
		"mat_metal": "EnvironmentAxeMetal",
		"mat_mud": "EnvironmentAxeDirt",
		"mat_rock": "EnvironmentAxeRock",
		"mat_rock_wet": "EnvironmentAxeRock",
		"mat_sand": "EnvironmentAxeDirt",
		"mat_sand_wet": "EnvironmentAxeDirt",
		"mat_thatch": "EnvironmentAxeDirt",
		"mat_water": "EnvironmentWater",
		"mat_water_deep": "EnvironmentWater",
		"mat_water_shallow": "EnvironmentWater",
		"mat_wood": "EnvironmentAxeWood",
		"mat_corruption_core": "EnvironmentCorruptionCore",
		"mat_corruption": "EnvironmentCorruptionCore",
		"mat_holy_shield": "HolyShield_Proj",
		"mat_ice_entomb": "EnvironmentAxeRock"
	},
	{
		"Name": "Axe+Crit",
		"mat_default": "EnvironmentDefault",
		"mat_bark": "EnvironmentAxeWood",
		"mat_dirt": "EnvironmentAxeDirt",
		"mat_fabric": "EnvironmentFabric",
		"mat_glass": "EnvironmentAxeRock",
		"mat_grass": "EnvironmentAxeDirt",
		"mat_metal": "EnvironmentAxeMetal",
		"mat_mud": "EnvironmentAxeDirt",
		"mat_rock": "EnvironmentAxeRock",
		"mat_rock_wet": "EnvironmentAxeRock",
		"mat_sand": "EnvironmentAxeDirt",
		"mat_sand_wet": "EnvironmentAxeDirt",
		"mat_thatch": "EnvironmentAxeDirt",
		"mat_water": "EnvironmentWater",
		"mat_water_deep": "EnvironmentWater",
		"mat_water_shallow": "EnvironmentWater",
		"mat_wood": "EnvironmentAxeWood",
		"mat_corruption_core": "EnvironmentCorruptionCore",
		"mat_corruption": "EnvironmentCorruptionCore",
		"mat_holy_shield": "HolyShield_Proj",
		"mat_ice_entomb": "EnvironmentAxeRock"
	},
	{
		"Name": "Axe_Throw",
		"mat_default": "EnvironmentAxeDirt",
		"mat_bark": "EnvironmentAxeWood",
		"mat_dirt": "EnvironmentAxeDirt",
		"mat_fabric": "EnvironmentFabric",
		"mat_glass": "EnvironmentAxeRock",
		"mat_grass": "EnvironmentAxeDirt",
		"mat_metal": "EnvironmentAxeMetal",
		"mat_mud": "EnvironmentAxeDirt",
		"mat_rock": "EnvironmentAxeRock",
		"mat_rock_wet": "EnvironmentAxeRock",
		"mat_sand": "EnvironmentAxeDirt",
		"mat_sand_wet": "EnvironmentAxeDirt",
		"mat_thatch": "EnvironmentAxeDirt",
		"mat_water": "EnvironmentWater",
		"mat_water_deep": "EnvironmentWater",
		"mat_water_shallow": "EnvironmentWater",
		"mat_wood": "EnvironmentAxeWood",
		"mat_corruption_core": "EnvironmentCorruptionCore",
		"mat_corruption": "EnvironmentCorruptionCore",
		"mat_holy_shield": "HolyShield_Proj",
		"mat_ice_entomb": "EnvironmentAxeRock"
	},
	{
		"Name": "Axe_Throw+Crit",
		"mat_default": "EnvironmentAxeDirt",
		"mat_bark": "EnvironmentAxeWood",
		"mat_dirt": "EnvironmentAxeDirt",
		"mat_fabric": "EnvironmentFabric",
		"mat_glass": "EnvironmentAxeRock",
		"mat_grass": "EnvironmentAxeDirt",
		"mat_metal": "EnvironmentAxeMetal",
		"mat_mud": "EnvironmentAxeDirt",
		"mat_rock": "EnvironmentAxeRock",
		"mat_rock_wet": "EnvironmentAxeRock",
		"mat_sand": "EnvironmentAxeDirt",
		"mat_sand_wet": "EnvironmentAxeDirt",
		"mat_thatch": "EnvironmentAxeDirt",
		"mat_water": "EnvironmentWater",
		"mat_water_deep": "EnvironmentWater",
		"mat_water_shallow": "EnvironmentWater",
		"mat_wood": "EnvironmentAxeWood",
		"mat_corruption_core": "EnvironmentCorruptionCore",
		"mat_corruption": "EnvironmentCorruptionCore",
		"mat_holy_shield": "HolyShield_Proj",
		"mat_ice_entomb": "EnvironmentAxeRock"
	},
	{
		"Name": "GreatAxe",
		"mat_default": "EnvironmentDefault",
		"mat_bark": "EnvironmentWood_LG",
		"mat_dirt": "EnvironmentDirt_LG",
		"mat_fabric": "EnvironmentFabric",
		"mat_glass": "EnvironmentRock_LG",
		"mat_grass": "EnvironmentDirt_LG",
		"mat_metal": "EnvironmentMetal_LG",
		"mat_mud": "EnvironmentDirt_LG",
		"mat_rock": "EnvironmentRock_LG",
		"mat_rock_wet": "EnvironmentRock_LG",
		"mat_sand": "EnvironmentDirt_LG",
		"mat_sand_wet": "EnvironmentDirt_LG",
		"mat_thatch": "EnvironmentWood_LG",
		"mat_water": "EnvironmentWater_LG",
		"mat_water_deep": "EnvironmentWater_LG",
		"mat_water_shallow": "EnvironmentWater_LG",
		"mat_wood": "EnvironmentWood_LG",
		"mat_corruption_core": "EnvironmentCorruptionCore",
		"mat_corruption": "EnvironmentCorruptionCore",
		"mat_holy_shield": "HolyShield_Proj",
		"mat_ice_entomb": "EnvironmentRock_LG"
	},
	{
		"Name": "GreatAxe+Crit",
		"mat_default": "EnvironmentDefault",
		"mat_bark": "EnvironmentWood_LG",
		"mat_dirt": "EnvironmentDirt_LG",
		"mat_fabric": "EnvironmentFabric",
		"mat_glass": "EnvironmentRock_LG",
		"mat_grass": "EnvironmentDirt_LG",
		"mat_metal": "EnvironmentMetal_LG",
		"mat_mud": "EnvironmentDirt_LG",
		"mat_rock": "EnvironmentRock_LG",
		"mat_rock_wet": "EnvironmentRock_LG",
		"mat_sand": "EnvironmentDirt_LG",
		"mat_sand_wet": "EnvironmentDirt_LG",
		"mat_thatch": "EnvironmentWood_LG",
		"mat_water": "EnvironmentWater_LG",
		"mat_water_deep": "EnvironmentWater_LG",
		"mat_water_shallow": "EnvironmentWater_LG",
		"mat_wood": "EnvironmentWood_LG",
		"mat_corruption_core": "EnvironmentCorruptionCore",
		"mat_corruption": "EnvironmentCorruptionCore",
		"mat_holy_shield": "HolyShield_Proj",
		"mat_ice_entomb": "EnvironmentRock_LG"
	},
	{
		"Name": "Unarmed",
		"mat_default": "EnvironmentDefault",
		"mat_bark": "EnvironmentUnarmedWood",
		"mat_dirt": "EnvironmentUnarmedDirt",
		"mat_fabric": "EnvironmentUnarmedFabric",
		"mat_glass": "EnvironmentUnarmedRock",
		"mat_grass": "EnvironmentUnarmedGrass",
		"mat_metal": "EnvironmentUnarmedMetal",
		"mat_mud": "EnvironmentUnarmedDirt",
		"mat_rock": "EnvironmentUnarmedRock",
		"mat_rock_wet": "EnvironmentUnarmedRock",
		"mat_sand": "EnvironmentUnarmedDirt",
		"mat_sand_wet": "EnvironmentUnarmedDirt",
		"mat_thatch": "EnvironmentUnarmedDirt",
		"mat_water": "EnvironmentWater",
		"mat_water_deep": "EnvironmentWater",
		"mat_water_shallow": "EnvironmentWater",
		"mat_wood": "EnvironmentUnarmedWood",
		"mat_corruption_core": "EnvironmentCorruptionCore",
		"mat_corruption": "EnvironmentCorruptionCore",
		"mat_holy_shield": "HolyShield_Proj",
		"mat_ice_entomb": "EnvironmentUnarmedRock"
	},
	{
		"Name": "Unarmed+Crit",
		"mat_default": "EnvironmentDefault",
		"mat_bark": "EnvironmentUnarmedWood",
		"mat_dirt": "EnvironmentUnarmedDirt",
		"mat_fabric": "EnvironmentUnarmedFabric",
		"mat_glass": "EnvironmentUnarmedRock",
		"mat_grass": "EnvironmentUnarmedGrass",
		"mat_metal": "EnvironmentUnarmedMetal",
		"mat_mud": "EnvironmentUnarmedDirt",
		"mat_rock": "EnvironmentUnarmedRock",
		"mat_rock_wet": "EnvironmentUnarmedRock",
		"mat_sand": "EnvironmentUnarmedDirt",
		"mat_sand_wet": "EnvironmentUnarmedDirt",
		"mat_thatch": "EnvironmentUnarmedDirt",
		"mat_water": "EnvironmentWater",
		"mat_water_deep": "EnvironmentWater",
		"mat_water_shallow": "EnvironmentWater",
		"mat_wood": "EnvironmentUnarmedWood",
		"mat_corruption_core": "EnvironmentCorruptionCore",
		"mat_corruption": "EnvironmentCorruptionCore",
		"mat_holy_shield": "HolyShield_Proj",
		"mat_ice_entomb": "EnvironmentUnarmedRock"
	},
	{
		"Name": "Musket",
		"mat_default": "EnvironmentBulletDirt",
		"mat_bark": "EnvironmentBulletWood",
		"mat_dirt": "EnvironmentBulletDirt",
		"mat_fabric": "EnvironmentBulletFabric",
		"mat_glass": "EnvironmentBulletRock",
		"mat_grass": "EnvironmentBulletGrass",
		"mat_metal": "EnvironmentBulletMetal",
		"mat_mud": "EnvironmentBulletDirt",
		"mat_rock": "EnvironmentBulletRock",
		"mat_rock_wet": "EnvironmentBulletRock",
		"mat_sand": "EnvironmentBulletSand",
		"mat_sand_wet": "EnvironmentBulletSand",
		"mat_thatch": "EnvironmentBulletDirt",
		"mat_water": "EnvironmentWater",
		"mat_water_deep": "EnvironmentWater",
		"mat_water_shallow": "EnvironmentWater",
		"mat_wood": "EnvironmentBulletWood",
		"mat_corruption_core": "EnvironmentCorruptionCore",
		"mat_corruption": "EnvironmentCorruptionCore",
		"mat_holy_shield": "HolyShield_Proj",
		"mat_ice_entomb": "EnvironmentBulletRock"
	},
	{
		"Name": "Musket_Heavy",
		"mat_default": "EnvironmentDefault",
		"mat_bark": "EnvironmentWood_LG",
		"mat_dirt": "EnvironmentDirt_LG",
		"mat_fabric": "EnvironmentFabric",
		"mat_glass": "EnvironmentRock_LG",
		"mat_grass": "EnvironmentDirt_LG",
		"mat_metal": "EnvironmentMetal_LG",
		"mat_mud": "EnvironmentDirt_LG",
		"mat_rock": "EnvironmentRock_LG",
		"mat_rock_wet": "EnvironmentRock_LG",
		"mat_sand": "EnvironmentDirt_LG",
		"mat_sand_wet": "EnvironmentDirt_LG",
		"mat_thatch": "EnvironmentWood_LG",
		"mat_water": "EnvironmentWater_LG",
		"mat_water_deep": "EnvironmentWater_LG",
		"mat_water_shallow": "EnvironmentWater_LG",
		"mat_wood": "EnvironmentWood_LG",
		"mat_corruption_core": "EnvironmentCorruptionCore",
		"mat_corruption": "EnvironmentCorruptionCore",
		"mat_holy_shield": "HolyShield_Proj",
		"mat_ice_entomb": "EnvironmentRock_LG"
	},
	{
		"Name": "StickyBomb",
		"mat_default": "EnvironmentDefault",
		"mat_bark": "EnvironmentClubWood",
		"mat_dirt": "EnvironmentClubDirt",
		"mat_fabric": "EnvironmentClubFabric",
		"mat_glass": "EnvironmentClubRock",
		"mat_grass": "EnvironmentClubGrass",
		"mat_metal": "EnvironmentClubMetal",
		"mat_mud": "EnvironmentClubDirt",
		"mat_rock": "EnvironmentClubRock",
		"mat_rock_wet": "EnvironmentClubRock",
		"mat_sand": "EnvironmentClubSand",
		"mat_sand_wet": "EnvironmentClubSand",
		"mat_thatch": "EnvironmentClubDirt",
		"mat_water": "EnvironmentWater",
		"mat_water_deep": "EnvironmentWater",
		"mat_water_shallow": "EnvironmentWater",
		"mat_wood": "EnvironmentClubWood",
		"mat_corruption_core": "EnvironmentCorruptionCore",
		"mat_corruption": "EnvironmentCorruptionCore",
		"mat_holy_shield": "HolyShield_Proj",
		"mat_ice_entomb": "EnvironmentClubRock"
	},
	{
		"Name": "Musket+Crit",
		"mat_default": "EnvironmentBulletDirt",
		"mat_bark": "EnvironmentBulletWood",
		"mat_dirt": "EnvironmentBulletDirt",
		"mat_fabric": "EnvironmentBulletFabric",
		"mat_glass": "EnvironmentBulletRock",
		"mat_grass": "EnvironmentBulletGrass",
		"mat_metal": "EnvironmentBulletMetal",
		"mat_mud": "EnvironmentBulletDirt",
		"mat_rock": "EnvironmentBulletRock",
		"mat_rock_wet": "EnvironmentBulletRock",
		"mat_sand": "EnvironmentBulletSand",
		"mat_sand_wet": "EnvironmentBulletSand",
		"mat_thatch": "EnvironmentBulletDirt",
		"mat_water": "EnvironmentWater",
		"mat_water_deep": "EnvironmentWater",
		"mat_water_shallow": "EnvironmentWater",
		"mat_wood": "EnvironmentBulletWood",
		"mat_corruption_core": "EnvironmentCorruptionCore",
		"mat_corruption": "EnvironmentCorruptionCore",
		"mat_holy_shield": "HolyShield_Proj",
		"mat_ice_entomb": "EnvironmentBulletRock"
	},
	{
		"Name": "Bow",
		"mat_default": "EnvironmentArrowDirt",
		"mat_bark": "EnvironmentArrowWood",
		"mat_dirt": "EnvironmentArrowDirt",
		"mat_fabric": "EnvironmentArrowFabric",
		"mat_glass": "EnvironmentArrowRock",
		"mat_grass": "EnvironmentArrowGrass",
		"mat_metal": "EnvironmentArrowMetal",
		"mat_mud": "EnvironmentArrowDirt",
		"mat_rock": "EnvironmentArrowRock",
		"mat_rock_wet": "EnvironmentArrowRock",
		"mat_sand": "EnvironmentArrowSand",
		"mat_sand_wet": "EnvironmentArrowSand",
		"mat_thatch": "EnvironmentArrowDirt",
		"mat_water": "EnvironmentWater",
		"mat_water_deep": "EnvironmentWater",
		"mat_water_shallow": "EnvironmentWater",
		"mat_wood": "EnvironmentArrowWood",
		"mat_corruption_core": "EnvironmentArrowCorruptionCore",
		"mat_corruption": "EnvironmentArrowCorruptionCore",
		"mat_holy_shield": "HolyShield_Proj",
		"mat_ice_entomb": "EnvironmentArrowRock"
	},
	{
		"Name": "Bow_Heavy",
		"mat_default": "EnvironmentDefault",
		"mat_bark": "EnvironmentWood_LG",
		"mat_dirt": "EnvironmentDirt_LG",
		"mat_fabric": "EnvironmentFabric",
		"mat_glass": "EnvironmentRock_LG",
		"mat_grass": "EnvironmentDirt_LG",
		"mat_metal": "EnvironmentMetal_LG",
		"mat_mud": "EnvironmentDirt_LG",
		"mat_rock": "EnvironmentRock_LG",
		"mat_rock_wet": "EnvironmentRock_LG",
		"mat_sand": "EnvironmentDirt_LG",
		"mat_sand_wet": "EnvironmentDirt_LG",
		"mat_thatch": "EnvironmentWood_LG",
		"mat_water": "EnvironmentWater_LG",
		"mat_water_deep": "EnvironmentWater_LG",
		"mat_water_shallow": "EnvironmentWater_LG",
		"mat_wood": "EnvironmentWood_LG",
		"mat_corruption_core": "EnvironmentArrowCorruptionCore",
		"mat_corruption": "EnvironmentArrowCorruptionCore",
		"mat_holy_shield": "HolyShield_Proj",
		"mat_ice_entomb": "EnvironmentRock_LG"
	},
	{
		"Name": "Bow+Crit",
		"mat_default": "EnvironmentDefault",
		"mat_bark": "EnvironmentArrowWood",
		"mat_dirt": "EnvironmentArrowDirt",
		"mat_fabric": "EnvironmentArrowFabric",
		"mat_glass": "EnvironmentArrowRock",
		"mat_grass": "EnvironmentArrowGrass",
		"mat_metal": "EnvironmentArrowMetal",
		"mat_mud": "EnvironmentArrowDirt",
		"mat_rock": "EnvironmentArrowRock",
		"mat_rock_wet": "EnvironmentArrowRock",
		"mat_sand": "EnvironmentArrowSand",
		"mat_sand_wet": "EnvironmentArrowSand",
		"mat_thatch": "EnvironmentArrowDirt",
		"mat_water": "EnvironmentWater",
		"mat_water_deep": "EnvironmentWater",
		"mat_water_shallow": "EnvironmentWater",
		"mat_wood": "EnvironmentArrowWood",
		"mat_corruption_core": "EnvironmentArrowCorruptionCore",
		"mat_corruption": "EnvironmentArrowCorruptionCore",
		"mat_holy_shield": "HolyShield_Proj",
		"mat_ice_entomb": "EnvironmentArrowRock"
	},
	{
		"Name": "Shield",
		"mat_default": "EnvironmentShieldDirt",
		"mat_bark": "EnvironmentShieldWood",
		"mat_dirt": "EnvironmentShieldDirt",
		"mat_fabric": "EnvironmentShieldFabric",
		"mat_glass": "EnvironmentShieldRock",
		"mat_grass": "EnvironmentShieldGrass",
		"mat_metal": "EnvironmentShieldMetal",
		"mat_mud": "EnvironmentShieldDirt",
		"mat_rock": "EnvironmentShieldRock",
		"mat_rock_wet": "EnvironmentShieldRock",
		"mat_sand": "EnvironmentShieldDirt",
		"mat_sand_wet": "EnvironmentShieldDirt",
		"mat_thatch": "EnvironmentShieldDirt",
		"mat_water": "EnvironmentWater",
		"mat_water_deep": "EnvironmentWater",
		"mat_water_shallow": "EnvironmentWater",
		"mat_wood": "EnvironmentShieldWood",
		"mat_corruption_core": "EnvironmentCorruptionCore",
		"mat_corruption": "EnvironmentCorruptionCore",
		"mat_holy_shield": "HolyShield_Proj",
		"mat_ice_entomb": "EnvironmentShieldRock"
	},
	{
		"Name": "Shield+Crit",
		"mat_default": "EnvironmentDefault",
		"mat_bark": "EnvironmentShieldWood",
		"mat_dirt": "EnvironmentShieldDirt",
		"mat_fabric": "EnvironmentShieldFabric",
		"mat_glass": "EnvironmentShieldRock",
		"mat_grass": "EnvironmentShieldGrass",
		"mat_metal": "EnvironmentShieldMetal",
		"mat_mud": "EnvironmentShieldDirt",
		"mat_rock": "EnvironmentShieldRock",
		"mat_rock_wet": "EnvironmentShieldRock",
		"mat_sand": "EnvironmentShieldDirt",
		"mat_sand_wet": "EnvironmentShieldDirt",
		"mat_thatch": "EnvironmentShieldDirt",
		"mat_water": "EnvironmentWater",
		"mat_water_deep": "EnvironmentWater",
		"mat_water_shallow": "EnvironmentWater",
		"mat_wood": "EnvironmentShieldWood",
		"mat_corruption_core": "EnvironmentCorruptionCore",
		"mat_corruption": "EnvironmentCorruptionCore",
		"mat_holy_shield": "HolyShield_Proj",
		"mat_ice_entomb": "EnvironmentShieldRock"
	},
	{
		"Name": "DemoHammer",
		"mat_default": "EnvironmentDefault",
		"mat_bark": "EnvironmentWood_LG",
		"mat_dirt": "EnvironmentDirt_LG",
		"mat_fabric": "EnvironmentFabric",
		"mat_glass": "EnvironmentRock_LG",
		"mat_grass": "EnvironmentDirt_LG",
		"mat_metal": "EnvironmentMetal_LG",
		"mat_mud": "EnvironmentDirt_LG",
		"mat_rock": "EnvironmentRock_LG",
		"mat_rock_wet": "EnvironmentRock_LG",
		"mat_sand": "EnvironmentDirt_LG",
		"mat_sand_wet": "EnvironmentDirt_LG",
		"mat_thatch": "EnvironmentWood_LG",
		"mat_water": "EnvironmentWater_LG",
		"mat_water_deep": "EnvironmentWater_LG",
		"mat_water_shallow": "EnvironmentWater_LG",
		"mat_wood": "EnvironmentWood_LG",
		"mat_corruption_core": "EnvironmentCorruptionCore",
		"mat_corruption": "EnvironmentCorruptionCore",
		"mat_holy_shield": "HolyShield_Proj",
		"mat_ice_entomb": "EnvironmentRock_LG"
	},
	{
		"Name": "Warhammer",
		"mat_default": "WarHammer_SM_Dirt",
		"mat_bark": "WarHammer_SM_Wood",
		"mat_dirt": "WarHammer_SM_Dirt",
		"mat_fabric": "EnvironmentFabric",
		"mat_glass": "WarHammer_SM_Stone",
		"mat_grass": "WarHammer_SM_Dirt",
		"mat_metal": "EnvironmentMetal_LG",
		"mat_mud": "WarHammer_SM_Mud",
		"mat_rock": "WarHammer_SM_Stone",
		"mat_rock_wet": "WarHammer_SM_Stone",
		"mat_sand": "WarHammer_SM_Sand",
		"mat_sand_wet": "WarHammer_SM_Sand",
		"mat_thatch": "WarHammer_SM_Wood",
		"mat_water": "WarHammer_SM_Water",
		"mat_water_deep": "WarHammer_SM_Water",
		"mat_water_shallow": "WarHammer_SM_Water",
		"mat_wood": "WarHammer_SM_Wood",
		"mat_corruption_core": "EnvironmentCorruptionCore",
		"mat_corruption": "EnvironmentCorruptionCore",
		"mat_holy_shield": "HolyShield_Proj",
		"mat_ice_entomb": "WarHammer_SM_Stone"
	},
	{
		"Name": "Warhammer_Heavy",
		"mat_default": "WarHammer_MD_Dirt",
		"mat_bark": "WarHammer_MD_Wood",
		"mat_dirt": "WarHammer_MD_Dirt",
		"mat_fabric": "EnvironmentFabric",
		"mat_glass": "WarHammer_MD_Stone",
		"mat_grass": "WarHammer_MD_Dirt",
		"mat_metal": "EnvironmentMetal_LG",
		"mat_mud": "WarHammer_MD_Mud",
		"mat_rock": "WarHammer_MD_Stone",
		"mat_rock_wet": "WarHammer_MD_Stone",
		"mat_sand": "WarHammer_MD_Sand",
		"mat_sand_wet": "WarHammer_MD_Sand",
		"mat_thatch": "WarHammer_MD_Wood",
		"mat_water": "WarHammer_MD_Water",
		"mat_water_deep": "WarHammer_MD_Water",
		"mat_water_shallow": "WarHammer_MD_Water",
		"mat_wood": "WarHammer_MD_Wood",
		"mat_corruption_core": "EnvironmentCorruptionCore",
		"mat_corruption": "EnvironmentCorruptionCore",
		"mat_holy_shield": "HolyShield_Proj",
		"mat_ice_entomb": "WarHammer_MD_Stone"
	},
	{
		"Name": "Warhammer+Crit",
		"mat_default": "EnvironmentDefault",
		"mat_bark": "WarHammer_SM_Wood",
		"mat_dirt": "WarHammer_SM_Dirt",
		"mat_fabric": "EnvironmentFabric",
		"mat_glass": "WarHammer_SM_Stone",
		"mat_grass": "WarHammer_SM_Dirt",
		"mat_metal": "EnvironmentMetal_LG",
		"mat_mud": "WarHammer_SM_Mud",
		"mat_rock": "WarHammer_SM_Stone",
		"mat_rock_wet": "WarHammer_SM_Stone",
		"mat_sand": "WarHammer_SM_Sand",
		"mat_sand_wet": "WarHammer_SM_Sand",
		"mat_thatch": "WarHammer_SM_Wood",
		"mat_water": "WarHammer_SM_Water",
		"mat_water_deep": "WarHammer_SM_Water",
		"mat_water_shallow": "WarHammer_SM_Water",
		"mat_wood": "WarHammer_SM_Wood",
		"mat_corruption_core": "EnvironmentCorruptionCore",
		"mat_corruption": "EnvironmentCorruptionCore",
		"mat_holy_shield": "HolyShield_Proj",
		"mat_ice_entomb": "WarHammer_SM_Stone"
	},
	{
		"Name": "Spear",
		"mat_default": "EnvironmentSpearDirt",
		"mat_bark": "EnvironmentSpearWood",
		"mat_dirt": "EnvironmentSpearDirt",
		"mat_fabric": "EnvironmentSpearFabric",
		"mat_glass": "EnvironmentSpearRock",
		"mat_grass": "EnvironmentSpearGrass",
		"mat_metal": "EnvironmentSpearMetal",
		"mat_mud": "EnvironmentSpearDirt",
		"mat_rock": "EnvironmentSpearRock",
		"mat_rock_wet": "EnvironmentSpearRock",
		"mat_sand": "EnvironmentSpearSand",
		"mat_sand_wet": "EnvironmentSpearDirt",
		"mat_thatch": "EnvironmentSpearDirt",
		"mat_water": "EnvironmentWater",
		"mat_water_deep": "EnvironmentWater",
		"mat_water_shallow": "EnvironmentWater",
		"mat_wood": "EnvironmentSpearWood",
		"mat_corruption_core": "EnvironmentCorruptionCore",
		"mat_corruption": "EnvironmentCorruptionCore",
		"mat_holy_shield": "HolyShield_Proj",
		"mat_ice_entomb": "EnvironmentSpearRock"
	},
	{
		"Name": "Spear_Throw",
		"mat_default": "EnvironmentDefault",
		"mat_bark": "EnvironmentSpearThrowWood",
		"mat_dirt": "EnvironmentSpearThrowDirt",
		"mat_fabric": "EnvironmentSpearFabric",
		"mat_glass": "EnvironmentSpearThrowRock",
		"mat_grass": "EnvironmentSpearThrowGrass",
		"mat_metal": "EnvironmentSpearThrowMetal",
		"mat_mud": "EnvironmentSpearThrowDirt",
		"mat_rock": "EnvironmentSpearThrowRock",
		"mat_rock_wet": "EnvironmentSpearThrowRock",
		"mat_sand": "EnvironmentSpearThrowSand",
		"mat_sand_wet": "EnvironmentSpearThrowDirt",
		"mat_thatch": "EnvironmentSpearThrowDirt",
		"mat_water": "EnvironmentWater",
		"mat_water_deep": "EnvironmentWater",
		"mat_water_shallow": "EnvironmentWater",
		"mat_wood": "EnvironmentSpearThrowWood",
		"mat_corruption_core": "EnvironmentCorruptionCore",
		"mat_corruption": "EnvironmentCorruptionCore",
		"mat_holy_shield": "HolyShield_Proj",
		"mat_ice_entomb": "EnvironmentSpearThrowRock"
	},
	{
		"Name": "Spear_Kick",
		"mat_default": "EnvironmentDefault",
		"mat_bark": "EnvironmentUnarmedWood",
		"mat_dirt": "EnvironmentUnarmedDirt",
		"mat_fabric": "EnvironmentUnarmedFabric",
		"mat_glass": "EnvironmentUnarmedRock",
		"mat_grass": "EnvironmentUnarmedGrass",
		"mat_metal": "EnvironmentUnarmedMetal",
		"mat_mud": "EnvironmentUnarmedDirt",
		"mat_rock": "EnvironmentUnarmedRock",
		"mat_rock_wet": "EnvironmentUnarmedRock",
		"mat_sand": "EnvironmentUnarmedDirt",
		"mat_sand_wet": "EnvironmentUnarmedDirt",
		"mat_thatch": "EnvironmentUnarmedDirt",
		"mat_water": "EnvironmentWater",
		"mat_water_deep": "EnvironmentWater",
		"mat_water_shallow": "EnvironmentWater",
		"mat_wood": "EnvironmentUnarmedWood",
		"mat_corruption_core": "EnvironmentCorruptionCore",
		"mat_corruption": "EnvironmentCorruptionCore",
		"mat_holy_shield": "HolyShield_Proj",
		"mat_ice_entomb": "EnvironmentUnarmedRock"
	},
	{
		"Name": "Spear+Crit",
		"mat_default": "EnvironmentDefault",
		"mat_bark": "EnvironmentSpearWood",
		"mat_dirt": "EnvironmentSpearDirt",
		"mat_fabric": "EnvironmentSpearFabric",
		"mat_glass": "EnvironmentSpearRock",
		"mat_grass": "EnvironmentSpearGrass",
		"mat_metal": "EnvironmentSpearMetal",
		"mat_mud": "EnvironmentSpearDirt",
		"mat_rock": "EnvironmentSpearRock",
		"mat_rock_wet": "EnvironmentSpearRock",
		"mat_sand": "EnvironmentSpearSand",
		"mat_sand_wet": "EnvironmentSpearDirt",
		"mat_thatch": "EnvironmentSpearDirt",
		"mat_water": "EnvironmentWater",
		"mat_water_deep": "EnvironmentWater",
		"mat_water_shallow": "EnvironmentWater",
		"mat_wood": "EnvironmentSpearWood",
		"mat_corruption_core": "EnvironmentCorruptionCore",
		"mat_corruption": "EnvironmentCorruptionCore",
		"mat_holy_shield": "HolyShield_Proj",
		"mat_ice_entomb": "EnvironmentSpearRock"
	},
	{
		"Name": "Spear_Throw+Crit",
		"mat_default": "EnvironmentDefault",
		"mat_bark": "EnvironmentSpearThrowWood",
		"mat_dirt": "EnvironmentSpearThrowDirt",
		"mat_fabric": "EnvironmentSpearFabric",
		"mat_glass": "EnvironmentSpearThrowRock",
		"mat_grass": "EnvironmentSpearThrowGrass",
		"mat_metal": "EnvironmentSpearThrowMetal",
		"mat_mud": "EnvironmentSpearThrowDirt",
		"mat_rock": "EnvironmentSpearThrowRock",
		"mat_rock_wet": "EnvironmentSpearThrowRock",
		"mat_sand": "EnvironmentSpearThrowSand",
		"mat_sand_wet": "EnvironmentSpearThrowDirt",
		"mat_thatch": "EnvironmentSpearThrowDirt",
		"mat_water": "EnvironmentWater",
		"mat_water_deep": "EnvironmentWater",
		"mat_water_shallow": "EnvironmentWater",
		"mat_wood": "EnvironmentSpearThrowWood",
		"mat_corruption_core": "EnvironmentCorruptionCore",
		"mat_corruption": "EnvironmentCorruptionCore",
		"mat_holy_shield": "HolyShield_Proj",
		"mat_ice_entomb": "EnvironmentSpearThrowRock"
	},
	{
		"Name": "GhostSpell_Ice",
		"mat_default": "EnvironmentDefault",
		"mat_bark": "EnvironmentWood",
		"mat_dirt": "EnvironmentDirt",
		"mat_fabric": "EnvironmentFabric",
		"mat_glass": "EnvironmentRock",
		"mat_grass": "EnvironmentDefault",
		"mat_metal": "EnvironmentMetal",
		"mat_mud": "EnvironmentDefault",
		"mat_rock": "EnvironmentRock",
		"mat_rock_wet": "EnvironmentRock",
		"mat_sand": "EnvironmentDefault",
		"mat_sand_wet": "EnvironmentDefault",
		"mat_thatch": "EnvironmentDefault",
		"mat_water": "EnvironmentWater",
		"mat_water_deep": "EnvironmentWater",
		"mat_water_shallow": "EnvironmentWater",
		"mat_wood": "EnvironmentWood",
		"mat_corruption_core": "EnvironmentDefault",
		"mat_corruption": "EnvironmentDefault",
		"mat_holy_shield": "HolyShield_Proj",
		"mat_ice_entomb": "EnvironmentRock"
	},
	{
		"Name": "GhostSpell_Fire",
		"mat_default": "EnvironmentDefault",
		"mat_bark": "EnvironmentWood",
		"mat_dirt": "EnvironmentDirt",
		"mat_fabric": "EnvironmentFabric",
		"mat_glass": "EnvironmentRock",
		"mat_grass": "EnvironmentDefault",
		"mat_metal": "EnvironmentMetal",
		"mat_mud": "EnvironmentDefault",
		"mat_rock": "EnvironmentRock",
		"mat_rock_wet": "EnvironmentRock",
		"mat_sand": "EnvironmentDefault",
		"mat_sand_wet": "EnvironmentDefault",
		"mat_thatch": "EnvironmentDefault",
		"mat_water": "EnvironmentWater",
		"mat_water_deep": "EnvironmentWater",
		"mat_water_shallow": "EnvironmentWater",
		"mat_wood": "EnvironmentWood",
		"mat_corruption_core": "EnvironmentDefault",
		"mat_corruption": "EnvironmentDefault",
		"mat_holy_shield": "HolyShield_Proj",
		"mat_ice_entomb": "EnvironmentRock"
	},
	{
		"Name": "GhostSpell_Lightning",
		"mat_default": "EnvironmentDefault",
		"mat_bark": "EnvironmentWood",
		"mat_dirt": "EnvironmentDirt",
		"mat_fabric": "EnvironmentFabric",
		"mat_glass": "EnvironmentRock",
		"mat_grass": "EnvironmentDefault",
		"mat_metal": "EnvironmentMetal",
		"mat_mud": "EnvironmentDefault",
		"mat_rock": "EnvironmentRock",
		"mat_rock_wet": "EnvironmentRock",
		"mat_sand": "EnvironmentDefault",
		"mat_sand_wet": "EnvironmentDefault",
		"mat_thatch": "EnvironmentDefault",
		"mat_water": "EnvironmentWater",
		"mat_water_deep": "EnvironmentWater",
		"mat_water_shallow": "EnvironmentWater",
		"mat_wood": "EnvironmentWood",
		"mat_corruption_core": "EnvironmentDefault",
		"mat_corruption": "EnvironmentDefault",
		"mat_holy_shield": "HolyShield_Proj",
		"mat_ice_entomb": "EnvironmentRock"
	},
	{
		"Name": "GhostSpell_Curse",
		"mat_default": "EnvironmentDefault",
		"mat_bark": "EnvironmentWood",
		"mat_dirt": "EnvironmentDirt",
		"mat_fabric": "EnvironmentFabric",
		"mat_glass": "EnvironmentRock",
		"mat_grass": "EnvironmentDefault",
		"mat_metal": "EnvironmentMetal",
		"mat_mud": "EnvironmentDefault",
		"mat_rock": "EnvironmentRock",
		"mat_rock_wet": "EnvironmentRock",
		"mat_sand": "EnvironmentDefault",
		"mat_sand_wet": "EnvironmentDefault",
		"mat_thatch": "EnvironmentDefault",
		"mat_water": "EnvironmentWater",
		"mat_water_deep": "EnvironmentWater",
		"mat_water_shallow": "EnvironmentWater",
		"mat_wood": "EnvironmentWood",
		"mat_corruption_core": "EnvironmentDefault",
		"mat_corruption": "EnvironmentDefault",
		"mat_holy_shield": "HolyShield_Proj",
		"mat_ice_entomb": "EnvironmentRock"
	},
	{
		"Name": "GhostSpell_Disease",
		"mat_default": "EnvironmentDefault",
		"mat_bark": "EnvironmentWood",
		"mat_dirt": "EnvironmentDirt",
		"mat_fabric": "EnvironmentFabric",
		"mat_glass": "EnvironmentRock",
		"mat_grass": "EnvironmentDefault",
		"mat_metal": "EnvironmentMetal",
		"mat_mud": "EnvironmentDefault",
		"mat_rock": "EnvironmentRock",
		"mat_rock_wet": "EnvironmentRock",
		"mat_sand": "EnvironmentDefault",
		"mat_sand_wet": "EnvironmentDefault",
		"mat_thatch": "EnvironmentDefault",
		"mat_water": "EnvironmentWater",
		"mat_water_deep": "EnvironmentWater",
		"mat_water_shallow": "EnvironmentWater",
		"mat_wood": "EnvironmentWood",
		"mat_corruption_core": "EnvironmentDefault",
		"mat_corruption": "EnvironmentDefault",
		"mat_holy_shield": "HolyShield_Proj",
		"mat_ice_entomb": "EnvironmentRock"
	},
	{
		"Name": "Bite_AI",
		"mat_default": "NoEnvironment",
		"mat_bark": "NoEnvironment",
		"mat_dirt": "NoEnvironment",
		"mat_fabric": "NoEnvironment",
		"mat_glass": "NoEnvironment",
		"mat_grass": "NoEnvironment",
		"mat_metal": "NoEnvironment",
		"mat_mud": "NoEnvironment",
		"mat_rock": "NoEnvironment",
		"mat_rock_wet": "NoEnvironment",
		"mat_sand": "NoEnvironment",
		"mat_sand_wet": "NoEnvironment",
		"mat_thatch": "NoEnvironment",
		"mat_water": "NoEnvironment",
		"mat_water_deep": "NoEnvironment",
		"mat_water_shallow": "NoEnvironment",
		"mat_wood": "NoEnvironment",
		"mat_corruption_core": "NoEnvironment",
		"mat_corruption": "NoEnvironment",
		"mat_holy_shield": "HolyShield_Proj",
		"mat_ice_entomb": "EnvironmentRock"
	},
	{
		"Name": "Blunt_AI",
		"mat_default": "EnvironmentUnarmedDirt",
		"mat_bark": "EnvironmentUnarmedWood",
		"mat_dirt": "EnvironmentUnarmedDirt",
		"mat_fabric": "EnvironmentUnarmedFabric",
		"mat_glass": "EnvironmentUnarmedRock",
		"mat_grass": "EnvironmentUnarmedGrass",
		"mat_metal": "EnvironmentUnarmedMetal",
		"mat_mud": "EnvironmentUnarmedDirt",
		"mat_rock": "EnvironmentUnarmedRock",
		"mat_rock_wet": "EnvironmentUnarmedRock",
		"mat_sand": "EnvironmentUnarmedDirt",
		"mat_sand_wet": "EnvironmentUnarmedDirt",
		"mat_thatch": "EnvironmentUnarmedDirt",
		"mat_water": "EnvironmentWater",
		"mat_water_deep": "EnvironmentWater",
		"mat_water_shallow": "EnvironmentWater",
		"mat_wood": "EnvironmentUnarmedWood",
		"mat_corruption_core": "EnvironmentUnarmedDirt",
		"mat_corruption": "EnvironmentUnarmedDirt",
		"mat_holy_shield": "HolyShield_Proj",
		"mat_ice_entomb": "EnvironmentUnarmedRock"
	},
	{
		"Name": "Bear_Claw",
		"mat_default": "EnvironmentUnarmedDirt",
		"mat_bark": "EnvironmentUnarmedWood",
		"mat_dirt": "EnvironmentUnarmedDirt",
		"mat_fabric": "EnvironmentUnarmedFabric",
		"mat_glass": "EnvironmentUnarmedRock",
		"mat_grass": "EnvironmentUnarmedGrass",
		"mat_metal": "EnvironmentUnarmedMetal",
		"mat_mud": "EnvironmentUnarmedDirt",
		"mat_rock": "EnvironmentUnarmedRock",
		"mat_rock_wet": "EnvironmentUnarmedRock",
		"mat_sand": "EnvironmentUnarmedDirt",
		"mat_sand_wet": "EnvironmentUnarmedDirt",
		"mat_thatch": "EnvironmentUnarmedDirt",
		"mat_water": "EnvironmentWater",
		"mat_water_deep": "EnvironmentWater",
		"mat_water_shallow": "EnvironmentWater",
		"mat_wood": "EnvironmentUnarmedWood",
		"mat_corruption_core": "EnvironmentUnarmedDirt",
		"mat_corruption": "EnvironmentUnarmedDirt",
		"mat_holy_shield": "HolyShield_Proj",
		"mat_ice_entomb": "EnvironmentUnarmedRock"
	},
	{
		"Name": "Regurgitator_Vomitball",
		"mat_default": "Regurgitator_VomitballEnvironment",
		"mat_bark": "Regurgitator_VomitballEnvironment",
		"mat_dirt": "Regurgitator_VomitballEnvironment",
		"mat_fabric": "Regurgitator_VomitballEnvironment",
		"mat_glass": "Regurgitator_VomitballEnvironment",
		"mat_grass": "Regurgitator_VomitballEnvironment",
		"mat_metal": "Regurgitator_VomitballEnvironment",
		"mat_mud": "Regurgitator_VomitballEnvironment",
		"mat_rock": "Regurgitator_VomitballEnvironment",
		"mat_rock_wet": "Regurgitator_VomitballEnvironment",
		"mat_sand": "Regurgitator_VomitballEnvironment",
		"mat_sand_wet": "Regurgitator_VomitballEnvironment",
		"mat_thatch": "Regurgitator_VomitballEnvironment",
		"mat_water": "Regurgitator_VomitballEnvironment",
		"mat_water_deep": "Regurgitator_VomitballEnvironment",
		"mat_water_shallow": "Regurgitator_VomitballEnvironment",
		"mat_wood": "Regurgitator_VomitballEnvironment",
		"mat_corruption_core": "Regurgitator_VomitballEnvironment",
		"mat_corruption": "Regurgitator_VomitballEnvironment",
		"mat_holy_shield": "HolyShield_Proj",
		"mat_ice_entomb": "Regurgitator_VomitballEnvironment"
	},
	{
		"Name": "Sword+Fire",
		"mat_default": "EnvironmentFiresword",
		"mat_bark": "EnvironmentFiresword",
		"mat_dirt": "EnvironmentFiresword",
		"mat_fabric": "EnvironmentFiresword",
		"mat_glass": "EnvironmentFiresword",
		"mat_grass": "EnvironmentFiresword",
		"mat_metal": "EnvironmentFiresword",
		"mat_mud": "EnvironmentFiresword",
		"mat_rock": "EnvironmentFiresword",
		"mat_rock_wet": "EnvironmentFiresword",
		"mat_sand": "EnvironmentFiresword",
		"mat_sand_wet": "EnvironmentFiresword",
		"mat_thatch": "EnvironmentFiresword",
		"mat_water": "EnvironmentFiresword",
		"mat_water_deep": "EnvironmentFiresword",
		"mat_water_shallow": "EnvironmentFiresword",
		"mat_wood": "EnvironmentFiresword",
		"mat_corruption_core": "EnvironmentFiresword",
		"mat_corruption": "EnvironmentFiresword",
		"mat_holy_shield": "HolyShield_Proj",
		"mat_ice_entomb": "EnvironmentFiresword"
	},
	{
		"Name": "MagicFire",
		"mat_default": "Env_ElemFire_Default",
		"mat_bark": "Env_ElemFire_Wood",
		"mat_dirt": "Env_ElemFire_Dirt",
		"mat_fabric": "Env_ElemFire_Fabric",
		"mat_glass": "Env_ElemFire_Rock",
		"mat_grass": "Env_ElemFire_Dirt",
		"mat_metal": "Env_ElemFire_Metal",
		"mat_mud": "Env_ElemFire_Dirt",
		"mat_rock": "Env_ElemFire_Rock",
		"mat_rock_wet": "Env_ElemFire_Rock",
		"mat_sand": "Env_ElemFire_Dirt",
		"mat_sand_wet": "Env_ElemFire_Dirt",
		"mat_thatch": "Env_ElemFire_Wood",
		"mat_water": "Env_ElemFire_Water",
		"mat_water_deep": "Env_ElemFire_Water",
		"mat_water_shallow": "Env_ElemFire_Water",
		"mat_wood": "Env_ElemFire_Wood",
		"mat_corruption_core": "EnvironmentCorruptionCore",
		"mat_corruption": "EnvironmentCorruptionCore",
		"mat_holy_shield": "HolyShield_FireProj",
		"mat_ice_entomb": "Env_ElemFire_Rock"
	},
	{
		"Name": "Ballista",
		"mat_default": "EnvironmentDirt_LG",
		"mat_bark": "EnvironmentWood_LG",
		"mat_dirt": "EnvironmentDirt_LG",
		"mat_fabric": "EnvironmentFabric",
		"mat_glass": "EnvironmentRock_LG",
		"mat_grass": "EnvironmentDirt_LG",
		"mat_metal": "EnvironmentMetal_LG",
		"mat_mud": "EnvironmentDirt_LG",
		"mat_rock": "EnvironmentRock_LG",
		"mat_rock_wet": "EnvironmentRock_LG",
		"mat_sand": "EnvironmentDirt_LG",
		"mat_sand_wet": "EnvironmentDirt_LG",
		"mat_thatch": "EnvironmentWood_LG",
		"mat_water": "EnvironmentWater_LG",
		"mat_water_deep": "EnvironmentWater_LG",
		"mat_water_shallow": "EnvironmentWater_LG",
		"mat_wood": "EnvironmentWood_LG",
		"mat_corruption_core": "EnvironmentWood_LG",
		"mat_corruption": "EnvironmentWood_LG",
		"mat_holy_shield": "HolyShield_Proj",
		"mat_ice_entomb": "EnvironmentRock_LG"
	},
	{
		"Name": "CannonBall",
		"mat_default": "Env_CannonBall_Default",
		"mat_bark": "Env_CannonBall_Wood",
		"mat_dirt": "Env_CannonBall_Dirt",
		"mat_fabric": "Env_CannonBall_Fabric",
		"mat_glass": "Env_CannonBall_Rock",
		"mat_grass": "Env_CannonBall_Dirt",
		"mat_metal": "Env_CannonBall_Metal",
		"mat_mud": "Env_CannonBall_Dirt",
		"mat_rock": "Env_CannonBall_Rock",
		"mat_rock_wet": "Env_CannonBall_Rock",
		"mat_sand": "Env_CannonBall_Dirt",
		"mat_sand_wet": "Env_CannonBall_Dirt",
		"mat_thatch": "Env_CannonBall_Wood",
		"mat_water": "Env_CannonBall_Water",
		"mat_water_deep": "Env_CannonBall_Water",
		"mat_water_shallow": "Env_CannonBall_Water",
		"mat_wood": "Env_CannonBall_Wood",
		"mat_corruption_core": "Env_CannonBall_Default",
		"mat_corruption": "Env_CannonBall_Default",
		"mat_holy_shield": "HolyShield_FireProj",
		"mat_ice_entomb": "Env_CannonBall_Rock"
	},
	{
		"Name": "MagicStaff",
		"mat_default": "EnvironmentClubDirt",
		"mat_bark": "EnvironmentClubWood",
		"mat_dirt": "EnvironmentClubDirt",
		"mat_fabric": "EnvironmentClubFabric",
		"mat_glass": "EnvironmentClubRock",
		"mat_grass": "EnvironmentClubGrass",
		"mat_metal": "EnvironmentClubMetal",
		"mat_mud": "EnvironmentClubDirt",
		"mat_rock": "EnvironmentClubRock",
		"mat_rock_wet": "EnvironmentClubRock",
		"mat_sand": "EnvironmentClubSand",
		"mat_sand_wet": "EnvironmentClubSand",
		"mat_thatch": "EnvironmentClubDirt",
		"mat_water": "EnvironmentWater",
		"mat_water_deep": "EnvironmentWater",
		"mat_water_shallow": "EnvironmentWater",
		"mat_wood": "EnvironmentClubWood",
		"mat_corruption_core": "EnvironmentClubWood",
		"mat_corruption": "EnvironmentClubWood",
		"mat_holy_shield": "HolyShield_FireProj",
		"mat_ice_entomb": "EnvironmentClubRock"
	},
	{
		"Name": "FireStaff_Proj",
		"mat_default": "FireStaffEnv",
		"mat_bark": "FireStaffEnv",
		"mat_dirt": "FireStaffEnv",
		"mat_fabric": "FireStaffEnv",
		"mat_glass": "FireStaffEnv",
		"mat_grass": "FireStaffEnv",
		"mat_metal": "FireStaffEnv",
		"mat_mud": "FireStaffEnv",
		"mat_rock": "FireStaffEnv",
		"mat_rock_wet": "FireStaffEnv",
		"mat_sand": "FireStaffEnv",
		"mat_sand_wet": "FireStaffEnv",
		"mat_thatch": "FireStaffEnv",
		"mat_water": "FireStaffEnv",
		"mat_water_deep": "FireStaffEnv",
		"mat_water_shallow": "FireStaffEnv",
		"mat_wood": "FireStaffEnv",
		"mat_corruption_core": "FireStaffEnv",
		"mat_corruption": "FireStaffEnv",
		"mat_holy_shield": "HolyShield_FireProj",
		"mat_ice_entomb": "FireStaffEnv"
	},
	{
		"Name": "FireStaff_Proj+Crit",
		"mat_default": "FireStaffEnv",
		"mat_bark": "FireStaffEnv",
		"mat_dirt": "FireStaffEnv",
		"mat_fabric": "FireStaffEnv",
		"mat_glass": "FireStaffEnv",
		"mat_grass": "FireStaffEnv",
		"mat_metal": "FireStaffEnv",
		"mat_mud": "FireStaffEnv",
		"mat_rock": "FireStaffEnv",
		"mat_rock_wet": "FireStaffEnv",
		"mat_sand": "FireStaffEnv",
		"mat_sand_wet": "FireStaffEnv",
		"mat_thatch": "FireStaffEnv",
		"mat_water": "FireStaffEnv",
		"mat_water_deep": "FireStaffEnv",
		"mat_water_shallow": "FireStaffEnv",
		"mat_wood": "FireStaffEnv",
		"mat_corruption_core": "FireStaffEnv",
		"mat_corruption": "FireStaffEnv",
		"mat_holy_shield": "HolyShield_FireProj",
		"mat_ice_entomb": "FireStaffEnv"
	},
	{
		"Name": "FlameThrower",
		"mat_default": "NoEnvironment",
		"mat_bark": "NoEnvironment",
		"mat_dirt": "NoEnvironment",
		"mat_fabric": "NoEnvironment",
		"mat_glass": "NoEnvironment",
		"mat_grass": "NoEnvironment",
		"mat_metal": "NoEnvironment",
		"mat_mud": "NoEnvironment",
		"mat_rock": "NoEnvironment",
		"mat_rock_wet": "NoEnvironment",
		"mat_sand": "NoEnvironment",
		"mat_sand_wet": "NoEnvironment",
		"mat_thatch": "NoEnvironment",
		"mat_water": "NoEnvironment",
		"mat_water_deep": "NoEnvironment",
		"mat_water_shallow": "NoEnvironment",
		"mat_wood": "NoEnvironment",
		"mat_corruption_core": "NoEnvironment",
		"mat_corruption": "NoEnvironment",
		"mat_holy_shield": "NoEnvironment",
		"mat_ice_entomb": "NoEnvironment"
	},
	{
		"Name": "LifeStaff_Proj",
		"mat_default": "LifeStaffEnv",
		"mat_bark": "LifeStaffEnv",
		"mat_dirt": "LifeStaffEnv",
		"mat_fabric": "LifeStaffEnv",
		"mat_glass": "LifeStaffEnv",
		"mat_grass": "LifeStaffEnv",
		"mat_metal": "LifeStaffEnv",
		"mat_mud": "LifeStaffEnv",
		"mat_rock": "LifeStaffEnv",
		"mat_rock_wet": "LifeStaffEnv",
		"mat_sand": "LifeStaffEnv",
		"mat_sand_wet": "LifeStaffEnv",
		"mat_thatch": "LifeStaffEnv",
		"mat_water": "LifeStaffEnv",
		"mat_water_deep": "LifeStaffEnv",
		"mat_water_shallow": "LifeStaffEnv",
		"mat_wood": "LifeStaffEnv",
		"mat_corruption_core": "LifeStaffEnv",
		"mat_corruption": "LifeStaffEnv",
		"mat_holy_shield": "HolyShield_LifeProj",
		"mat_ice_entomb": "LifeStaffEnv"
	},
	{
		"Name": "LifeStaff_Proj_Protect",
		"mat_default": "LifeStaff_Protect_Env",
		"mat_bark": "LifeStaff_Protect_Env",
		"mat_dirt": "LifeStaff_Protect_Env",
		"mat_fabric": "LifeStaff_Protect_Env",
		"mat_glass": "LifeStaff_Protect_Env",
		"mat_grass": "LifeStaff_Protect_Env",
		"mat_metal": "LifeStaff_Protect_Env",
		"mat_mud": "LifeStaff_Protect_Env",
		"mat_rock": "LifeStaff_Protect_Env",
		"mat_rock_wet": "LifeStaff_Protect_Env",
		"mat_sand": "LifeStaff_Protect_Env",
		"mat_sand_wet": "LifeStaff_Protect_Env",
		"mat_thatch": "LifeStaff_Protect_Env",
		"mat_water": "LifeStaff_Protect_Env",
		"mat_water_deep": "LifeStaff_Protect_Env",
		"mat_water_shallow": "LifeStaff_Protect_Env",
		"mat_wood": "LifeStaff_Protect_Env",
		"mat_corruption_core": "LifeStaff_Protect_Env",
		"mat_corruption": "LifeStaff_Protect_Env",
		"mat_holy_shield": "HolyShield_LifeProj",
		"mat_ice_entomb": "LifeStaff_Protect_Env"
	},
	{
		"Name": "LifeStaff_Proj+Crit",
		"mat_default": "LifeStaffEnv",
		"mat_bark": "LifeStaffEnv",
		"mat_dirt": "LifeStaffEnv",
		"mat_fabric": "LifeStaffEnv",
		"mat_glass": "LifeStaffEnv",
		"mat_grass": "LifeStaffEnv",
		"mat_metal": "LifeStaffEnv",
		"mat_mud": "LifeStaffEnv",
		"mat_rock": "LifeStaffEnv",
		"mat_rock_wet": "LifeStaffEnv",
		"mat_sand": "LifeStaffEnv",
		"mat_sand_wet": "LifeStaffEnv",
		"mat_thatch": "LifeStaffEnv",
		"mat_water": "LifeStaffEnv",
		"mat_water_deep": "LifeStaffEnv",
		"mat_water_shallow": "LifeStaffEnv",
		"mat_wood": "LifeStaffEnv",
		"mat_corruption_core": "LifeStaffEnv",
		"mat_corruption": "LifeStaffEnv",
		"mat_holy_shield": "HolyShield_LifeProj",
		"mat_ice_entomb": "LifeStaffEnv"
	},
	{
		"Name": "IceGauntlet_Proj",
		"mat_default": "IceGauntletEnv",
		"mat_bark": "IceGauntletEnv",
		"mat_dirt": "IceGauntletEnv",
		"mat_fabric": "IceGauntletEnv",
		"mat_glass": "IceGauntletEnv",
		"mat_grass": "IceGauntletEnv",
		"mat_metal": "IceGauntletEnv",
		"mat_mud": "IceGauntletEnv",
		"mat_rock": "IceGauntletEnv",
		"mat_rock_wet": "IceGauntletEnv",
		"mat_sand": "IceGauntletEnv",
		"mat_sand_wet": "IceGauntletEnv",
		"mat_thatch": "IceGauntletEnv",
		"mat_water": "IceGauntletEnv",
		"mat_water_deep": "IceGauntletEnv",
		"mat_water_shallow": "IceGauntletEnv",
		"mat_wood": "IceGauntletEnv",
		"mat_corruption_core": "IceGauntletEnv",
		"mat_corruption": "IceGauntletEnv",
		"mat_holy_shield": "HolyShield_LifeProj",
		"mat_ice_entomb": "IceGauntletEnv"
	},
	{
		"Name": "IceGauntlet_Proj_Heavy",
		"mat_default": "IceGauntletHeavyEnv",
		"mat_bark": "IceGauntletHeavyEnv",
		"mat_dirt": "IceGauntletHeavyEnv",
		"mat_fabric": "IceGauntletHeavyEnv",
		"mat_glass": "IceGauntletHeavyEnv",
		"mat_grass": "IceGauntletHeavyEnv",
		"mat_metal": "IceGauntletHeavyEnv",
		"mat_mud": "IceGauntletHeavyEnv",
		"mat_rock": "IceGauntletHeavyEnv",
		"mat_rock_wet": "IceGauntletHeavyEnv",
		"mat_sand": "IceGauntletHeavyEnv",
		"mat_sand_wet": "IceGauntletHeavyEnv",
		"mat_thatch": "IceGauntletHeavyEnv",
		"mat_water": "IceGauntletHeavyEnv",
		"mat_water_deep": "IceGauntletHeavyEnv",
		"mat_water_shallow": "IceGauntletHeavyEnv",
		"mat_wood": "IceGauntletHeavyEnv",
		"mat_corruption_core": "IceGauntletHeavyEnv",
		"mat_corruption": "IceGauntletHeavyEnv",
		"mat_holy_shield": "HolyShield_LifeProj",
		"mat_ice_entomb": "IceGauntletHeavyEnv"
	},
	{
		"Name": "IceGauntlet_Null",
		"mat_default": "IceGauntletNull",
		"mat_bark": "IceGauntletNull",
		"mat_dirt": "IceGauntletNull",
		"mat_fabric": "IceGauntletNull",
		"mat_glass": "IceGauntletNull",
		"mat_grass": "IceGauntletNull",
		"mat_metal": "IceGauntletNull",
		"mat_mud": "IceGauntletNull",
		"mat_rock": "IceGauntletNull",
		"mat_rock_wet": "IceGauntletNull",
		"mat_sand": "IceGauntletNull",
		"mat_sand_wet": "IceGauntletNull",
		"mat_thatch": "IceGauntletNull",
		"mat_water": "IceGauntletNull",
		"mat_water_deep": "IceGauntletNull",
		"mat_water_shallow": "IceGauntletNull",
		"mat_wood": "IceGauntletNull",
		"mat_corruption_core": "IceGauntletNull",
		"mat_corruption": "IceGauntletNull",
		"mat_holy_shield": "HolyShield_Proj",
		"mat_ice_entomb": "IceGauntletNull"
	},
	{
		"Name": "IceGauntlet_Proj+Crit",
		"mat_default": "IceGauntletEnv",
		"mat_bark": "IceGauntletEnv",
		"mat_dirt": "IceGauntletEnv",
		"mat_fabric": "IceGauntletEnv",
		"mat_glass": "IceGauntletEnv",
		"mat_grass": "IceGauntletEnv",
		"mat_metal": "IceGauntletEnv",
		"mat_mud": "IceGauntletEnv",
		"mat_rock": "IceGauntletEnv",
		"mat_rock_wet": "IceGauntletEnv",
		"mat_sand": "IceGauntletEnv",
		"mat_sand_wet": "IceGauntletEnv",
		"mat_thatch": "IceGauntletEnv",
		"mat_water": "IceGauntletEnv",
		"mat_water_deep": "IceGauntletEnv",
		"mat_water_shallow": "IceGauntletEnv",
		"mat_wood": "IceGauntletEnv",
		"mat_corruption_core": "IceGauntletEnv",
		"mat_corruption": "IceGauntletEnv",
		"mat_holy_shield": "HolyShield_LifeProj",
		"mat_ice_entomb": "IceGauntletEnv"
	},
	{
		"Name": "CorruptedMagic",
		"mat_default": "CorruptedMagicEnv",
		"mat_bark": "CorruptedMagicEnv",
		"mat_dirt": "CorruptedMagicEnv",
		"mat_fabric": "CorruptedMagicEnv",
		"mat_glass": "CorruptedMagicEnv",
		"mat_grass": "CorruptedMagicEnv",
		"mat_metal": "CorruptedMagicEnv",
		"mat_mud": "CorruptedMagicEnv",
		"mat_rock": "CorruptedMagicEnv",
		"mat_rock_wet": "CorruptedMagicEnv",
		"mat_sand": "CorruptedMagicEnv",
		"mat_sand_wet": "CorruptedMagicEnv",
		"mat_thatch": "CorruptedMagicEnv",
		"mat_water": "CorruptedMagicEnv",
		"mat_water_deep": "CorruptedMagicEnv",
		"mat_water_shallow": "CorruptedMagicEnv",
		"mat_wood": "CorruptedMagicEnv",
		"mat_corruption_core": "CorruptedMagicEnv",
		"mat_corruption": "CorruptedMagicEnv",
		"mat_holy_shield": "HolyShield_Proj",
		"mat_ice_entomb": "CorruptedMagicEnv"
	},
	{
		"Name": "DryadMagic",
		"mat_default": "DryadMagicEnv",
		"mat_bark": "DryadMagicEnv",
		"mat_dirt": "DryadMagicEnv",
		"mat_fabric": "DryadMagicEnv",
		"mat_glass": "DryadMagicEnv",
		"mat_grass": "DryadMagicEnv",
		"mat_metal": "DryadMagicEnv",
		"mat_mud": "DryadMagicEnv",
		"mat_rock": "DryadMagicEnv",
		"mat_rock_wet": "DryadMagicEnv",
		"mat_sand": "DryadMagicEnv",
		"mat_sand_wet": "DryadMagicEnv",
		"mat_thatch": "DryadMagicEnv",
		"mat_water": "DryadMagicEnv",
		"mat_water_deep": "DryadMagicEnv",
		"mat_water_shallow": "DryadMagicEnv",
		"mat_wood": "DryadMagicEnv",
		"mat_corruption_core": "DryadMagicEnv",
		"mat_corruption": "DryadMagicEnv",
		"mat_holy_shield": "HolyShield_Proj",
		"mat_ice_entomb": "DryadMagicEnv"
	},
	{
		"Name": "CorruptedSlash",
		"mat_default": "CorruptedSlashEnv",
		"mat_bark": "CorruptedSlashEnv",
		"mat_dirt": "CorruptedSlashEnv",
		"mat_fabric": "CorruptedSlashEnv",
		"mat_glass": "CorruptedSlashEnv",
		"mat_grass": "CorruptedSlashEnv",
		"mat_metal": "CorruptedSlashEnv",
		"mat_mud": "CorruptedSlashEnv",
		"mat_rock": "CorruptedSlashEnv",
		"mat_rock_wet": "CorruptedSlashEnv",
		"mat_sand": "CorruptedSlashEnv",
		"mat_sand_wet": "CorruptedSlashEnv",
		"mat_thatch": "CorruptedSlashEnv",
		"mat_water": "CorruptedSlashEnv",
		"mat_water_deep": "CorruptedSlashEnv",
		"mat_water_shallow": "CorruptedSlashEnv",
		"mat_wood": "CorruptedSlashEnv",
		"mat_corruption_core": "CorruptedSlashEnv",
		"mat_corruption": "CorruptedSlashEnv",
		"mat_holy_shield": "HolyShield_Proj",
		"mat_ice_entomb": "CorruptedSlashEnv"
	},
	{
		"Name": "VoidGauntlet_Proj",
		"mat_default": "VoidGauntletEnv",
		"mat_bark": "VoidGauntletEnv",
		"mat_dirt": "VoidGauntletEnv",
		"mat_fabric": "VoidGauntletEnv",
		"mat_glass": "VoidGauntletEnv",
		"mat_grass": "VoidGauntletEnv",
		"mat_metal": "VoidGauntletEnv",
		"mat_mud": "VoidGauntletEnv",
		"mat_rock": "VoidGauntletEnv",
		"mat_rock_wet": "VoidGauntletEnv",
		"mat_sand": "VoidGauntletEnv",
		"mat_sand_wet": "VoidGauntletEnv",
		"mat_thatch": "VoidGauntletEnv",
		"mat_water": "VoidGauntletEnv",
		"mat_water_deep": "VoidGauntletEnv",
		"mat_water_shallow": "VoidGauntletEnv",
		"mat_wood": "VoidGauntletEnv",
		"mat_corruption_core": "VoidGauntletEnv",
		"mat_corruption": "VoidGauntletEnv",
		"mat_holy_shield": "HolyShield_LifeProj",
		"mat_ice_entomb": "VoidGauntletEnv"
	},
	{
		"Name": "VoidGauntlet_Proj_Heavy",
		"mat_default": "VoidGauntletHeavyEnv",
		"mat_bark": "VoidGauntletHeavyEnv",
		"mat_dirt": "VoidGauntletHeavyEnv",
		"mat_fabric": "VoidGauntletHeavyEnv",
		"mat_glass": "VoidGauntletHeavyEnv",
		"mat_grass": "VoidGauntletHeavyEnv",
		"mat_metal": "VoidGauntletHeavyEnv",
		"mat_mud": "VoidGauntletHeavyEnv",
		"mat_rock": "VoidGauntletHeavyEnv",
		"mat_rock_wet": "VoidGauntletHeavyEnv",
		"mat_sand": "VoidGauntletHeavyEnv",
		"mat_sand_wet": "VoidGauntletHeavyEnv",
		"mat_thatch": "VoidGauntletHeavyEnv",
		"mat_water": "VoidGauntletHeavyEnv",
		"mat_water_deep": "VoidGauntletHeavyEnv",
		"mat_water_shallow": "VoidGauntletHeavyEnv",
		"mat_wood": "VoidGauntletHeavyEnv",
		"mat_corruption_core": "VoidGauntletHeavyEnv",
		"mat_corruption": "VoidGauntletHeavyEnv",
		"mat_holy_shield": "HolyShield_LifeProj",
		"mat_ice_entomb": "VoidGauntletHeavyEnv"
	},
	{
		"Name": "VoidGauntlet_Blade",
		"mat_default": "VoidGauntletBladeEnv",
		"mat_bark": "VoidGauntletBladeEnv",
		"mat_dirt": "VoidGauntletBladeEnv",
		"mat_fabric": "VoidGauntletBladeEnv",
		"mat_glass": "VoidGauntletBladeEnv",
		"mat_grass": "VoidGauntletBladeEnv",
		"mat_metal": "VoidGauntletBladeEnv",
		"mat_mud": "VoidGauntletBladeEnv",
		"mat_rock": "VoidGauntletBladeEnv",
		"mat_rock_wet": "VoidGauntletBladeEnv",
		"mat_sand": "VoidGauntletBladeEnv",
		"mat_sand_wet": "VoidGauntletBladeEnv",
		"mat_thatch": "VoidGauntletBladeEnv",
		"mat_water": "VoidGauntletBladeEnv",
		"mat_water_deep": "VoidGauntletBladeEnv",
		"mat_water_shallow": "VoidGauntletBladeEnv",
		"mat_wood": "VoidGauntletBladeEnv",
		"mat_corruption_core": "VoidGauntletBladeEnv",
		"mat_corruption": "VoidGauntletBladeEnv",
		"mat_holy_shield": "HolyShield_LifeProj",
		"mat_ice_entomb": "VoidGauntletBladeEnv"
	},
	{
		"Name": "VoidGauntlet_Special",
		"mat_default": "VoidGauntletSpecialEnv",
		"mat_bark": "VoidGauntletSpecialEnv",
		"mat_dirt": "VoidGauntletSpecialEnv",
		"mat_fabric": "VoidGauntletSpecialEnv",
		"mat_glass": "VoidGauntletSpecialEnv",
		"mat_grass": "VoidGauntletSpecialEnv",
		"mat_metal": "VoidGauntletSpecialEnv",
		"mat_mud": "VoidGauntletSpecialEnv",
		"mat_rock": "VoidGauntletSpecialEnv",
		"mat_rock_wet": "VoidGauntletSpecialEnv",
		"mat_sand": "VoidGauntletSpecialEnv",
		"mat_sand_wet": "VoidGauntletSpecialEnv",
		"mat_thatch": "VoidGauntletSpecialEnv",
		"mat_water": "VoidGauntletSpecialEnv",
		"mat_water_deep": "VoidGauntletSpecialEnv",
		"mat_water_shallow": "VoidGauntletSpecialEnv",
		"mat_wood": "VoidGauntletSpecialEnv",
		"mat_corruption_core": "VoidGauntletSpecialEnv",
		"mat_corruption": "VoidGauntletSpecialEnv",
		"mat_holy_shield": "HolyShield_LifeProj",
		"mat_ice_entomb": "VoidGauntletSpecialEnv"
	},
	{
		"Name": "VoidGauntlet_Rupture",
		"mat_default": "VoidGauntletRuptureDefault",
		"mat_bark": "VoidGauntletRuptureDefault",
		"mat_dirt": "VoidGauntletRuptureDefault",
		"mat_fabric": "VoidGauntletRuptureDefault",
		"mat_glass": "VoidGauntletRuptureDefault",
		"mat_grass": "VoidGauntletRuptureDefault",
		"mat_metal": "VoidGauntletRuptureDefault",
		"mat_mud": "VoidGauntletRuptureDefault",
		"mat_rock": "VoidGauntletRuptureDefault",
		"mat_rock_wet": "VoidGauntletRuptureDefault",
		"mat_sand": "VoidGauntletRuptureDefault",
		"mat_sand_wet": "VoidGauntletRuptureDefault",
		"mat_thatch": "VoidGauntletRuptureDefault",
		"mat_water": "VoidGauntletRuptureDefault",
		"mat_water_deep": "VoidGauntletRuptureDefault",
		"mat_water_shallow": "VoidGauntletRuptureDefault",
		"mat_wood": "VoidGauntletRuptureDefault",
		"mat_corruption_core": "VoidGauntletRuptureDefault",
		"mat_corruption": "VoidGauntletRuptureDefault",
		"mat_holy_shield": "HolyShield_LifeProj",
		"mat_ice_entomb": "VoidGauntletRuptureDefault"
	},
	{
		"Name": "VoidGauntlet_Blade+Crit",
		"mat_default": "VoidGauntletBladeEnv",
		"mat_bark": "VoidGauntletBladeEnv",
		"mat_dirt": "VoidGauntletBladeEnv",
		"mat_fabric": "VoidGauntletBladeEnv",
		"mat_glass": "VoidGauntletBladeEnv",
		"mat_grass": "VoidGauntletBladeEnv",
		"mat_metal": "VoidGauntletBladeEnv",
		"mat_mud": "VoidGauntletBladeEnv",
		"mat_rock": "VoidGauntletBladeEnv",
		"mat_rock_wet": "VoidGauntletBladeEnv",
		"mat_sand": "VoidGauntletBladeEnv",
		"mat_sand_wet": "VoidGauntletBladeEnv",
		"mat_thatch": "VoidGauntletBladeEnv",
		"mat_water": "VoidGauntletBladeEnv",
		"mat_water_deep": "VoidGauntletBladeEnv",
		"mat_water_shallow": "VoidGauntletBladeEnv",
		"mat_wood": "VoidGauntletBladeEnv",
		"mat_corruption_core": "VoidGauntletBladeEnv",
		"mat_corruption": "VoidGauntletBladeEnv",
		"mat_holy_shield": "HolyShield_LifeProj",
		"mat_ice_entomb": "VoidGauntletBladeEnv"
	},
	{
		"Name": "VoidGauntlet_Proj+Crit",
		"mat_default": "VoidGauntletEnv",
		"mat_bark": "VoidGauntletEnv",
		"mat_dirt": "VoidGauntletEnv",
		"mat_fabric": "VoidGauntletEnv",
		"mat_glass": "VoidGauntletEnv",
		"mat_grass": "VoidGauntletEnv",
		"mat_metal": "VoidGauntletEnv",
		"mat_mud": "VoidGauntletEnv",
		"mat_rock": "VoidGauntletEnv",
		"mat_rock_wet": "VoidGauntletEnv",
		"mat_sand": "VoidGauntletEnv",
		"mat_sand_wet": "VoidGauntletEnv",
		"mat_thatch": "VoidGauntletEnv",
		"mat_water": "VoidGauntletEnv",
		"mat_water_deep": "VoidGauntletEnv",
		"mat_water_shallow": "VoidGauntletEnv",
		"mat_wood": "VoidGauntletEnv",
		"mat_corruption_core": "VoidGauntletEnv",
		"mat_corruption": "VoidGauntletEnv",
		"mat_holy_shield": "HolyShield_LifeProj",
		"mat_ice_entomb": "VoidGauntletEnv"
	},
	{
		"Name": "Blunderbuss",
		"mat_default": "Blund_Env_Bullet_Dirt",
		"mat_bark": "Blund_Env_Bullet_Wood",
		"mat_dirt": "Blund_Env_Bullet_Dirt",
		"mat_fabric": "Blund_Env_Bullet_Fabric",
		"mat_glass": "Blund_Env_Bullet_Rock",
		"mat_grass": "Blund_Env_Bullet_Grass",
		"mat_metal": "Blund_Env_Bullet_Metal",
		"mat_mud": "Blund_Env_Bullet_Dirt",
		"mat_rock": "Blund_Env_Bullet_Rock",
		"mat_rock_wet": "Blund_Env_Bullet_Rock",
		"mat_sand": "Blund_Env_Bullet_Sand",
		"mat_sand_wet": "Blund_Env_Bullet_Sand",
		"mat_thatch": "Blund_Env_Bullet_Dirt",
		"mat_water": "EnvironmentWater",
		"mat_water_deep": "EnvironmentWater",
		"mat_water_shallow": "EnvironmentWater",
		"mat_wood": "Blund_Env_Bullet_Wood",
		"mat_corruption_core": "EnvironmentCorruptionCore",
		"mat_corruption": "EnvironmentCorruptionCore",
		"mat_holy_shield": "HolyShield_Proj",
		"mat_ice_entomb": "Blund_Env_Bullet_Rock"
	},
	{
		"Name": "Blunderbuss_Claw",
		"mat_default": "Blunderbuss_Env_Claw",
		"mat_bark": "Blunderbuss_Env_Claw",
		"mat_dirt": "Blunderbuss_Env_Claw",
		"mat_fabric": "Blunderbuss_Env_Claw",
		"mat_glass": "Blunderbuss_Env_Claw",
		"mat_grass": "Blunderbuss_Env_Claw",
		"mat_metal": "Blunderbuss_Env_Claw",
		"mat_mud": "Blunderbuss_Env_Claw",
		"mat_rock": "Blunderbuss_Env_Claw",
		"mat_rock_wet": "Blunderbuss_Env_Claw",
		"mat_sand": "Blunderbuss_Env_Claw",
		"mat_sand_wet": "Blunderbuss_Env_Claw",
		"mat_thatch": "Blunderbuss_Env_Claw",
		"mat_water": "Blunderbuss_Env_Claw",
		"mat_water_deep": "Blunderbuss_Env_Claw",
		"mat_water_shallow": "Blunderbuss_Env_Claw",
		"mat_wood": "Blunderbuss_Env_Claw",
		"mat_corruption_core": "Blunderbuss_Env_Claw",
		"mat_corruption": "Blunderbuss_Env_Claw",
		"mat_holy_shield": "HolyShield_Proj",
		"mat_ice_entomb": "Blunderbuss_Env_Claw"
	},
	{
		"Name": "Blunderbuss_Net",
		"mat_default": "Blunderbuss_Env_Net",
		"mat_bark": "Blunderbuss_Env_Net",
		"mat_dirt": "Blunderbuss_Env_Net",
		"mat_fabric": "Blunderbuss_Env_Net",
		"mat_glass": "Blunderbuss_Env_Net",
		"mat_grass": "Blunderbuss_Env_Net",
		"mat_metal": "Blunderbuss_Env_Net",
		"mat_mud": "Blunderbuss_Env_Net",
		"mat_rock": "Blunderbuss_Env_Net",
		"mat_rock_wet": "Blunderbuss_Env_Net",
		"mat_sand": "Blunderbuss_Env_Net",
		"mat_sand_wet": "Blunderbuss_Env_Net",
		"mat_thatch": "Blunderbuss_Env_Net",
		"mat_water": "Blunderbuss_Env_Net",
		"mat_water_deep": "Blunderbuss_Env_Net",
		"mat_water_shallow": "Blunderbuss_Env_Net",
		"mat_wood": "Blunderbuss_Env_Net",
		"mat_corruption_core": "Blunderbuss_Env_Net",
		"mat_corruption": "Blunderbuss_Env_Net",
		"mat_holy_shield": "HolyShield_Proj",
		"mat_ice_entomb": "Blunderbuss_Env_Net"
	},
	{
		"Name": "Blunderbuss_Net_Barbed",
		"mat_default": "Blunderbuss_Env_Net_Barbed",
		"mat_bark": "Blunderbuss_Env_Net_Barbed",
		"mat_dirt": "Blunderbuss_Env_Net_Barbed",
		"mat_fabric": "Blunderbuss_Env_Net_Barbed",
		"mat_glass": "Blunderbuss_Env_Net_Barbed",
		"mat_grass": "Blunderbuss_Env_Net_Barbed",
		"mat_metal": "Blunderbuss_Env_Net_Barbed",
		"mat_mud": "Blunderbuss_Env_Net_Barbed",
		"mat_rock": "Blunderbuss_Env_Net_Barbed",
		"mat_rock_wet": "Blunderbuss_Env_Net_Barbed",
		"mat_sand": "Blunderbuss_Env_Net_Barbed",
		"mat_sand_wet": "Blunderbuss_Env_Net_Barbed",
		"mat_thatch": "Blunderbuss_Env_Net_Barbed",
		"mat_water": "Blunderbuss_Env_Net_Barbed",
		"mat_water_deep": "Blunderbuss_Env_Net_Barbed",
		"mat_water_shallow": "Blunderbuss_Env_Net_Barbed",
		"mat_wood": "Blunderbuss_Env_Net_Barbed",
		"mat_corruption_core": "Blunderbuss_Env_Net_Barbed",
		"mat_corruption": "Blunderbuss_Env_Net_Barbed",
		"mat_holy_shield": "HolyShield_Proj",
		"mat_ice_entomb": "Blunderbuss_Env_Net_Barbed"
	},
	{
		"Name": "Blunderbuss_Shrapnel",
		"mat_default": "Blund_Env_Shrapnel_Dirt",
		"mat_bark": "Blund_Env_Shrapnel_Wood",
		"mat_dirt": "Blund_Env_Shrapnel_Dirt",
		"mat_fabric": "Blund_Env_Shrapnel_Fabric",
		"mat_glass": "Blund_Env_Shrapnel_Rock",
		"mat_grass": "Blund_Env_Shrapnel_Grass",
		"mat_metal": "Blund_Env_Shrapnel_Metal",
		"mat_mud": "Blund_Env_Shrapnel_Dirt",
		"mat_rock": "Blund_Env_Shrapnel_Rock",
		"mat_rock_wet": "Blund_Env_Shrapnel_Rock",
		"mat_sand": "Blund_Env_Shrapnel_Sand",
		"mat_sand_wet": "Blund_Env_Shrapnel_Sand",
		"mat_thatch": "Blund_Env_Shrapnel_Dirt",
		"mat_water": "EnvironmentWater",
		"mat_water_deep": "EnvironmentWater",
		"mat_water_shallow": "EnvironmentWater",
		"mat_wood": "Blund_Env_Shrapnel_Wood",
		"mat_corruption_core": "EnvironmentCorruptionCore",
		"mat_corruption": "EnvironmentCorruptionCore",
		"mat_holy_shield": "HolyShield_Proj",
		"mat_ice_entomb": "Blund_Env_Shrapnel_Rock"
	},
	{
		"Name": "Greatsword",
		"mat_default": "EnvironmentDefault",
		"mat_bark": "EnvironmentWood_LG",
		"mat_dirt": "EnvironmentDirt_LG",
		"mat_fabric": "EnvironmentFabric",
		"mat_glass": "EnvironmentRock_LG",
		"mat_grass": "EnvironmentDirt_LG",
		"mat_metal": "EnvironmentMetal_LG",
		"mat_mud": "EnvironmentDirt_LG",
		"mat_rock": "EnvironmentRock_LG",
		"mat_rock_wet": "EnvironmentRock_LG",
		"mat_sand": "EnvironmentDirt_LG",
		"mat_sand_wet": "EnvironmentDirt_LG",
		"mat_thatch": "EnvironmentWood_LG",
		"mat_water": "EnvironmentWater_LG",
		"mat_water_deep": "EnvironmentWater_LG",
		"mat_water_shallow": "EnvironmentWater_LG",
		"mat_wood": "EnvironmentWood_LG",
		"mat_corruption_core": "EnvironmentCorruptionCore",
		"mat_corruption": "EnvironmentCorruptionCore",
		"mat_holy_shield": "HolyShield_Proj",
		"mat_ice_entomb": "EnvironmentRock_LG"
	},
	{
		"Name": "Greatsword+Crit",
		"mat_default": "EnvironmentDefault",
		"mat_bark": "EnvironmentWood_LG",
		"mat_dirt": "EnvironmentDirt_LG",
		"mat_fabric": "EnvironmentFabric",
		"mat_glass": "EnvironmentRock_LG",
		"mat_grass": "EnvironmentDirt_LG",
		"mat_metal": "EnvironmentMetal_LG",
		"mat_mud": "EnvironmentDirt_LG",
		"mat_rock": "EnvironmentRock_LG",
		"mat_rock_wet": "EnvironmentRock_LG",
		"mat_sand": "EnvironmentDirt_LG",
		"mat_sand_wet": "EnvironmentDirt_LG",
		"mat_thatch": "EnvironmentWood_LG",
		"mat_water": "EnvironmentWater_LG",
		"mat_water_deep": "EnvironmentWater_LG",
		"mat_water_shallow": "EnvironmentWater_LG",
		"mat_wood": "EnvironmentWood_LG",
		"mat_corruption_core": "EnvironmentCorruptionCore",
		"mat_corruption": "EnvironmentCorruptionCore",
		"mat_holy_shield": "HolyShield_Proj",
		"mat_ice_entomb": "EnvironmentRock_LG"
	},
	{
		"Name": "Greatsword_Heavy",
		"mat_default": "WarHammer_MD_Dirt",
		"mat_bark": "WarHammer_MD_Wood",
		"mat_dirt": "WarHammer_MD_Dirt",
		"mat_fabric": "EnvironmentFabric",
		"mat_glass": "WarHammer_MD_Stone",
		"mat_grass": "WarHammer_MD_Dirt",
		"mat_metal": "EnvironmentMetal_LG",
		"mat_mud": "WarHammer_MD_Mud",
		"mat_rock": "WarHammer_MD_Stone",
		"mat_rock_wet": "WarHammer_MD_Stone",
		"mat_sand": "WarHammer_MD_Sand",
		"mat_sand_wet": "WarHammer_MD_Sand",
		"mat_thatch": "WarHammer_MD_Wood",
		"mat_water": "WarHammer_MD_Water",
		"mat_water_deep": "WarHammer_MD_Water",
		"mat_water_shallow": "WarHammer_MD_Water",
		"mat_wood": "WarHammer_MD_Wood",
		"mat_corruption_core": "EnvironmentCorruptionCore",
		"mat_corruption": "EnvironmentCorruptionCore",
		"mat_holy_shield": "HolyShield_Proj",
		"mat_ice_entomb": "WarHammer_MD_Stone"
	},
	{
		"Name": "Flail",
		"mat_default": "Flail_MD_Dirt",
		"mat_bark": "Flail_MD_Wood",
		"mat_dirt": "Flail_MD_Dirt",
		"mat_fabric": "Flail_MD_Fabric",
		"mat_glass": "Flail_MD_Rock",
		"mat_grass": "Flail_MD_Dirt",
		"mat_metal": "Flail_MD_Metal",
		"mat_mud": "Flail_MD_Mud",
		"mat_rock": "Flail_MD_Rock",
		"mat_rock_wet": "Flail_MD_Rock",
		"mat_sand": "Flail_MD_Sand",
		"mat_sand_wet": "Flail_MD_Sand",
		"mat_thatch": "Flail_MD_Dirt",
		"mat_water": "Flail_MD_Water",
		"mat_water_deep": "Flail_MD_Water",
		"mat_water_shallow": "Flail_MD_Water",
		"mat_wood": "Flail_MD_Wood",
		"mat_corruption_core": "EnvironmentCorruptionCore",
		"mat_corruption": "EnvironmentCorruptionCore",
		"mat_holy_shield": "HolyShield_Proj",
		"mat_ice_entomb": "Flail_MD_Rock"
	},
	{
		"Name": "Flail_No_Environment",
		"mat_holy_shield": "HolyShield_Proj"
	},
	{
		"Name": "Flail+Crit",
		"mat_default": "Flail_MD_Dirt",
		"mat_bark": "Flail_MD_Wood",
		"mat_dirt": "Flail_MD_Dirt",
		"mat_fabric": "Flail_MD_Fabric",
		"mat_glass": "Flail_MD_Rock",
		"mat_grass": "Flail_MD_Dirt",
		"mat_metal": "Flail_MD_Metal",
		"mat_mud": "Flail_MD_Mud",
		"mat_rock": "Flail_MD_Rock",
		"mat_rock_wet": "Flail_MD_Rock",
		"mat_sand": "Flail_MD_Sand",
		"mat_sand_wet": "Flail_MD_Sand",
		"mat_thatch": "Flail_MD_Dirt",
		"mat_water": "Flail_MD_Water",
		"mat_water_deep": "Flail_MD_Water",
		"mat_water_shallow": "Flail_MD_Water",
		"mat_wood": "Flail_MD_Wood",
		"mat_corruption_core": "EnvironmentCorruptionCore",
		"mat_corruption": "EnvironmentCorruptionCore",
		"mat_holy_shield": "HolyShield_Proj",
		"mat_ice_entomb": "Flail_MD_Rock"
	},
	{
		"Name": "Flail_No_Environment+Crit",
		"mat_default": "Flail_MD_Dirt",
		"mat_bark": "Flail_MD_Wood"
	},
	{
		"Name": "Flail_Heavy",
		"mat_default": "Flail_MD_Dirt",
		"mat_bark": "Flail_MD_Wood",
		"mat_dirt": "Flail_MD_Dirt",
		"mat_fabric": "Flail_MD_Fabric",
		"mat_glass": "Flail_MD_Rock",
		"mat_grass": "Flail_MD_Dirt",
		"mat_metal": "Flail_MD_Metal",
		"mat_mud": "Flail_MD_Mud",
		"mat_rock": "Flail_MD_Rock",
		"mat_rock_wet": "Flail_MD_Rock",
		"mat_sand": "Flail_MD_Sand",
		"mat_sand_wet": "Flail_MD_Sand",
		"mat_thatch": "Flail_MD_Dirt",
		"mat_water": "Flail_MD_Water",
		"mat_water_deep": "Flail_MD_Water",
		"mat_water_shallow": "Flail_MD_Water",
		"mat_wood": "Flail_MD_Wood",
		"mat_corruption_core": "EnvironmentCorruptionCore",
		"mat_corruption": "EnvironmentCorruptionCore",
		"mat_holy_shield": "HolyShield_Proj",
		"mat_ice_entomb": "Flail_MD_Rock"
	},
	{
		"Name": "BileBomb",
		"mat_default": "Heartgem_BileBombEnvironment",
		"mat_bark": "Heartgem_BileBombEnvironment",
		"mat_dirt": "Heartgem_BileBombEnvironment",
		"mat_fabric": "Heartgem_BileBombEnvironment",
		"mat_glass": "Heartgem_BileBombEnvironment",
		"mat_grass": "Heartgem_BileBombEnvironment",
		"mat_metal": "Heartgem_BileBombEnvironment",
		"mat_mud": "Heartgem_BileBombEnvironment",
		"mat_rock": "Heartgem_BileBombEnvironment",
		"mat_rock_wet": "Heartgem_BileBombEnvironment",
		"mat_sand": "Heartgem_BileBombEnvironment",
		"mat_sand_wet": "Heartgem_BileBombEnvironment",
		"mat_thatch": "Heartgem_BileBombEnvironment",
		"mat_water": "Heartgem_BileBombEnvironment",
		"mat_water_deep": "Heartgem_BileBombEnvironment",
		"mat_water_shallow": "Heartgem_BileBombEnvironment",
		"mat_wood": "Heartgem_BileBombEnvironment",
		"mat_corruption_core": "Heartgem_BileBombEnvironment",
		"mat_corruption": "Heartgem_BileBombEnvironment",
		"mat_holy_shield": "HolyShield_Proj",
		"mat_ice_entomb": "Heartgem_BileBombEnvironment"
	},
	{
		"Name": "Megaflora_PetalProjectile",
		"mat_default": "EnvironmentDefault",
		"mat_bark": "EnvironmentWood",
		"mat_dirt": "EnvironmentDirt",
		"mat_fabric": "EnvironmentFabric",
		"mat_glass": "EnvironmentRock",
		"mat_grass": "EnvironmentDefault",
		"mat_metal": "EnvironmentMetal",
		"mat_mud": "EnvironmentDefault",
		"mat_rock": "EnvironmentRock",
		"mat_rock_wet": "EnvironmentRock",
		"mat_sand": "EnvironmentDefault",
		"mat_sand_wet": "EnvironmentDefault",
		"mat_thatch": "EnvironmentDefault",
		"mat_water": "EnvironmentWater",
		"mat_water_deep": "EnvironmentWater",
		"mat_water_shallow": "EnvironmentWater",
		"mat_wood": "EnvironmentWood",
		"mat_corruption_core": "EnvironmentDefault",
		"mat_corruption": "EnvironmentDefault",
		"mat_holy_shield": "HolyShield_Proj",
		"mat_ice_entomb": "EnvironmentRock"
	},
	{
		"Name": "Mammoth_LavaToss",
		"mat_default": "Mammoth_LavaTossEnv",
		"mat_bark": "Mammoth_LavaTossEnv",
		"mat_dirt": "Mammoth_LavaTossEnv",
		"mat_fabric": "Mammoth_LavaTossEnv",
		"mat_glass": "Mammoth_LavaTossEnv",
		"mat_grass": "Mammoth_LavaTossEnv",
		"mat_metal": "Mammoth_LavaTossEnv",
		"mat_mud": "Mammoth_LavaTossEnv",
		"mat_rock": "Mammoth_LavaTossEnv",
		"mat_rock_wet": "Mammoth_LavaTossEnv",
		"mat_sand": "Mammoth_LavaTossEnv",
		"mat_sand_wet": "Mammoth_LavaTossEnv",
		"mat_thatch": "Mammoth_LavaTossEnv",
		"mat_water": "Mammoth_LavaTossEnv",
		"mat_water_deep": "Mammoth_LavaTossEnv",
		"mat_water_shallow": "Mammoth_LavaTossEnv",
		"mat_wood": "Mammoth_LavaTossEnv",
		"mat_corruption_core": "Mammoth_LavaTossEnv",
		"mat_corruption": "Mammoth_LavaTossEnv",
		"mat_holy_shield": "HolyShield_Proj",
		"mat_ice_entomb": "Mammoth_LavaTossEnv"
	},
	{
		"Name": "Mammoth_Shock",
		"mat_default": "Mammoth_Shock",
		"mat_bark": "Mammoth_Shock",
		"mat_dirt": "Mammoth_Shock",
		"mat_fabric": "Mammoth_Shock",
		"mat_glass": "Mammoth_Shock",
		"mat_grass": "Mammoth_Shock",
		"mat_metal": "Mammoth_Shock",
		"mat_mud": "Mammoth_Shock",
		"mat_rock": "Mammoth_Shock",
		"mat_rock_wet": "Mammoth_Shock",
		"mat_sand": "Mammoth_Shock",
		"mat_sand_wet": "Mammoth_Shock",
		"mat_thatch": "Mammoth_Shock",
		"mat_water": "Mammoth_Shock",
		"mat_water_deep": "Mammoth_Shock",
		"mat_water_shallow": "Mammoth_Shock",
		"mat_wood": "Mammoth_Shock",
		"mat_corruption_core": "Mammoth_Shock",
		"mat_corruption": "Mammoth_Shock",
		"mat_holy_shield": "HolyShield_Proj",
		"mat_ice_entomb": "Mammoth_Shock"
	},
	{
		"Name": "Mammoth_Lob",
		"mat_default": "Mammoth_LobEnv",
		"mat_bark": "Mammoth_LobEnv",
		"mat_dirt": "Mammoth_LobEnv",
		"mat_fabric": "Mammoth_LobEnv",
		"mat_glass": "Mammoth_LobEnv",
		"mat_grass": "Mammoth_LobEnv",
		"mat_metal": "Mammoth_LobEnv",
		"mat_mud": "Mammoth_LobEnv",
		"mat_rock": "Mammoth_LobEnv",
		"mat_rock_wet": "Mammoth_LobEnv",
		"mat_sand": "Mammoth_LobEnv",
		"mat_sand_wet": "Mammoth_LobEnv",
		"mat_thatch": "Mammoth_LobEnv",
		"mat_water": "Mammoth_LobEnv",
		"mat_water_deep": "Mammoth_LobEnv",
		"mat_water_shallow": "Mammoth_LobEnv",
		"mat_wood": "Mammoth_LobEnv",
		"mat_corruption_core": "Mammoth_LobEnv",
		"mat_corruption": "Mammoth_LobEnv",
		"mat_holy_shield": "HolyShield_Proj",
		"mat_ice_entomb": "Mammoth_LobEnv"
	},
	{
		"Name": "HercyneCorvid_Feather",
		"mat_default": "EnvironmentDefault",
		"mat_bark": "EnvironmentWood",
		"mat_dirt": "EnvironmentDirt",
		"mat_fabric": "EnvironmentFabric",
		"mat_glass": "EnvironmentRock",
		"mat_grass": "EnvironmentDefault",
		"mat_metal": "EnvironmentMetal",
		"mat_mud": "EnvironmentDefault",
		"mat_rock": "EnvironmentRock",
		"mat_rock_wet": "EnvironmentRock",
		"mat_sand": "EnvironmentDefault",
		"mat_sand_wet": "EnvironmentDefault",
		"mat_thatch": "EnvironmentDefault",
		"mat_water": "EnvironmentWater",
		"mat_water_deep": "EnvironmentWater",
		"mat_water_shallow": "EnvironmentWater",
		"mat_wood": "EnvironmentWood",
		"mat_corruption_core": "EnvironmentDefault",
		"mat_corruption": "EnvironmentDefault",
		"mat_holy_shield": "HolyShield_Proj",
		"mat_ice_entomb": "EnvironmentRock"
	},
	{
		"Name": "Medusa_SlashPoison",
		"mat_default": "Medusa_SlashPoison_Env",
		"mat_bark": "Medusa_SlashPoison_Env",
		"mat_dirt": "Medusa_SlashPoison_Env",
		"mat_fabric": "Medusa_SlashPoison_Env",
		"mat_glass": "Medusa_SlashPoison_Env",
		"mat_grass": "Medusa_SlashPoison_Env",
		"mat_metal": "Medusa_SlashPoison_Env",
		"mat_mud": "Medusa_SlashPoison_Env",
		"mat_rock": "Medusa_SlashPoison_Env",
		"mat_rock_wet": "Medusa_SlashPoison_Env",
		"mat_sand": "Medusa_SlashPoison_Env",
		"mat_sand_wet": "Medusa_SlashPoison_Env",
		"mat_thatch": "Medusa_SlashPoison_Env",
		"mat_water": "Medusa_SlashPoison_Env",
		"mat_water_deep": "Medusa_SlashPoison_Env",
		"mat_water_shallow": "Medusa_SlashPoison_Env",
		"mat_wood": "Medusa_SlashPoison_Env",
		"mat_corruption_core": "Medusa_SlashPoison_Env",
		"mat_corruption": "Medusa_SlashPoison_Env",
		"mat_holy_shield": "HolyShield_Proj",
		"mat_ice_entomb": "Medusa_SlashPoison_Env"
	},
	{
		"Name": "Medusa_Charge",
		"mat_default": "Medusa_Charge_Env",
		"mat_bark": "Medusa_Charge_Env",
		"mat_dirt": "Medusa_Charge_Env",
		"mat_fabric": "Medusa_Charge_Env",
		"mat_glass": "Medusa_Charge_Env",
		"mat_grass": "Medusa_Charge_Env",
		"mat_metal": "Medusa_Charge_Env",
		"mat_mud": "Medusa_Charge_Env",
		"mat_rock": "Medusa_Charge_Env",
		"mat_rock_wet": "Medusa_Charge_Env",
		"mat_sand": "Medusa_Charge_Env",
		"mat_sand_wet": "Medusa_Charge_Env",
		"mat_thatch": "Medusa_Charge_Env",
		"mat_water": "Medusa_Charge_Env",
		"mat_water_deep": "Medusa_Charge_Env",
		"mat_water_shallow": "Medusa_Charge_Env",
		"mat_wood": "Medusa_Charge_Env",
		"mat_corruption_core": "Medusa_Charge_Env",
		"mat_corruption": "Medusa_Charge_Env",
		"mat_holy_shield": "HolyShield_Proj",
		"mat_ice_entomb": "Medusa_Charge_Env"
	},
	{
		"Name": "Kurok_Nature_RipperProjectile",
		"mat_default": "Kurok_Nature_RipperProjectile_Env",
		"mat_bark": "Kurok_Nature_RipperProjectile_Env",
		"mat_dirt": "Kurok_Nature_RipperProjectile_Env",
		"mat_fabric": "Kurok_Nature_RipperProjectile_Env",
		"mat_glass": "Kurok_Nature_RipperProjectile_Env",
		"mat_grass": "Kurok_Nature_RipperProjectile_Env",
		"mat_metal": "Kurok_Nature_RipperProjectile_Env",
		"mat_mud": "Kurok_Nature_RipperProjectile_Env",
		"mat_rock": "Kurok_Nature_RipperProjectile_Env",
		"mat_rock_wet": "Kurok_Nature_RipperProjectile_Env",
		"mat_sand": "Kurok_Nature_RipperProjectile_Env",
		"mat_sand_wet": "Kurok_Nature_RipperProjectile_Env",
		"mat_thatch": "Kurok_Nature_RipperProjectile_Env",
		"mat_water": "Kurok_Nature_RipperProjectile_Env",
		"mat_water_deep": "Kurok_Nature_RipperProjectile_Env",
		"mat_water_shallow": "Kurok_Nature_RipperProjectile_Env",
		"mat_wood": "Kurok_Nature_RipperProjectile_Env",
		"mat_corruption_core": "Kurok_Nature_RipperProjectile_Env",
		"mat_corruption": "Kurok_Nature_RipperProjectile_Env",
		"mat_holy_shield": "HolyShield_Proj",
		"mat_ice_entomb": "Kurok_Nature_RipperProjectile_Env"
	},
	{
		"Name": "Mordred_ManiFistAtion",
		"mat_default": "Mordred_ManiFistAtion",
		"mat_bark": "Mordred_ManiFistAtion",
		"mat_dirt": "Mordred_ManiFistAtion",
		"mat_fabric": "Mordred_ManiFistAtion",
		"mat_glass": "Mordred_ManiFistAtion",
		"mat_grass": "Mordred_ManiFistAtion",
		"mat_metal": "Mordred_ManiFistAtion",
		"mat_mud": "Mordred_ManiFistAtion",
		"mat_rock": "Mordred_ManiFistAtion",
		"mat_rock_wet": "Mordred_ManiFistAtion",
		"mat_sand": "Mordred_ManiFistAtion",
		"mat_sand_wet": "Mordred_ManiFistAtion",
		"mat_thatch": "Mordred_ManiFistAtion",
		"mat_water": "Mordred_ManiFistAtion",
		"mat_water_deep": "Mordred_ManiFistAtion",
		"mat_water_shallow": "Mordred_ManiFistAtion",
		"mat_wood": "Mordred_ManiFistAtion",
		"mat_corruption_core": "Mordred_ManiFistAtion",
		"mat_corruption": "Mordred_ManiFistAtion",
		"mat_holy_shield": "HolyShield_Proj",
		"mat_ice_entomb": "Mordred_ManiFistAtion"
	},
	{
		"Name": "Dagger",
		"mat_default": "EnvironmentSwordDirt",
		"mat_bark": "EnvironmentSwordWood",
		"mat_dirt": "EnvironmentSwordDirt",
		"mat_fabric": "EnvironmentSwordFabric",
		"mat_glass": "EnvironmentSwordRock",
		"mat_grass": "EnvironmentSwordGrass",
		"mat_metal": "EnvironmentSwordMetal",
		"mat_mud": "EnvironmentSwordDirt",
		"mat_rock": "EnvironmentSwordRock",
		"mat_rock_wet": "EnvironmentSwordRock",
		"mat_sand": "EnvironmentSwordSand",
		"mat_sand_wet": "EnvironmentSwordSand",
		"mat_thatch": "EnvironmentSwordDirt",
		"mat_water": "EnvironmentSwordWater",
		"mat_water_deep": "EnvironmentSwordWater",
		"mat_water_shallow": "EnvironmentSwordWater",
		"mat_wood": "EnvironmentSwordWood",
		"mat_corruption_core": "EnvironmentCorruptionCore",
		"mat_corruption": "EnvironmentCorruptionCore",
		"mat_holy_shield": "HolyShield_Proj",
		"mat_ice_entomb": "EnvironmentSwordRock"
	},
	{
		"Name": "Dagger+Crit",
		"mat_default": "EnvironmentDefault",
		"mat_bark": "EnvironmentSwordWood",
		"mat_dirt": "EnvironmentSwordDirt",
		"mat_fabric": "EnvironmentSwordFabric",
		"mat_glass": "EnvironmentSwordRock",
		"mat_grass": "EnvironmentSwordGrass",
		"mat_metal": "EnvironmentSwordMetal",
		"mat_mud": "EnvironmentSwordDirt",
		"mat_rock": "EnvironmentSwordRock",
		"mat_rock_wet": "EnvironmentSwordRock",
		"mat_sand": "EnvironmentSwordSand",
		"mat_sand_wet": "EnvironmentSwordSand",
		"mat_thatch": "EnvironmentSwordDirt",
		"mat_water": "EnvironmentSwordWater",
		"mat_water_deep": "EnvironmentSwordWater",
		"mat_water_shallow": "EnvironmentSwordWater",
		"mat_wood": "EnvironmentSwordWood",
		"mat_corruption_core": "EnvironmentCorruptionCore",
		"mat_corruption": "EnvironmentCorruptionCore",
		"mat_holy_shield": "HolyShield_Proj",
		"mat_ice_entomb": "EnvironmentSwordRock"
	}
]