[
	{
		"Id": "BaitMaudlinbugT1",
		"FishRarityRollModifier": 0,
		"FishSizeRollModifier": 0,
		"SummerFishRarityRollModifier": 2,
		"RequiredWaterTags": "Fresh,Salt",
		"ActiveAtDawn": true,
		"ActiveAtDaytime": true,
		"ActiveAtDusk": true,
		"ActiveAtNight": true,
		"LootTableId": "FishingSummerMedley",
		"TimeToNibbleSecondsMultiplier": 0.2
	},
	{
		"Id": "BaitFreshMeatT1",
		"FishRarityRollModifier": 0,
		"FishSizeRollModifier": 1.5,
		"SummerFishRarityRollModifier": 0,
		"RequiredWaterTags": "Fresh",
		"ActiveAtDawn": true,
		"ActiveAtDaytime": true,
		"ActiveAtDusk": true,
		"ActiveAtNight": true,
		"TimeToNibbleSecondsMultiplier": 0.2
	},
	{
		"Id": "BaitFreshWoodliceT2",
		"FishRarityRollModifier": 0.7,
		"FishSizeRollModifier": 0,
		"SummerFishRarityRollModifier": 0,
		"RequiredWaterTags": "Fresh",
		"ActiveAtDawn": true,
		"ActiveAtDaytime": true,
		"ActiveAtDusk": true,
		"ActiveAtNight": true,
		"TimeToNibbleSecondsMultiplier": 0.2
	},
	{
		"Id": "BaitFreshFireflyT3",
		"FishRarityRollModifier": 0.9,
		"FishSizeRollModifier": 0,
		"SummerFishRarityRollModifier": 0,
		"RequiredWaterTags": "Fresh",
		"ActiveAtDawn": true,
		"ActiveAtDaytime": true,
		"ActiveAtDusk": true,
		"ActiveAtNight": true,
		"TimeToNibbleSecondsMultiplier": 0.2
	},
	{
		"Id": "BaitSaltNightcrawlerT2",
		"FishRarityRollModifier": 0.7,
		"FishSizeRollModifier": 0,
		"SummerFishRarityRollModifier": 0,
		"RequiredWaterTags": "Salt",
		"ActiveAtDawn": true,
		"ActiveAtDaytime": true,
		"ActiveAtDusk": true,
		"ActiveAtNight": true,
		"TimeToNibbleSecondsMultiplier": 0.2
	},
	{
		"Id": "BaitSaltGlowwormT3",
		"FishRarityRollModifier": 0.9,
		"FishSizeRollModifier": 0,
		"SummerFishRarityRollModifier": 0,
		"RequiredWaterTags": "Salt",
		"ActiveAtDawn": true,
		"ActiveAtDaytime": true,
		"ActiveAtDusk": true,
		"ActiveAtNight": true,
		"TimeToNibbleSecondsMultiplier": 0.2
	},
	{
		"Id": "BaitFishT3",
		"FishRarityRollModifier": 0.75,
		"FishSizeRollModifier": 2,
		"SummerFishRarityRollModifier": 0,
		"RequiredWaterTags": "Fresh,Salt",
		"ActiveAtDawn": true,
		"ActiveAtDaytime": true,
		"ActiveAtDusk": true,
		"ActiveAtNight": true,
		"TimeToNibbleSecondsMultiplier": 0.2
	},
	{
		"Id": "BaitFishT4",
		"FishRarityRollModifier": 1,
		"FishSizeRollModifier": 5,
		"SummerFishRarityRollModifier": 0,
		"RequiredWaterTags": "Fresh,Salt",
		"ActiveAtDawn": true,
		"ActiveAtDaytime": true,
		"ActiveAtDusk": true,
		"ActiveAtNight": true,
		"TimeToNibbleSecondsMultiplier": 0.2
	},
	{
		"Id": "BaitFishT5",
		"FishRarityRollModifier": 1.5,
		"FishSizeRollModifier": 8,
		"SummerFishRarityRollModifier": 0,
		"RequiredWaterTags": "Fresh,Salt",
		"ActiveAtDawn": true,
		"ActiveAtDaytime": true,
		"ActiveAtDusk": true,
		"ActiveAtNight": true,
		"TimeToNibbleSecondsMultiplier": 0.2
	}
]