[
	{
		"RowPlaceholders": "FIRSTROW",
		"LootBucket1": "FishCommonSmallFresh",
		"MatchOne1": true,
		"Item1": "FishingSalmonSmallT1",
		"Quantity1": 1,
		"LootBucket2": "FishCommonSmallSalt",
		"MatchOne2": true,
		"Item2": "FishingSalmonSmallT1",
		"Quantity2": 1,
		"LootBucket3": "FishCommonMedFresh",
		"MatchOne3": true,
		"Item3": "FishingSalmonMediumT1",
		"Quantity3": 1,
		"LootBucket4": "FishCommonMedSalt",
		"MatchOne4": true,
		"Item4": "FishingSalmonMediumT1",
		"Quantity4": 1,
		"LootBucket5": "FishCommonLargeFresh",
		"MatchOne5": true,
		"Item5": "FishingSalmonLargeT1",
		"Quantity5": 1,
		"LootBucket6": "FishCommonLargeSalt",
		"MatchOne6": true,
		"Item6": "FishingSalmonLargeT1",
		"Quantity6": 1,
		"LootBucket7": "FishUncommonSmallFresh",
		"Tags7": ["Windsward", "Brightwood", "Weavers", "GreatCleave", "Mourning", "Shattered", "FirstLight"],
		"MatchOne7": true,
		"Item7": "FishingSturgeonSmallT2",
		"Quantity7": 1,
		"LootBucket8": "FishUncommonSmallSalt",
		"Tags8": ["Windsward", "Brightwood", "Weavers", "GreatCleave", "Mourning", "Shattered", "FirstLight"],
		"MatchOne8": true,
		"Item8": "FishingSturgeonSmallT2",
		"Quantity8": 1,
		"LootBucket9": "FishUncommonMedFresh",
		"Tags9": ["Windsward", "Brightwood", "Weavers", "GreatCleave", "Mourning", "Shattered", "FirstLight"],
		"MatchOne9": true,
		"Item9": "FishingSturgeonMediumT2",
		"Quantity9": 1,
		"LootBucket10": "FishUncommonMedSalt",
		"Tags10": ["Windsward", "Brightwood", "Weavers", "GreatCleave", "Mourning", "Shattered", "FirstLight"],
		"MatchOne10": true,
		"Item10": "FishingSturgeonMediumT2",
		"Quantity10": 1,
		"LootBucket11": "FishUncommonLargeFresh",
		"Tags11": ["Windsward", "Brightwood", "Weavers", "GreatCleave", "Mourning", "Shattered", "FirstLight"],
		"MatchOne11": true,
		"Item11": "FishingSturgeonLargeT2",
		"Quantity11": 1,
		"LootBucket12": "FishUncommonLargeSalt",
		"Tags12": ["Windsward", "Brightwood", "Weavers", "GreatCleave", "Mourning", "Shattered", "FirstLight"],
		"MatchOne12": true,
		"Item12": "FishingSturgeonLargeT2",
		"Quantity12": 1,
		"LootBucket13": "FishRareSmallFresh",
		"Tags13": ["Windsward", "Everfall", "Restless", "Edengrove", "Brimstone", "FirstLight"],
		"MatchOne13": true,
		"Item13": "FishingSculpinSmallT3",
		"Quantity13": 1,
		"LootBucket14": "FishRareSmallSalt",
		"Tags14": ["Windsward", "Everfall", "Restless", "Edengrove", "Brimstone", "FirstLight"],
		"MatchOne14": true,
		"Item14": "FishingSculpinSmallT3",
		"Quantity14": 1,
		"LootBucket15": "FishRareMedFresh",
		"Tags15": ["Windsward", "Everfall", "Restless", "Edengrove", "Brimstone", "FirstLight"],
		"MatchOne15": true,
		"Item15": "FishingSculpinMediumT3",
		"Quantity15": 1,
		"LootBucket16": "FishRareMedSalt",
		"Tags16": ["Windsward", "Everfall", "Restless", "Edengrove", "Brimstone", "FirstLight"],
		"MatchOne16": true,
		"Item16": "FishingSculpinMediumT3",
		"Quantity16": 1,
		"LootBucket17": "FishRareLargeFresh",
		"Tags17": ["Windsward", "Everfall", "Restless", "Edengrove", "Brimstone", "FirstLight"],
		"MatchOne17": true,
		"Item17": "FishingSculpinLargeT3",
		"Quantity17": 1,
		"LootBucket18": "FishRareLargeSalt",
		"Tags18": ["Windsward", "Everfall", "Restless", "Edengrove", "Brimstone", "FirstLight"],
		"MatchOne18": true,
		"Item18": "FishingSculpinLargeT3",
		"Quantity18": 1,
		"LootBucket19": "FishUltraFresh",
		"Tags19": ["Monarchs"],
		"MatchOne19": true,
		"Item19": "fishingegedeserpet5",
		"Quantity19": 1,
		"LootBucket20": "FishUltraSalt",
		"Tags20": ["Monarchs"],
		"MatchOne20": true,
		"Item20": "fishingegedeserpet5",
		"Quantity20": 1,
		"LootBucket21": "FishUltraRandom",
		"MatchOne21": true,
		"Item21": "fishingegedeserpet5",
		"Quantity21": 1,
		"LootBucket22": "NonFishCommon",
		"MatchOne22": true,
		"Item22": "FishingSeaweedT1",
		"Quantity22": 1,
		"LootBucket23": "NonFishUncommon",
		"MatchOne23": true,
		"Item23": "FishingBootT2",
		"Quantity23": 1,
		"LootBucket24": "NonFishRare",
		"MatchOne24": true,
		"Item24": "FishingTreasureChestT3",
		"Quantity24": 1,
		"LootBucket25": "NonFishRareFreshOnly",
		"MatchOne25": true,
		"Item25": "FishingTreasureHammerT2",
		"Quantity25": 1,
		"LootBucket26": "NonFishRareSaltOnly",
		"MatchOne26": true,
		"Item26": "FishingTreasureSwordT2",
		"Quantity26": 1,
		"LootBucket27": "DayNightFishBait",
		"Tags27": ["Day", "Dusk"],
		"MatchOne27": true,
		"Item27": "BaitSaltNightcrawlerT2",
		"Quantity27": "1-3",
		"LootBucket28": "FishingTreasureProvisionsHerbs",
		"Item28": "GarlicT1",
		"Quantity28": "3-5",
		"LootBucket29": "FishingTreasureProvisionsIngredients",
		"Item29": "OnionT1",
		"Quantity29": "2-4",
		"LootBucket30": "FishingTreasureProvisionsMeat",
		"Item30": "turkeybreastt1",
		"Quantity30": "2-3",
		"LootBucket31": "FishingTreasurePigments",
		"Item31": "PigmentRed",
		"Quantity31": 3,
		"LootBucket32": "FishingTreasureMotes",
		"Item32": "AlchemyEarthT1",
		"Quantity32": "1-2",
		"LootBucket33": "FishingTreasureCreatures",
		"Item33": "EarthshellTailT1",
		"Quantity33": 1,
		"LootBucket34": "FishingTreasureGearT3",
		"Item34": "LightHead_SunkenFishermanT3",
		"Quantity34": 1,
		"LootBucket35": "FishingTreasureGearT4",
		"Item35": "LightHead_SunkenFishermanT4",
		"Quantity35": 1,
		"LootBucket36": "DayNightFishRareBait",
		"Tags36": ["Day", "Dusk", "MinContLevel:5"],
		"MatchOne36": true,
		"Item36": "BaitSaltNightcrawlerT2",
		"Quantity36": 1,
		"LootBucket37": "RareBait",
		"Tags37": ["MinContLevel:5"],
		"Item37": "BaitSaltNightcrawlerT2",
		"Quantity37": 1,
		"LootBucket38": "FishingTreasureGearT5",
		"Item38": "2hFishingPole_Ancient",
		"Quantity38": 1,
		"LootBucket39": "FishingTreasureGearT5",
		"Item39": "LightHead_SunkenFishermanT5",
		"Quantity39": 1
	},
	{
		"RowPlaceholders": "DATA1",
		"MatchOne1": true,
		"Item1": "FishingPikeSmallT1",
		"Quantity1": 1,
		"Tags2": ["Windsward", "Weavers", "Restless", "Mourning", "Queensport", "Brimstone"],
		"MatchOne2": true,
		"Item2": "FishingMackerelSmallT1",
		"Quantity2": 1,
		"MatchOne3": true,
		"Item3": "FishingPikeMediumT1",
		"Quantity3": 1,
		"Tags4": ["Windsward", "Weavers", "Restless", "Mourning", "Queensport", "Brimstone"],
		"MatchOne4": true,
		"Item4": "FishingMackerelMediumT1",
		"Quantity4": 1,
		"MatchOne5": true,
		"Item5": "FishingPikeLargeT1",
		"Quantity5": 1,
		"Tags6": ["Windsward", "Weavers", "Restless", "Mourning", "Queensport", "Brimstone"],
		"MatchOne6": true,
		"Item6": "FishingMackerelLargeT1",
		"Quantity6": 1,
		"Tags7": [
			"Monarchs",
			"Everfall",
			"Brightwood",
			"CutlassKeys",
			"Restless",
			"GreatCleave",
			"Edengrove",
			"Queensport",
			"Reekwater",
			"Shattered"
		],
		"MatchOne7": true,
		"Item7": "FishingCatfishSmallT2",
		"Quantity7": 1,
		"Tags8": ["Monarchs", "Windsward", "Weavers", "Mourning", "Queensport", "Reekwater", "Brimstone"],
		"MatchOne8": true,
		"Item8": "FishingCodSmallT2",
		"Quantity8": 1,
		"Tags9": [
			"Monarchs",
			"Everfall",
			"Brightwood",
			"CutlassKeys",
			"Restless",
			"GreatCleave",
			"Edengrove",
			"Queensport",
			"Reekwater",
			"Shattered"
		],
		"MatchOne9": true,
		"Item9": "FishingTadpolesSmallT2",
		"Quantity9": 1,
		"Tags10": ["Monarchs", "Windsward", "Weavers", "Mourning", "Queensport", "Reekwater", "Brimstone"],
		"MatchOne10": true,
		"Item10": "FishingCodMediumT2",
		"Quantity10": 1,
		"Tags11": [
			"Monarchs",
			"Everfall",
			"Brightwood",
			"CutlassKeys",
			"Restless",
			"GreatCleave",
			"Edengrove",
			"Queensport",
			"Reekwater",
			"Shattered"
		],
		"MatchOne11": true,
		"Item11": "FishingTadpolesSmallT2",
		"Quantity11": 1,
		"Tags12": ["Monarchs", "Windsward", "Weavers", "Mourning", "Queensport", "Reekwater", "Brimstone"],
		"MatchOne12": true,
		"Item12": "FishingCodLargeT2",
		"Quantity12": 1,
		"Tags13": ["Everfall", "GreatCleave", "Edengrove", "Queensport", "Shattered", "FirstLight"],
		"MatchOne13": true,
		"Item13": "FishingDragonFishSmallT3",
		"Quantity13": 1,
		"Tags14": ["Everfall", "GreatCleave", "Edengrove", "Queensport", "Shattered", "FirstLight"],
		"MatchOne14": true,
		"Item14": "FishingDragonFishSmallT3",
		"Quantity14": 1,
		"Tags15": ["Everfall", "GreatCleave", "Edengrove", "Queensport", "Shattered", "FirstLight"],
		"MatchOne15": true,
		"Item15": "FishingDragonFishMediumT3",
		"Quantity15": 1,
		"Tags16": ["Everfall", "GreatCleave", "Edengrove", "Queensport", "Shattered", "FirstLight"],
		"MatchOne16": true,
		"Item16": "FishingDragonFishMediumT3",
		"Quantity16": 1,
		"Tags17": ["Everfall", "GreatCleave", "Edengrove", "Queensport", "Shattered", "FirstLight"],
		"MatchOne17": true,
		"Item17": "FishingDragonFishLargeT3",
		"Quantity17": 1,
		"Tags18": ["Everfall", "GreatCleave", "Edengrove", "Queensport", "Shattered", "FirstLight"],
		"MatchOne18": true,
		"Item18": "FishingDragonFishLargeT3",
		"Quantity18": 1,
		"Tags19": ["Windsward"],
		"MatchOne19": true,
		"Item19": "fishingmerliont5",
		"Quantity19": 1,
		"Tags20": ["Windsward"],
		"MatchOne20": true,
		"Item20": "fishingmerliont5",
		"Quantity20": 1,
		"MatchOne21": true,
		"Item21": "fishingmerliont5",
		"Quantity21": 1,
		"MatchOne23": true,
		"Item23": "FishingAnchorT2",
		"Quantity23": 1,
		"MatchOne24": true,
		"Item24": "FishingTreasureBootT2",
		"Quantity24": 1,
		"MatchOne26": true,
		"Item26": "FishingTreasureSeaweedT2",
		"Quantity26": 1,
		"Tags27": ["Night", "Dawn"],
		"MatchOne27": true,
		"Item27": "BaitSaltGlowwormT3",
		"Quantity27": "1-3",
		"Item28": "PeppercornT1",
		"Quantity28": "3-5",
		"Item29": "MushroomT1",
		"Quantity29": "2-4",
		"Item30": "rabbitt1",
		"Quantity30": "2-3",
		"Item31": "PigmentOrange",
		"Quantity31": 3,
		"Item32": "AlchemyFireT1",
		"Quantity32": "1-2",
		"Item33": "SalamanderSlimeT1",
		"Quantity33": 1,
		"Item34": "LightChest_SunkenFishermanT3",
		"Quantity34": 1,
		"Item35": "LightChest_SunkenFishermanT4",
		"Quantity35": 1,
		"Tags36": ["Night", "Dawn", "MinContLevel:5"],
		"MatchOne36": true,
		"Item36": "BaitSaltNightcrawlerT2",
		"Quantity36": 1,
		"Item38": "2hFishingPole_AngryEarth",
		"Quantity38": 1,
		"Item39": "LightChest_SunkenFishermanT5",
		"Quantity39": 1
	},
	{
		"RowPlaceholders": "DATA2",
		"Tags1": ["Everfall", "Brightwood", "Weavers", "GreatCleave", "Queensport", "Reekwater", "FirstLight"],
		"MatchOne1": true,
		"Item1": "FishingTroutSmallT1",
		"Quantity1": 1,
		"Tags2": ["Monarchs", "Windsward", "CutlassKeys", "Restless", "Queensport", "FirstLight"],
		"MatchOne2": true,
		"Item2": "FishingSnapperSmallT1",
		"Quantity2": 1,
		"Tags3": ["Everfall", "Brightwood", "Weavers", "GreatCleave", "Queensport", "Reekwater", "FirstLight"],
		"MatchOne3": true,
		"Item3": "FishingTroutMediumT1",
		"Quantity3": 1,
		"Tags4": ["Monarchs", "Windsward", "CutlassKeys", "Restless", "Queensport", "FirstLight"],
		"MatchOne4": true,
		"Item4": "FishingSnapperMediumT1",
		"Quantity4": 1,
		"Tags5": ["Everfall", "Brightwood", "Weavers", "GreatCleave", "Queensport", "Reekwater", "FirstLight"],
		"MatchOne5": true,
		"Item5": "FishingBassLargeT1",
		"Quantity5": 1,
		"Tags6": ["Monarchs", "Windsward", "CutlassKeys", "Restless", "Queensport", "FirstLight"],
		"MatchOne6": true,
		"Item6": "FishingSnapperLargeT1",
		"Quantity6": 1,
		"Tags7": [
			"Monarchs",
			"Windsward",
			"Everfall",
			"Brightwood",
			"Weavers",
			"GreatCleave",
			"Edengrove",
			"Reekwater",
			"Brimstone",
			"FirstLight"
		],
		"MatchOne7": true,
		"Item7": "FishingTadpolesSmallT2",
		"Quantity7": 1,
		"Tags8": ["Windsward", "Everfall", "CutlassKeys", "Weavers", "Mourning", "Queensport", "FirstLight"],
		"MatchOne8": true,
		"Item8": "FishingClamsSmallT2",
		"Quantity8": 1,
		"Tags9": [
			"Monarchs",
			"Windsward",
			"Everfall",
			"Brightwood",
			"Weavers",
			"GreatCleave",
			"Edengrove",
			"Reekwater",
			"Brimstone",
			"FirstLight"
		],
		"MatchOne9": true,
		"Item9": "FishingSnailSmallT2",
		"Quantity9": 1,
		"Tags10": ["Windsward", "Everfall", "CutlassKeys", "Weavers", "Mourning", "Queensport", "FirstLight"],
		"MatchOne10": true,
		"Item10": "FishingHalibutMediumT2",
		"Quantity10": 1,
		"Tags11": [
			"Monarchs",
			"Windsward",
			"Everfall",
			"Brightwood",
			"Weavers",
			"GreatCleave",
			"Edengrove",
			"Reekwater",
			"Brimstone",
			"FirstLight"
		],
		"MatchOne11": true,
		"Item11": "FishingSnailSmallT2",
		"Quantity11": 1,
		"Tags12": ["Windsward", "Everfall", "CutlassKeys", "Weavers", "Mourning", "Queensport", "FirstLight"],
		"MatchOne12": true,
		"Item12": "FishingHalibutLargeT2",
		"Quantity12": 1,
		"Tags13": [
			"Monarchs",
			"Brightwood",
			"Weavers",
			"Restless",
			"GreatCleave",
			"Mourning",
			"Reekwater",
			"Shattered",
			"FirstLight"
		],
		"MatchOne13": true,
		"Item13": "FishingElectricEelSmallT3",
		"Quantity13": 1,
		"Tags14": ["Monarchs", "Windsward", "Everfall", "CutlassKeys", "Weavers", "Reekwater", "FirstLight"],
		"MatchOne14": true,
		"Item14": "FishingFrogfishSmallT3",
		"Quantity14": 1,
		"Tags15": [
			"Monarchs",
			"Brightwood",
			"Weavers",
			"Restless",
			"GreatCleave",
			"Mourning",
			"Reekwater",
			"Shattered",
			"FirstLight"
		],
		"MatchOne15": true,
		"Item15": "FishingElectricEelMediumT3",
		"Quantity15": 1,
		"Tags16": ["Monarchs", "Windsward", "Everfall", "CutlassKeys", "Weavers", "Reekwater", "FirstLight"],
		"MatchOne16": true,
		"Item16": "FishingFrogfishMediumT3",
		"Quantity16": 1,
		"Tags17": [
			"Monarchs",
			"Brightwood",
			"Weavers",
			"Restless",
			"GreatCleave",
			"Mourning",
			"Reekwater",
			"Shattered",
			"FirstLight"
		],
		"MatchOne17": true,
		"Item17": "FishingPaddlefishLargeT3",
		"Quantity17": 1,
		"Tags18": ["Monarchs", "Windsward", "Everfall", "CutlassKeys", "Weavers", "Reekwater", "FirstLight"],
		"MatchOne18": true,
		"Item18": "FishingFrogfishLargeT3",
		"Quantity18": 1,
		"Tags19": ["Everfall"],
		"MatchOne19": true,
		"Item19": "fishingtessiet5",
		"Quantity19": 1,
		"Tags20": ["Everfall"],
		"MatchOne20": true,
		"Item20": "fishingtessiet5",
		"Quantity20": 1,
		"MatchOne21": true,
		"Item21": "fishingtessiet5",
		"Quantity21": 1,
		"MatchOne23": true,
		"Item23": "FishingFishSwordT2",
		"Quantity23": 1,
		"MatchOne24": true,
		"Item24": "FishingTreasureOarT2",
		"Quantity24": 1,
		"Tags27": ["ContainerLootCookingSmall", "ContainerLootCookingLarge"],
		"MatchOne27": true,
		"Item27": "EggT1",
		"Quantity27": "1-3",
		"Item28": "SaltT1",
		"Quantity28": "3-5",
		"Item29": "PotatoT1",
		"Quantity29": "2-4",
		"Item30": "venisontenderloint1",
		"Quantity30": "2-3",
		"Item31": "PigmentYellow",
		"Quantity31": 3,
		"Item32": "AlchemyAirT1",
		"Quantity32": "1-2",
		"Item33": "LightningBeetleWingsT1",
		"Quantity33": 1,
		"Item34": "LightHands_SunkenFishermanT3",
		"Quantity34": 1,
		"Item35": "LightHands_SunkenFishermanT4",
		"Quantity35": 1,
		"Tags36": ["Day", "Dusk", "MinContLevel:5"],
		"MatchOne36": true,
		"Item36": "BaitSaltGlowwormT3",
		"Quantity36": 1,
		"Item38": "2hFishingPole_Corrupted",
		"Quantity38": 1,
		"Item39": "LightHands_SunkenFishermanT5",
		"Quantity39": 1
	},
	{
		"RowPlaceholders": "DATA3",
		"Tags1": ["Windsward", "Everfall", "Weavers", "Restless", "Edengrove", "Reekwater", "Shattered"],
		"MatchOne1": true,
		"Item1": "FishingSunfishSmallT1",
		"Quantity1": 1,
		"Tags2": ["Windsward", "Everfall", "Weavers", "Reekwater", "Brimstone", "FirstLight"],
		"MatchOne2": true,
		"Item2": "FishingFlounderSmallT1",
		"Quantity2": 1,
		"Tags3": ["Windsward", "Everfall", "Weavers", "Restless", "Edengrove", "Reekwater", "Shattered"],
		"MatchOne3": true,
		"Item3": "FishingSunfishMediumT1",
		"Quantity3": 1,
		"Tags4": ["Windsward", "Everfall", "Weavers", "Reekwater", "Brimstone", "FirstLight"],
		"MatchOne4": true,
		"Item4": "FishingFlounderMediumT1",
		"Quantity4": 1,
		"Tags5": ["Windsward", "Everfall", "Weavers", "Restless", "Edengrove", "Reekwater", "Shattered"],
		"MatchOne5": true,
		"Item5": "FishingPerchLargeT1",
		"Quantity5": 1,
		"Tags6": ["Windsward", "Everfall", "Weavers", "Reekwater", "Brimstone", "FirstLight"],
		"MatchOne6": true,
		"Item6": "FishingFlounderLargeT1",
		"Quantity6": 1,
		"Tags7": [
			"Monarchs",
			"Windsward",
			"Everfall",
			"CutlassKeys",
			"Restless",
			"Mourning",
			"Edengrove",
			"Queensport",
			"Shattered",
			"Brimstone"
		],
		"MatchOne7": true,
		"Item7": "FishingSnailSmallT2",
		"Quantity7": 1,
		"Tags8": ["Monarchs", "CutlassKeys", "Restless", "Queensport", "Reekwater", "Brimstone"],
		"MatchOne8": true,
		"Item8": "FishingSquidSmallT2",
		"Quantity8": 1,
		"Tags9": [
			"Monarchs",
			"Windsward",
			"Everfall",
			"CutlassKeys",
			"Restless",
			"Mourning",
			"Edengrove",
			"Queensport",
			"Shattered",
			"Brimstone"
		],
		"MatchOne9": true,
		"Item9": "FishingCatfishMediumT2",
		"Quantity9": 1,
		"Tags10": ["Monarchs", "CutlassKeys", "Restless", "Queensport", "Reekwater", "Brimstone"],
		"MatchOne10": true,
		"Item10": "FishingSquidMediumT2",
		"Quantity10": 1,
		"Tags11": [
			"Monarchs",
			"Windsward",
			"Everfall",
			"CutlassKeys",
			"Restless",
			"Mourning",
			"Edengrove",
			"Queensport",
			"Shattered",
			"Brimstone"
		],
		"MatchOne11": true,
		"Item11": "FishingCatfishLargeT2",
		"Quantity11": 1,
		"Tags12": ["Monarchs", "CutlassKeys", "Restless", "Queensport", "Reekwater", "Brimstone"],
		"MatchOne12": true,
		"Item12": "FishingSquidLargeT2",
		"Quantity12": 1,
		"Tags13": ["Windsward", "Brightwood", "CutlassKeys", "Weavers", "Edengrove", "Shattered"],
		"MatchOne13": true,
		"Item13": "FishingPiranhaSmallT3",
		"Quantity13": 1,
		"Tags14": ["Monarchs", "Everfall", "Weavers", "Mourning", "Reekwater", "FirstLight"],
		"MatchOne14": true,
		"Item14": "FishingSwordfishSmallT3",
		"Quantity14": 1,
		"Tags15": ["Windsward", "Brightwood", "CutlassKeys", "Weavers", "Edengrove", "Shattered"],
		"MatchOne15": true,
		"Item15": "FishingPiranhaMediumT3",
		"Quantity15": 1,
		"Tags16": ["Monarchs", "Everfall", "Weavers", "Mourning", "Reekwater", "FirstLight"],
		"MatchOne16": true,
		"Item16": "FishingSwordfishMediumT3",
		"Quantity16": 1,
		"Tags17": ["Windsward", "Brightwood", "CutlassKeys", "Weavers", "Edengrove", "Shattered"],
		"MatchOne17": true,
		"Item17": "FishingSpeartoothSharkLargeT3",
		"Quantity17": 1,
		"Tags18": ["Monarchs", "Everfall", "Weavers", "Mourning", "Reekwater", "FirstLight"],
		"MatchOne18": true,
		"Item18": "FishingSwordfishLargeT3",
		"Quantity18": 1,
		"Tags19": ["Brightwood"],
		"MatchOne19": true,
		"Item19": "fishingmoragt5",
		"Quantity19": 1,
		"Tags20": ["Brightwood"],
		"MatchOne20": true,
		"Item20": "fishingmoragt5",
		"Quantity20": 1,
		"MatchOne21": true,
		"Item21": "fishingmoragt5",
		"Quantity21": 1,
		"MatchOne23": true,
		"Item23": "FishingHeadedHammerT2",
		"Quantity23": 1,
		"MatchOne24": true,
		"Item24": "FishingTreasureGoodProvisionT3",
		"Quantity24": 1,
		"Item28": "SugarT1",
		"Quantity28": "3-5",
		"Item29": "SquashT1",
		"Quantity29": "2-4",
		"Item30": "primeredmeatt1",
		"Quantity30": "2-3",
		"Item31": "PigmentGreen",
		"Quantity31": 3,
		"Item32": "AlchemyWaterT1",
		"Quantity32": "1-2",
		"Item33": "SpinefishFinsT1",
		"Quantity33": 1,
		"Item34": "LightLegs_SunkenFishermanT3",
		"Quantity34": 1,
		"Item35": "LightLegs_SunkenFishermanT4",
		"Quantity35": 1,
		"Tags36": ["Night", "Dawn", "MinContLevel:5"],
		"MatchOne36": true,
		"Item36": "BaitSaltGlowwormT3",
		"Quantity36": 1,
		"Item38": "2hFishingPole_Lost",
		"Quantity38": 1,
		"Item39": "LightLegs_SunkenFishermanT5",
		"Quantity39": 1
	},
	{
		"RowPlaceholders": "DATA4",
		"Tags1": ["Monarchs", "Everfall", "Brightwood", "Weavers", "GreatCleave", "Edengrove", "Shattered"],
		"MatchOne1": true,
		"Item1": "FishingBassSmallT1",
		"Quantity1": 1,
		"Tags2": ["Monarchs", "Everfall", "CutlassKeys", "Restless", "Queensport", "Reekwater"],
		"MatchOne2": true,
		"Item2": "FishingBluefishSmallT1",
		"Quantity2": 1,
		"Tags3": ["Monarchs", "Everfall", "Brightwood", "Weavers", "GreatCleave", "Edengrove", "Shattered"],
		"MatchOne3": true,
		"Item3": "FishingBassMediumT1",
		"Quantity3": 1,
		"Tags4": ["Monarchs", "Everfall", "CutlassKeys", "Restless", "Queensport", "Reekwater"],
		"MatchOne4": true,
		"Item4": "FishingBluefishMediumT1",
		"Quantity4": 1,
		"Tags5": ["Monarchs", "Everfall", "Brightwood", "Weavers", "GreatCleave", "Edengrove", "Shattered"],
		"MatchOne5": true,
		"Item5": "FishingTroutLargeT1",
		"Quantity5": 1,
		"Tags6": ["Monarchs", "Everfall", "CutlassKeys", "Restless", "Queensport", "Reekwater"],
		"MatchOne6": true,
		"Item6": "FishingBluefishLargeT1",
		"Quantity6": 1,
		"Tags8": ["Monarchs", "Everfall", "CutlassKeys", "Restless", "Mourning", "Reekwater", "Brimstone"],
		"MatchOne8": true,
		"Item8": "FishingHalibutSmallT2",
		"Quantity8": 1,
		"Tags10": ["Monarchs", "Everfall", "CutlassKeys", "Restless", "Mourning", "Reekwater", "Brimstone"],
		"MatchOne10": true,
		"Item10": "FishingClamsSmallT2",
		"Quantity10": 1,
		"Tags12": ["Monarchs", "Everfall", "CutlassKeys", "Restless", "Mourning", "Reekwater", "Brimstone"],
		"MatchOne12": true,
		"Item12": "FishingClamsSmallT2",
		"Quantity12": 1,
		"Tags13": ["Monarchs", "Everfall", "Brightwood", "GreatCleave", "Edengrove", "Reekwater", "Shattered", "Brimstone"],
		"MatchOne13": true,
		"Item13": "FishingPaddlefishSmallT3",
		"Quantity13": 1,
		"Tags14": ["CutlassKeys", "Restless", "Mourning", "Queensport", "Brimstone"],
		"MatchOne14": true,
		"Item14": "FishingPearlOysterSmallT3",
		"Quantity14": 1,
		"Tags15": ["Monarchs", "Everfall", "Brightwood", "GreatCleave", "Edengrove", "Reekwater", "Shattered", "Brimstone"],
		"MatchOne15": true,
		"Item15": "FishingPaddlefishMediumT3",
		"Quantity15": 1,
		"Tags16": ["CutlassKeys", "Restless", "Mourning", "Queensport", "Brimstone"],
		"MatchOne16": true,
		"Item16": "FishingPearlOysterSmallT3",
		"Quantity16": 1,
		"Tags17": ["Monarchs", "Everfall", "Brightwood", "GreatCleave", "Edengrove", "Reekwater", "Shattered", "Brimstone"],
		"MatchOne17": true,
		"Item17": "FishingElectricEelLargeT3",
		"Quantity17": 1,
		"Tags18": ["CutlassKeys", "Restless", "Mourning", "Queensport", "Brimstone"],
		"MatchOne18": true,
		"Item18": "FishingPearlOysterSmallT3",
		"Quantity18": 1,
		"Tags19": ["CutlassKeys"],
		"MatchOne19": true,
		"Item19": "fishingmerrowt5",
		"Quantity19": 1,
		"Tags20": ["CutlassKeys"],
		"MatchOne20": true,
		"Item20": "fishingmerrowt5",
		"Quantity20": 1,
		"MatchOne21": true,
		"Item21": "fishingmerrowt5",
		"Quantity21": 1,
		"MatchOne23": true,
		"Item23": "FishingOarT2",
		"Quantity23": 1,
		"MatchOne24": true,
		"Item24": "FishingTreasurePigmentT3",
		"Quantity24": 1,
		"Item28": "CinnamonT1",
		"Quantity28": "3-5",
		"Item29": "TomatoT1",
		"Quantity29": "2-4",
		"Item31": "PigmentBlue",
		"Quantity31": 3,
		"Item32": "AlchemySpiritT1",
		"Quantity32": "1-2",
		"Item33": "LifemothEyesT1",
		"Quantity33": 1,
		"Item34": "LightFeet_SunkenFishermanT3",
		"Quantity34": 1,
		"Item35": "LightFeet_SunkenFishermanT4",
		"Quantity35": 1,
		"Item39": "LightFeet_SunkenFishermanT5",
		"Quantity39": 1
	},
	{
		"RowPlaceholders": "DATA5",
		"Tags1": ["Windsward", "Everfall", "Brightwood", "CutlassKeys", "Mourning", "Edengrove", "Shattered", "Brimstone"],
		"MatchOne1": true,
		"Item1": "FishingPerchSmallT1",
		"Quantity1": 1,
		"Tags2": ["Windsward", "CutlassKeys", "Restless", "Mourning", "Queensport", "FirstLight"],
		"MatchOne2": true,
		"Item2": "FishingHakeSmallT1",
		"Quantity2": 1,
		"Tags3": ["Windsward", "Everfall", "Brightwood", "CutlassKeys", "Mourning", "Edengrove", "Shattered", "Brimstone"],
		"MatchOne3": true,
		"Item3": "FishingPerchMediumT1",
		"Quantity3": 1,
		"Tags4": ["Windsward", "CutlassKeys", "Restless", "Mourning", "Queensport", "FirstLight"],
		"MatchOne4": true,
		"Item4": "FishingHakeMediumT1",
		"Quantity4": 1,
		"Tags5": ["Windsward", "Everfall", "Brightwood", "CutlassKeys", "Mourning", "Edengrove", "Shattered", "Brimstone"],
		"MatchOne5": true,
		"Item5": "FishingSunfishLargeT1",
		"Quantity5": 1,
		"Tags6": ["Windsward", "CutlassKeys", "Restless", "Mourning", "Queensport", "FirstLight"],
		"MatchOne6": true,
		"Item6": "FishingHakeLargeT1",
		"Quantity6": 1,
		"Tags13": ["Everfall", "CutlassKeys", "Restless", "GreatCleave", "Queensport", "Reekwater"],
		"MatchOne13": true,
		"Item13": "FishingSpeartoothSharkSmallT3",
		"Quantity13": 1,
		"Tags14": ["Monarchs", "CutlassKeys", "Restless", "Reekwater", "Brimstone", "FirstLight"],
		"MatchOne14": true,
		"Item14": "StarfishT1",
		"Quantity14": 1,
		"Tags15": ["Everfall", "CutlassKeys", "Restless", "GreatCleave", "Queensport", "Reekwater"],
		"MatchOne15": true,
		"Item15": "FishingSpeartoothSharkMediumT3",
		"Quantity15": 1,
		"Tags16": ["Monarchs", "CutlassKeys", "Restless", "Reekwater", "Brimstone", "FirstLight"],
		"MatchOne16": true,
		"Item16": "StarfishT1",
		"Quantity16": 1,
		"Tags17": ["Everfall", "CutlassKeys", "Restless", "GreatCleave", "Queensport", "Reekwater"],
		"MatchOne17": true,
		"Item17": "FishingPiranhaLargeT3",
		"Quantity17": 1,
		"Tags18": ["Monarchs", "CutlassKeys", "Restless", "Reekwater", "Brimstone", "FirstLight"],
		"MatchOne18": true,
		"Item18": "StarfishT1",
		"Quantity18": 1,
		"Tags19": ["Weavers"],
		"MatchOne19": true,
		"Item19": "fishingnamazut5",
		"Quantity19": 1,
		"Tags20": ["Weavers"],
		"MatchOne20": true,
		"Item20": "fishingnamazut5",
		"Quantity20": 1,
		"MatchOne21": true,
		"Item21": "fishingnamazut5",
		"Quantity21": 1,
		"MatchOne24": true,
		"Item24": "FishingTreasureMoteT3",
		"Quantity24": 1,
		"Item28": "ThymeT1",
		"Quantity28": "3-5",
		"Item29": "CauliflowerT1",
		"Quantity29": "2-4",
		"Item31": "PigmentPurple",
		"Quantity31": 3,
		"Item32": "AlchemyLifeT1",
		"Quantity32": "1-2",
		"Item33": "SoulwyrmTongueT1",
		"Quantity33": 1
	},
	{
		"RowPlaceholders": "DATA6",
		"Tags13": [
			"Monarchs",
			"Windsward",
			"CutlassKeys",
			"Weavers",
			"GreatCleave",
			"Mourning",
			"Edengrove",
			"Queensport",
			"Brimstone"
		],
		"MatchOne13": true,
		"Item13": "FishingMadtomSmallT3",
		"Quantity13": 1,
		"Tags14": ["Windsward", "CutlassKeys", "Weavers", "Restless", "Mourning", "Queensport"],
		"MatchOne14": true,
		"Item14": "FishingStingRaySmallT3",
		"Quantity14": 1,
		"Tags15": [
			"Monarchs",
			"Windsward",
			"CutlassKeys",
			"Weavers",
			"GreatCleave",
			"Mourning",
			"Edengrove",
			"Queensport",
			"Brimstone"
		],
		"MatchOne15": true,
		"Item15": "FishingMadtomMediumT3",
		"Quantity15": 1,
		"Tags16": ["Windsward", "CutlassKeys", "Weavers", "Restless", "Mourning", "Queensport"],
		"MatchOne16": true,
		"Item16": "FishingStingRayMediumT3",
		"Quantity16": 1,
		"Tags17": [
			"Monarchs",
			"Windsward",
			"CutlassKeys",
			"Weavers",
			"GreatCleave",
			"Mourning",
			"Edengrove",
			"Queensport",
			"Brimstone"
		],
		"MatchOne17": true,
		"Item17": "FishingMadtomLargeT3",
		"Quantity17": 1,
		"Tags18": ["Windsward", "CutlassKeys", "Weavers", "Restless", "Mourning", "Queensport"],
		"MatchOne18": true,
		"Item18": "FishingStingRayLargeT3",
		"Quantity18": 1,
		"Tags19": ["Restless"],
		"MatchOne19": true,
		"Item19": "fishingselkiet5",
		"Quantity19": 1,
		"Tags20": ["Restless"],
		"MatchOne20": true,
		"Item20": "fishingselkiet5",
		"Quantity20": 1,
		"MatchOne21": true,
		"Item21": "fishingselkiet5",
		"Quantity21": 1,
		"MatchOne24": true,
		"Item24": "FishingTreasureGearT3",
		"Quantity24": 1,
		"Item28": "ParsleyT1",
		"Quantity28": "3-5",
		"Item29": "StringBeanT1",
		"Quantity29": "2-4",
		"Item31": "PigmentWhite",
		"Quantity31": 3,
		"Item32": "AlchemyDeathT1",
		"Quantity32": "1-2",
		"Item33": "BlightmothDustT1",
		"Quantity33": 1
	},
	{
		"RowPlaceholders": "DATA7",
		"Tags19": ["GreatCleave"],
		"MatchOne19": true,
		"Item19": "fishinganglerfisht5",
		"Quantity19": 1,
		"Tags20": ["GreatCleave"],
		"MatchOne20": true,
		"Item20": "fishinganglerfisht5",
		"Quantity20": 1,
		"MatchOne21": true,
		"Item21": "fishinganglerfisht5",
		"Quantity21": 1,
		"Item28": "RosemaryT1",
		"Quantity28": "3-5",
		"Item29": "CornT1",
		"Quantity29": "2-4",
		"Item31": "PigmentBrown",
		"Quantity31": 3
	},
	{
		"RowPlaceholders": "DATA8",
		"Tags19": ["Mourning"],
		"MatchOne19": true,
		"Item19": "fishingogopogot5",
		"Quantity19": 1,
		"Tags20": ["Mourning"],
		"MatchOne20": true,
		"Item20": "fishingogopogot5",
		"Quantity20": 1,
		"MatchOne21": true,
		"Item21": "fishingogopogot5",
		"Quantity21": 1,
		"Item28": "SageT1",
		"Quantity28": "3-5",
		"Item29": "BarleyT1",
		"Quantity29": "2-4",
		"Item31": "PigmentBlack",
		"Quantity31": 3
	},
	{
		"RowPlaceholders": "DATA9",
		"Tags19": ["Edengrove"],
		"MatchOne19": true,
		"Item19": "fishingbishopfisht5",
		"Quantity19": 1,
		"Tags20": ["Edengrove"],
		"MatchOne20": true,
		"Item20": "fishingbishopfisht5",
		"Quantity20": 1,
		"MatchOne21": true,
		"Item21": "fishingbishopfisht5",
		"Quantity21": 1,
		"Item28": "TarragonT1",
		"Quantity28": "3-5",
		"Item29": "RiceT1",
		"Quantity29": "2-4",
		"Item31": "pigmentturquoise",
		"Quantity31": 3
	},
	{
		"RowPlaceholders": "DATA10",
		"Tags19": ["Queensport"],
		"MatchOne19": true,
		"Item19": "fishinghafgufat5",
		"Quantity19": 1,
		"Tags20": ["Queensport"],
		"MatchOne20": true,
		"Item20": "fishinghafgufat5",
		"Quantity20": 1,
		"MatchOne21": true,
		"Item21": "fishinghafgufat5",
		"Quantity21": 1,
		"Item28": "GingerT1",
		"Quantity28": "3-5",
		"Item29": "LemonT1",
		"Quantity29": "2-4",
		"Item31": "pigmentcyan",
		"Quantity31": 3
	},
	{
		"RowPlaceholders": "DATA11",
		"Tags19": ["Reekwater"],
		"MatchOne19": true,
		"Item19": "fishingabaiat5",
		"Quantity19": 1,
		"Tags20": ["Reekwater"],
		"MatchOne20": true,
		"Item20": "fishingabaiat5",
		"Quantity20": 1,
		"MatchOne21": true,
		"Item21": "fishingabaiat5",
		"Quantity21": 1,
		"Item28": "OreganoT1",
		"Quantity28": "3-5",
		"Item29": "OrangeT1",
		"Quantity29": "2-4",
		"Item31": "pigmentmagenta",
		"Quantity31": 3
	},
	{
		"RowPlaceholders": "DATA12",
		"Tags19": ["Shattered"],
		"MatchOne19": true,
		"Item19": "fishingmishipeshut5",
		"Quantity19": 1,
		"Tags20": ["Shattered"],
		"MatchOne20": true,
		"Item20": "fishingmishipeshut5",
		"Quantity20": 1,
		"MatchOne21": true,
		"Item21": "fishingmishipeshut5",
		"Quantity21": 1,
		"Item28": "BasilT1",
		"Quantity28": "3-5"
	},
	{
		"RowPlaceholders": "DATA13",
		"Tags19": ["Brimstone"],
		"MatchOne19": true,
		"Item19": "fishinganmisemat5",
		"Quantity19": 1,
		"Tags20": ["Brimstone"],
		"MatchOne20": true,
		"Item20": "fishinganmisemat5",
		"Quantity20": 1,
		"MatchOne21": true,
		"Item21": "fishinganmisemat5",
		"Quantity21": 1,
		"Item28": "DillT1",
		"Quantity28": "3-5"
	},
	{
		"RowPlaceholders": "DATA14",
		"Tags19": ["FirstLight"],
		"MatchOne19": true,
		"Item19": "fishingmandjemandjet5",
		"Quantity19": 1,
		"Tags20": ["FirstLight"],
		"MatchOne20": true,
		"Item20": "fishingmandjemandjet5",
		"Quantity20": 1,
		"MatchOne21": true,
		"Item21": "fishingmandjemandjet5",
		"Quantity21": 1,
		"Item28": "MintT1",
		"Quantity28": "3-5"
	},
	{
		"RowPlaceholders": "DATA15",
		"Tags19": ["FirstLight"],
		"MatchOne19": true,
		"Item19": "fishingprismaticT52",
		"Quantity19": 1,
		"Tags20": ["FirstLight"],
		"MatchOne20": true,
		"Item20": "fishingprismaticT52",
		"Quantity20": 1,
		"MatchOne21": true,
		"Item21": "fishingprismaticT52",
		"Quantity21": 1
	}
]