[
	{
		"Id": "Hotspot_Broad_1",
		"DisplayName": "@hotspot_broad_1",
		"FishRarityRollModifier": 7.66,
		"FishSizeRollModifier": 0,
		"SummerFishRarityRollModifier": 0,
		"LootTableId": "FishingHotspotLoot",
		"LootTag": "Broad",
		"RequiredLevel": 2,
		"TimeToNibbleSecondsRange": "3-6",
		"TimeToBiteSecondsRange": "1-1.5"
	},
	{
		"Id": "Hotspot_Broad_2",
		"DisplayName": "@hotspot_broad_2",
		"FishRarityRollModifier": 7.66,
		"FishSizeRollModifier": 0,
		"SummerFishRarityRollModifier": 0,
		"LootTableId": "FishingHotspotLoot",
		"LootTag": "Broad",
		"RequiredLevel": 2,
		"TimeToNibbleSecondsRange": "3-6",
		"TimeToBiteSecondsRange": "1-1.5"
	},
	{
		"Id": "Hotspot_Broad_3",
		"DisplayName": "@hotspot_broad_3",
		"FishRarityRollModifier": 15.99,
		"FishSizeRollModifier": 0,
		"SummerFishRarityRollModifier": 0,
		"LootTableId": "FishingHotspotLoot",
		"LootTag": "Rare",
		"RequiredLevel": 55,
		"TimeToNibbleSecondsRange": "3-6",
		"TimeToBiteSecondsRange": "1-1.5",
		"Notes": "ElysianWilds"
	},
	{
		"Id": "Hotspot_Broad_4",
		"DisplayName": "@hotspot_broad_4",
		"FishRarityRollModifier": 24.33,
		"FishSizeRollModifier": 0,
		"SummerFishRarityRollModifier": 0,
		"LootTableId": "FishingHotspotLoot",
		"LootTag": "Secret",
		"RequiredLevel": 75,
		"TimeToNibbleSecondsRange": "3-6",
		"TimeToBiteSecondsRange": "1-1.5",
		"Notes": "ElysianWilds"
	},
	{
		"Id": "Hotspot_Broad_5",
		"DisplayName": "@hotspot_broad_5",
		"FishRarityRollModifier": 7.66,
		"FishSizeRollModifier": 0,
		"SummerFishRarityRollModifier": 0,
		"LootTableId": "FishingHotspotLoot",
		"LootTag": "Broad",
		"RequiredLevel": 15,
		"TimeToNibbleSecondsRange": "3-6",
		"TimeToBiteSecondsRange": "1-1.5",
		"Notes": "ElysianWilds"
	},
	{
		"Id": "Hotspot_Broad_6",
		"DisplayName": "@hotspot_broad_6",
		"FishRarityRollModifier": 7.66,
		"FishSizeRollModifier": 0,
		"SummerFishRarityRollModifier": 0,
		"LootTableId": "FishingHotspotLoot",
		"LootTag": "Broad",
		"RequiredLevel": 38,
		"TimeToNibbleSecondsRange": "3-6",
		"TimeToBiteSecondsRange": "1-1.5",
		"Notes": "ElysianWilds"
	},
	{
		"Id": "Hotspot_Broad_7",
		"DisplayName": "@hotspot_broad_7",
		"FishRarityRollModifier": 15.99,
		"FishSizeRollModifier": 0,
		"SummerFishRarityRollModifier": 0,
		"LootTableId": "FishingHotspotLoot",
		"LootTag": "Rare",
		"RequiredLevel": 51,
		"TimeToNibbleSecondsRange": "3-6",
		"TimeToBiteSecondsRange": "1-1.5",
		"Notes": "ElysianWilds"
	},
	{
		"Id": "Hotspot_Broad_8",
		"DisplayName": "@hotspot_broad_8",
		"FishRarityRollModifier": 7.66,
		"FishSizeRollModifier": 0,
		"SummerFishRarityRollModifier": 0,
		"LootTableId": "FishingHotspotLoot",
		"LootTag": "Broad",
		"RequiredLevel": 10,
		"TimeToNibbleSecondsRange": "3-6",
		"TimeToBiteSecondsRange": "1-1.5",
		"Notes": "ElysianWilds"
	},
	{
		"Id": "Hotspot_Broad_9",
		"DisplayName": "@hotspot_broad_9",
		"FishRarityRollModifier": 7.66,
		"FishSizeRollModifier": 0,
		"SummerFishRarityRollModifier": 0,
		"LootTableId": "FishingHotspotLoot",
		"LootTag": "Broad",
		"RequiredLevel": 16,
		"TimeToNibbleSecondsRange": "3-6",
		"TimeToBiteSecondsRange": "1-1.5"
	},
	{
		"Id": "Hotspot_Broad_10",
		"DisplayName": "@hotspot_broad_10",
		"FishRarityRollModifier": 7.66,
		"FishSizeRollModifier": 0,
		"SummerFishRarityRollModifier": 0,
		"LootTableId": "FishingHotspotLoot",
		"LootTag": "Broad",
		"RequiredLevel": 16,
		"TimeToNibbleSecondsRange": "3-6",
		"TimeToBiteSecondsRange": "1-1.5"
	},
	{
		"Id": "Hotspot_Broad_11",
		"DisplayName": "@hotspot_broad_11",
		"FishRarityRollModifier": 7.66,
		"FishSizeRollModifier": 0,
		"SummerFishRarityRollModifier": 0,
		"LootTableId": "FishingHotspotLoot",
		"LootTag": "Broad",
		"RequiredLevel": 20,
		"TimeToNibbleSecondsRange": "3-6",
		"TimeToBiteSecondsRange": "1-1.5"
	},
	{
		"Id": "Hotspot_Broad_12",
		"DisplayName": "@hotspot_broad_12",
		"FishRarityRollModifier": 7.66,
		"FishSizeRollModifier": 0,
		"SummerFishRarityRollModifier": 0,
		"LootTableId": "FishingHotspotLoot",
		"LootTag": "Broad",
		"RequiredLevel": 25,
		"TimeToNibbleSecondsRange": "3-6",
		"TimeToBiteSecondsRange": "1-1.5"
	},
	{
		"Id": "Hotspot_Broad_13",
		"DisplayName": "@hotspot_broad_13",
		"FishRarityRollModifier": 7.66,
		"FishSizeRollModifier": 0,
		"SummerFishRarityRollModifier": 0,
		"LootTableId": "FishingHotspotLoot",
		"LootTag": "Broad",
		"RequiredLevel": 25,
		"TimeToNibbleSecondsRange": "3-6",
		"TimeToBiteSecondsRange": "1-1.5"
	},
	{
		"Id": "Hotspot_Broad_14",
		"DisplayName": "@hotspot_broad_14",
		"FishRarityRollModifier": 7.66,
		"FishSizeRollModifier": 0,
		"SummerFishRarityRollModifier": 0,
		"LootTableId": "FishingHotspotLoot",
		"LootTag": "Broad",
		"RequiredLevel": 27,
		"TimeToNibbleSecondsRange": "3-6",
		"TimeToBiteSecondsRange": "1-1.5"
	},
	{
		"Id": "Hotspot_Broad_15",
		"DisplayName": "@hotspot_broad_15",
		"FishRarityRollModifier": 7.66,
		"FishSizeRollModifier": 0,
		"SummerFishRarityRollModifier": 0,
		"LootTableId": "FishingHotspotLoot",
		"LootTag": "Broad",
		"RequiredLevel": 30,
		"TimeToNibbleSecondsRange": "3-6",
		"TimeToBiteSecondsRange": "1-1.5"
	},
	{
		"Id": "Hotspot_Broad_16",
		"DisplayName": "@hotspot_broad_16",
		"FishRarityRollModifier": 7.66,
		"FishSizeRollModifier": 0,
		"SummerFishRarityRollModifier": 0,
		"LootTableId": "FishingHotspotLoot",
		"LootTag": "Broad",
		"RequiredLevel": 34,
		"TimeToNibbleSecondsRange": "3-6",
		"TimeToBiteSecondsRange": "1-1.5"
	},
	{
		"Id": "Hotspot_Broad_17",
		"DisplayName": "@hotspot_broad_17",
		"FishRarityRollModifier": 7.66,
		"FishSizeRollModifier": 0,
		"SummerFishRarityRollModifier": 0,
		"LootTableId": "FishingHotspotLoot",
		"LootTag": "Broad",
		"RequiredLevel": 37,
		"TimeToNibbleSecondsRange": "3-6",
		"TimeToBiteSecondsRange": "1-1.5"
	},
	{
		"Id": "Hotspot_Broad_18",
		"DisplayName": "@hotspot_broad_18",
		"FishRarityRollModifier": 7.66,
		"FishSizeRollModifier": 0,
		"SummerFishRarityRollModifier": 0,
		"LootTableId": "FishingHotspotLoot",
		"LootTag": "Broad",
		"RequiredLevel": 37,
		"TimeToNibbleSecondsRange": "3-6",
		"TimeToBiteSecondsRange": "1-1.5"
	},
	{
		"Id": "Hotspot_Broad_19",
		"DisplayName": "@hotspot_broad_19",
		"FishRarityRollModifier": 7.66,
		"FishSizeRollModifier": 0,
		"SummerFishRarityRollModifier": 0,
		"LootTableId": "FishingHotspotLoot",
		"LootTag": "Broad",
		"RequiredLevel": 41,
		"TimeToNibbleSecondsRange": "3-6",
		"TimeToBiteSecondsRange": "1-1.5"
	},
	{
		"Id": "Hotspot_Broad_20",
		"DisplayName": "@hotspot_broad_20",
		"FishRarityRollModifier": 7.66,
		"FishSizeRollModifier": 0,
		"SummerFishRarityRollModifier": 0,
		"LootTableId": "FishingHotspotLoot",
		"LootTag": "Broad",
		"RequiredLevel": 41,
		"TimeToNibbleSecondsRange": "3-6",
		"TimeToBiteSecondsRange": "1-1.5"
	},
	{
		"Id": "Hotspot_Broad_21",
		"DisplayName": "@hotspot_broad_21",
		"FishRarityRollModifier": 7.66,
		"FishSizeRollModifier": 0,
		"SummerFishRarityRollModifier": 0,
		"LootTableId": "FishingHotspotLoot",
		"LootTag": "Broad",
		"RequiredLevel": 45,
		"TimeToNibbleSecondsRange": "3-6",
		"TimeToBiteSecondsRange": "1-1.5"
	},
	{
		"Id": "Hotspot_Broad_22",
		"DisplayName": "@hotspot_broad_22",
		"FishRarityRollModifier": 7.66,
		"FishSizeRollModifier": 0,
		"SummerFishRarityRollModifier": 0,
		"LootTableId": "FishingHotspotLoot",
		"LootTag": "Broad",
		"RequiredLevel": 52,
		"TimeToNibbleSecondsRange": "3-6",
		"TimeToBiteSecondsRange": "1-1.5"
	},
	{
		"Id": "Hotspot_Broad_23",
		"DisplayName": "@hotspot_broad_23",
		"FishRarityRollModifier": 7.66,
		"FishSizeRollModifier": 0,
		"SummerFishRarityRollModifier": 0,
		"LootTableId": "FishingHotspotLoot",
		"LootTag": "Broad",
		"RequiredLevel": 52,
		"TimeToNibbleSecondsRange": "3-6",
		"TimeToBiteSecondsRange": "1-1.5"
	},
	{
		"Id": "Hotspot_Broad_24",
		"DisplayName": "@hotspot_broad_24",
		"FishRarityRollModifier": 7.66,
		"FishSizeRollModifier": 0,
		"SummerFishRarityRollModifier": 0,
		"LootTableId": "FishingHotspotLoot",
		"LootTag": "Broad",
		"RequiredLevel": 56,
		"TimeToNibbleSecondsRange": "3-6",
		"TimeToBiteSecondsRange": "1-1.5"
	},
	{
		"Id": "Hotspot_Broad_25",
		"DisplayName": "@hotspot_broad_25",
		"FishRarityRollModifier": 7.66,
		"FishSizeRollModifier": 0,
		"SummerFishRarityRollModifier": 0,
		"LootTableId": "FishingHotspotLoot",
		"LootTag": "Broad",
		"RequiredLevel": 59,
		"TimeToNibbleSecondsRange": "3-6",
		"TimeToBiteSecondsRange": "1-1.5"
	},
	{
		"Id": "Hotspot_Broad_26",
		"DisplayName": "@hotspot_broad_26",
		"FishRarityRollModifier": 7.66,
		"FishSizeRollModifier": 0,
		"SummerFishRarityRollModifier": 0,
		"LootTableId": "FishingHotspotLoot",
		"LootTag": "Broad",
		"RequiredLevel": 59,
		"TimeToNibbleSecondsRange": "3-6",
		"TimeToBiteSecondsRange": "1-1.5"
	},
	{
		"Id": "Hotspot_Broad_27",
		"DisplayName": "@hotspot_broad_27",
		"FishRarityRollModifier": 7.66,
		"FishSizeRollModifier": 0,
		"SummerFishRarityRollModifier": 0,
		"LootTableId": "FishingHotspotLoot",
		"LootTag": "Broad",
		"RequiredLevel": 70,
		"TimeToNibbleSecondsRange": "3-6",
		"TimeToBiteSecondsRange": "1-1.5"
	},
	{
		"Id": "Hotspot_Rare_28",
		"DisplayName": "@hotspot_rare_28",
		"FishRarityRollModifier": 15.99,
		"FishSizeRollModifier": 0,
		"SummerFishRarityRollModifier": 0,
		"LootTableId": "FishingHotspotLoot",
		"LootTag": "Rare",
		"RequiredLevel": 7,
		"TimeToNibbleSecondsRange": "3-6",
		"TimeToBiteSecondsRange": "1-1.5"
	},
	{
		"Id": "Hotspot_Rare_29",
		"DisplayName": "@hotspot_rare_29",
		"FishRarityRollModifier": 15.99,
		"FishSizeRollModifier": 0,
		"SummerFishRarityRollModifier": 0,
		"LootTableId": "FishingHotspotLoot",
		"LootTag": "Rare",
		"RequiredLevel": 20,
		"TimeToNibbleSecondsRange": "3-6",
		"TimeToBiteSecondsRange": "1-1.5"
	},
	{
		"Id": "Hotspot_Rare_30",
		"DisplayName": "@hotspot_rare_30",
		"FishRarityRollModifier": 15.99,
		"FishSizeRollModifier": 0,
		"SummerFishRarityRollModifier": 0,
		"LootTableId": "FishingHotspotLoot",
		"LootTag": "Rare",
		"RequiredLevel": 30,
		"TimeToNibbleSecondsRange": "3-6",
		"TimeToBiteSecondsRange": "1-1.5"
	},
	{
		"Id": "Hotspot_Rare_31",
		"DisplayName": "@hotspot_rare_31",
		"FishRarityRollModifier": 15.99,
		"FishSizeRollModifier": 0,
		"SummerFishRarityRollModifier": 0,
		"LootTableId": "FishingHotspotLoot",
		"LootTag": "Rare",
		"RequiredLevel": 45,
		"TimeToNibbleSecondsRange": "3-6",
		"TimeToBiteSecondsRange": "1-1.5"
	},
	{
		"Id": "Hotspot_Rare_32",
		"DisplayName": "@hotspot_rare_32",
		"FishRarityRollModifier": 15.99,
		"FishSizeRollModifier": 0,
		"SummerFishRarityRollModifier": 0,
		"LootTableId": "FishingHotspotLoot",
		"LootTag": "Rare",
		"RequiredLevel": 56,
		"TimeToNibbleSecondsRange": "3-6",
		"TimeToBiteSecondsRange": "1-1.5"
	},
	{
		"Id": "Hotspot_Rare_33",
		"DisplayName": "@hotspot_rare_33",
		"FishRarityRollModifier": 15.99,
		"FishSizeRollModifier": 0,
		"SummerFishRarityRollModifier": 0,
		"LootTableId": "FishingHotspotLoot",
		"LootTag": "Rare",
		"RequiredLevel": 60,
		"TimeToNibbleSecondsRange": "3-6",
		"TimeToBiteSecondsRange": "1-1.5"
	},
	{
		"Id": "Hotspot_Rare_34",
		"DisplayName": "@hotspot_rare_34",
		"FishRarityRollModifier": 15.99,
		"FishSizeRollModifier": 0,
		"SummerFishRarityRollModifier": 0,
		"LootTableId": "FishingHotspotLoot",
		"LootTag": "Rare",
		"RequiredLevel": 60,
		"TimeToNibbleSecondsRange": "3-6",
		"TimeToBiteSecondsRange": "1-1.5"
	},
	{
		"Id": "Hotspot_Rare_35",
		"DisplayName": "@hotspot_rare_35",
		"FishRarityRollModifier": 15.99,
		"FishSizeRollModifier": 0,
		"SummerFishRarityRollModifier": 0,
		"LootTableId": "FishingHotspotLoot",
		"LootTag": "Rare",
		"RequiredLevel": 62,
		"TimeToNibbleSecondsRange": "3-6",
		"TimeToBiteSecondsRange": "1-1.5"
	},
	{
		"Id": "Hotspot_Rare_36",
		"DisplayName": "@hotspot_rare_36",
		"FishRarityRollModifier": 15.99,
		"FishSizeRollModifier": 0,
		"SummerFishRarityRollModifier": 0,
		"LootTableId": "FishingHotspotLoot",
		"LootTag": "Rare",
		"RequiredLevel": 67,
		"TimeToNibbleSecondsRange": "3-6",
		"TimeToBiteSecondsRange": "1-1.5"
	},
	{
		"Id": "Hotspot_Rare_37",
		"DisplayName": "@hotspot_rare_37",
		"FishRarityRollModifier": 15.99,
		"FishSizeRollModifier": 0,
		"SummerFishRarityRollModifier": 0,
		"LootTableId": "FishingHotspotLoot",
		"LootTag": "Rare",
		"RequiredLevel": 67,
		"TimeToNibbleSecondsRange": "3-6",
		"TimeToBiteSecondsRange": "1-1.5"
	},
	{
		"Id": "Hotspot_Rare_38",
		"DisplayName": "@hotspot_rare_38",
		"FishRarityRollModifier": 15.99,
		"FishSizeRollModifier": 0,
		"SummerFishRarityRollModifier": 0,
		"LootTableId": "FishingHotspotLoot",
		"LootTag": "Rare",
		"RequiredLevel": 70,
		"TimeToNibbleSecondsRange": "3-6",
		"TimeToBiteSecondsRange": "1-1.5"
	},
	{
		"Id": "Hotspot_Rare_39",
		"DisplayName": "@hotspot_rare_39",
		"FishRarityRollModifier": 15.99,
		"FishSizeRollModifier": 0,
		"SummerFishRarityRollModifier": 0,
		"LootTableId": "FishingHotspotLoot",
		"LootTag": "Rare",
		"RequiredLevel": 74,
		"TimeToNibbleSecondsRange": "3-6",
		"TimeToBiteSecondsRange": "1-1.5"
	},
	{
		"Id": "Hotspot_Rare_40",
		"DisplayName": "@hotspot_rare_40",
		"FishRarityRollModifier": 15.99,
		"FishSizeRollModifier": 0,
		"SummerFishRarityRollModifier": 0,
		"LootTableId": "FishingHotspotLoot",
		"LootTag": "Rare",
		"RequiredLevel": 74,
		"TimeToNibbleSecondsRange": "3-6",
		"TimeToBiteSecondsRange": "1-1.5"
	},
	{
		"Id": "Hotspot_Rare_41",
		"DisplayName": "@hotspot_rare_41",
		"FishRarityRollModifier": 15.99,
		"FishSizeRollModifier": 0,
		"SummerFishRarityRollModifier": 0,
		"LootTableId": "FishingHotspotLoot",
		"LootTag": "Rare",
		"RequiredLevel": 78,
		"TimeToNibbleSecondsRange": "3-6",
		"TimeToBiteSecondsRange": "1-1.5"
	},
	{
		"Id": "Hotspot_Rare_42",
		"DisplayName": "@hotspot_rare_42",
		"FishRarityRollModifier": 15.99,
		"FishSizeRollModifier": 0,
		"SummerFishRarityRollModifier": 0,
		"LootTableId": "FishingHotspotLoot",
		"LootTag": "Rare",
		"RequiredLevel": 83,
		"TimeToNibbleSecondsRange": "3-6",
		"TimeToBiteSecondsRange": "1-1.5"
	},
	{
		"Id": "Hotspot_Rare_43",
		"DisplayName": "@hotspot_rare_43",
		"FishRarityRollModifier": 15.99,
		"FishSizeRollModifier": 0,
		"SummerFishRarityRollModifier": 0,
		"LootTableId": "FishingHotspotLoot",
		"LootTag": "Rare",
		"RequiredLevel": 83,
		"TimeToNibbleSecondsRange": "3-6",
		"TimeToBiteSecondsRange": "1-1.5"
	},
	{
		"Id": "Hotspot_Rare_44",
		"DisplayName": "@hotspot_rare_44",
		"FishRarityRollModifier": 15.99,
		"FishSizeRollModifier": 0,
		"SummerFishRarityRollModifier": 0,
		"LootTableId": "FishingHotspotLoot",
		"LootTag": "Rare",
		"RequiredLevel": 88,
		"TimeToNibbleSecondsRange": "3-6",
		"TimeToBiteSecondsRange": "1-1.5"
	},
	{
		"Id": "Hotspot_Rare_45",
		"DisplayName": "@hotspot_rare_45",
		"FishRarityRollModifier": 15.99,
		"FishSizeRollModifier": 0,
		"SummerFishRarityRollModifier": 0,
		"LootTableId": "FishingHotspotLoot",
		"LootTag": "Rare",
		"RequiredLevel": 95,
		"TimeToNibbleSecondsRange": "3-6",
		"TimeToBiteSecondsRange": "1-1.5"
	},
	{
		"Id": "Hotspot_Rare_46",
		"DisplayName": "@hotspot_rare_46",
		"FishRarityRollModifier": 15.99,
		"FishSizeRollModifier": 0,
		"SummerFishRarityRollModifier": 0,
		"LootTableId": "FishingHotspotLoot",
		"LootTag": "Rare",
		"RequiredLevel": 95,
		"TimeToNibbleSecondsRange": "3-6",
		"TimeToBiteSecondsRange": "1-1.5"
	},
	{
		"Id": "Hotspot_Rare_47",
		"DisplayName": "@hotspot_rare_47",
		"FishRarityRollModifier": 15.99,
		"FishSizeRollModifier": 0,
		"SummerFishRarityRollModifier": 0,
		"LootTableId": "FishingHotspotLoot",
		"LootTag": "Rare",
		"RequiredLevel": 99,
		"TimeToNibbleSecondsRange": "3-6",
		"TimeToBiteSecondsRange": "1-1.5"
	},
	{
		"Id": "Hotspot_Rare_48",
		"DisplayName": "@hotspot_rare_48",
		"FishRarityRollModifier": 15.99,
		"FishSizeRollModifier": 0,
		"SummerFishRarityRollModifier": 0,
		"LootTableId": "FishingHotspotLoot",
		"LootTag": "Rare",
		"RequiredLevel": 103,
		"TimeToNibbleSecondsRange": "3-6",
		"TimeToBiteSecondsRange": "1-1.5"
	},
	{
		"Id": "Hotspot_Rare_49",
		"DisplayName": "@hotspot_rare_49",
		"FishRarityRollModifier": 15.99,
		"FishSizeRollModifier": 0,
		"SummerFishRarityRollModifier": 0,
		"LootTableId": "FishingHotspotLoot",
		"LootTag": "Rare",
		"RequiredLevel": 110,
		"TimeToNibbleSecondsRange": "3-6",
		"TimeToBiteSecondsRange": "1-1.5"
	},
	{
		"Id": "Hotspot_Rare_50",
		"DisplayName": "@hotspot_rare_50",
		"FishRarityRollModifier": 15.99,
		"FishSizeRollModifier": 0,
		"SummerFishRarityRollModifier": 0,
		"LootTableId": "FishingHotspotLoot",
		"LootTag": "Rare",
		"RequiredLevel": 114,
		"TimeToNibbleSecondsRange": "3-6",
		"TimeToBiteSecondsRange": "1-1.5"
	},
	{
		"Id": "Hotspot_Rare_51",
		"DisplayName": "@hotspot_rare_51",
		"FishRarityRollModifier": 15.99,
		"FishSizeRollModifier": 0,
		"SummerFishRarityRollModifier": 0,
		"LootTableId": "FishingHotspotLoot",
		"LootTag": "Rare",
		"RequiredLevel": 117,
		"TimeToNibbleSecondsRange": "3-6",
		"TimeToBiteSecondsRange": "1-1.5"
	},
	{
		"Id": "Hotspot_Rare_52",
		"DisplayName": "@hotspot_rare_52",
		"FishRarityRollModifier": 15.99,
		"FishSizeRollModifier": 0,
		"SummerFishRarityRollModifier": 0,
		"LootTableId": "FishingHotspotLoot",
		"LootTag": "Rare",
		"RequiredLevel": 141,
		"TimeToNibbleSecondsRange": "3-6",
		"TimeToBiteSecondsRange": "1-1.5"
	},
	{
		"Id": "Hotspot_Secret_53",
		"DisplayName": "@hotspot_secret_53",
		"FishRarityRollModifier": 24.33,
		"FishSizeRollModifier": 0,
		"SummerFishRarityRollModifier": 0,
		"LootTableId": "FishingHotspotLoot",
		"LootTag": "Secret",
		"RequiredLevel": 12,
		"TimeToNibbleSecondsRange": "3-6",
		"TimeToBiteSecondsRange": "1-1.5"
	},
	{
		"Id": "Hotspot_Secret_54",
		"DisplayName": "@hotspot_secret_54",
		"FishRarityRollModifier": 24.33,
		"FishSizeRollModifier": 0,
		"SummerFishRarityRollModifier": 0,
		"LootTableId": "FishingHotspotLoot",
		"LootTag": "Secret",
		"RequiredLevel": 27,
		"TimeToNibbleSecondsRange": "3-6",
		"TimeToBiteSecondsRange": "1-1.5"
	},
	{
		"Id": "Hotspot_Secret_55",
		"DisplayName": "@hotspot_secret_55",
		"FishRarityRollModifier": 24.33,
		"FishSizeRollModifier": 0,
		"SummerFishRarityRollModifier": 0,
		"LootTableId": "FishingHotspotLoot",
		"LootTag": "Secret",
		"RequiredLevel": 62,
		"TimeToNibbleSecondsRange": "3-6",
		"TimeToBiteSecondsRange": "1-1.5"
	},
	{
		"Id": "Hotspot_Secret_56",
		"DisplayName": "@hotspot_secret_56",
		"FishRarityRollModifier": 24.33,
		"FishSizeRollModifier": 0,
		"SummerFishRarityRollModifier": 0,
		"LootTableId": "FishingHotspotLoot",
		"LootTag": "Secret",
		"RequiredLevel": 70,
		"TimeToNibbleSecondsRange": "3-6",
		"TimeToBiteSecondsRange": "1-1.5"
	},
	{
		"Id": "Hotspot_Secret_57",
		"DisplayName": "@hotspot_secret_57",
		"FishRarityRollModifier": 24.33,
		"FishSizeRollModifier": 0,
		"SummerFishRarityRollModifier": 0,
		"LootTableId": "FishingHotspotLoot",
		"LootTag": "Secret",
		"RequiredLevel": 88,
		"TimeToNibbleSecondsRange": "3-6",
		"TimeToBiteSecondsRange": "1-1.5"
	},
	{
		"Id": "Hotspot_Secret_58",
		"DisplayName": "@hotspot_secret_58",
		"FishRarityRollModifier": 24.33,
		"FishSizeRollModifier": 0,
		"SummerFishRarityRollModifier": 0,
		"LootTableId": "FishingHotspotLoot",
		"LootTag": "Secret",
		"RequiredLevel": 99,
		"TimeToNibbleSecondsRange": "3-6",
		"TimeToBiteSecondsRange": "1-1.5"
	},
	{
		"Id": "Hotspot_Secret_59",
		"DisplayName": "@hotspot_secret_59",
		"FishRarityRollModifier": 24.33,
		"FishSizeRollModifier": 0,
		"SummerFishRarityRollModifier": 0,
		"LootTableId": "FishingHotspotLoot",
		"LootTag": "Secret",
		"RequiredLevel": 110,
		"TimeToNibbleSecondsRange": "3-6",
		"TimeToBiteSecondsRange": "1-1.5"
	},
	{
		"Id": "Hotspot_Secret_60",
		"DisplayName": "@hotspot_secret_60",
		"FishRarityRollModifier": 24.33,
		"FishSizeRollModifier": 0,
		"SummerFishRarityRollModifier": 0,
		"LootTableId": "FishingHotspotLoot",
		"LootTag": "Secret",
		"RequiredLevel": 117,
		"TimeToNibbleSecondsRange": "3-6",
		"TimeToBiteSecondsRange": "1-1.5"
	},
	{
		"Id": "Hotspot_Secret_61",
		"DisplayName": "@hotspot_secret_61",
		"FishRarityRollModifier": 24.33,
		"FishSizeRollModifier": 0,
		"SummerFishRarityRollModifier": 0,
		"LootTableId": "FishingHotspotLoot",
		"LootTag": "Secret",
		"RequiredLevel": 117,
		"TimeToNibbleSecondsRange": "3-6",
		"TimeToBiteSecondsRange": "1-1.5"
	},
	{
		"Id": "Hotspot_Secret_62",
		"DisplayName": "@hotspot_secret_62",
		"FishRarityRollModifier": 24.33,
		"FishSizeRollModifier": 0,
		"SummerFishRarityRollModifier": 0,
		"LootTableId": "FishingHotspotLoot",
		"LootTag": "Secret",
		"RequiredLevel": 128,
		"TimeToNibbleSecondsRange": "3-6",
		"TimeToBiteSecondsRange": "1-1.5"
	},
	{
		"Id": "Hotspot_Secret_63",
		"DisplayName": "@hotspot_secret_63",
		"FishRarityRollModifier": 24.33,
		"FishSizeRollModifier": 0,
		"SummerFishRarityRollModifier": 0,
		"LootTableId": "FishingHotspotLoot",
		"LootTag": "Secret",
		"RequiredLevel": 134,
		"TimeToNibbleSecondsRange": "3-6",
		"TimeToBiteSecondsRange": "1-1.5"
	},
	{
		"Id": "Hotspot_Secret_64",
		"DisplayName": "@hotspot_secret_64",
		"FishRarityRollModifier": 24.33,
		"FishSizeRollModifier": 0,
		"SummerFishRarityRollModifier": 0,
		"LootTableId": "FishingHotspotLoot",
		"LootTag": "Secret",
		"RequiredLevel": 141,
		"TimeToNibbleSecondsRange": "3-6",
		"TimeToBiteSecondsRange": "1-1.5"
	},
	{
		"Id": "Hotspot_Secret_65",
		"DisplayName": "@hotspot_secret_65",
		"FishRarityRollModifier": 24.33,
		"FishSizeRollModifier": 0,
		"SummerFishRarityRollModifier": 0,
		"LootTableId": "FishingHotspotLoot",
		"LootTag": "Secret",
		"RequiredLevel": 148,
		"TimeToNibbleSecondsRange": "3-6",
		"TimeToBiteSecondsRange": "1-1.5"
	},
	{
		"Id": "Hotspot_Secret_66",
		"DisplayName": "@hotspot_secret_66",
		"FishRarityRollModifier": 24.33,
		"FishSizeRollModifier": 0,
		"SummerFishRarityRollModifier": 0,
		"LootTableId": "FishingHotspotLoot",
		"LootTag": "Secret",
		"RequiredLevel": 153,
		"TimeToNibbleSecondsRange": "3-6",
		"TimeToBiteSecondsRange": "1-1.5"
	},
	{
		"Id": "Hotspot_Secret_67",
		"DisplayName": "@hotspot_secret_67",
		"FishRarityRollModifier": 24.33,
		"FishSizeRollModifier": 0,
		"SummerFishRarityRollModifier": 0,
		"LootTableId": "FishingHotspotLoot",
		"LootTag": "Secret",
		"RequiredLevel": 158,
		"TimeToNibbleSecondsRange": "3-6",
		"TimeToBiteSecondsRange": "1-1.5"
	},
	{
		"Id": "Hotspot_Secret_68",
		"DisplayName": "@hotspot_secret_68",
		"FishRarityRollModifier": 24.33,
		"FishSizeRollModifier": 0,
		"SummerFishRarityRollModifier": 0,
		"LootTableId": "FishingHotspotLoot",
		"LootTag": "Secret",
		"RequiredLevel": 158,
		"TimeToNibbleSecondsRange": "3-6",
		"TimeToBiteSecondsRange": "1-1.5"
	},
	{
		"Id": "Hotspot_Secret_69",
		"DisplayName": "@hotspot_secret_69",
		"FishRarityRollModifier": 24.33,
		"FishSizeRollModifier": 0,
		"SummerFishRarityRollModifier": 0,
		"LootTableId": "FishingHotspotLoot",
		"LootTag": "Secret",
		"RequiredLevel": 165,
		"TimeToNibbleSecondsRange": "3-6",
		"TimeToBiteSecondsRange": "1-1.5"
	},
	{
		"Id": "Hotspot_Secret_70",
		"DisplayName": "@hotspot_secret_70",
		"FishRarityRollModifier": 24.33,
		"FishSizeRollModifier": 0,
		"SummerFishRarityRollModifier": 0,
		"LootTableId": "FishingHotspotLoot",
		"LootTag": "Secret",
		"RequiredLevel": 172,
		"TimeToNibbleSecondsRange": "3-6",
		"TimeToBiteSecondsRange": "1-1.5"
	},
	{
		"Id": "Hotspot_Secret_71",
		"DisplayName": "@hotspot_secret_71",
		"FishRarityRollModifier": 24.33,
		"FishSizeRollModifier": 0,
		"SummerFishRarityRollModifier": 0,
		"LootTableId": "FishingHotspotLoot",
		"LootTag": "Secret",
		"RequiredLevel": 179,
		"TimeToNibbleSecondsRange": "3-6",
		"TimeToBiteSecondsRange": "1-1.5"
	},
	{
		"Id": "Hotspot_Secret_72",
		"DisplayName": "@hotspot_secret_72",
		"FishRarityRollModifier": 24.33,
		"FishSizeRollModifier": 0,
		"SummerFishRarityRollModifier": 0,
		"LootTableId": "FishingHotspotLoot",
		"LootTag": "Secret",
		"RequiredLevel": 185,
		"TimeToNibbleSecondsRange": "3-6",
		"TimeToBiteSecondsRange": "1-1.5"
	},
	{
		"Id": "Hotspot_Secret_73",
		"DisplayName": "@hotspot_secret_73",
		"FishRarityRollModifier": 24.33,
		"FishSizeRollModifier": 0,
		"SummerFishRarityRollModifier": 0,
		"LootTableId": "FishingHotspotLoot",
		"LootTag": "Secret",
		"RequiredLevel": 185,
		"TimeToNibbleSecondsRange": "3-6",
		"TimeToBiteSecondsRange": "1-1.5"
	},
	{
		"Id": "Hotspot_Secret_74",
		"DisplayName": "@hotspot_secret_74",
		"FishRarityRollModifier": 24.33,
		"FishSizeRollModifier": 0,
		"SummerFishRarityRollModifier": 0,
		"LootTableId": "FishingHotspotLoot",
		"LootTag": "Secret",
		"RequiredLevel": 190,
		"TimeToNibbleSecondsRange": "3-6",
		"TimeToBiteSecondsRange": "1-1.5"
	},
	{
		"Id": "Hotspot_Secret_75",
		"DisplayName": "@hotspot_secret_75",
		"FishRarityRollModifier": 24.33,
		"FishSizeRollModifier": 0,
		"SummerFishRarityRollModifier": 0,
		"LootTableId": "FishingHotspotLoot",
		"LootTag": "Secret",
		"RequiredLevel": 193,
		"TimeToNibbleSecondsRange": "3-6",
		"TimeToBiteSecondsRange": "1-1.5"
	},
	{
		"Id": "Hotspot_Secret_76",
		"DisplayName": "@hotspot_secret_76",
		"FishRarityRollModifier": 24.33,
		"FishSizeRollModifier": 0,
		"SummerFishRarityRollModifier": 0,
		"LootTableId": "FishingHotspotLoot",
		"LootTag": "Secret",
		"RequiredLevel": 193,
		"TimeToNibbleSecondsRange": "3-6",
		"TimeToBiteSecondsRange": "1-1.5"
	},
	{
		"Id": "Hotspot_Secret_77",
		"DisplayName": "@hotspot_secret_77",
		"FishRarityRollModifier": 24.33,
		"FishSizeRollModifier": 0,
		"SummerFishRarityRollModifier": 0,
		"LootTableId": "FishingHotspotLoot",
		"LootTag": "Secret",
		"RequiredLevel": 197,
		"TimeToNibbleSecondsRange": "3-6",
		"TimeToBiteSecondsRange": "1-1.5"
	},
	{
		"Id": "Hotspot_Secret_78",
		"DisplayName": "@hotspot_secret_78",
		"FishRarityRollModifier": 24.33,
		"FishSizeRollModifier": 0,
		"SummerFishRarityRollModifier": 0,
		"LootTableId": "FishingHotspotLoot",
		"LootTag": "Secret",
		"RequiredLevel": 200,
		"TimeToNibbleSecondsRange": "3-6",
		"TimeToBiteSecondsRange": "1-1.5"
	},
	{
		"Id": "Hotspot_Secret_79",
		"DisplayName": "@hotspot_secret_79",
		"FishRarityRollModifier": 24.33,
		"FishSizeRollModifier": 0,
		"SummerFishRarityRollModifier": 0,
		"LootTableId": "FishingHotspotLoot",
		"LootTag": "Secret",
		"RequiredLevel": 200,
		"TimeToNibbleSecondsRange": "3-6",
		"TimeToBiteSecondsRange": "1-1.5"
	},
	{
		"Id": "Hotspot_Secret_80",
		"DisplayName": "@hotspot_secret_80",
		"FishRarityRollModifier": 24.33,
		"FishSizeRollModifier": 0,
		"SummerFishRarityRollModifier": 0,
		"LootTableId": "FishingHotspotLoot",
		"LootTag": "Secret",
		"RequiredLevel": 200,
		"TimeToNibbleSecondsRange": "3-6",
		"TimeToBiteSecondsRange": "1-1.5"
	},
	{
		"Id": "Hotspot_Broad_81",
		"DisplayName": "@hotspot_broad_81",
		"FishRarityRollModifier": 7.66,
		"FishSizeRollModifier": 0,
		"SummerFishRarityRollModifier": 0,
		"LootTableId": "FishingHotspotLoot",
		"LootTag": "Secret",
		"RequiredLevel": 76,
		"TimeToNibbleSecondsRange": "3-6",
		"TimeToBiteSecondsRange": "1-1.5"
	},
	{
		"Id": "Hotspot_Broad_82",
		"DisplayName": "@hotspot_broad_82",
		"FishRarityRollModifier": 7.66,
		"FishSizeRollModifier": 0,
		"SummerFishRarityRollModifier": 0,
		"LootTableId": "FishingHotspotLoot",
		"LootTag": "Secret",
		"RequiredLevel": 80,
		"TimeToNibbleSecondsRange": "3-6",
		"TimeToBiteSecondsRange": "1-1.5"
	},
	{
		"Id": "Hotspot_Rare_83",
		"DisplayName": "@hotspot_rare_83",
		"FishRarityRollModifier": 15.99,
		"FishSizeRollModifier": 0,
		"SummerFishRarityRollModifier": 0,
		"LootTableId": "FishingHotspotLoot",
		"LootTag": "Secret",
		"RequiredLevel": 105,
		"TimeToNibbleSecondsRange": "3-6",
		"TimeToBiteSecondsRange": "1-1.5"
	},
	{
		"Id": "Hotspot_Rare_84",
		"DisplayName": "@hotspot_rare_84",
		"FishRarityRollModifier": 15.99,
		"FishSizeRollModifier": 0,
		"SummerFishRarityRollModifier": 0,
		"LootTableId": "FishingHotspotLoot",
		"LootTag": "Secret",
		"RequiredLevel": 120,
		"TimeToNibbleSecondsRange": "3-6",
		"TimeToBiteSecondsRange": "1-1.5"
	},
	{
		"Id": "Hotspot_Secret_85",
		"DisplayName": "@hotspot_secret_85",
		"FishRarityRollModifier": 24.33,
		"FishSizeRollModifier": 0,
		"SummerFishRarityRollModifier": 0,
		"LootTableId": "FishingHotspotLoot",
		"LootTag": "Secret",
		"RequiredLevel": 150,
		"TimeToNibbleSecondsRange": "3-6",
		"TimeToBiteSecondsRange": "1-1.5"
	},
	{
		"Id": "Hotspot_Secret_86",
		"DisplayName": "@hotspot_secret_86",
		"FishRarityRollModifier": 24.33,
		"FishSizeRollModifier": 0,
		"SummerFishRarityRollModifier": 0,
		"LootTableId": "FishingHotspotLoot",
		"LootTag": "Secret",
		"RequiredLevel": 160,
		"TimeToNibbleSecondsRange": "3-6",
		"TimeToBiteSecondsRange": "1-1.5"
	},
	{
		"Id": "Hotspot_Secret_87",
		"DisplayName": "@hotspot_secret_87",
		"FishRarityRollModifier": 24.33,
		"FishSizeRollModifier": 0,
		"SummerFishRarityRollModifier": 0,
		"LootTableId": "FishingHotspotLoot",
		"LootTag": "Secret",
		"RequiredLevel": 160,
		"TimeToNibbleSecondsRange": "3-6",
		"TimeToBiteSecondsRange": "1-1.5"
	},
	{
		"Id": "Hotspot_SummerMedley_1",
		"DisplayName": "@hotspot_summermedley_1",
		"FishRarityRollModifier": 0,
		"FishSizeRollModifier": 0,
		"SummerFishRarityRollModifier": 0,
		"LootTableId": "FishingSummerMedleyHotspot",
		"LootTag": "Broad",
		"RequiredLevel": 0,
		"TimeToNibbleSecondsRange": "3-6",
		"TimeToBiteSecondsRange": "1-1.5"
	}
]