[
	{
		"DamageID": "Corruption_Shot",
		"WeaponCategory": "DynastyMagic",
		"IsRanged": 1,
		"IgnoreInvulnerable": 0,
		"Unblockable": false,
		"NoReaction": 0,
		"SurfaceImpactEffect": "Bullet",
		"AttackType": "Light",
		"DamageType": "Corruption",
		"CanCrit": "0",
		"DmgCoef": 0.7,
		"DmgCoefHead": 1,
		"DmgCoefCrit": 1,
		"PowerLevel": 0,
		"CritPowerLevel": 0,
		"BlockPowerLevel": 0,
		"HitStun": 20,
		"BlockHitStun": 15,
		"CritHitStun": 20,
		"ImpactDistanceX": 0,
		"ImpactDistanceY": 1.5,
		"ImpactDistanceZ": 0,
		"ImpactDecayRate": 0.8,
		"CritImpactDistanceX": 0,
		"CritImpactDistanceY": 1.5,
		"CritImpactDistanceZ": 0,
		"CritImpactDecayRate": 0.8,
		"BlockImpactDistanceX": 0,
		"BlockImpactDistanceY": 0,
		"BlockImpactDistanceZ": 0,
		"BlockImpactDecayRate": 0.8,
		"AddDmg": 0,
		"StaggerDmgModifier": 0.6,
		"StaggerResistModifier": 1,
		"CameraShakeID": "Small",
		"BlockTargetCameraShakeID": "Small",
		"CritTargetCameraShakeID": "Small",
		"ImpactRating": 3,
		"BlockStaminaDmgMod": 0.7,
		"BlockAbsorptionModifier": 1,
		"StunBreakoutIncrement": 0.25,
		"LOSCheckVerticalAngleOffset": 0,
		"UseAttackerPosForReaction": false,
		"HitRuneCharge": 0.1625,
		"HitBlockedRuneCharge": 0.325
	},
	{
		"DamageID": "Corruption_Blast",
		"WeaponCategory": "DynastyMagic",
		"IsRanged": 0,
		"IgnoreInvulnerable": 0,
		"Unblockable": false,
		"NoReaction": 0,
		"SurfaceImpactEffect": "Bullet",
		"AttackType": "Heavy",
		"DamageType": "Corruption",
		"EffectOnlyOnDamage": "0",
		"CanCrit": "0",
		"DmgCoef": 0,
		"DmgCoefHead": 0,
		"DmgCoefCrit": 0,
		"PowerLevel": 4,
		"CritPowerLevel": 4,
		"BlockPowerLevel": 4,
		"HitStun": 40,
		"BlockHitStun": 30,
		"CritHitStun": 40,
		"ImpactDistanceX": 0,
		"ImpactDistanceY": 4,
		"ImpactDistanceZ": 0,
		"ImpactDecayRate": 0.8,
		"CritImpactDistanceX": 0,
		"CritImpactDistanceY": 4,
		"CritImpactDistanceZ": 0,
		"CritImpactDecayRate": 0.8,
		"BlockImpactDistanceX": 0,
		"BlockImpactDistanceY": 1,
		"BlockImpactDistanceZ": 0,
		"BlockImpactDecayRate": 0.8,
		"AddDmg": 0,
		"StaggerDmgModifier": 1,
		"StaggerResistModifier": 1,
		"CameraShakeID": "Small",
		"BlockTargetCameraShakeID": "Small",
		"CritTargetCameraShakeID": "Small",
		"ImpactRating": 3,
		"BlockStaminaDmgMod": 1.4,
		"BlockAbsorptionModifier": 1,
		"StunBreakoutIncrement": 1,
		"LOSCheckVerticalAngleOffset": 0,
		"UseAttackerPosForReaction": true,
		"HitRuneCharge": 0.1625,
		"HitBlockedRuneCharge": 0.325
	},
	{
		"DamageID": "Corruption_Wave",
		"WeaponCategory": "DynastyMagic",
		"IsRanged": 0,
		"IgnoreInvulnerable": 0,
		"Unblockable": true,
		"NoReaction": 0,
		"SurfaceImpactEffect": "Bullet",
		"AttackType": "Magic",
		"DamageType": "Corruption",
		"StatusEffect": ["AI_Empress_WaveImmunity"],
		"EffectOnlyOnDamage": "1",
		"CanCrit": "0",
		"DmgCoef": 0.7,
		"DmgCoefHead": 1,
		"DmgCoefCrit": 1,
		"PowerLevel": 2,
		"CritPowerLevel": 2,
		"BlockPowerLevel": 2,
		"HitStun": 20,
		"BlockHitStun": 15,
		"CritHitStun": 20,
		"ImpactDistanceX": 0,
		"ImpactDistanceY": 0,
		"ImpactDistanceZ": 0,
		"ImpactDecayRate": 0.8,
		"CritImpactDistanceX": 0,
		"CritImpactDistanceY": 0,
		"CritImpactDistanceZ": 0,
		"CritImpactDecayRate": 0.8,
		"BlockImpactDistanceX": 0,
		"BlockImpactDistanceY": 0,
		"BlockImpactDistanceZ": 0,
		"BlockImpactDecayRate": 0.8,
		"AddDmg": 0,
		"StaggerDmgModifier": 0.6,
		"StaggerResistModifier": 1,
		"CameraShakeID": "Small",
		"BlockTargetCameraShakeID": "Small",
		"CritTargetCameraShakeID": "Small",
		"ImpactRating": 3,
		"BlockStaminaDmgMod": 0.6,
		"BlockAbsorptionModifier": 1,
		"StunBreakoutIncrement": 1,
		"LOSCheckVerticalAngleOffset": 0,
		"UseAttackerPosForReaction": false,
		"HitRuneCharge": 0.1625,
		"HitBlockedRuneCharge": 0.325
	},
	{
		"DamageID": "Corruption_Wave_Immune",
		"WeaponCategory": "DynastyMagic",
		"IsRanged": 0,
		"IgnoreInvulnerable": 0,
		"Unblockable": true,
		"NoReaction": 1,
		"SurfaceImpactEffect": "Bullet",
		"AttackType": "Magic",
		"DamageType": "Corruption",
		"CanCrit": "0",
		"DmgCoef": 0,
		"DmgCoefHead": 0,
		"DmgCoefCrit": 0,
		"PowerLevel": 0,
		"CritPowerLevel": 0,
		"BlockPowerLevel": 0,
		"HitStun": 0,
		"BlockHitStun": 0,
		"CritHitStun": 0,
		"ImpactDistanceX": 0,
		"ImpactDistanceY": 0,
		"ImpactDistanceZ": 0,
		"ImpactDecayRate": 0,
		"CritImpactDistanceX": 0,
		"CritImpactDistanceY": 0,
		"CritImpactDistanceZ": 0,
		"CritImpactDecayRate": 0.8,
		"BlockImpactDistanceX": 0,
		"BlockImpactDistanceY": 0,
		"BlockImpactDistanceZ": 0,
		"BlockImpactDecayRate": 0,
		"AddDmg": 0,
		"StaggerDmgModifier": 0,
		"StaggerResistModifier": 1,
		"CameraShakeID": "Small",
		"BlockTargetCameraShakeID": "Small",
		"CritTargetCameraShakeID": "Small",
		"ImpactRating": 3,
		"BlockStaminaDmgMod": 0,
		"BlockAbsorptionModifier": 0,
		"StunBreakoutIncrement": 0,
		"LOSCheckVerticalAngleOffset": 0,
		"UseAttackerPosForReaction": false,
		"HitRuneCharge": 0.1625,
		"HitBlockedRuneCharge": 0.325
	},
	{
		"DamageID": "Pearl_Shot",
		"WeaponCategory": "DynastyMagic",
		"IsRanged": 1,
		"IgnoreInvulnerable": 0,
		"Unblockable": false,
		"NoReaction": 0,
		"SurfaceImpactEffect": "Bullet",
		"AttackType": "Light",
		"DamageType": "Corruption",
		"CanCrit": "0",
		"DmgCoef": 0.5,
		"DmgCoefHead": 1,
		"DmgCoefCrit": 1,
		"PowerLevel": 2,
		"CritPowerLevel": 2,
		"BlockPowerLevel": 2,
		"HitStun": 20,
		"BlockHitStun": 15,
		"CritHitStun": 20,
		"ImpactDistanceX": 0,
		"ImpactDistanceY": 1.5,
		"ImpactDistanceZ": 0,
		"ImpactDecayRate": 0.8,
		"CritImpactDistanceX": 0,
		"CritImpactDistanceY": 1.5,
		"CritImpactDistanceZ": 0,
		"CritImpactDecayRate": 0.8,
		"BlockImpactDistanceX": 0,
		"BlockImpactDistanceY": 1,
		"BlockImpactDistanceZ": 0,
		"BlockImpactDecayRate": 0.8,
		"AddDmg": 0,
		"StaggerDmgModifier": 0.6,
		"StaggerResistModifier": 1,
		"CameraShakeID": "Small",
		"BlockTargetCameraShakeID": "Small",
		"CritTargetCameraShakeID": "Small",
		"ImpactRating": 3,
		"BlockStaminaDmgMod": 0.6,
		"BlockAbsorptionModifier": 1,
		"StunBreakoutIncrement": 1,
		"LOSCheckVerticalAngleOffset": 0,
		"UseAttackerPosForReaction": false,
		"HitRuneCharge": 0.1625,
		"HitBlockedRuneCharge": 0.325
	},
	{
		"DamageID": "Pearl_ Sweep",
		"IsRanged": 0,
		"IgnoreInvulnerable": 0,
		"Unblockable": false,
		"NoReaction": 0,
		"SurfaceImpactEffect": "Bullet",
		"AttackType": "Light",
		"DamageType": "Strike",
		"Affixes": "AI_CorruptionDMG_25",
		"CanCrit": "0",
		"DmgCoef": 0.7,
		"DmgCoefHead": 1,
		"DmgCoefCrit": 1,
		"PowerLevel": 0,
		"CritPowerLevel": 0,
		"BlockPowerLevel": 0,
		"HitStun": 30,
		"BlockHitStun": 25,
		"CritHitStun": 30,
		"ImpactDistanceX": 0,
		"ImpactDistanceY": 1.5,
		"ImpactDistanceZ": 0,
		"ImpactDecayRate": 0.8,
		"CritImpactDistanceX": 0,
		"CritImpactDistanceY": 1,
		"CritImpactDistanceZ": 0,
		"CritImpactDecayRate": 0.8,
		"BlockImpactDistanceX": 0,
		"BlockImpactDistanceY": 0,
		"BlockImpactDistanceZ": 0,
		"BlockImpactDecayRate": 0.8,
		"AddDmg": 0,
		"StaggerDmgModifier": 0.7,
		"StaggerResistModifier": 1,
		"CameraShakeID": "Small",
		"BlockTargetCameraShakeID": "Small",
		"CritTargetCameraShakeID": "Small",
		"ImpactRating": 3,
		"BlockStaminaDmgMod": 1,
		"BlockAbsorptionModifier": 1,
		"StunBreakoutIncrement": 1,
		"LOSCheckVerticalAngleOffset": 0,
		"UseAttackerPosForReaction": false,
		"HitRuneCharge": 0.1625,
		"HitBlockedRuneCharge": 0.325
	},
	{
		"DamageID": "Pearl_ Sweep_Arm",
		"IsRanged": 0,
		"IgnoreInvulnerable": 0,
		"Unblockable": false,
		"NoReaction": 0,
		"SurfaceImpactEffect": "Bullet",
		"AttackType": "Light",
		"DamageType": "Strike",
		"CanCrit": "0",
		"DmgCoef": 0.3,
		"DmgCoefHead": 1,
		"DmgCoefCrit": 1,
		"PowerLevel": 0,
		"CritPowerLevel": 0,
		"BlockPowerLevel": 0,
		"HitStun": 30,
		"BlockHitStun": 25,
		"CritHitStun": 30,
		"ImpactDistanceX": 0,
		"ImpactDistanceY": 3,
		"ImpactDistanceZ": 0,
		"ImpactDecayRate": 0.8,
		"CritImpactDistanceX": 0,
		"CritImpactDistanceY": 3,
		"CritImpactDistanceZ": 0,
		"CritImpactDecayRate": 0.8,
		"BlockImpactDistanceX": 0,
		"BlockImpactDistanceY": 0,
		"BlockImpactDistanceZ": 0,
		"BlockImpactDecayRate": 0.8,
		"AddDmg": 0,
		"StaggerDmgModifier": 0.7,
		"StaggerResistModifier": 1,
		"CameraShakeID": "Small",
		"BlockTargetCameraShakeID": "Small",
		"CritTargetCameraShakeID": "Small",
		"ImpactRating": 3,
		"BlockStaminaDmgMod": 1,
		"BlockAbsorptionModifier": 1,
		"StunBreakoutIncrement": 1,
		"LOSCheckVerticalAngleOffset": 0,
		"UseAttackerPosForReaction": false,
		"HitRuneCharge": 0.1625,
		"HitBlockedRuneCharge": 0.325
	},
	{
		"DamageID": "Pearl_ Sweep_Combo",
		"IsRanged": 0,
		"IgnoreInvulnerable": 0,
		"Unblockable": false,
		"NoReaction": 0,
		"SurfaceImpactEffect": "Bullet",
		"AttackType": "Light",
		"DamageType": "Strike",
		"Affixes": "AI_CorruptionDMG_25",
		"CanCrit": "0",
		"DmgCoef": 0.5,
		"DmgCoefHead": 1,
		"DmgCoefCrit": 1,
		"PowerLevel": 0,
		"CritPowerLevel": 0,
		"BlockPowerLevel": 0,
		"HitStun": 20,
		"BlockHitStun": 20,
		"CritHitStun": 20,
		"ImpactDistanceX": 0,
		"ImpactDistanceY": 0.5,
		"ImpactDistanceZ": 0,
		"ImpactDecayRate": 0.8,
		"CritImpactDistanceX": 0,
		"CritImpactDistanceY": 0.5,
		"CritImpactDistanceZ": 0,
		"CritImpactDecayRate": 0.8,
		"BlockImpactDistanceX": 0,
		"BlockImpactDistanceY": 0,
		"BlockImpactDistanceZ": 0,
		"BlockImpactDecayRate": 0.8,
		"AddDmg": 0,
		"StaggerDmgModifier": 0.4,
		"StaggerResistModifier": 1,
		"CameraShakeID": "Small",
		"BlockTargetCameraShakeID": "Small",
		"CritTargetCameraShakeID": "Small",
		"ImpactRating": 3,
		"BlockStaminaDmgMod": 0.6,
		"BlockAbsorptionModifier": 1,
		"StunBreakoutIncrement": 0.5,
		"LOSCheckVerticalAngleOffset": 0,
		"UseAttackerPosForReaction": false,
		"HitRuneCharge": 0.1625,
		"HitBlockedRuneCharge": 0.325
	},
	{
		"DamageID": "Dragon_Breath",
		"WeaponCategory": "GhostSpell_Fire",
		"IsRanged": 1,
		"IgnoreInvulnerable": 0,
		"Unblockable": false,
		"NoReaction": 0,
		"SurfaceImpactEffect": "Bullet",
		"AttackType": "Magic",
		"DamageType": "Corruption",
		"StatusEffect": ["AI_Empress_DragonBurn"],
		"EffectOnlyOnDamage": "TRUE",
		"CanCrit": "FALSE",
		"DmgCoef": 1.46,
		"DmgCoefHead": 1,
		"DmgCoefCrit": 1,
		"PowerLevel": 4,
		"CritPowerLevel": 4,
		"BlockPowerLevel": 4,
		"HitStun": 40,
		"BlockHitStun": 35,
		"CritHitStun": 40,
		"ImpactDistanceX": 0,
		"ImpactDistanceY": 2.5,
		"ImpactDistanceZ": 0,
		"ImpactDecayRate": 0.8,
		"CritImpactDistanceX": 0,
		"CritImpactDistanceY": 2.5,
		"CritImpactDistanceZ": 0,
		"CritImpactDecayRate": 0.8,
		"BlockImpactDistanceX": 0,
		"BlockImpactDistanceY": 0,
		"BlockImpactDistanceZ": 0,
		"BlockImpactDecayRate": 0.8,
		"AddDmg": 0,
		"StaggerDmgModifier": 0.6,
		"StaggerResistModifier": 1.5,
		"CameraShakeID": "Small",
		"BlockTargetCameraShakeID": "Small",
		"CritTargetCameraShakeID": "Small",
		"ImpactRating": 3,
		"BlockStaminaDmgMod": 2,
		"BlockAbsorptionModifier": 1,
		"StunBreakoutIncrement": 1,
		"LOSCheckVerticalAngleOffset": 0,
		"UseAttackerPosForReaction": false,
		"HitRuneCharge": 0.1625,
		"HitBlockedRuneCharge": 0.325
	},
	{
		"DamageID": "Dragon_Dive",
		"WeaponCategory": "GhostSpell_Fire",
		"IsRanged": 1,
		"IgnoreInvulnerable": 0,
		"Unblockable": false,
		"NoReaction": 0,
		"SurfaceImpactEffect": "Bullet",
		"AttackType": "Magic",
		"DamageType": "Corruption",
		"StatusEffect": ["AI_Empress_DragonBurn"],
		"EffectOnlyOnDamage": "TRUE",
		"CanCrit": "FALSE",
		"DmgCoef": 1.1,
		"DmgCoefHead": 1,
		"DmgCoefCrit": 1,
		"PowerLevel": 3,
		"CritPowerLevel": 3,
		"BlockPowerLevel": 3,
		"HitStun": 30,
		"BlockHitStun": 25,
		"CritHitStun": 30,
		"ImpactDistanceX": 3,
		"ImpactDistanceY": 2.5,
		"ImpactDistanceZ": 0,
		"ImpactDecayRate": 0.8,
		"CritImpactDistanceX": 3,
		"CritImpactDistanceY": 2.5,
		"CritImpactDistanceZ": 0,
		"CritImpactDecayRate": 0.8,
		"BlockImpactDistanceX": 3,
		"BlockImpactDistanceY": 2,
		"BlockImpactDistanceZ": 0,
		"BlockImpactDecayRate": 0.8,
		"AddDmg": 0,
		"StaggerDmgModifier": 0.7,
		"StaggerResistModifier": 1.5,
		"CameraShakeID": "Small",
		"BlockTargetCameraShakeID": "Small",
		"CritTargetCameraShakeID": "Small",
		"ImpactRating": 3,
		"BlockStaminaDmgMod": 1.8,
		"BlockAbsorptionModifier": 1,
		"StunBreakoutIncrement": 1,
		"LOSCheckVerticalAngleOffset": 0,
		"UseAttackerPosForReaction": false,
		"HitRuneCharge": 0.1625,
		"HitBlockedRuneCharge": 0.325
	},
	{
		"DamageID": "Dragon_Round",
		"WeaponCategory": "GhostSpell_Fire",
		"IsRanged": 0,
		"IgnoreInvulnerable": 0,
		"Unblockable": false,
		"NoReaction": 0,
		"SurfaceImpactEffect": "Bullet",
		"AttackType": "Magic",
		"DamageType": "Corruption",
		"CanCrit": "FALSE",
		"DmgCoef": 1.27,
		"DmgCoefHead": 1,
		"DmgCoefCrit": 1,
		"PowerLevel": 4,
		"CritPowerLevel": 4,
		"BlockPowerLevel": 4,
		"HitStun": 40,
		"BlockHitStun": 35,
		"CritHitStun": 30,
		"ImpactDistanceX": 0,
		"ImpactDistanceY": 7,
		"ImpactDistanceZ": 0,
		"ImpactDecayRate": 0.8,
		"CritImpactDistanceX": 0,
		"CritImpactDistanceY": 7,
		"CritImpactDistanceZ": 0,
		"CritImpactDecayRate": 0.8,
		"BlockImpactDistanceX": 0,
		"BlockImpactDistanceY": 7,
		"BlockImpactDistanceZ": 0,
		"BlockImpactDecayRate": 0.8,
		"AddDmg": 0,
		"StaggerDmgModifier": 1,
		"StaggerResistModifier": 1.5,
		"CameraShakeID": "Small",
		"BlockTargetCameraShakeID": "Small",
		"CritTargetCameraShakeID": "Small",
		"ImpactRating": 3,
		"BlockStaminaDmgMod": 2.2,
		"BlockAbsorptionModifier": 1,
		"StunBreakoutIncrement": 1,
		"LOSCheckVerticalAngleOffset": 0,
		"UseAttackerPosForReaction": false,
		"HitRuneCharge": 0.1625,
		"HitBlockedRuneCharge": 0.325
	},
	{
		"DamageID": "Dragon_Breath_Solo",
		"WeaponCategory": "GhostSpell_Fire",
		"IsRanged": 1,
		"IgnoreInvulnerable": 0,
		"Unblockable": false,
		"NoReaction": 0,
		"SurfaceImpactEffect": "Bullet",
		"AttackType": "Magic",
		"DamageType": "Corruption",
		"StatusEffect": ["AI_Empress_DragonBurn"],
		"EffectOnlyOnDamage": "TRUE",
		"CanCrit": "FALSE",
		"DmgCoef": 1,
		"DmgCoefHead": 1,
		"DmgCoefCrit": 1,
		"PowerLevel": 2,
		"CritPowerLevel": 2,
		"BlockPowerLevel": 2,
		"HitStun": 40,
		"BlockHitStun": 35,
		"CritHitStun": 40,
		"ImpactDistanceX": 0,
		"ImpactDistanceY": 2.5,
		"ImpactDistanceZ": 0,
		"ImpactDecayRate": 0.8,
		"CritImpactDistanceX": 0,
		"CritImpactDistanceY": 2.5,
		"CritImpactDistanceZ": 0,
		"CritImpactDecayRate": 0.8,
		"BlockImpactDistanceX": 0,
		"BlockImpactDistanceY": 0,
		"BlockImpactDistanceZ": 0,
		"BlockImpactDecayRate": 0.8,
		"AddDmg": 0,
		"StaggerDmgModifier": 0.6,
		"StaggerResistModifier": 1.5,
		"CameraShakeID": "Small",
		"BlockTargetCameraShakeID": "Small",
		"CritTargetCameraShakeID": "Small",
		"ImpactRating": 3,
		"BlockStaminaDmgMod": 2,
		"BlockAbsorptionModifier": 1,
		"StunBreakoutIncrement": 1,
		"LOSCheckVerticalAngleOffset": 0,
		"UseAttackerPosForReaction": false,
		"HitRuneCharge": 0.1625,
		"HitBlockedRuneCharge": 0.325
	},
	{
		"DamageID": "Dragon_Dive_Solo",
		"WeaponCategory": "GhostSpell_Fire",
		"IsRanged": 1,
		"IgnoreInvulnerable": 0,
		"Unblockable": false,
		"NoReaction": 0,
		"SurfaceImpactEffect": "Bullet",
		"AttackType": "Magic",
		"DamageType": "Corruption",
		"StatusEffect": ["AI_Empress_DragonBurn"],
		"EffectOnlyOnDamage": "TRUE",
		"CanCrit": "FALSE",
		"DmgCoef": 0.75,
		"DmgCoefHead": 1,
		"DmgCoefCrit": 1,
		"PowerLevel": 2,
		"CritPowerLevel": 2,
		"BlockPowerLevel": 2,
		"HitStun": 30,
		"BlockHitStun": 25,
		"CritHitStun": 30,
		"ImpactDistanceX": 3,
		"ImpactDistanceY": 2.5,
		"ImpactDistanceZ": 0,
		"ImpactDecayRate": 0.8,
		"CritImpactDistanceX": 3,
		"CritImpactDistanceY": 2.5,
		"CritImpactDistanceZ": 0,
		"CritImpactDecayRate": 0.8,
		"BlockImpactDistanceX": 3,
		"BlockImpactDistanceY": 2,
		"BlockImpactDistanceZ": 0,
		"BlockImpactDecayRate": 0.8,
		"AddDmg": 0,
		"StaggerDmgModifier": 0.7,
		"StaggerResistModifier": 1.5,
		"CameraShakeID": "Small",
		"BlockTargetCameraShakeID": "Small",
		"CritTargetCameraShakeID": "Small",
		"ImpactRating": 3,
		"BlockStaminaDmgMod": 1.8,
		"BlockAbsorptionModifier": 1,
		"StunBreakoutIncrement": 1,
		"LOSCheckVerticalAngleOffset": 0,
		"UseAttackerPosForReaction": false,
		"HitRuneCharge": 0.1625,
		"HitBlockedRuneCharge": 0.325
	},
	{
		"DamageID": "Dragon_Round_Solo",
		"WeaponCategory": "GhostSpell_Fire",
		"IsRanged": 0,
		"IgnoreInvulnerable": 0,
		"Unblockable": false,
		"NoReaction": 0,
		"SurfaceImpactEffect": "Bullet",
		"AttackType": "Magic",
		"DamageType": "Corruption",
		"CanCrit": "FALSE",
		"DmgCoef": 0.9,
		"DmgCoefHead": 1,
		"DmgCoefCrit": 1,
		"PowerLevel": 2,
		"CritPowerLevel": 2,
		"BlockPowerLevel": 2,
		"HitStun": 40,
		"BlockHitStun": 35,
		"CritHitStun": 30,
		"ImpactDistanceX": 0,
		"ImpactDistanceY": 7,
		"ImpactDistanceZ": 0,
		"ImpactDecayRate": 0.8,
		"CritImpactDistanceX": 0,
		"CritImpactDistanceY": 7,
		"CritImpactDistanceZ": 0,
		"CritImpactDecayRate": 0.8,
		"BlockImpactDistanceX": 0,
		"BlockImpactDistanceY": 7,
		"BlockImpactDistanceZ": 0,
		"BlockImpactDecayRate": 0.8,
		"AddDmg": 0,
		"StaggerDmgModifier": 1,
		"StaggerResistModifier": 1.5,
		"CameraShakeID": "Small",
		"BlockTargetCameraShakeID": "Small",
		"CritTargetCameraShakeID": "Small",
		"ImpactRating": 3,
		"BlockStaminaDmgMod": 2.2,
		"BlockAbsorptionModifier": 1,
		"StunBreakoutIncrement": 1,
		"LOSCheckVerticalAngleOffset": 0,
		"UseAttackerPosForReaction": false,
		"HitRuneCharge": 0.1625,
		"HitBlockedRuneCharge": 0.325
	},
	{
		"DamageID": "Dragon_Breath_Bump",
		"IsRanged": 1,
		"IgnoreInvulnerable": 0,
		"Unblockable": false,
		"NoReaction": 0,
		"SurfaceImpactEffect": "Bullet",
		"AttackType": "Heavy",
		"DamageType": "Strike",
		"CanCrit": "FALSE",
		"DmgCoef": 0.3,
		"DmgCoefHead": 1,
		"DmgCoefCrit": 1,
		"PowerLevel": 2,
		"CritPowerLevel": 2,
		"BlockPowerLevel": 2,
		"HitStun": 25,
		"BlockHitStun": 20,
		"CritHitStun": 25,
		"ImpactDistanceX": 0,
		"ImpactDistanceY": 5,
		"ImpactDistanceZ": 0,
		"ImpactDecayRate": 0.8,
		"CritImpactDistanceX": 0,
		"CritImpactDistanceY": 5,
		"CritImpactDistanceZ": 0,
		"CritImpactDecayRate": 0.8,
		"BlockImpactDistanceX": 0,
		"BlockImpactDistanceY": 5,
		"BlockImpactDistanceZ": 0,
		"BlockImpactDecayRate": 0.8,
		"AddDmg": 0,
		"StaggerDmgModifier": 0.6,
		"StaggerResistModifier": 1.5,
		"CameraShakeID": "Small",
		"BlockTargetCameraShakeID": "Small",
		"CritTargetCameraShakeID": "Small",
		"ImpactRating": 3,
		"BlockStaminaDmgMod": 1.2,
		"BlockAbsorptionModifier": 1,
		"StunBreakoutIncrement": 0.5,
		"LOSCheckVerticalAngleOffset": 0,
		"UseAttackerPosForReaction": false,
		"HitRuneCharge": 0.1625,
		"HitBlockedRuneCharge": 0.325
	},
	{
		"DamageID": "Intro_Bump",
		"IsRanged": 0,
		"IgnoreInvulnerable": 0,
		"Unblockable": false,
		"NoReaction": 0,
		"SurfaceImpactEffect": "Bullet",
		"AttackType": "Heavy",
		"DamageType": "Strike",
		"CanCrit": "FALSE",
		"DmgCoef": 0,
		"DmgCoefHead": 1,
		"DmgCoefCrit": 1,
		"PowerLevel": 3,
		"CritPowerLevel": 3,
		"BlockPowerLevel": 3,
		"HitStun": 25,
		"BlockHitStun": 20,
		"CritHitStun": 25,
		"ImpactDistanceX": 0,
		"ImpactDistanceY": 5,
		"ImpactDistanceZ": 0,
		"ImpactDecayRate": 0.8,
		"CritImpactDistanceX": 0,
		"CritImpactDistanceY": 5,
		"CritImpactDistanceZ": 0,
		"CritImpactDecayRate": 0.8,
		"BlockImpactDistanceX": 0,
		"BlockImpactDistanceY": 5,
		"BlockImpactDistanceZ": 0,
		"BlockImpactDecayRate": 0.8,
		"AddDmg": 0,
		"StaggerDmgModifier": 0.6,
		"StaggerResistModifier": 1.5,
		"CameraShakeID": "Small",
		"BlockTargetCameraShakeID": "Small",
		"CritTargetCameraShakeID": "Small",
		"ImpactRating": 3,
		"BlockStaminaDmgMod": 2,
		"BlockAbsorptionModifier": 1,
		"StunBreakoutIncrement": 0.5,
		"LOSCheckVerticalAngleOffset": 0,
		"UseAttackerPosForReaction": false,
		"HitRuneCharge": 0.1625,
		"HitBlockedRuneCharge": 0.325
	},
	{
		"DamageID": "Fall",
		"WeaponCategory": "Fall",
		"IsRanged": 0,
		"IgnoreInvulnerable": 1,
		"Unblockable": false,
		"NoReaction": 1,
		"SurfaceImpactEffect": "Bullet",
		"DamageType": "Falling",
		"DmgCoef": 1,
		"DmgCoefHead": 1,
		"DmgCoefCrit": 1,
		"PowerLevel": 2,
		"CritPowerLevel": 2,
		"BlockPowerLevel": 2,
		"HitStun": 0,
		"BlockHitStun": 0,
		"CritHitStun": 0,
		"ImpactDistanceX": 0,
		"ImpactDistanceY": 0,
		"ImpactDistanceZ": 0,
		"ImpactDecayRate": 0,
		"CritImpactDistanceX": 0,
		"CritImpactDistanceY": 0,
		"CritImpactDistanceZ": 0,
		"CritImpactDecayRate": 0,
		"BlockImpactDistanceX": 0,
		"BlockImpactDistanceY": 0,
		"BlockImpactDistanceZ": 0,
		"BlockImpactDecayRate": 0,
		"AddDmg": 0,
		"StaggerDmgModifier": 0,
		"StaggerResistModifier": 0,
		"ImpactRating": 0,
		"BlockStaminaDmgMod": 0,
		"BlockAbsorptionModifier": 1,
		"StunBreakoutIncrement": 0,
		"LOSCheckVerticalAngleOffset": 0,
		"UseAttackerPosForReaction": false,
		"HitRuneCharge": 0.1625,
		"HitBlockedRuneCharge": 0.325
	},
	{
		"DamageID": "Reaction_Breakout",
		"WeaponCategory": "Fall",
		"IsRanged": 1,
		"IgnoreInvulnerable": 1,
		"Unblockable": false,
		"NoReaction": 0,
		"SurfaceImpactEffect": "Bullet",
		"DamageType": "Falling",
		"DmgCoef": 0,
		"DmgCoefHead": 0,
		"DmgCoefCrit": 0,
		"PowerLevel": 0,
		"CritPowerLevel": 0,
		"BlockPowerLevel": 0,
		"HitStun": 0,
		"BlockHitStun": 0,
		"CritHitStun": 0,
		"ImpactDistanceX": 0,
		"ImpactDistanceY": 0,
		"ImpactDistanceZ": 0,
		"ImpactDecayRate": 0,
		"CritImpactDistanceX": 0,
		"CritImpactDistanceY": 0,
		"CritImpactDistanceZ": 0,
		"CritImpactDecayRate": 0,
		"BlockImpactDistanceX": 0,
		"BlockImpactDistanceY": 0,
		"BlockImpactDistanceZ": 0,
		"BlockImpactDecayRate": 0,
		"AddDmg": 0,
		"StaggerDmgModifier": 0,
		"StaggerResistModifier": 10,
		"CameraShakeID": "Small",
		"ImpactRating": 1,
		"BlockStaminaDmgMod": 0,
		"BlockAbsorptionModifier": 0,
		"StunBreakoutIncrement": 1,
		"LOSCheckVerticalAngleOffset": 1,
		"UseAttackerPosForReaction": false,
		"HitRuneCharge": 0.1625,
		"HitBlockedRuneCharge": 0.325
	}
]