[
	{
		"DamageID": "Attack_Swipe_R",
		"WeaponCategory": "GhostMelee",
		"IgnoreInvulnerable": 0,
		"NoReaction": 0,
		"IsRanged": false,
		"SurfaceImpactEffect": "Bullet",
		"AttackType": "Light",
		"DamageType": "Nature",
		"CanCrit": "FALSE",
		"DmgCoef": 0.3,
		"DmgCoefHead": 1,
		"DmgCoefCrit": 1,
		"PowerLevel": 0,
		"BlockPowerLevel": 0,
		"CritPowerLevel": 0,
		"HitStun": 15,
		"BlockHitStun": 10,
		"CritHitStun": 15,
		"ImpactDistanceX": 0,
		"ImpactDistanceY": 0.7,
		"ImpactDistanceZ": 0,
		"ImpactDecayRate": 0.8,
		"BlockImpactDistanceX": 0,
		"BlockImpactDistanceY": 0,
		"BlockImpactDistanceZ": 0,
		"BlockImpactDecayRate": 0.8,
		"CritImpactDistanceX": 0,
		"CritImpactDistanceY": 0.7,
		"CritImpactDistanceZ": 0,
		"CritImpactDecayRate": 0.8,
		"StaggerDmgModifier": 0.2,
		"StaggerResistModifier": 0,
		"AddDmg": 0,
		"StaminaDmg": 0,
		"ImpactRating": 1,
		"BlockStaminaDmgMod": 0.2,
		"BlockAbsorptionModifier": 1,
		"StunBreakoutIncrement": 0,
		"UseAttackerPosForReaction": false,
		"HitRuneCharge": 0.1625,
		"HitBlockedRuneCharge": 0.325
	},
	{
		"DamageID": "Attack_Flurry",
		"WeaponCategory": "GhostMelee",
		"IgnoreInvulnerable": 0,
		"NoReaction": 0,
		"IsRanged": false,
		"SurfaceImpactEffect": "Bullet",
		"AttackType": "Light",
		"DamageType": "Nature",
		"CanCrit": "FALSE",
		"DmgCoef": 0.2,
		"DmgCoefHead": 1,
		"DmgCoefCrit": 1,
		"PowerLevel": 0,
		"BlockPowerLevel": 0,
		"CritPowerLevel": 0,
		"HitStun": 20,
		"BlockHitStun": 15,
		"CritHitStun": 20,
		"ImpactDistanceX": 0,
		"ImpactDistanceY": 0.5,
		"ImpactDistanceZ": 0,
		"ImpactDecayRate": 0.8,
		"BlockImpactDistanceX": 0,
		"BlockImpactDistanceY": 0,
		"BlockImpactDistanceZ": 0,
		"BlockImpactDecayRate": 0.8,
		"CritImpactDistanceX": 0,
		"CritImpactDistanceY": 0.75,
		"CritImpactDistanceZ": 0,
		"CritImpactDecayRate": 0.8,
		"StaggerDmgModifier": 0.15,
		"StaggerResistModifier": 0,
		"AddDmg": 0,
		"StaminaDmg": 0,
		"ImpactRating": 1,
		"BlockStaminaDmgMod": 0.15,
		"BlockAbsorptionModifier": 1,
		"StunBreakoutIncrement": 0,
		"UseAttackerPosForReaction": false,
		"HitRuneCharge": 0.1625,
		"HitBlockedRuneCharge": 0.325
	},
	{
		"DamageID": "Attack_Overhead",
		"WeaponCategory": "GhostMelee",
		"IgnoreInvulnerable": 0,
		"NoReaction": 0,
		"IsRanged": false,
		"SurfaceImpactEffect": "Bullet",
		"AttackType": "Heavy",
		"DamageType": "Nature",
		"CanCrit": "FALSE",
		"DmgCoef": 0.75,
		"DmgCoefHead": 1,
		"DmgCoefCrit": 1,
		"PowerLevel": 2,
		"BlockPowerLevel": 2,
		"CritPowerLevel": 2,
		"HitStun": 18,
		"BlockHitStun": 18,
		"CritHitStun": 18,
		"ImpactDistanceX": 0,
		"ImpactDistanceY": 1.5,
		"ImpactDistanceZ": 0,
		"ImpactDecayRate": 0.8,
		"BlockImpactDistanceX": 0,
		"BlockImpactDistanceY": 0,
		"BlockImpactDistanceZ": 0,
		"BlockImpactDecayRate": 0.8,
		"CritImpactDistanceX": 0,
		"CritImpactDistanceY": 1.5,
		"CritImpactDistanceZ": 0,
		"CritImpactDecayRate": 0.8,
		"StaggerDmgModifier": 0.35,
		"StaggerResistModifier": 1,
		"AddDmg": 0,
		"StaminaDmg": 0,
		"ImpactRating": 1,
		"BlockStaminaDmgMod": 0.35,
		"BlockAbsorptionModifier": 1,
		"StunBreakoutIncrement": 1,
		"UseAttackerPosForReaction": false,
		"HitRuneCharge": 0.1625,
		"HitBlockedRuneCharge": 0.325
	},
	{
		"DamageID": "Spell_Plagued_Disease_Shot",
		"WeaponCategory": "GhostSpell_Disease",
		"IgnoreInvulnerable": 0,
		"NoReaction": 0,
		"IsRanged": true,
		"SurfaceImpactEffect": "Bullet",
		"AttackType": "Magic",
		"DamageType": "Nature",
		"StatusEffect": ["PlaguedGhost_Disease"],
		"EffectOnlyOnDamage": "True",
		"CanCrit": "FALSE",
		"DmgCoef": 0.5,
		"DmgCoefHead": 1,
		"DmgCoefCrit": 1,
		"PowerLevel": 0,
		"BlockPowerLevel": 0,
		"CritPowerLevel": 0,
		"HitStun": 15,
		"BlockHitStun": 10,
		"CritHitStun": 15,
		"ImpactDistanceX": 0,
		"ImpactDistanceY": 1,
		"ImpactDistanceZ": 0,
		"ImpactDecayRate": 0.8,
		"BlockImpactDistanceX": 0,
		"BlockImpactDistanceY": 0,
		"BlockImpactDistanceZ": 0,
		"BlockImpactDecayRate": 0.8,
		"CritImpactDistanceX": 0,
		"CritImpactDistanceY": 1,
		"CritImpactDistanceZ": 0,
		"CritImpactDecayRate": 0.8,
		"StaggerDmgModifier": 0.35,
		"StaggerResistModifier": 1.8,
		"AddDmg": 0,
		"StaminaDmg": 0,
		"ImpactRating": 1,
		"BlockStaminaDmgMod": 0.35,
		"BlockAbsorptionModifier": 1,
		"StunBreakoutIncrement": 0,
		"UseAttackerPosForReaction": false,
		"HitRuneCharge": 0.1625,
		"HitBlockedRuneCharge": 0.325
	},
	{
		"DamageID": "Spell_Plagued_Disease_Swarm",
		"WeaponCategory": "GhostSpell_Disease",
		"IgnoreInvulnerable": 0,
		"NoReaction": 1,
		"IsRanged": false,
		"SurfaceImpactEffect": "Bullet",
		"AttackType": "Magic",
		"DamageType": "Nature",
		"StatusEffect": ["PlaguedGhost_Disease"],
		"EffectOnlyOnDamage": "True",
		"CanCrit": "FALSE",
		"DmgCoef": 0.05,
		"DmgCoefHead": 1,
		"DmgCoefCrit": 1,
		"PowerLevel": 0,
		"BlockPowerLevel": 0,
		"CritPowerLevel": 0,
		"HitStun": 15,
		"BlockHitStun": 10,
		"CritHitStun": 15,
		"ImpactDistanceX": 0,
		"ImpactDistanceY": 0,
		"ImpactDistanceZ": 0,
		"ImpactDecayRate": 0.8,
		"BlockImpactDistanceX": 0,
		"BlockImpactDistanceY": 0,
		"BlockImpactDistanceZ": 0,
		"BlockImpactDecayRate": 0.8,
		"CritImpactDistanceX": 0,
		"CritImpactDistanceY": 0,
		"CritImpactDistanceZ": 0,
		"CritImpactDecayRate": 0.8,
		"StaggerDmgModifier": 0.05,
		"StaggerResistModifier": 2.2,
		"AddDmg": 0,
		"StaminaDmg": 0,
		"ImpactRating": 1,
		"BlockStaminaDmgMod": 0.05,
		"BlockAbsorptionModifier": 1,
		"StunBreakoutIncrement": 0,
		"UseAttackerPosForReaction": false,
		"HitRuneCharge": 0.1625,
		"HitBlockedRuneCharge": 0.325
	},
	{
		"DamageID": "Spell_Plagued_Acid_Spray",
		"WeaponCategory": "GhostSpell_Disease",
		"IgnoreInvulnerable": 0,
		"NoReaction": 0,
		"IsRanged": true,
		"SurfaceImpactEffect": "Bullet",
		"AttackType": "Magic",
		"DamageType": "Nature",
		"StatusEffect": ["PlaguedGhost_Disease"],
		"EffectOnlyOnDamage": "True",
		"CanCrit": "FALSE",
		"DmgCoef": 0.08,
		"DmgCoefHead": 1,
		"DmgCoefCrit": 1,
		"PowerLevel": 0,
		"BlockPowerLevel": 1,
		"CritPowerLevel": 0,
		"HitStun": 15,
		"BlockHitStun": 10,
		"CritHitStun": 15,
		"ImpactDistanceX": 0,
		"ImpactDistanceY": 0.5,
		"ImpactDistanceZ": 0,
		"ImpactDecayRate": 0.8,
		"BlockImpactDistanceX": 0,
		"BlockImpactDistanceY": 0,
		"BlockImpactDistanceZ": 0,
		"BlockImpactDecayRate": 0.8,
		"CritImpactDistanceX": 0,
		"CritImpactDistanceY": 0.5,
		"CritImpactDistanceZ": 0,
		"CritImpactDecayRate": 0.8,
		"StaggerDmgModifier": 0.1,
		"StaggerResistModifier": 2.2,
		"AddDmg": 0,
		"StaminaDmg": 0,
		"ImpactRating": 1,
		"BlockStaminaDmgMod": 0.1,
		"BlockAbsorptionModifier": 1,
		"StunBreakoutIncrement": 1,
		"UseAttackerPosForReaction": true,
		"HitRuneCharge": 0.1625,
		"HitBlockedRuneCharge": 0.325
	},
	{
		"DamageID": "Spell_Plagued_Plague_Nova",
		"WeaponCategory": "GhostSpell_Disease",
		"IgnoreInvulnerable": 0,
		"NoReaction": 0,
		"IsRanged": false,
		"SurfaceImpactEffect": "Bullet",
		"AttackType": "Magic",
		"DamageType": "Nature",
		"StatusEffect": ["PlaguedGhost_Disease"],
		"EffectOnlyOnDamage": "True",
		"CanCrit": "FALSE",
		"DmgCoef": 1,
		"DmgCoefHead": 1,
		"DmgCoefCrit": 1,
		"PowerLevel": 1,
		"BlockPowerLevel": 1,
		"CritPowerLevel": 1,
		"HitStun": 15,
		"BlockHitStun": 10,
		"CritHitStun": 15,
		"ImpactDistanceX": 0,
		"ImpactDistanceY": 2,
		"ImpactDistanceZ": 0,
		"ImpactDecayRate": 0.8,
		"BlockImpactDistanceX": 0,
		"BlockImpactDistanceY": 0,
		"BlockImpactDistanceZ": 0,
		"BlockImpactDecayRate": 0.8,
		"CritImpactDistanceX": 0,
		"CritImpactDistanceY": 2,
		"CritImpactDistanceZ": 0,
		"CritImpactDecayRate": 0.8,
		"StaggerDmgModifier": 0.4,
		"StaggerResistModifier": 2.2,
		"AddDmg": 0,
		"StaminaDmg": 0,
		"ImpactRating": 1,
		"BlockStaminaDmgMod": 0.4,
		"BlockAbsorptionModifier": 1,
		"StunBreakoutIncrement": 1,
		"UseAttackerPosForReaction": false,
		"HitRuneCharge": 0.1625,
		"HitBlockedRuneCharge": 0.325
	},
	{
		"DamageID": "Reaction_Breakout_Attack",
		"WeaponCategory": "GhostMelee",
		"IgnoreInvulnerable": 0,
		"NoReaction": 0,
		"IsRanged": false,
		"SurfaceImpactEffect": "Bullet",
		"AttackType": "Heavy",
		"DamageType": "Nature",
		"CanCrit": "FALSE",
		"DmgCoef": 0.7,
		"DmgCoefHead": 1,
		"DmgCoefCrit": 1,
		"PowerLevel": 1,
		"BlockPowerLevel": 1,
		"CritPowerLevel": 1,
		"HitStun": 15,
		"BlockHitStun": 10,
		"CritHitStun": 15,
		"ImpactDistanceX": 0,
		"ImpactDistanceY": 1.5,
		"ImpactDistanceZ": 0,
		"ImpactDecayRate": 0.8,
		"BlockImpactDistanceX": 0,
		"BlockImpactDistanceY": 0,
		"BlockImpactDistanceZ": 0,
		"BlockImpactDecayRate": 0.8,
		"CritImpactDistanceX": 0,
		"CritImpactDistanceY": 1.5,
		"CritImpactDistanceZ": 0,
		"CritImpactDecayRate": 0.8,
		"StaggerDmgModifier": 0.6,
		"StaggerResistModifier": 10,
		"AddDmg": 0,
		"StaminaDmg": 0,
		"ImpactRating": 1,
		"BlockStaminaDmgMod": 0.6,
		"BlockAbsorptionModifier": 1,
		"StunBreakoutIncrement": 1,
		"UseAttackerPosForReaction": false,
		"HitRuneCharge": 0.1625,
		"HitBlockedRuneCharge": 0.325
	},
	{
		"DamageID": "Attack_Thrust",
		"WeaponCategory": "GhostMelee",
		"IgnoreInvulnerable": 0,
		"NoReaction": 0,
		"IsRanged": false,
		"SurfaceImpactEffect": "Bullet",
		"AttackType": "Magic",
		"DamageType": "Nature",
		"CanCrit": "FALSE",
		"DmgCoef": 1.3,
		"DmgCoefHead": 1,
		"DmgCoefCrit": 0,
		"PowerLevel": 3,
		"BlockPowerLevel": 3,
		"CritPowerLevel": 0,
		"HitStun": 35,
		"BlockHitStun": 30,
		"CritHitStun": 35,
		"ImpactDistanceX": 0,
		"ImpactDistanceY": 1.5,
		"ImpactDistanceZ": 0,
		"ImpactDecayRate": 0.8,
		"BlockImpactDistanceX": 0,
		"BlockImpactDistanceY": 0,
		"BlockImpactDistanceZ": 0,
		"BlockImpactDecayRate": 0.8,
		"CritImpactDistanceX": 0,
		"CritImpactDistanceY": 1.5,
		"CritImpactDistanceZ": 0,
		"CritImpactDecayRate": 0.8,
		"StaggerDmgModifier": 0.35,
		"StaggerResistModifier": 1,
		"AddDmg": 0,
		"StaminaDmg": 0,
		"ImpactRating": 1,
		"BlockStaminaDmgMod": 0.35,
		"BlockAbsorptionModifier": 1,
		"StunBreakoutIncrement": 1,
		"UseAttackerPosForReaction": false,
		"HitRuneCharge": 0.1625,
		"HitBlockedRuneCharge": 0.325
	},
	{
		"DamageID": "Fall",
		"WeaponCategory": "Fall",
		"IgnoreInvulnerable": 1,
		"NoReaction": 1,
		"IsRanged": false,
		"SurfaceImpactEffect": "Bullet",
		"DamageType": "Falling",
		"CanCrit": "FALSE",
		"DmgCoef": 1,
		"DmgCoefHead": 1,
		"DmgCoefCrit": 0,
		"PowerLevel": 2,
		"BlockPowerLevel": 2,
		"CritPowerLevel": 0,
		"HitStun": 0,
		"BlockHitStun": 0,
		"CritHitStun": 0,
		"ImpactDistanceX": 0,
		"ImpactDistanceY": 0,
		"ImpactDistanceZ": 0,
		"ImpactDecayRate": 0,
		"BlockImpactDistanceX": 0,
		"BlockImpactDistanceY": 0,
		"BlockImpactDistanceZ": 0,
		"BlockImpactDecayRate": 0,
		"CritImpactDistanceX": 0,
		"CritImpactDistanceY": 0,
		"CritImpactDistanceZ": 0,
		"CritImpactDecayRate": 0,
		"StaggerDmgModifier": 0,
		"StaggerResistModifier": 0,
		"AddDmg": 0,
		"StaminaDmg": 0,
		"ImpactRating": 0,
		"BlockStaminaDmgMod": 1,
		"BlockAbsorptionModifier": 1,
		"StunBreakoutIncrement": 1,
		"UseAttackerPosForReaction": false,
		"HitRuneCharge": 0.1625,
		"HitBlockedRuneCharge": 0.325
	},
	{
		"DamageID": "Reaction_Breakout",
		"WeaponCategory": "Fall",
		"IgnoreInvulnerable": 1,
		"NoReaction": 1,
		"IsRanged": false,
		"SurfaceImpactEffect": "Bullet",
		"DamageType": "Falling",
		"CanCrit": "FALSE",
		"DmgCoef": 0,
		"DmgCoefHead": 0,
		"DmgCoefCrit": 0,
		"PowerLevel": 0,
		"BlockPowerLevel": 0,
		"CritPowerLevel": 0,
		"HitStun": 0,
		"BlockHitStun": 0,
		"CritHitStun": 0,
		"ImpactDistanceX": 0,
		"ImpactDistanceY": 0,
		"ImpactDistanceZ": 0,
		"ImpactDecayRate": 0,
		"BlockImpactDistanceX": 0,
		"BlockImpactDistanceY": 0,
		"BlockImpactDistanceZ": 0,
		"BlockImpactDecayRate": 0,
		"CritImpactDistanceX": 0,
		"CritImpactDistanceY": 0,
		"CritImpactDistanceZ": 0,
		"CritImpactDecayRate": 0,
		"StaggerDmgModifier": 0,
		"StaggerResistModifier": 10,
		"AddDmg": 0,
		"StaminaDmg": 0,
		"ImpactRating": 1,
		"BlockStaminaDmgMod": 0,
		"BlockAbsorptionModifier": 0,
		"StunBreakoutIncrement": 1,
		"UseAttackerPosForReaction": false,
		"HitRuneCharge": 0.1625,
		"HitBlockedRuneCharge": 0.325
	},
	{
		"DamageID": "Deflect_Default",
		"WeaponCategory": "GhostMelee",
		"IgnoreInvulnerable": 1,
		"NoReaction": 0,
		"IsRanged": false,
		"DamageType": "Standard",
		"CanCrit": "FALSE",
		"DmgCoef": 0,
		"DmgCoefHead": 0,
		"DmgCoefCrit": 0,
		"PowerLevel": 2,
		"BlockPowerLevel": 2,
		"CritPowerLevel": 0,
		"HitStun": 0,
		"BlockHitStun": 0,
		"CritHitStun": 0,
		"ImpactDistanceX": 0,
		"ImpactDistanceY": 1,
		"ImpactDistanceZ": 0,
		"ImpactDecayRate": 0.8,
		"BlockImpactDistanceX": 0,
		"BlockImpactDistanceY": 0,
		"BlockImpactDistanceZ": 0,
		"BlockImpactDecayRate": 0,
		"CritImpactDistanceX": 0,
		"CritImpactDistanceY": 1,
		"CritImpactDistanceZ": 0,
		"CritImpactDecayRate": 0.8,
		"StaggerDmgModifier": 0,
		"StaggerResistModifier": 0,
		"AddDmg": 0,
		"StaminaDmg": 0,
		"ImpactRating": 0,
		"BlockStaminaDmgMod": 1,
		"BlockAbsorptionModifier": 1,
		"StunBreakoutIncrement": 1,
		"UseAttackerPosForReaction": false,
		"HitRuneCharge": 0.1625,
		"HitBlockedRuneCharge": 0.325
	}
]