[
	{
		"DamageID": "Attack_Swipe",
		"WeaponCategory": "Bite_AI",
		"IgnoreInvulnerable": 0,
		"NoReaction": 0,
		"SurfaceImpactEffect": "Bullet",
		"AttackType": "Light",
		"DamageType": "Slash",
		"Affixes": "AI_CorruptionDMG_25",
		"EffectOnlyOnDamage": false,
		"DeflectDamageID": "Deflect_Default",
		"CanCrit": false,
		"DmgCoef": 0.3,
		"DmgCoefHead": 1,
		"DmgCoefCrit": 1,
		"PowerLevel": 0,
		"BlockPowerLevel": 0,
		"CritPowerLevel": 0,
		"HitStun": 10,
		"BlockHitStun": 5,
		"CritHitStun": 10,
		"ImpactDistanceX": 0,
		"ImpactDistanceY": 1.55,
		"ImpactDistanceZ": 0,
		"ImpactDecayRate": 0.8,
		"BlockImpactDistanceX": 0,
		"BlockImpactDistanceY": 0,
		"BlockImpactDistanceZ": 0,
		"BlockImpactDecayRate": 0.8,
		"CritImpactDistanceX": 0,
		"CritImpactDistanceY": 1.55,
		"CritImpactDistanceZ": 0,
		"CritImpactDecayRate": 0.8,
		"AddDmg": 0,
		"StaggerDmgModifier": 0.1,
		"CritStaggerDmgModifier": 0,
		"StaggerResistModifier": 0,
		"TargetCameraShakeID": "Small",
		"CritTargetCameraShakeID": "Small",
		"ImpactRating": 3,
		"BlockStaminaDmgMod": 0.1,
		"BlockAbsorptionModifier": 1,
		"StunBreakoutIncrement": 0,
		"HitRuneCharge": 0.1625,
		"HitBlockedRuneCharge": 0.325
	},
	{
		"DamageID": "Attack_Turn_Swipe",
		"WeaponCategory": "Bite_AI",
		"IgnoreInvulnerable": 0,
		"NoReaction": 0,
		"SurfaceImpactEffect": "Bullet",
		"AttackType": "Light",
		"DamageType": "Slash",
		"Affixes": "AI_CorruptionDMG_25",
		"EffectOnlyOnDamage": false,
		"DeflectDamageID": "Deflect_Default",
		"CanCrit": false,
		"DmgCoef": 0.25,
		"DmgCoefHead": 1,
		"DmgCoefCrit": 1,
		"PowerLevel": 0,
		"BlockPowerLevel": 0,
		"CritPowerLevel": 0,
		"HitStun": 10,
		"BlockHitStun": 5,
		"CritHitStun": 10,
		"ImpactDistanceX": 0,
		"ImpactDistanceY": 0.5,
		"ImpactDistanceZ": 0,
		"ImpactDecayRate": 0.7,
		"BlockImpactDistanceX": 0,
		"BlockImpactDistanceY": 0,
		"BlockImpactDistanceZ": 0,
		"BlockImpactDecayRate": 0.8,
		"CritImpactDistanceX": 0,
		"CritImpactDistanceY": 0.5,
		"CritImpactDistanceZ": 0,
		"CritImpactDecayRate": 0.8,
		"AddDmg": 0,
		"StaggerDmgModifier": 0.1,
		"CritStaggerDmgModifier": 0,
		"StaggerResistModifier": 0,
		"TargetCameraShakeID": "Small",
		"CritTargetCameraShakeID": "Small",
		"ImpactRating": 3,
		"BlockStaminaDmgMod": 0.1,
		"BlockAbsorptionModifier": 1,
		"StunBreakoutIncrement": 0,
		"HitRuneCharge": 0.1625,
		"HitBlockedRuneCharge": 0.325
	},
	{
		"DamageID": "Attack_Left_Right_Combo",
		"WeaponCategory": "Bite_AI",
		"IgnoreInvulnerable": 0,
		"NoReaction": 0,
		"SurfaceImpactEffect": "Bullet",
		"AttackType": "Light",
		"DamageType": "Slash",
		"Affixes": "AI_CorruptionDMG_25",
		"EffectOnlyOnDamage": false,
		"DeflectDamageID": "Deflect_Default",
		"CanCrit": false,
		"DmgCoef": 0.25,
		"DmgCoefHead": 1,
		"DmgCoefCrit": 1,
		"PowerLevel": 0,
		"BlockPowerLevel": 0,
		"CritPowerLevel": 0,
		"HitStun": 20,
		"BlockHitStun": 10,
		"CritHitStun": 20,
		"ImpactDistanceX": 0,
		"ImpactDistanceY": 0.75,
		"ImpactDistanceZ": 0,
		"ImpactDecayRate": 0.8,
		"BlockImpactDistanceX": 0,
		"BlockImpactDistanceY": 0,
		"BlockImpactDistanceZ": 0,
		"BlockImpactDecayRate": 0.8,
		"CritImpactDistanceX": 0,
		"CritImpactDistanceY": 0.75,
		"CritImpactDistanceZ": 0,
		"CritImpactDecayRate": 0.8,
		"AddDmg": 0,
		"StaggerDmgModifier": 0.1,
		"CritStaggerDmgModifier": 0,
		"StaggerResistModifier": 0,
		"TargetCameraShakeID": "Small",
		"CritTargetCameraShakeID": "Small",
		"ImpactRating": 3,
		"BlockStaminaDmgMod": 0.1,
		"BlockAbsorptionModifier": 1,
		"StunBreakoutIncrement": 0,
		"HitRuneCharge": 0.1625,
		"HitBlockedRuneCharge": 0.325
	},
	{
		"DamageID": "Attack_Bite",
		"WeaponCategory": "Bite_AI",
		"IgnoreInvulnerable": 0,
		"NoReaction": 0,
		"SurfaceImpactEffect": "Bullet",
		"AttackType": "Light",
		"DamageType": "Slash",
		"Affixes": "AI_CorruptionDMG_25",
		"EffectOnlyOnDamage": false,
		"DeflectDamageID": "Deflect_Default",
		"CanCrit": false,
		"DmgCoef": 0.8,
		"DmgCoefHead": 1,
		"DmgCoefCrit": 1,
		"PowerLevel": 3,
		"BlockPowerLevel": 3,
		"CritPowerLevel": 3,
		"HitStun": 30,
		"BlockHitStun": 20,
		"CritHitStun": 30,
		"ImpactDistanceX": 0,
		"ImpactDistanceY": 3,
		"ImpactDistanceZ": 0,
		"ImpactDecayRate": 0.8,
		"BlockImpactDistanceX": 0,
		"BlockImpactDistanceY": 0,
		"BlockImpactDistanceZ": 0,
		"BlockImpactDecayRate": 0.8,
		"CritImpactDistanceX": 0,
		"CritImpactDistanceY": 3,
		"CritImpactDistanceZ": 0,
		"CritImpactDecayRate": 0.8,
		"AddDmg": 0,
		"StaggerDmgModifier": 0.4,
		"CritStaggerDmgModifier": 0,
		"StaggerResistModifier": 0,
		"TargetCameraShakeID": "Small",
		"CritTargetCameraShakeID": "Small",
		"ImpactRating": 3,
		"BlockStaminaDmgMod": 0.8,
		"BlockAbsorptionModifier": 1,
		"StunBreakoutIncrement": 1,
		"HitRuneCharge": 0.1625,
		"HitBlockedRuneCharge": 0.325
	},
	{
		"DamageID": "Attack_Leap",
		"WeaponCategory": "Bite_AI",
		"IgnoreInvulnerable": 0,
		"NoReaction": 0,
		"SurfaceImpactEffect": "Bullet",
		"AttackType": "Heavy",
		"DamageType": "Slash",
		"Affixes": "AI_CorruptionDMG_25",
		"EffectOnlyOnDamage": false,
		"DeflectDamageID": "Deflect_Default",
		"CanCrit": false,
		"DmgCoef": 1,
		"DmgCoefHead": 1,
		"DmgCoefCrit": 1,
		"PowerLevel": 3,
		"BlockPowerLevel": 3,
		"CritPowerLevel": 3,
		"HitStun": 30,
		"BlockHitStun": 20,
		"CritHitStun": 30,
		"ImpactDistanceX": 0,
		"ImpactDistanceY": 3,
		"ImpactDistanceZ": 0,
		"ImpactDecayRate": 0.8,
		"BlockImpactDistanceX": 0,
		"BlockImpactDistanceY": 0,
		"BlockImpactDistanceZ": 0,
		"BlockImpactDecayRate": 0.8,
		"CritImpactDistanceX": 0,
		"CritImpactDistanceY": 3,
		"CritImpactDistanceZ": 0,
		"CritImpactDecayRate": 0.8,
		"AddDmg": 0,
		"StaggerDmgModifier": 0.6,
		"CritStaggerDmgModifier": 0,
		"StaggerResistModifier": 1,
		"TargetCameraShakeID": "Small",
		"CritTargetCameraShakeID": "Small",
		"ImpactRating": 3,
		"BlockStaminaDmgMod": 0.9,
		"BlockAbsorptionModifier": 1,
		"StunBreakoutIncrement": 1,
		"HitRuneCharge": 0.1625,
		"HitBlockedRuneCharge": 0.325
	},
	{
		"DamageID": "Attack_Overhead_Slash",
		"WeaponCategory": "Bite_AI",
		"IgnoreInvulnerable": 0,
		"NoReaction": 0,
		"SurfaceImpactEffect": "Bullet",
		"AttackType": "Heavy",
		"DamageType": "Slash",
		"Affixes": "AI_CorruptionDMG_25",
		"StatusEffect": ["AI_Rend"],
		"EffectOnlyOnDamage": true,
		"DeflectDamageID": "Deflect_Default",
		"CanCrit": false,
		"DmgCoef": 1,
		"DmgCoefHead": 1,
		"DmgCoefCrit": 1,
		"PowerLevel": 5,
		"BlockPowerLevel": 4,
		"CritPowerLevel": 4,
		"HitStun": 40,
		"BlockHitStun": 35,
		"CritHitStun": 40,
		"ImpactDistanceX": 0,
		"ImpactDistanceY": 3,
		"ImpactDistanceZ": 0,
		"ImpactDecayRate": 0.8,
		"BlockImpactDistanceX": 0,
		"BlockImpactDistanceY": 0,
		"BlockImpactDistanceZ": 0,
		"BlockImpactDecayRate": 0.8,
		"CritImpactDistanceX": 0,
		"CritImpactDistanceY": 3,
		"CritImpactDistanceZ": 0,
		"CritImpactDecayRate": 0.8,
		"AddDmg": 0,
		"StaggerDmgModifier": 1,
		"CritStaggerDmgModifier": 0,
		"StaggerResistModifier": 1,
		"TargetCameraShakeID": "Small",
		"CritTargetCameraShakeID": "Small",
		"ImpactRating": 3,
		"BlockStaminaDmgMod": 1.8,
		"BlockAbsorptionModifier": 1,
		"StunBreakoutIncrement": 1,
		"HitRuneCharge": 0.1625,
		"HitBlockedRuneCharge": 0.325
	},
	{
		"DamageID": "Spell_Corrupted_Roar",
		"WeaponCategory": "Bite_AI",
		"IgnoreInvulnerable": 0,
		"NoReaction": 0,
		"SurfaceImpactEffect": "Bullet",
		"AttackType": "Heavy",
		"DamageType": "Corruption",
		"StatusEffect": ["AI_Rend"],
		"EffectOnlyOnDamage": true,
		"DeflectDamageID": "Deflect_Default",
		"CanCrit": false,
		"DmgCoef": 0.8,
		"DmgCoefHead": 1,
		"DmgCoefCrit": 1,
		"PowerLevel": 2,
		"BlockPowerLevel": 2,
		"CritPowerLevel": 2,
		"HitStun": 25,
		"BlockHitStun": 20,
		"CritHitStun": 25,
		"ImpactDistanceX": 0,
		"ImpactDistanceY": 2,
		"ImpactDistanceZ": 0,
		"ImpactDecayRate": 0.8,
		"BlockImpactDistanceX": 0,
		"BlockImpactDistanceY": 0,
		"BlockImpactDistanceZ": 0,
		"BlockImpactDecayRate": 0.8,
		"CritImpactDistanceX": 0,
		"CritImpactDistanceY": 2,
		"CritImpactDistanceZ": 0,
		"CritImpactDecayRate": 0.8,
		"AddDmg": 0,
		"StaggerDmgModifier": 1.2,
		"CritStaggerDmgModifier": 0,
		"StaggerResistModifier": 1,
		"TargetCameraShakeID": "Small",
		"CritTargetCameraShakeID": "Small",
		"ImpactRating": 3,
		"BlockStaminaDmgMod": 0.8,
		"BlockAbsorptionModifier": 1,
		"StunBreakoutIncrement": 1,
		"HitRuneCharge": 0.1625,
		"HitBlockedRuneCharge": 0.325
	},
	{
		"DamageID": "Attack_Pounce",
		"WeaponCategory": "Bite_AI",
		"IgnoreInvulnerable": 0,
		"NoReaction": 0,
		"SurfaceImpactEffect": "Bullet",
		"AttackType": "Heavy",
		"DamageType": "Slash",
		"Affixes": "AI_CorruptionDMG_25",
		"StatusEffect": ["AI_Bleed_9"],
		"EffectOnlyOnDamage": true,
		"DeflectDamageID": "Deflect_Default",
		"CanCrit": false,
		"DmgCoef": 0.9,
		"DmgCoefHead": 1,
		"DmgCoefCrit": 0,
		"PowerLevel": 4,
		"BlockPowerLevel": 4,
		"CritPowerLevel": 4,
		"HitStun": 40,
		"BlockHitStun": 30,
		"CritHitStun": 40,
		"ImpactDistanceX": 0,
		"ImpactDistanceY": 3,
		"ImpactDistanceZ": 0,
		"ImpactDecayRate": 0.8,
		"BlockImpactDistanceX": 0,
		"BlockImpactDistanceY": 0,
		"BlockImpactDistanceZ": 0,
		"BlockImpactDecayRate": 0.8,
		"CritImpactDistanceX": 0,
		"CritImpactDistanceY": 3,
		"CritImpactDistanceZ": 0,
		"CritImpactDecayRate": 0.8,
		"AddDmg": 0,
		"StaggerDmgModifier": 0.6,
		"CritStaggerDmgModifier": 0,
		"StaggerResistModifier": 1,
		"TargetCameraShakeID": "Small",
		"CritTargetCameraShakeID": "Small",
		"ImpactRating": 3,
		"BlockStaminaDmgMod": 0.9,
		"BlockAbsorptionModifier": 1,
		"StunBreakoutIncrement": 1,
		"HitRuneCharge": 0.1625,
		"HitBlockedRuneCharge": 0.325
	},
	{
		"DamageID": "Fall",
		"WeaponCategory": "Fall",
		"IgnoreInvulnerable": 1,
		"NoReaction": 1,
		"SurfaceImpactEffect": "Bullet",
		"DamageType": "Falling",
		"EffectOnlyOnDamage": false,
		"CanCrit": false,
		"DmgCoef": 1,
		"DmgCoefHead": 0,
		"DmgCoefCrit": 2,
		"PowerLevel": 2,
		"BlockPowerLevel": 0,
		"CritPowerLevel": 0,
		"HitStun": 0,
		"BlockHitStun": 0,
		"CritHitStun": 0,
		"ImpactDistanceX": 0,
		"ImpactDistanceY": 0,
		"ImpactDistanceZ": 0,
		"ImpactDecayRate": 0,
		"BlockImpactDistanceX": 0,
		"BlockImpactDistanceY": 0,
		"BlockImpactDistanceZ": 0,
		"BlockImpactDecayRate": 0,
		"CritImpactDistanceX": 0,
		"CritImpactDistanceY": 0,
		"CritImpactDistanceZ": 0,
		"CritImpactDecayRate": 0,
		"AddDmg": 0,
		"StaggerDmgModifier": 0,
		"CritStaggerDmgModifier": 0,
		"StaggerResistModifier": 0,
		"TargetCameraShakeID": "Small",
		"CritTargetCameraShakeID": "Small",
		"ImpactRating": 0,
		"BlockStaminaDmgMod": 1,
		"BlockAbsorptionModifier": 1,
		"StunBreakoutIncrement": 1,
		"HitRuneCharge": 0.1625,
		"HitBlockedRuneCharge": 0.325
	},
	{
		"DamageID": "Reaction_Breakout",
		"WeaponCategory": "Fall",
		"IgnoreInvulnerable": 1,
		"NoReaction": 1,
		"SurfaceImpactEffect": "Bullet",
		"DamageType": "Falling",
		"EffectOnlyOnDamage": false,
		"CanCrit": false,
		"DmgCoef": 0,
		"DmgCoefHead": 0,
		"DmgCoefCrit": 0,
		"PowerLevel": 0,
		"BlockPowerLevel": 0,
		"CritPowerLevel": 0,
		"HitStun": 0,
		"BlockHitStun": 0,
		"CritHitStun": 0,
		"ImpactDistanceX": 0,
		"ImpactDistanceY": 0,
		"ImpactDistanceZ": 0,
		"ImpactDecayRate": 0,
		"BlockImpactDistanceX": 0,
		"BlockImpactDistanceY": 0,
		"BlockImpactDistanceZ": 0,
		"BlockImpactDecayRate": 0,
		"CritImpactDistanceX": 0,
		"CritImpactDistanceY": 0,
		"CritImpactDistanceZ": 0,
		"CritImpactDecayRate": 0,
		"AddDmg": 0,
		"StaggerDmgModifier": 0,
		"CritStaggerDmgModifier": 0,
		"StaggerResistModifier": 10,
		"TargetCameraShakeID": "Small",
		"CritTargetCameraShakeID": "Small",
		"ImpactRating": 1,
		"BlockStaminaDmgMod": 0,
		"BlockAbsorptionModifier": 0,
		"StunBreakoutIncrement": 1,
		"HitRuneCharge": 0.1625,
		"HitBlockedRuneCharge": 0.325
	}
]