[
	{
		"DamageID": "Attack_Swipe",
		"WeaponCategory": "Bite_AI",
		"IgnoreInvulnerable": 0,
		"NoReaction": 0,
		"SurfaceImpactEffect": "Bullet",
		"AttackType": "Light",
		"DamageType": "Slash",
		"EffectOnlyOnDamage": false,
		"DeflectDamageID": "Deflect_Default",
		"DmgCoef": 0.3,
		"DmgCoefHead": 1,
		"DmgCoefCrit": 1,
		"PowerLevel": 0,
		"BlockPowerLevel": 0,
		"CritPowerLevel": 0,
		"HitStun": 10,
		"BlockHitStun": 10,
		"CritHitStun": 10,
		"ImpactDistanceX": 0,
		"ImpactDistanceY": 0.7,
		"ImpactDistanceZ": 0,
		"ImpactDecayRate": 0.8,
		"BlockImpactDistanceX": 0,
		"BlockImpactDistanceY": 0,
		"BlockImpactDistanceZ": 0,
		"BlockImpactDecayRate": 0.8,
		"CritImpactDistanceX": 0,
		"CritImpactDistanceY": 0.7,
		"CritImpactDistanceZ": 0,
		"CritImpactDecayRate": 0.8,
		"AddDmg": 0,
		"StaggerDmgModifier": "0.1",
		"CritStaggerDmgModifier": 0,
		"StaggerResistModifier": 0,
		"TargetCameraShakeID": "Small",
		"ImpactRating": 3,
		"BlockStaminaDmgMod": 0.2,
		"BlockAbsorptionModifier": 1,
		"StunBreakoutIncrement": 0,
		"HitRuneCharge": 0.1625,
		"HitBlockedRuneCharge": 0.325
	},
	{
		"DamageID": "Attack_Turn_Swipe",
		"WeaponCategory": "Bite_AI",
		"IgnoreInvulnerable": 0,
		"NoReaction": 0,
		"SurfaceImpactEffect": "Bullet",
		"AttackType": "Light",
		"DamageType": "Slash",
		"EffectOnlyOnDamage": false,
		"DeflectDamageID": "Deflect_Default",
		"DmgCoef": 0.2,
		"DmgCoefHead": 1,
		"DmgCoefCrit": 1,
		"PowerLevel": 0,
		"BlockPowerLevel": 0,
		"CritPowerLevel": 0,
		"HitStun": 10,
		"BlockHitStun": 10,
		"CritHitStun": 10,
		"ImpactDistanceX": 0,
		"ImpactDistanceY": 0.5,
		"ImpactDistanceZ": 0,
		"ImpactDecayRate": 0.8,
		"BlockImpactDistanceX": 0,
		"BlockImpactDistanceY": 0,
		"BlockImpactDistanceZ": 0,
		"BlockImpactDecayRate": 0.8,
		"CritImpactDistanceX": 0,
		"CritImpactDistanceY": 0.5,
		"CritImpactDistanceZ": 0,
		"CritImpactDecayRate": 0.8,
		"AddDmg": 0,
		"StaggerDmgModifier": "0.1",
		"CritStaggerDmgModifier": 0,
		"StaggerResistModifier": 0,
		"TargetCameraShakeID": "Small",
		"ImpactRating": 3,
		"BlockStaminaDmgMod": 0.2,
		"BlockAbsorptionModifier": 1,
		"StunBreakoutIncrement": 0,
		"HitRuneCharge": 0.1625,
		"HitBlockedRuneCharge": 0.325
	},
	{
		"DamageID": "Attack_Left_Right_Combo",
		"WeaponCategory": "Bite_AI",
		"IgnoreInvulnerable": 0,
		"NoReaction": 0,
		"SurfaceImpactEffect": "Bullet",
		"AttackType": "Light",
		"DamageType": "Slash",
		"EffectOnlyOnDamage": false,
		"DeflectDamageID": "Deflect_Default",
		"DmgCoef": 0.2,
		"DmgCoefHead": 1,
		"DmgCoefCrit": 1,
		"PowerLevel": 0,
		"BlockPowerLevel": 0,
		"CritPowerLevel": 0,
		"HitStun": 10,
		"BlockHitStun": 10,
		"CritHitStun": 10,
		"ImpactDistanceX": 0,
		"ImpactDistanceY": 0.5,
		"ImpactDistanceZ": 0,
		"ImpactDecayRate": 0.8,
		"BlockImpactDistanceX": 0,
		"BlockImpactDistanceY": 0,
		"BlockImpactDistanceZ": 0,
		"BlockImpactDecayRate": 0.8,
		"CritImpactDistanceX": 0,
		"CritImpactDistanceY": 0.5,
		"CritImpactDistanceZ": 0,
		"CritImpactDecayRate": 0.8,
		"AddDmg": 0,
		"StaggerDmgModifier": "0.1",
		"CritStaggerDmgModifier": 0,
		"StaggerResistModifier": 0,
		"TargetCameraShakeID": "Small",
		"ImpactRating": 3,
		"BlockStaminaDmgMod": 0.2,
		"BlockAbsorptionModifier": 1,
		"StunBreakoutIncrement": 0,
		"HitRuneCharge": 0.1625,
		"HitBlockedRuneCharge": 0.325
	},
	{
		"DamageID": "Attack_Bite",
		"WeaponCategory": "Bite_AI",
		"IgnoreInvulnerable": 0,
		"NoReaction": 0,
		"SurfaceImpactEffect": "Bullet",
		"AttackType": "Light",
		"DamageType": "Slash",
		"EffectOnlyOnDamage": false,
		"DeflectDamageID": "Deflect_Default",
		"DmgCoef": 0.8,
		"DmgCoefHead": 1,
		"DmgCoefCrit": 1,
		"PowerLevel": 3,
		"BlockPowerLevel": 3,
		"CritPowerLevel": 3,
		"HitStun": 30,
		"BlockHitStun": 20,
		"CritHitStun": 30,
		"ImpactDistanceX": 0,
		"ImpactDistanceY": 2,
		"ImpactDistanceZ": 0,
		"ImpactDecayRate": 0.8,
		"BlockImpactDistanceX": 0,
		"BlockImpactDistanceY": 0,
		"BlockImpactDistanceZ": 0,
		"BlockImpactDecayRate": 0.8,
		"CritImpactDistanceX": 0,
		"CritImpactDistanceY": 2,
		"CritImpactDistanceZ": 0,
		"CritImpactDecayRate": 0.8,
		"AddDmg": 0,
		"StaggerDmgModifier": "0.0.5",
		"CritStaggerDmgModifier": 0,
		"StaggerResistModifier": 0,
		"TargetCameraShakeID": "Small",
		"ImpactRating": 3,
		"BlockStaminaDmgMod": 0.7,
		"BlockAbsorptionModifier": 1,
		"StunBreakoutIncrement": 1,
		"HitRuneCharge": 0.1625,
		"HitBlockedRuneCharge": 0.325
	},
	{
		"DamageID": "Attack_Leap",
		"WeaponCategory": "Bite_AI",
		"IgnoreInvulnerable": 0,
		"NoReaction": 0,
		"SurfaceImpactEffect": "Bullet",
		"AttackType": "Heavy",
		"DamageType": "Slash",
		"StatusEffect": ["AI_Bleed_9"],
		"EffectOnlyOnDamage": true,
		"DeflectDamageID": "Deflect_Default",
		"DmgCoef": 0.65,
		"DmgCoefHead": 1,
		"DmgCoefCrit": 1,
		"PowerLevel": 3,
		"BlockPowerLevel": 3,
		"CritPowerLevel": 3,
		"HitStun": 30,
		"BlockHitStun": 20,
		"CritHitStun": 30,
		"ImpactDistanceX": 0,
		"ImpactDistanceY": 2,
		"ImpactDistanceZ": 0,
		"ImpactDecayRate": 0.8,
		"BlockImpactDistanceX": 0,
		"BlockImpactDistanceY": 0,
		"BlockImpactDistanceZ": 0,
		"BlockImpactDecayRate": 0.8,
		"CritImpactDistanceX": 0,
		"CritImpactDistanceY": 2,
		"CritImpactDistanceZ": 0,
		"CritImpactDecayRate": 0.8,
		"AddDmg": 0,
		"StaggerDmgModifier": "0.5",
		"CritStaggerDmgModifier": 0,
		"StaggerResistModifier": 1,
		"TargetCameraShakeID": "Small",
		"ImpactRating": 3,
		"BlockStaminaDmgMod": 0.8,
		"BlockAbsorptionModifier": 1,
		"StunBreakoutIncrement": 1,
		"HitRuneCharge": 0.1625,
		"HitBlockedRuneCharge": 0.325
	},
	{
		"DamageID": "Attack_Bite_Tear_1",
		"WeaponCategory": "Bite_AI",
		"IgnoreInvulnerable": 0,
		"NoReaction": 0,
		"SurfaceImpactEffect": "Bullet",
		"AttackType": "Heavy",
		"DamageType": "Slash",
		"StatusEffect": ["AI_Bleed_9"],
		"EffectOnlyOnDamage": true,
		"DeflectDamageID": "Deflect_Default",
		"DmgCoef": 0.25,
		"DmgCoefHead": 1,
		"DmgCoefCrit": 1,
		"PowerLevel": 0,
		"BlockPowerLevel": 0,
		"CritPowerLevel": 0,
		"HitStun": 15,
		"BlockHitStun": 10,
		"CritHitStun": 15,
		"ImpactDistanceX": 0,
		"ImpactDistanceY": 3,
		"ImpactDistanceZ": 0,
		"ImpactDecayRate": 0.8,
		"BlockImpactDistanceX": 0,
		"BlockImpactDistanceY": 0,
		"BlockImpactDistanceZ": 0,
		"BlockImpactDecayRate": 0.8,
		"CritImpactDistanceX": 0,
		"CritImpactDistanceY": 2.75,
		"CritImpactDistanceZ": 0,
		"CritImpactDecayRate": 0.8,
		"AddDmg": 0,
		"StaggerDmgModifier": "1.2",
		"CritStaggerDmgModifier": 0,
		"StaggerResistModifier": 1,
		"TargetCameraShakeID": "Small",
		"ImpactRating": 3,
		"BlockStaminaDmgMod": 0.7,
		"BlockAbsorptionModifier": 1,
		"StunBreakoutIncrement": 0.5,
		"HitRuneCharge": 0.1625,
		"HitBlockedRuneCharge": 0.325
	},
	{
		"DamageID": "Attack_Bite_Tear_2",
		"WeaponCategory": "Bite_AI",
		"IgnoreInvulnerable": 0,
		"NoReaction": 0,
		"SurfaceImpactEffect": "Bullet",
		"AttackType": "Heavy",
		"DamageType": "Slash",
		"StatusEffect": ["AI_Bleed_9"],
		"EffectOnlyOnDamage": true,
		"DeflectDamageID": "Deflect_Default",
		"DmgCoef": 0.3,
		"DmgCoefHead": 1,
		"DmgCoefCrit": 1,
		"PowerLevel": 0,
		"BlockPowerLevel": 0,
		"CritPowerLevel": 0,
		"HitStun": 40,
		"BlockHitStun": 30,
		"CritHitStun": 40,
		"ImpactDistanceX": -3,
		"ImpactDistanceY": 1.5,
		"ImpactDistanceZ": 0,
		"ImpactDecayRate": 0.8,
		"BlockImpactDistanceX": 0,
		"BlockImpactDistanceY": 0,
		"BlockImpactDistanceZ": 0,
		"BlockImpactDecayRate": 0.8,
		"CritImpactDistanceX": -3,
		"CritImpactDistanceY": 1.5,
		"CritImpactDistanceZ": 0,
		"CritImpactDecayRate": 0.8,
		"AddDmg": 0,
		"StaggerDmgModifier": "1.2",
		"CritStaggerDmgModifier": 0,
		"StaggerResistModifier": 1,
		"TargetCameraShakeID": "Small",
		"ImpactRating": 3,
		"BlockStaminaDmgMod": 0.7,
		"BlockAbsorptionModifier": 1,
		"StunBreakoutIncrement": 0.5,
		"HitRuneCharge": 0.1625,
		"HitBlockedRuneCharge": 0.325
	},
	{
		"DamageID": "Fall",
		"WeaponCategory": "Fall",
		"IgnoreInvulnerable": 1,
		"NoReaction": 1,
		"SurfaceImpactEffect": "Bullet",
		"DamageType": "Falling",
		"EffectOnlyOnDamage": false,
		"DmgCoef": 1,
		"DmgCoefHead": 0,
		"DmgCoefCrit": 0,
		"PowerLevel": 2,
		"BlockPowerLevel": 2,
		"CritPowerLevel": 2,
		"HitStun": 0,
		"BlockHitStun": 0,
		"CritHitStun": 0,
		"ImpactDistanceX": 0,
		"ImpactDistanceY": 0,
		"ImpactDistanceZ": 0,
		"ImpactDecayRate": 0,
		"BlockImpactDistanceX": 0,
		"BlockImpactDistanceY": 0,
		"BlockImpactDistanceZ": 0,
		"BlockImpactDecayRate": 0,
		"CritImpactDistanceX": 0,
		"CritImpactDistanceY": 0,
		"CritImpactDistanceZ": 0,
		"CritImpactDecayRate": 0,
		"AddDmg": 0,
		"StaggerDmgModifier": "0",
		"CritStaggerDmgModifier": 0,
		"StaggerResistModifier": 0,
		"TargetCameraShakeID": "Small",
		"ImpactRating": 0,
		"BlockStaminaDmgMod": 1,
		"BlockAbsorptionModifier": 1,
		"StunBreakoutIncrement": 1,
		"HitRuneCharge": 0.1625,
		"HitBlockedRuneCharge": 0.325
	},
	{
		"DamageID": "Reaction_Breakout",
		"WeaponCategory": "Fall",
		"IgnoreInvulnerable": 1,
		"NoReaction": 1,
		"SurfaceImpactEffect": "Bullet",
		"DamageType": "Falling",
		"EffectOnlyOnDamage": false,
		"DmgCoef": 0,
		"DmgCoefHead": 0,
		"DmgCoefCrit": 0,
		"PowerLevel": 0,
		"BlockPowerLevel": 0,
		"CritPowerLevel": 0,
		"HitStun": 0,
		"BlockHitStun": 0,
		"CritHitStun": 0,
		"ImpactDistanceX": 0,
		"ImpactDistanceY": 0,
		"ImpactDistanceZ": 0,
		"ImpactDecayRate": 0,
		"BlockImpactDistanceX": 0,
		"BlockImpactDistanceY": 0,
		"BlockImpactDistanceZ": 0,
		"BlockImpactDecayRate": 0,
		"CritImpactDistanceX": 0,
		"CritImpactDistanceY": 0,
		"CritImpactDistanceZ": 0,
		"CritImpactDecayRate": 0,
		"AddDmg": 0,
		"StaggerDmgModifier": "0",
		"CritStaggerDmgModifier": 0,
		"StaggerResistModifier": 10,
		"TargetCameraShakeID": "Small",
		"ImpactRating": 1,
		"BlockStaminaDmgMod": 0,
		"BlockAbsorptionModifier": 0,
		"StunBreakoutIncrement": 1,
		"HitRuneCharge": 0.1625,
		"HitBlockedRuneCharge": 0.325
	}
]