[
	{
		"DamageID": "Javelineer_Stab",
		"WeaponCategory": "Sword",
		"IgnoreInvulnerable": 0,
		"NoReaction": 0,
		"SurfaceImpactEffect": "Bullet",
		"AttackType": "Light",
		"DamageType": "Thrust",
		"CanCrit": false,
		"DmgCoef": 0.42,
		"DmgCoefHead": 1,
		"PowerLevel": 0,
		"BlockPowerLevel": 0,
		"CritPowerLevel": 0,
		"HitStun": 12,
		"BlockHitStun": 18,
		"CritHitStun": 12,
		"ImpactDistanceX": 0,
		"ImpactDistanceY": 1.2,
		"ImpactDistanceZ": 0,
		"ImpactDecayRate": 0.78,
		"BlockImpactDistanceX": 0,
		"BlockImpactDistanceY": 0,
		"BlockImpactDistanceZ": 0,
		"BlockImpactDecayRate": 0.77,
		"CritImpactDistanceX": 0,
		"CritImpactDistanceY": 1.2,
		"CritImpactDistanceZ": 0,
		"CritImpactDecayRate": 0.78,
		"AddDmg": 0,
		"StaggerDmgModifier": 1,
		"StaggerResistModifier": 1,
		"TargetCameraShakeID": "Small",
		"CritTargetCameraShakeID": "Small",
		"ImpactRating": 0,
		"BlockStaminaDmgMod": 0.32,
		"BlockAbsorptionModifier": 1,
		"StunBreakoutIncrement": 0,
		"StaminaDmg": 0,
		"HitRuneCharge": 0.1625,
		"HitBlockedRuneCharge": 0.325
	},
	{
		"DamageID": "Javelineer_HeavyStab",
		"WeaponCategory": "Sword",
		"IgnoreInvulnerable": 0,
		"NoReaction": 0,
		"SurfaceImpactEffect": "Bullet",
		"AttackType": "Heavy",
		"DamageType": "Thrust",
		"CanCrit": false,
		"DmgCoef": 0.5,
		"DmgCoefHead": 1,
		"PowerLevel": 0,
		"BlockPowerLevel": 0,
		"CritPowerLevel": 0,
		"HitStun": 16,
		"BlockHitStun": 16,
		"CritHitStun": 16,
		"ImpactDistanceX": 0,
		"ImpactDistanceY": 1.35,
		"ImpactDistanceZ": 0,
		"ImpactDecayRate": 0.79,
		"BlockImpactDistanceX": 0,
		"BlockImpactDistanceY": 0,
		"BlockImpactDistanceZ": 0,
		"BlockImpactDecayRate": 0.78,
		"CritImpactDistanceX": 0,
		"CritImpactDistanceY": 1.35,
		"CritImpactDistanceZ": 0,
		"CritImpactDecayRate": 0.79,
		"AddDmg": 0,
		"StaggerDmgModifier": 1,
		"StaggerResistModifier": 1,
		"TargetCameraShakeID": "Small",
		"CritTargetCameraShakeID": "Small",
		"ImpactRating": 0,
		"BlockStaminaDmgMod": 0.45,
		"BlockAbsorptionModifier": 1,
		"StunBreakoutIncrement": 0,
		"StaminaDmg": 0,
		"HitRuneCharge": 0.1625,
		"HitBlockedRuneCharge": 0.325
	},
	{
		"DamageID": "Javelineer_Flurry",
		"WeaponCategory": "Sword",
		"IgnoreInvulnerable": 0,
		"NoReaction": 0,
		"SurfaceImpactEffect": "Bullet",
		"AttackType": "Light",
		"DamageType": "Thrust",
		"CanCrit": false,
		"DmgCoef": 0.31,
		"DmgCoefHead": 1,
		"PowerLevel": 0,
		"BlockPowerLevel": 0,
		"CritPowerLevel": 0,
		"HitStun": 20,
		"BlockHitStun": 12,
		"CritHitStun": 20,
		"ImpactDistanceX": 0,
		"ImpactDistanceY": 1,
		"ImpactDistanceZ": 0,
		"ImpactDecayRate": 0.78,
		"BlockImpactDistanceX": 0,
		"BlockImpactDistanceY": 0,
		"BlockImpactDistanceZ": 0,
		"BlockImpactDecayRate": 0.77,
		"CritImpactDistanceX": 0,
		"CritImpactDistanceY": 1,
		"CritImpactDistanceZ": 0,
		"CritImpactDecayRate": 0.78,
		"AddDmg": 0,
		"StaggerDmgModifier": 1,
		"StaggerResistModifier": 1,
		"TargetCameraShakeID": "Small",
		"CritTargetCameraShakeID": "Small",
		"ImpactRating": 0,
		"BlockStaminaDmgMod": 0.24,
		"BlockAbsorptionModifier": 1,
		"StunBreakoutIncrement": 0,
		"StaminaDmg": 0,
		"HitRuneCharge": 0.1625,
		"HitBlockedRuneCharge": 0.325
	},
	{
		"DamageID": "Javelineer_Lunge",
		"WeaponCategory": "Sword",
		"IgnoreInvulnerable": 0,
		"NoReaction": 0,
		"SurfaceImpactEffect": "Bullet",
		"AttackType": "Heavy",
		"DamageType": "Thrust",
		"CanCrit": false,
		"DmgCoef": 1,
		"DmgCoefHead": 1,
		"PowerLevel": 2,
		"BlockPowerLevel": 1,
		"CritPowerLevel": 2,
		"HitStun": 21,
		"BlockHitStun": 14,
		"CritHitStun": 21,
		"ImpactDistanceX": 0,
		"ImpactDistanceY": 1.9,
		"ImpactDistanceZ": 0,
		"ImpactDecayRate": 0.8,
		"BlockImpactDistanceX": 0,
		"BlockImpactDistanceY": 0,
		"BlockImpactDistanceZ": 0,
		"BlockImpactDecayRate": 0.8,
		"CritImpactDistanceX": 0,
		"CritImpactDistanceY": 1.9,
		"CritImpactDistanceZ": 0,
		"CritImpactDecayRate": 0.8,
		"AddDmg": 0,
		"StaggerDmgModifier": 1,
		"StaggerResistModifier": 1,
		"TargetCameraShakeID": "Small",
		"CritTargetCameraShakeID": "Small",
		"ImpactRating": 0,
		"BlockStaminaDmgMod": 1.1,
		"BlockAbsorptionModifier": 1,
		"StunBreakoutIncrement": 0.5,
		"StaminaDmg": 0,
		"HitRuneCharge": 0.1625,
		"HitBlockedRuneCharge": 0.325
	},
	{
		"DamageID": "Javelineer_Lunge_Knockback",
		"WeaponCategory": "Sword",
		"IgnoreInvulnerable": 0,
		"NoReaction": 0,
		"SurfaceImpactEffect": "Bullet",
		"AttackType": "Heavy",
		"DamageType": "Thrust",
		"CanCrit": false,
		"DmgCoef": 0,
		"DmgCoefHead": 1,
		"PowerLevel": 2,
		"BlockPowerLevel": 1,
		"CritPowerLevel": 2,
		"HitStun": 24,
		"BlockHitStun": 18,
		"CritHitStun": 24,
		"ImpactDistanceX": 0,
		"ImpactDistanceY": 2.35,
		"ImpactDistanceZ": 0,
		"ImpactDecayRate": 0.82,
		"BlockImpactDistanceX": 0,
		"BlockImpactDistanceY": 0,
		"BlockImpactDistanceZ": 0,
		"BlockImpactDecayRate": 0.82,
		"CritImpactDistanceX": 0,
		"CritImpactDistanceY": 2.35,
		"CritImpactDistanceZ": 0,
		"CritImpactDecayRate": 0.82,
		"AddDmg": 0,
		"StaggerDmgModifier": 1,
		"StaggerResistModifier": 1,
		"TargetCameraShakeID": "Small",
		"CritTargetCameraShakeID": "Small",
		"ImpactRating": 0,
		"BlockStaminaDmgMod": 0.2,
		"BlockAbsorptionModifier": 1,
		"StunBreakoutIncrement": 0.5,
		"StaminaDmg": 0,
		"HitRuneCharge": 0.1625,
		"HitBlockedRuneCharge": 0.325
	},
	{
		"DamageID": "Javelineer_Slash",
		"WeaponCategory": "Sword",
		"IgnoreInvulnerable": 0,
		"NoReaction": 0,
		"SurfaceImpactEffect": "Bullet",
		"AttackType": "Heavy",
		"DamageType": "Slash",
		"CanCrit": false,
		"DmgCoef": 0.61,
		"DmgCoefHead": 1,
		"PowerLevel": 2,
		"BlockPowerLevel": 2,
		"CritPowerLevel": 2,
		"HitStun": 18,
		"BlockHitStun": 18,
		"CritHitStun": 18,
		"ImpactDistanceX": 0,
		"ImpactDistanceY": 1.4,
		"ImpactDistanceZ": 0,
		"ImpactDecayRate": 0.78,
		"BlockImpactDistanceX": 0,
		"BlockImpactDistanceY": 0,
		"BlockImpactDistanceZ": 0,
		"BlockImpactDecayRate": 0.79,
		"CritImpactDistanceX": 0,
		"CritImpactDistanceY": 1.4,
		"CritImpactDistanceZ": 0,
		"CritImpactDecayRate": 0.78,
		"AddDmg": 0,
		"StaggerDmgModifier": 1,
		"StaggerResistModifier": 1,
		"TargetCameraShakeID": "Small",
		"CritTargetCameraShakeID": "Small",
		"ImpactRating": 0,
		"BlockStaminaDmgMod": 0.54,
		"BlockAbsorptionModifier": 1,
		"StunBreakoutIncrement": 0,
		"StaminaDmg": 0,
		"HitRuneCharge": 0.1625,
		"HitBlockedRuneCharge": 0.325
	},
	{
		"DamageID": "Javelineer_Slash_Light",
		"WeaponCategory": "Sword",
		"IgnoreInvulnerable": 0,
		"NoReaction": 0,
		"SurfaceImpactEffect": "Bullet",
		"AttackType": "Light",
		"DamageType": "Slash",
		"CanCrit": false,
		"DmgCoef": 0.38,
		"DmgCoefHead": 1,
		"PowerLevel": 0,
		"BlockPowerLevel": 0,
		"CritPowerLevel": 0,
		"HitStun": 12,
		"BlockHitStun": 15,
		"CritHitStun": 12,
		"ImpactDistanceX": 0,
		"ImpactDistanceY": 0.95,
		"ImpactDistanceZ": 0,
		"ImpactDecayRate": 0.76,
		"BlockImpactDistanceX": 0,
		"BlockImpactDistanceY": 0,
		"BlockImpactDistanceZ": 0,
		"BlockImpactDecayRate": 0.76,
		"CritImpactDistanceX": 0,
		"CritImpactDistanceY": 0.95,
		"CritImpactDistanceZ": 0,
		"CritImpactDecayRate": 0.76,
		"AddDmg": 0,
		"StaggerDmgModifier": 1,
		"StaggerResistModifier": 1,
		"TargetCameraShakeID": "Small",
		"CritTargetCameraShakeID": "Small",
		"ImpactRating": 0,
		"BlockStaminaDmgMod": 0.4,
		"BlockAbsorptionModifier": 1,
		"StunBreakoutIncrement": 0,
		"StaminaDmg": 0,
		"HitRuneCharge": 0.1625,
		"HitBlockedRuneCharge": 0.325
	},
	{
		"DamageID": "Javelineer_Slash_Heavy",
		"WeaponCategory": "Sword",
		"IgnoreInvulnerable": 0,
		"NoReaction": 0,
		"SurfaceImpactEffect": "Bullet",
		"AttackType": "Heavy",
		"DamageType": "Slash",
		"CanCrit": false,
		"DmgCoef": 0.8,
		"DmgCoefHead": 1,
		"PowerLevel": 2,
		"BlockPowerLevel": 2,
		"CritPowerLevel": 2,
		"HitStun": 18,
		"BlockHitStun": 18,
		"CritHitStun": 18,
		"ImpactDistanceX": 0,
		"ImpactDistanceY": 1.55,
		"ImpactDistanceZ": 0,
		"ImpactDecayRate": 0.78,
		"BlockImpactDistanceX": 0,
		"BlockImpactDistanceY": 0,
		"BlockImpactDistanceZ": 0,
		"BlockImpactDecayRate": 0.78,
		"CritImpactDistanceX": 0,
		"CritImpactDistanceY": 1.55,
		"CritImpactDistanceZ": 0,
		"CritImpactDecayRate": 0.78,
		"AddDmg": 0,
		"StaggerDmgModifier": 1,
		"StaggerResistModifier": 1,
		"TargetCameraShakeID": "Small",
		"CritTargetCameraShakeID": "Small",
		"ImpactRating": 0,
		"BlockStaminaDmgMod": 0.95,
		"BlockAbsorptionModifier": 1,
		"StunBreakoutIncrement": 1,
		"StaminaDmg": 0,
		"HitRuneCharge": 0.1625,
		"HitBlockedRuneCharge": 0.325
	},
	{
		"DamageID": "Fall",
		"WeaponCategory": "Fall",
		"IgnoreInvulnerable": 1,
		"NoReaction": 1,
		"SurfaceImpactEffect": "Bullet",
		"DamageType": "Falling",
		"CanCrit": false,
		"DmgCoef": 1,
		"DmgCoefHead": 1,
		"PowerLevel": 2,
		"BlockPowerLevel": 2,
		"CritPowerLevel": 2,
		"HitStun": 0,
		"BlockHitStun": 0,
		"CritHitStun": 0,
		"ImpactDistanceX": 0,
		"ImpactDistanceY": 0,
		"ImpactDistanceZ": 0,
		"ImpactDecayRate": 0,
		"BlockImpactDistanceX": 0,
		"BlockImpactDistanceY": 0,
		"BlockImpactDistanceZ": 0,
		"BlockImpactDecayRate": 0,
		"CritImpactDistanceX": 0,
		"CritImpactDistanceY": 0,
		"CritImpactDistanceZ": 0,
		"CritImpactDecayRate": 0,
		"AddDmg": 0,
		"StaggerDmgModifier": 0,
		"StaggerResistModifier": 0,
		"ImpactRating": 0,
		"BlockStaminaDmgMod": 0,
		"BlockAbsorptionModifier": 1,
		"StunBreakoutIncrement": 0,
		"StaminaDmg": 0,
		"HitRuneCharge": 0.1625,
		"HitBlockedRuneCharge": 0.325
	},
	{
		"DamageID": "Reaction_Breakout",
		"WeaponCategory": "Fall",
		"IgnoreInvulnerable": 1,
		"NoReaction": 1,
		"SurfaceImpactEffect": "Bullet",
		"DamageType": "Falling",
		"CanCrit": false,
		"DmgCoef": 0,
		"DmgCoefHead": 0,
		"PowerLevel": 0,
		"BlockPowerLevel": 0,
		"CritPowerLevel": 0,
		"HitStun": 0,
		"BlockHitStun": 0,
		"CritHitStun": 0,
		"ImpactDistanceX": 0,
		"ImpactDistanceY": 0,
		"ImpactDistanceZ": 0,
		"ImpactDecayRate": 0,
		"BlockImpactDistanceX": 0,
		"BlockImpactDistanceY": 0,
		"BlockImpactDistanceZ": 0,
		"BlockImpactDecayRate": 0,
		"CritImpactDistanceX": 0,
		"CritImpactDistanceY": 0,
		"CritImpactDistanceZ": 0,
		"CritImpactDecayRate": 0,
		"AddDmg": 0,
		"StaggerDmgModifier": 0,
		"StaggerResistModifier": 10,
		"TargetCameraShakeID": "Small",
		"CritTargetCameraShakeID": "Small",
		"ImpactRating": 1,
		"BlockStaminaDmgMod": 0,
		"BlockAbsorptionModifier": 1,
		"StunBreakoutIncrement": 1,
		"StaminaDmg": 1,
		"HitRuneCharge": 0.1625,
		"HitBlockedRuneCharge": 0.325
	}
]