[
	{
		"DamageID": "Undead_Hunter_Bow_Normal",
		"WeaponCategory": "Bow",
		"IgnoreInvulnerable": 0,
		"NoReaction": 0,
		"IsRanged": true,
		"SurfaceImpactEffect": "Bullet",
		"AttackType": "Light",
		"DamageType": "Thrust",
		"EffectOnlyOnDamage": false,
		"DeflectDamageID": "Deflect_Default",
		"CanCrit": false,
		"DmgCoef": 0.4,
		"DmgCoefHead": 1,
		"DmgCoefCrit": 1,
		"PowerLevel": 0,
		"BlockPowerLevel": 0,
		"CritPowerLevel": 0,
		"HitStun": 15,
		"BlockHitStun": 10,
		"CritHitStun": 15,
		"ImpactDistanceX": 0,
		"ImpactDistanceY": 1,
		"ImpactDistanceZ": 0,
		"ImpactDecayRate": 0.8,
		"BlockImpactDistanceX": 0,
		"BlockImpactDistanceY": 0,
		"BlockImpactDistanceZ": 0,
		"BlockImpactDecayRate": 0.85,
		"CritImpactDistanceX": 0,
		"CritImpactDistanceY": 0.5,
		"CritImpactDistanceZ": 0,
		"CritImpactDecayRate": 0.85,
		"AddDmg": 0,
		"StaggerDmgModifier": 0.2,
		"StaggerResistModifier": 0,
		"TargetCameraShakeID": "Small",
		"CritTargetCameraShakeID": "Small",
		"ImpactRating": 3,
		"BlockStaminaDmgMod": 0.1,
		"BlockAbsorptionModifier": 1,
		"StunBreakoutIncrement": 0,
		"HitRuneCharge": 0.1625,
		"HitBlockedRuneCharge": 0.325
	},
	{
		"DamageID": "Undead_Hunter_Bow_Special",
		"WeaponCategory": "Bow",
		"IgnoreInvulnerable": 0,
		"NoReaction": 1,
		"IsRanged": true,
		"SurfaceImpactEffect": "Bullet",
		"AttackType": "Heavy",
		"DamageType": "Thrust",
		"EffectOnlyOnDamage": false,
		"DeflectDamageID": "Deflect_Default",
		"CanCrit": false,
		"DmgCoef": 0,
		"DmgCoefHead": 1,
		"DmgCoefCrit": 1,
		"PowerLevel": 0,
		"BlockPowerLevel": 0,
		"CritPowerLevel": 0,
		"HitStun": 0,
		"BlockHitStun": 0,
		"CritHitStun": 0,
		"ImpactDistanceX": 0,
		"ImpactDistanceY": 0,
		"ImpactDistanceZ": 0,
		"ImpactDecayRate": 0,
		"BlockImpactDistanceX": 0,
		"BlockImpactDistanceY": 0,
		"BlockImpactDistanceZ": 0,
		"BlockImpactDecayRate": 0.8,
		"CritImpactDistanceX": 0,
		"CritImpactDistanceY": 0,
		"CritImpactDistanceZ": 0,
		"CritImpactDecayRate": 0,
		"AddDmg": 0,
		"StaggerDmgModifier": 0,
		"StaggerResistModifier": 0,
		"ImpactRating": 3,
		"BlockStaminaDmgMod": 0,
		"BlockAbsorptionModifier": 1,
		"StunBreakoutIncrement": 0,
		"HitRuneCharge": 0.1625,
		"HitBlockedRuneCharge": 0.325
	},
	{
		"DamageID": "Undead_Hunter_Bow_Special_Explosion",
		"WeaponCategory": "Sword",
		"IgnoreInvulnerable": 0,
		"NoReaction": 0,
		"IsRanged": true,
		"SurfaceImpactEffect": "Bullet",
		"AttackType": "Magic",
		"DamageType": "Fire",
		"StatusEffect": ["AI_Disease"],
		"EffectOnlyOnDamage": true,
		"DeflectDamageID": "Deflect_Default",
		"CanCrit": false,
		"DmgCoef": 1,
		"DmgCoefHead": 1,
		"DmgCoefCrit": 1,
		"PowerLevel": 3,
		"BlockPowerLevel": 3,
		"CritPowerLevel": 3,
		"HitStun": 30,
		"BlockHitStun": 25,
		"CritHitStun": 30,
		"ImpactDistanceX": 0,
		"ImpactDistanceY": 2.5,
		"ImpactDistanceZ": 0,
		"ImpactDecayRate": 0.8,
		"BlockImpactDistanceX": 0,
		"BlockImpactDistanceY": 0,
		"BlockImpactDistanceZ": 0,
		"BlockImpactDecayRate": 0.8,
		"CritImpactDistanceX": 0,
		"CritImpactDistanceY": 1.5,
		"CritImpactDistanceZ": 0,
		"CritImpactDecayRate": 0.8,
		"AddDmg": 0,
		"StaggerDmgModifier": 0.6,
		"StaggerResistModifier": 0.6,
		"TargetCameraShakeID": "Medium",
		"CritTargetCameraShakeID": "Medium",
		"ImpactRating": 3,
		"BlockStaminaDmgMod": 0.75,
		"BlockAbsorptionModifier": 1,
		"StunBreakoutIncrement": 1,
		"HitRuneCharge": 0.1625,
		"HitBlockedRuneCharge": 0.325
	},
	{
		"DamageID": "Undead_Hunter_WispFire_Explosion",
		"WeaponCategory": "Torch",
		"IgnoreInvulnerable": 0,
		"NoReaction": 0,
		"IsRanged": true,
		"SurfaceImpactEffect": "Bullet",
		"AttackType": "Magic",
		"DamageType": "Fire",
		"StatusEffect": ["UndeadHunter_Burn"],
		"EffectOnlyOnDamage": true,
		"DeflectDamageID": "Deflect_Default",
		"CanCrit": false,
		"DmgCoef": 0.6,
		"DmgCoefHead": 1,
		"DmgCoefCrit": 1,
		"PowerLevel": 3,
		"BlockPowerLevel": 3,
		"CritPowerLevel": 3,
		"HitStun": 30,
		"BlockHitStun": 25,
		"CritHitStun": 30,
		"ImpactDistanceX": 0,
		"ImpactDistanceY": 1.5,
		"ImpactDistanceZ": 0,
		"ImpactDecayRate": 0.8,
		"BlockImpactDistanceX": 0,
		"BlockImpactDistanceY": 0,
		"BlockImpactDistanceZ": 0,
		"BlockImpactDecayRate": 0.8,
		"CritImpactDistanceX": 0,
		"CritImpactDistanceY": 1,
		"CritImpactDistanceZ": 0,
		"CritImpactDecayRate": 0.8,
		"AddDmg": 0,
		"StaggerDmgModifier": 0.6,
		"StaggerResistModifier": 0.6,
		"TargetCameraShakeID": "Medium",
		"CritTargetCameraShakeID": "Medium",
		"ImpactRating": 3,
		"BlockStaminaDmgMod": 0.75,
		"BlockAbsorptionModifier": 1,
		"StunBreakoutIncrement": 1,
		"HitRuneCharge": 0.1625,
		"HitBlockedRuneCharge": 0.325
	},
	{
		"DamageID": "Undead_Hunter_SpitFire",
		"WeaponCategory": "Torch",
		"IgnoreInvulnerable": 0,
		"NoReaction": 0,
		"IsRanged": true,
		"SurfaceImpactEffect": "Bullet",
		"AttackType": "Magic",
		"DamageType": "Fire",
		"StatusEffect": ["UndeadHunter_Burn"],
		"EffectOnlyOnDamage": true,
		"DeflectDamageID": "Deflect_Default",
		"CanCrit": false,
		"DmgCoef": 0.14,
		"DmgCoefHead": 1,
		"DmgCoefCrit": 1,
		"PowerLevel": 2,
		"BlockPowerLevel": 2,
		"CritPowerLevel": 2,
		"HitStun": 20,
		"BlockHitStun": 10,
		"CritHitStun": 20,
		"ImpactDistanceX": 0,
		"ImpactDistanceY": 1.5,
		"ImpactDistanceZ": 0,
		"ImpactDecayRate": 0.8,
		"BlockImpactDistanceX": 0,
		"BlockImpactDistanceY": 0,
		"BlockImpactDistanceZ": 0,
		"BlockImpactDecayRate": 0.8,
		"CritImpactDistanceX": 0,
		"CritImpactDistanceY": 1.5,
		"CritImpactDistanceZ": 0,
		"CritImpactDecayRate": 0.8,
		"AddDmg": 0,
		"StaggerDmgModifier": 0.05,
		"StaggerResistModifier": 0.7,
		"TargetCameraShakeID": "Medium",
		"CritTargetCameraShakeID": "Medium",
		"ImpactRating": 3,
		"BlockStaminaDmgMod": 0.1,
		"BlockAbsorptionModifier": 1,
		"StunBreakoutIncrement": 0.667,
		"HitRuneCharge": 0.1625,
		"HitBlockedRuneCharge": 0.325
	},
	{
		"DamageID": "Undead_Hunter_Torch_Swing",
		"WeaponCategory": "Torch",
		"IgnoreInvulnerable": 0,
		"NoReaction": 0,
		"IsRanged": false,
		"SurfaceImpactEffect": "Bullet",
		"AttackType": "Heavy",
		"DamageType": "Fire",
		"EffectOnlyOnDamage": false,
		"DeflectDamageID": "Deflect_Default",
		"CanCrit": false,
		"DmgCoef": 0.3,
		"DmgCoefHead": 1,
		"DmgCoefCrit": 1,
		"PowerLevel": 0,
		"BlockPowerLevel": 0,
		"CritPowerLevel": 0,
		"HitStun": 15,
		"BlockHitStun": 10,
		"CritHitStun": 15,
		"ImpactDistanceX": 0,
		"ImpactDistanceY": 1.3,
		"ImpactDistanceZ": 0,
		"ImpactDecayRate": 0.85,
		"BlockImpactDistanceX": 0,
		"BlockImpactDistanceY": 0,
		"BlockImpactDistanceZ": 0,
		"BlockImpactDecayRate": 0.85,
		"CritImpactDistanceX": 0,
		"CritImpactDistanceY": 1.3,
		"CritImpactDistanceZ": 0,
		"CritImpactDecayRate": 0.85,
		"AddDmg": 0,
		"StaggerDmgModifier": 0.2,
		"StaggerResistModifier": 0.6,
		"TargetCameraShakeID": "Small",
		"CritTargetCameraShakeID": "Small",
		"ImpactRating": 3,
		"BlockStaminaDmgMod": 0.2,
		"BlockAbsorptionModifier": 1,
		"StunBreakoutIncrement": 0,
		"HitRuneCharge": 0.1625,
		"HitBlockedRuneCharge": 0.325
	},
	{
		"DamageID": "Undead_Hunter_Torch_Swing_Combo",
		"WeaponCategory": "Torch",
		"IgnoreInvulnerable": 0,
		"NoReaction": 0,
		"IsRanged": false,
		"SurfaceImpactEffect": "Bullet",
		"AttackType": "Heavy",
		"DamageType": "Fire",
		"EffectOnlyOnDamage": false,
		"DeflectDamageID": "Deflect_Default",
		"CanCrit": false,
		"DmgCoef": 0.2,
		"DmgCoefHead": 1,
		"DmgCoefCrit": 1,
		"PowerLevel": 0,
		"BlockPowerLevel": 0,
		"CritPowerLevel": 0,
		"HitStun": 15,
		"BlockHitStun": 10,
		"CritHitStun": 15,
		"ImpactDistanceX": 0,
		"ImpactDistanceY": 1,
		"ImpactDistanceZ": 0,
		"ImpactDecayRate": 0.85,
		"BlockImpactDistanceX": 0,
		"BlockImpactDistanceY": 0,
		"BlockImpactDistanceZ": 0,
		"BlockImpactDecayRate": 0.85,
		"CritImpactDistanceX": 0,
		"CritImpactDistanceY": 1,
		"CritImpactDistanceZ": 0,
		"CritImpactDecayRate": 0.85,
		"AddDmg": 0,
		"StaggerDmgModifier": 0.2,
		"StaggerResistModifier": 0.6,
		"TargetCameraShakeID": "Small",
		"CritTargetCameraShakeID": "Small",
		"ImpactRating": 3,
		"BlockStaminaDmgMod": 0.2,
		"BlockAbsorptionModifier": 1,
		"StunBreakoutIncrement": 0,
		"HitRuneCharge": 0.1625,
		"HitBlockedRuneCharge": 0.325
	},
	{
		"DamageID": "Undead_Hunter_Swing_Breakout",
		"WeaponCategory": "Torch",
		"IgnoreInvulnerable": 0,
		"NoReaction": 0,
		"IsRanged": false,
		"SurfaceImpactEffect": "Bullet",
		"AttackType": "Heavy",
		"DamageType": "Fire",
		"StatusEffect": ["UndeadHunter_Burn"],
		"EffectOnlyOnDamage": true,
		"DeflectDamageID": "Deflect_Default",
		"CanCrit": false,
		"DmgCoef": 0.3,
		"DmgCoefHead": 1,
		"DmgCoefCrit": 1,
		"PowerLevel": 3,
		"BlockPowerLevel": 3,
		"CritPowerLevel": 3,
		"HitStun": 35,
		"BlockHitStun": 30,
		"CritHitStun": 35,
		"ImpactDistanceX": 0,
		"ImpactDistanceY": 3.5,
		"ImpactDistanceZ": 0,
		"ImpactDecayRate": 0.8,
		"BlockImpactDistanceX": 0,
		"BlockImpactDistanceY": 0,
		"BlockImpactDistanceZ": 0,
		"BlockImpactDecayRate": 0.8,
		"CritImpactDistanceX": 0,
		"CritImpactDistanceY": 3.5,
		"CritImpactDistanceZ": 0,
		"CritImpactDecayRate": 0.8,
		"AddDmg": 0,
		"StaggerDmgModifier": 0.5,
		"StaggerResistModifier": 0.6,
		"TargetCameraShakeID": "Small",
		"CritTargetCameraShakeID": "Small",
		"ImpactRating": 3,
		"BlockStaminaDmgMod": 0.5,
		"BlockAbsorptionModifier": 1,
		"StunBreakoutIncrement": 1,
		"HitRuneCharge": 0.1625,
		"HitBlockedRuneCharge": 0.325
	},
	{
		"DamageID": "Undead_Hunter_Bow_Breakout",
		"WeaponCategory": "Bow",
		"IgnoreInvulnerable": 0,
		"NoReaction": 0,
		"IsRanged": true,
		"SurfaceImpactEffect": "Bullet",
		"AttackType": "Light",
		"DamageType": "Thrust",
		"EffectOnlyOnDamage": false,
		"DeflectDamageID": "Deflect_Default",
		"CanCrit": false,
		"DmgCoef": 0.3,
		"DmgCoefHead": 1,
		"DmgCoefCrit": 1,
		"PowerLevel": 2,
		"BlockPowerLevel": 2,
		"CritPowerLevel": 2,
		"HitStun": 25,
		"BlockHitStun": 20,
		"CritHitStun": 25,
		"ImpactDistanceX": 0,
		"ImpactDistanceY": 2.5,
		"ImpactDistanceZ": 0,
		"ImpactDecayRate": 0.8,
		"BlockImpactDistanceX": 0,
		"BlockImpactDistanceY": 0,
		"BlockImpactDistanceZ": 0,
		"BlockImpactDecayRate": 0.8,
		"CritImpactDistanceX": 0,
		"CritImpactDistanceY": 2.5,
		"CritImpactDistanceZ": 0,
		"CritImpactDecayRate": 0.8,
		"AddDmg": 0,
		"StaggerDmgModifier": 0.04,
		"StaggerResistModifier": 0.6,
		"TargetCameraShakeID": "Small",
		"CritTargetCameraShakeID": "Small",
		"ImpactRating": 3,
		"BlockStaminaDmgMod": 0.33,
		"BlockAbsorptionModifier": 1,
		"StunBreakoutIncrement": 1,
		"HitRuneCharge": 0.1625,
		"HitBlockedRuneCharge": 0.325
	},
	{
		"DamageID": "Undead_Reaction_Breakout",
		"WeaponCategory": "Fall",
		"IgnoreInvulnerable": 1,
		"NoReaction": 1,
		"IsRanged": false,
		"SurfaceImpactEffect": "Bullet",
		"DamageType": "Falling",
		"EffectOnlyOnDamage": false,
		"CanCrit": false,
		"DmgCoef": 0,
		"DmgCoefHead": 0,
		"DmgCoefCrit": 0,
		"PowerLevel": 0,
		"BlockPowerLevel": 0,
		"CritPowerLevel": 0,
		"HitStun": 0,
		"BlockHitStun": 0,
		"CritHitStun": 0,
		"ImpactDistanceX": 0,
		"ImpactDistanceY": 0,
		"ImpactDistanceZ": 0,
		"ImpactDecayRate": 0,
		"BlockImpactDistanceX": 0,
		"BlockImpactDistanceY": 0,
		"BlockImpactDistanceZ": 0,
		"BlockImpactDecayRate": 0.8,
		"CritImpactDistanceX": 0,
		"CritImpactDistanceY": 0,
		"CritImpactDistanceZ": 0,
		"CritImpactDecayRate": 0,
		"AddDmg": 0,
		"StaggerDmgModifier": 0,
		"StaggerResistModifier": 10,
		"TargetCameraShakeID": "Small",
		"ImpactRating": 3,
		"BlockStaminaDmgMod": 0,
		"BlockAbsorptionModifier": 0,
		"StunBreakoutIncrement": 1,
		"HitRuneCharge": 0.1625,
		"HitBlockedRuneCharge": 0.325
	},
	{
		"DamageID": "Reaction_Breakout",
		"WeaponCategory": "Fall",
		"IgnoreInvulnerable": 1,
		"NoReaction": 1,
		"IsRanged": false,
		"SurfaceImpactEffect": "Bullet",
		"DamageType": "Falling",
		"EffectOnlyOnDamage": false,
		"CanCrit": false,
		"DmgCoef": 0,
		"DmgCoefHead": 0,
		"DmgCoefCrit": 0,
		"PowerLevel": 0,
		"BlockPowerLevel": 0,
		"CritPowerLevel": 0,
		"HitStun": 0,
		"BlockHitStun": 0,
		"CritHitStun": 0,
		"ImpactDistanceX": 0,
		"ImpactDistanceY": 0,
		"ImpactDistanceZ": 0,
		"ImpactDecayRate": 0,
		"BlockImpactDistanceX": 0,
		"BlockImpactDistanceY": 0,
		"BlockImpactDistanceZ": 0,
		"BlockImpactDecayRate": 0.8,
		"CritImpactDistanceX": 0,
		"CritImpactDistanceY": 0,
		"CritImpactDistanceZ": 0,
		"CritImpactDecayRate": 0,
		"AddDmg": 0,
		"StaggerDmgModifier": 0,
		"StaggerResistModifier": 10,
		"TargetCameraShakeID": "Small",
		"ImpactRating": 3,
		"BlockStaminaDmgMod": 0,
		"BlockAbsorptionModifier": 0,
		"StunBreakoutIncrement": 1,
		"HitRuneCharge": 0.1625,
		"HitBlockedRuneCharge": 0.325
	}
]