[
	{
		"DamageID": "Undead_GraveDigger_Swing",
		"WeaponCategory": "Axe",
		"IgnoreInvulnerable": 0,
		"NoReaction": 0,
		"SurfaceImpactEffect": "Bullet",
		"AttackType": "Light",
		"DamageType": "Slash",
		"EffectOnlyOnDamage": false,
		"DeflectDamageID": "Deflect_Default",
		" UseAttackerPosForReaction": false,
		"CanCrit": false,
		"DmgCoef": 0.4,
		"DmgCoefHead": 1,
		"DmgCoefCrit": 1,
		"PowerLevel": 0,
		"BlockPowerLevel": 0,
		"CritPowerLevel": 0,
		"HitStun": 15,
		"BlockHitStun": 15,
		"CritHitStun": 15,
		"ImpactDistanceX": 0,
		"ImpactDistanceY": 1,
		"ImpactDistanceZ": 0,
		"ImpactDecayRate": 0.75,
		"BlockImpactDistanceX": 0,
		"BlockImpactDistanceY": 0,
		"BlockImpactDistanceZ": 0,
		"BlockImpactDecayRate": 0.78,
		"CritImpactDistanceX": 0,
		"CritImpactDistanceY": 1,
		"CritImpactDistanceZ": 0,
		"CritImpactDecayRate": 0.75,
		"AddDmg": 0,
		"StaggerDmgModifier": 0,
		"StaggerResistModifier": 0,
		"TargetCameraShakeID": "Small",
		"CritTargetCameraShakeID": "Small",
		"ImpactRating": 1,
		"BlockStaminaDmgMod": 0.75,
		"BlockAbsorptionModifier": 1,
		"StunBreakoutIncrement": 1,
		"HitRuneCharge": 0.1625,
		"HitBlockedRuneCharge": 0.325
	},
	{
		"DamageID": "Undead_GraveDigger_Storm",
		"WeaponCategory": "Axe",
		"IgnoreInvulnerable": 0,
		"NoReaction": 0,
		"SurfaceImpactEffect": "Bullet",
		"AttackType": "Light",
		"DamageType": "Strike",
		"EffectOnlyOnDamage": true,
		"DeflectDamageID": "Deflect_Default",
		" UseAttackerPosForReaction": false,
		"CanCrit": false,
		"DmgCoef": 0.2,
		"DmgCoefHead": 1,
		"DmgCoefCrit": 1,
		"PowerLevel": 0,
		"BlockPowerLevel": 0,
		"CritPowerLevel": 0,
		"HitStun": 25,
		"BlockHitStun": 35,
		"CritHitStun": 25,
		"ImpactDistanceX": 0,
		"ImpactDistanceY": 0.85,
		"ImpactDistanceZ": 0,
		"ImpactDecayRate": 0.78,
		"BlockImpactDistanceX": 0,
		"BlockImpactDistanceY": 0,
		"BlockImpactDistanceZ": 0,
		"BlockImpactDecayRate": 0.8,
		"CritImpactDistanceX": 0,
		"CritImpactDistanceY": 0.85,
		"CritImpactDistanceZ": 0,
		"CritImpactDecayRate": 0.78,
		"AddDmg": 0,
		"StaggerDmgModifier": 1.2,
		"StaggerResistModifier": 1,
		"TargetCameraShakeID": "Small",
		"CritTargetCameraShakeID": "Small",
		"ImpactRating": 1,
		"BlockStaminaDmgMod": 0.38,
		"BlockAbsorptionModifier": 1,
		"StunBreakoutIncrement": 0.25,
		"HitRuneCharge": 0.1625,
		"HitBlockedRuneCharge": 0.325
	},
	{
		"DamageID": "Undead_GraveDigger_Storm_Final",
		"WeaponCategory": "Axe",
		"IgnoreInvulnerable": 0,
		"NoReaction": 0,
		"SurfaceImpactEffect": "Bullet",
		"AttackType": "Heavy",
		"DamageType": "Strike",
		"EffectOnlyOnDamage": true,
		"DeflectDamageID": "Deflect_Default",
		" UseAttackerPosForReaction": false,
		"CanCrit": false,
		"DmgCoef": 0.4,
		"DmgCoefHead": 1,
		"DmgCoefCrit": 1,
		"PowerLevel": 1,
		"BlockPowerLevel": 2,
		"CritPowerLevel": 1,
		"HitStun": 16,
		"BlockHitStun": 24,
		"CritHitStun": 16,
		"ImpactDistanceX": 0,
		"ImpactDistanceY": 1.9,
		"ImpactDistanceZ": 0,
		"ImpactDecayRate": 0.81,
		"BlockImpactDistanceX": 0,
		"BlockImpactDistanceY": 0,
		"BlockImpactDistanceZ": 0,
		"BlockImpactDecayRate": 0.82,
		"CritImpactDistanceX": 0,
		"CritImpactDistanceY": 1.9,
		"CritImpactDistanceZ": 0,
		"CritImpactDecayRate": 0.81,
		"AddDmg": 0,
		"StaggerDmgModifier": 1.2,
		"StaggerResistModifier": 1,
		"TargetCameraShakeID": "Small",
		"CritTargetCameraShakeID": "Small",
		"ImpactRating": 2,
		"BlockStaminaDmgMod": 0.75,
		"BlockAbsorptionModifier": 1,
		"StunBreakoutIncrement": 1,
		"HitRuneCharge": 0.1625,
		"HitBlockedRuneCharge": 0.325
	},
	{
		"DamageID": "Undead_Cryptkeeper_ReaperEmbrace",
		"WeaponCategory": "Axe",
		"IgnoreInvulnerable": 0,
		"NoReaction": 0,
		"SurfaceImpactEffect": "Bullet",
		"AttackType": "Heavy",
		"DamageType": "Slash",
		"StatusEffect": ["AI_Cryptkeeper_ReaperEmbrace"],
		"EffectOnlyOnDamage": true,
		"DeflectDamageID": "Deflect_Default",
		" UseAttackerPosForReaction": true,
		"CanCrit": false,
		"DmgCoef": 0.5,
		"DmgCoefHead": 1,
		"DmgCoefCrit": 1,
		"PowerLevel": 2,
		"BlockPowerLevel": 1,
		"CritPowerLevel": 0,
		"HitStun": 15,
		"BlockHitStun": 15,
		"CritHitStun": 15,
		"ImpactDistanceX": 0,
		"ImpactDistanceY": -6,
		"ImpactDistanceZ": 0,
		"ImpactDecayRate": 0.75,
		"BlockImpactDistanceX": 0,
		"BlockImpactDistanceY": 0,
		"BlockImpactDistanceZ": 0,
		"BlockImpactDecayRate": 0.78,
		"CritImpactDistanceX": 0,
		"CritImpactDistanceY": 1,
		"CritImpactDistanceZ": 0,
		"CritImpactDecayRate": 0.75,
		"AddDmg": 0.1,
		"StaggerDmgModifier": 0,
		"StaggerResistModifier": 0,
		"TargetCameraShakeID": "Small",
		"CritTargetCameraShakeID": "Small",
		"ImpactRating": 1,
		"BlockStaminaDmgMod": 1,
		"BlockAbsorptionModifier": 1,
		"StunBreakoutIncrement": 1,
		"HitRuneCharge": 0.1625,
		"HitBlockedRuneCharge": 0.325
	},
	{
		"DamageID": "Undead_Cryptkeeper_TombstoneDestruction",
		"WeaponCategory": "Axe",
		"IgnoreInvulnerable": 0,
		"NoReaction": 0,
		"SurfaceImpactEffect": "Bullet",
		"AttackType": "Heavy",
		"DamageType": "Arcane",
		"EffectOnlyOnDamage": false,
		"DeflectDamageID": "Deflect_Default",
		" UseAttackerPosForReaction": false,
		"CanCrit": false,
		"DmgCoef": 0.1,
		"DmgCoefHead": 1,
		"DmgCoefCrit": 1,
		"PowerLevel": 4,
		"BlockPowerLevel": 0,
		"CritPowerLevel": 0,
		"HitStun": 16,
		"BlockHitStun": 16,
		"CritHitStun": 16,
		"ImpactDistanceX": 0,
		"ImpactDistanceY": 1.1,
		"ImpactDistanceZ": 0,
		"ImpactDecayRate": 0.74,
		"BlockImpactDistanceX": 0,
		"BlockImpactDistanceY": 0,
		"BlockImpactDistanceZ": 0,
		"BlockImpactDecayRate": 0.77,
		"CritImpactDistanceX": 0,
		"CritImpactDistanceY": 1.1,
		"CritImpactDistanceZ": 0,
		"CritImpactDecayRate": 0.74,
		"AddDmg": 0,
		"StaggerDmgModifier": 0,
		"StaggerResistModifier": 0,
		"TargetCameraShakeID": "Small",
		"CritTargetCameraShakeID": "Small",
		"ImpactRating": 1,
		"BlockStaminaDmgMod": 0.45,
		"BlockAbsorptionModifier": 1,
		"StunBreakoutIncrement": 0,
		"HitRuneCharge": 0.1625,
		"HitBlockedRuneCharge": 0.325
	},
	{
		"DamageID": "Undead_Cryptkeeper_Tombstone_Pulse",
		"WeaponCategory": "Axe",
		"IgnoreInvulnerable": 1,
		"NoReaction": 0,
		"SurfaceImpactEffect": "Bullet",
		"AttackType": "Light",
		"DamageType": "Arcane",
		"EffectOnlyOnDamage": false,
		"DeflectDamageID": "Deflect_Default",
		" UseAttackerPosForReaction": false,
		"CanCrit": false,
		"DmgCoef": 0.75,
		"DmgCoefHead": 1,
		"DmgCoefCrit": 1,
		"PowerLevel": 0,
		"BlockPowerLevel": 0,
		"CritPowerLevel": 1,
		"HitStun": 25,
		"BlockHitStun": 35,
		"CritHitStun": 25,
		"ImpactDistanceX": 0,
		"ImpactDistanceY": 0,
		"ImpactDistanceZ": 0,
		"ImpactDecayRate": 0.78,
		"BlockImpactDistanceX": 0,
		"BlockImpactDistanceY": 0,
		"BlockImpactDistanceZ": 0,
		"BlockImpactDecayRate": 0.8,
		"CritImpactDistanceX": 0,
		"CritImpactDistanceY": 0.85,
		"CritImpactDistanceZ": 0,
		"CritImpactDecayRate": 0.78,
		"AddDmg": 0,
		"StaggerDmgModifier": 1.2,
		"StaggerResistModifier": 1,
		"TargetCameraShakeID": "Small",
		"CritTargetCameraShakeID": "Small",
		"ImpactRating": 1,
		"BlockStaminaDmgMod": 0.5,
		"BlockAbsorptionModifier": 1,
		"StunBreakoutIncrement": 0.25,
		"HitRuneCharge": 0.1625,
		"HitBlockedRuneCharge": 0.325
	},
	{
		"DamageID": "Undead_Cryptkeeper_Tombstone_InitialPulse",
		"WeaponCategory": "Axe",
		"IgnoreInvulnerable": 1,
		"NoReaction": 0,
		"SurfaceImpactEffect": "Bullet",
		"AttackType": "Light",
		"DamageType": "Arcane",
		"StatusEffect": ["AI_Cryptkeeper_Tombstone_Root"],
		"EffectOnlyOnDamage": true,
		"DeflectDamageID": "Deflect_Default",
		" UseAttackerPosForReaction": false,
		"CanCrit": false,
		"DmgCoef": 0.4,
		"DmgCoefHead": 1,
		"DmgCoefCrit": 1,
		"PowerLevel": 0,
		"BlockPowerLevel": 0,
		"CritPowerLevel": 1,
		"HitStun": 25,
		"BlockHitStun": 35,
		"CritHitStun": 25,
		"ImpactDistanceX": 0,
		"ImpactDistanceY": 0,
		"ImpactDistanceZ": 0,
		"ImpactDecayRate": 0.78,
		"BlockImpactDistanceX": 0,
		"BlockImpactDistanceY": 0,
		"BlockImpactDistanceZ": 0,
		"BlockImpactDecayRate": 0.8,
		"CritImpactDistanceX": 0,
		"CritImpactDistanceY": 0.85,
		"CritImpactDistanceZ": 0,
		"CritImpactDecayRate": 0.78,
		"AddDmg": 0,
		"StaggerDmgModifier": 1.2,
		"StaggerResistModifier": 1,
		"TargetCameraShakeID": "Small",
		"CritTargetCameraShakeID": "Small",
		"ImpactRating": 1,
		"BlockStaminaDmgMod": 0.5,
		"BlockAbsorptionModifier": 1,
		"StunBreakoutIncrement": 0.25,
		"HitRuneCharge": 0.1625,
		"HitBlockedRuneCharge": 0.325
	},
	{
		"DamageID": "Undead_Cryptkeeper_Tombstone_Push",
		"WeaponCategory": "Axe",
		"IgnoreInvulnerable": 1,
		"NoReaction": 0,
		"SurfaceImpactEffect": "Bullet",
		"AttackType": "Light",
		"DamageType": "Arcane",
		"EffectOnlyOnDamage": false,
		"DeflectDamageID": "Deflect_Default",
		" UseAttackerPosForReaction": false,
		"CanCrit": false,
		"DmgCoef": 0,
		"DmgCoefHead": 1,
		"DmgCoefCrit": 1,
		"PowerLevel": 0,
		"BlockPowerLevel": 0,
		"CritPowerLevel": 0,
		"HitStun": 25,
		"BlockHitStun": 35,
		"CritHitStun": 25,
		"ImpactDistanceX": 0,
		"ImpactDistanceY": 1.5,
		"ImpactDistanceZ": 0,
		"ImpactDecayRate": 0.78,
		"BlockImpactDistanceX": 0,
		"BlockImpactDistanceY": 0,
		"BlockImpactDistanceZ": 0,
		"BlockImpactDecayRate": 0.8,
		"CritImpactDistanceX": 0,
		"CritImpactDistanceY": 0.85,
		"CritImpactDistanceZ": 0,
		"CritImpactDecayRate": 0.78,
		"AddDmg": 0,
		"StaggerDmgModifier": 1.2,
		"StaggerResistModifier": 1,
		"TargetCameraShakeID": "Small",
		"CritTargetCameraShakeID": "Small",
		"ImpactRating": 1,
		"BlockStaminaDmgMod": 0.38,
		"BlockAbsorptionModifier": 1,
		"StunBreakoutIncrement": 0.25,
		"HitRuneCharge": 0.1625,
		"HitBlockedRuneCharge": 0.325
	},
	{
		"DamageID": "Undead_Cryptkeeper_Tombstone_Dot",
		"WeaponCategory": "Axe",
		"IgnoreInvulnerable": 1,
		"NoReaction": 1,
		"SurfaceImpactEffect": "Bullet",
		"AttackType": "Light",
		"DamageType": "Arcane",
		"EffectOnlyOnDamage": false,
		"DeflectDamageID": "Deflect_Default",
		" UseAttackerPosForReaction": false,
		"CanCrit": false,
		"DmgCoef": 0.1,
		"DmgCoefHead": 1,
		"DmgCoefCrit": 1,
		"PowerLevel": 0,
		"BlockPowerLevel": 0,
		"CritPowerLevel": 0,
		"HitStun": 25,
		"BlockHitStun": 35,
		"CritHitStun": 25,
		"ImpactDistanceX": 0,
		"ImpactDistanceY": 0,
		"ImpactDistanceZ": 0,
		"ImpactDecayRate": 0.78,
		"BlockImpactDistanceX": 0,
		"BlockImpactDistanceY": 0,
		"BlockImpactDistanceZ": 0,
		"BlockImpactDecayRate": 0.8,
		"CritImpactDistanceX": 0,
		"CritImpactDistanceY": 0.85,
		"CritImpactDistanceZ": 0,
		"CritImpactDecayRate": 0.78,
		"AddDmg": 0,
		"StaggerDmgModifier": 1.2,
		"StaggerResistModifier": 1,
		"TargetCameraShakeID": "Small",
		"CritTargetCameraShakeID": "Small",
		"ImpactRating": 1,
		"BlockStaminaDmgMod": 0.38,
		"BlockAbsorptionModifier": 1,
		"StunBreakoutIncrement": 0.25,
		"HitRuneCharge": 0.1625,
		"HitBlockedRuneCharge": 0.325
	},
	{
		"DamageID": "Undead_Cryptkeeper_Tombstone_Finisher",
		"WeaponCategory": "Axe",
		"IgnoreInvulnerable": 1,
		"NoReaction": 0,
		"SurfaceImpactEffect": "Bullet",
		"AttackType": "Light",
		"DamageType": "Arcane",
		"EffectOnlyOnDamage": false,
		"DeflectDamageID": "Deflect_Default",
		" UseAttackerPosForReaction": false,
		"CanCrit": false,
		"DmgCoef": 0.4,
		"DmgCoefHead": 1,
		"DmgCoefCrit": 1,
		"PowerLevel": 0,
		"BlockPowerLevel": 0,
		"CritPowerLevel": 1,
		"HitStun": 25,
		"BlockHitStun": 35,
		"CritHitStun": 25,
		"ImpactDistanceX": 0,
		"ImpactDistanceY": 0,
		"ImpactDistanceZ": 0,
		"ImpactDecayRate": 0.78,
		"BlockImpactDistanceX": 0,
		"BlockImpactDistanceY": 0,
		"BlockImpactDistanceZ": 0,
		"BlockImpactDecayRate": 0.8,
		"CritImpactDistanceX": 0,
		"CritImpactDistanceY": 0.85,
		"CritImpactDistanceZ": 0,
		"CritImpactDecayRate": 0.78,
		"AddDmg": 0,
		"StaggerDmgModifier": 1.2,
		"StaggerResistModifier": 1,
		"TargetCameraShakeID": "Small",
		"CritTargetCameraShakeID": "Small",
		"ImpactRating": 1,
		"BlockStaminaDmgMod": 0.5,
		"BlockAbsorptionModifier": 1,
		"StunBreakoutIncrement": 0.25,
		"HitRuneCharge": 0.1625,
		"HitBlockedRuneCharge": 0.325
	},
	{
		"DamageID": "Undead_Reaction_Breakout",
		"WeaponCategory": "Fall",
		"IgnoreInvulnerable": 1,
		"NoReaction": 1,
		"SurfaceImpactEffect": "Bullet",
		"DamageType": "Falling",
		"EffectOnlyOnDamage": false,
		" UseAttackerPosForReaction": false,
		"CanCrit": false,
		"DmgCoef": 0,
		"DmgCoefHead": 0,
		"DmgCoefCrit": 0,
		"PowerLevel": 0,
		"BlockPowerLevel": 0,
		"CritPowerLevel": 0,
		"HitStun": 0,
		"BlockHitStun": 0,
		"CritHitStun": 0,
		"ImpactDistanceX": 0,
		"ImpactDistanceY": 0,
		"ImpactDistanceZ": 0,
		"ImpactDecayRate": 0,
		"BlockImpactDistanceX": 0,
		"BlockImpactDistanceY": 0,
		"BlockImpactDistanceZ": 0,
		"BlockImpactDecayRate": 0.8,
		"CritImpactDistanceX": 0,
		"CritImpactDistanceY": 0,
		"CritImpactDistanceZ": 0,
		"CritImpactDecayRate": 0,
		"AddDmg": 0,
		"StaggerDmgModifier": 0,
		"StaggerResistModifier": 10,
		"TargetCameraShakeID": "Small",
		"CritTargetCameraShakeID": "Small",
		"ImpactRating": 3,
		"BlockStaminaDmgMod": 0,
		"BlockAbsorptionModifier": 0,
		"StunBreakoutIncrement": 1,
		"HitRuneCharge": 0.1625,
		"HitBlockedRuneCharge": 0.325
	},
	{
		"DamageID": "Reaction_Breakout",
		"WeaponCategory": "Fall",
		"IgnoreInvulnerable": 1,
		"NoReaction": 1,
		"SurfaceImpactEffect": "Bullet",
		"DamageType": "Falling",
		"EffectOnlyOnDamage": false,
		" UseAttackerPosForReaction": false,
		"CanCrit": false,
		"DmgCoef": 0,
		"DmgCoefHead": 0,
		"DmgCoefCrit": 0,
		"PowerLevel": 0,
		"BlockPowerLevel": 0,
		"CritPowerLevel": 0,
		"HitStun": 0,
		"BlockHitStun": 0,
		"CritHitStun": 0,
		"ImpactDistanceX": 0,
		"ImpactDistanceY": 0,
		"ImpactDistanceZ": 0,
		"ImpactDecayRate": 0,
		"BlockImpactDistanceX": 0,
		"BlockImpactDistanceY": 0,
		"BlockImpactDistanceZ": 0,
		"BlockImpactDecayRate": 0.8,
		"CritImpactDistanceX": 0,
		"CritImpactDistanceY": 0,
		"CritImpactDistanceZ": 0,
		"CritImpactDecayRate": 0,
		"AddDmg": 0,
		"StaggerDmgModifier": 0,
		"StaggerResistModifier": 10,
		"TargetCameraShakeID": "Small",
		"CritTargetCameraShakeID": "Small",
		"ImpactRating": 3,
		"BlockStaminaDmgMod": 0,
		"BlockAbsorptionModifier": 0,
		"StunBreakoutIncrement": 1,
		"HitRuneCharge": 0.1625,
		"HitBlockedRuneCharge": 0.325
	}
]