[
	{
		"DamageID": "Broken_1H_Stab",
		"WeaponCategory": "Knife",
		"IgnoreInvulnerable": 0,
		"NoReaction": 0,
		"IsRanged": 0,
		"SurfaceImpactEffect": "Bullet",
		"AttackType": "Light",
		"DamageType": "Thrust",
		"EffectOnlyOnDamage": true,
		"EffectWhenNotBlocked": true,
		"DeflectDamageID": "Deflect_Default",
		"CanCrit": false,
		"DmgCoef": 0.4,
		"DmgCoefHead": 0.6,
		"DmgCoefCrit": 0,
		"PowerLevel": 1,
		"BlockPowerLevel": 0,
		"CritPowerLevel": 0,
		"HitStun": 5,
		"BlockHitStun": 0,
		"CritHitStun": 0,
		"ImpactDistanceX": 0,
		"ImpactDistanceY": 1,
		"ImpactDistanceZ": 0,
		"ImpactDecayRate": 0.78,
		"BlockImpactDistanceX": 0,
		"BlockImpactDistanceY": 0,
		"BlockImpactDistanceZ": 0,
		"BlockImpactDecayRate": 0.78,
		"CritImpactDistanceX": 0,
		"CritImpactDistanceY": 1,
		"CritImpactDistanceZ": 0,
		"CritImpactDecayRate": 0.78,
		"AddDmg": 0,
		"StaggerDmgModifier": 1,
		"CritStaggerDmgModifier": 0,
		"StaggerResistModifier": 1,
		"TargetCameraShakeID": "Small",
		"CritTargetCameraShakeID": "Small",
		"ImpactRating": 3,
		"BlockStaminaDmgMod": 0.28,
		"BlockAbsorptionModifier": 1,
		"StunBreakoutIncrement": 0,
		"UseAttackerPosForReaction": 0,
		"HitRuneCharge": 0.1625,
		"HitBlockedRuneCharge": 0.325
	},
	{
		"DamageID": "ExhumeLinens_Spellcast",
		"IgnoreInvulnerable": 0,
		"NoReaction": 0,
		"IsRanged": 1,
		"SurfaceImpactEffect": "Bullet",
		"DamageType": "Arcane",
		"StatusEffect": ["AI_MummifiedCorpse_ExhumeLinensRoot"],
		"EffectOnlyOnDamage": false,
		"EffectWhenNotBlocked": false,
		"DeflectDamageID": "Deflect_Default",
		"CanCrit": false,
		"DmgCoef": 0,
		"DmgCoefHead": 0,
		"DmgCoefCrit": 0,
		"PowerLevel": 2,
		"BlockPowerLevel": 0,
		"CritPowerLevel": 0,
		"HitStun": 0,
		"BlockHitStun": 0,
		"CritHitStun": 0,
		"ImpactDistanceX": 0,
		"ImpactDistanceY": 0,
		"ImpactDistanceZ": 0,
		"ImpactDecayRate": 0,
		"BlockImpactDistanceX": 0,
		"BlockImpactDistanceY": 0,
		"BlockImpactDistanceZ": 0,
		"BlockImpactDecayRate": 0,
		"CritImpactDistanceX": 0,
		"CritImpactDistanceY": 0,
		"CritImpactDistanceZ": 0,
		"CritImpactDecayRate": 0,
		"AddDmg": 0,
		"StaggerDmgModifier": 0,
		"CritStaggerDmgModifier": 0,
		"StaggerResistModifier": 0,
		"TargetCameraShakeID": "Small",
		"CritTargetCameraShakeID": "Small",
		"ImpactRating": 3,
		"BlockStaminaDmgMod": 0,
		"BlockAbsorptionModifier": 0,
		"StunBreakoutIncrement": 0,
		"UseAttackerPosForReaction": 0,
		"HitRuneCharge": 0,
		"HitBlockedRuneCharge": 0
	},
	{
		"DamageID": "SharedCremation_SelfIgnitionSE",
		"IgnoreInvulnerable": 0,
		"NoReaction": 0,
		"IsRanged": 0,
		"StatusEffect": ["AI_MummifiedCorpse_SharedCremationSelf"],
		"EffectOnlyOnDamage": false,
		"EffectWhenNotBlocked": false,
		"CanCrit": false,
		"DmgCoef": 0,
		"DmgCoefHead": 0,
		"DmgCoefCrit": 0,
		"PowerLevel": 0,
		"BlockPowerLevel": 0,
		"CritPowerLevel": 0,
		"HitStun": 0,
		"BlockHitStun": 0,
		"CritHitStun": 0,
		"ImpactDistanceX": 0,
		"ImpactDistanceY": 0,
		"ImpactDistanceZ": 0,
		"ImpactDecayRate": 0,
		"BlockImpactDistanceX": 0,
		"BlockImpactDistanceY": 0,
		"BlockImpactDistanceZ": 0,
		"BlockImpactDecayRate": 0,
		"CritImpactDistanceX": 0,
		"CritImpactDistanceY": 0,
		"CritImpactDistanceZ": 0,
		"CritImpactDecayRate": 0,
		"AddDmg": 0,
		"StaggerDmgModifier": 0,
		"CritStaggerDmgModifier": 0,
		"StaggerResistModifier": 0,
		"TargetCameraShakeID": "0",
		"CritTargetCameraShakeID": "0",
		"ImpactRating": 0,
		"BlockStaminaDmgMod": 0,
		"BlockAbsorptionModifier": 0,
		"StunBreakoutIncrement": 0,
		"UseAttackerPosForReaction": 0,
		"HitRuneCharge": 0,
		"HitBlockedRuneCharge": 0
	},
	{
		"DamageID": "SharedCremation_Ignition",
		"IgnoreInvulnerable": 0,
		"NoReaction": 0,
		"IsRanged": 0,
		"SurfaceImpactEffect": "Bullet",
		"AttackType": "Light",
		"DamageType": "Fire",
		"EffectOnlyOnDamage": false,
		"EffectWhenNotBlocked": false,
		"DeflectDamageID": "Deflect_Default",
		"CanCrit": true,
		"DmgCoef": 0.05,
		"DmgCoefHead": 1.8,
		"DmgCoefCrit": 2,
		"PowerLevel": 2,
		"BlockPowerLevel": 0,
		"CritPowerLevel": 1,
		"HitStun": 15,
		"BlockHitStun": 0,
		"CritHitStun": 0,
		"ImpactDistanceX": 0,
		"ImpactDistanceY": 2.5,
		"ImpactDistanceZ": 0,
		"ImpactDecayRate": 0.8,
		"BlockImpactDistanceX": 0,
		"BlockImpactDistanceY": 0,
		"BlockImpactDistanceZ": 0,
		"BlockImpactDecayRate": 0,
		"CritImpactDistanceX": 0,
		"CritImpactDistanceY": 0,
		"CritImpactDistanceZ": 0,
		"CritImpactDecayRate": 0,
		"AddDmg": 0,
		"StaggerDmgModifier": 0,
		"CritStaggerDmgModifier": 0,
		"StaggerResistModifier": 0,
		"TargetCameraShakeID": "0",
		"CritTargetCameraShakeID": "0",
		"ImpactRating": 0,
		"BlockStaminaDmgMod": 0,
		"BlockAbsorptionModifier": 0,
		"StunBreakoutIncrement": 0,
		"UseAttackerPosForReaction": 0,
		"HitRuneCharge": 0,
		"HitBlockedRuneCharge": 0
	},
	{
		"DamageID": "SharedCremation_Aura",
		"IgnoreInvulnerable": 0,
		"NoReaction": 1,
		"IsRanged": 0,
		"SurfaceImpactEffect": "Bullet",
		"AttackType": "Light",
		"DamageType": "Fire",
		"EffectOnlyOnDamage": false,
		"EffectWhenNotBlocked": false,
		"DeflectDamageID": "Deflect_Default",
		"CanCrit": true,
		"DmgCoef": 1,
		"DmgCoefHead": 1,
		"DmgCoefCrit": 1.2,
		"PowerLevel": 0,
		"BlockPowerLevel": 0,
		"CritPowerLevel": 1,
		"HitStun": 0,
		"BlockHitStun": 0,
		"CritHitStun": 0,
		"ImpactDistanceX": 0,
		"ImpactDistanceY": 0,
		"ImpactDistanceZ": 0,
		"ImpactDecayRate": 0,
		"BlockImpactDistanceX": 0,
		"BlockImpactDistanceY": 0,
		"BlockImpactDistanceZ": 0,
		"BlockImpactDecayRate": 0,
		"CritImpactDistanceX": 0,
		"CritImpactDistanceY": 0,
		"CritImpactDistanceZ": 0,
		"CritImpactDecayRate": 0,
		"AddDmg": 0,
		"StaggerDmgModifier": 0,
		"CritStaggerDmgModifier": 0,
		"StaggerResistModifier": 0,
		"TargetCameraShakeID": "0",
		"CritTargetCameraShakeID": "0",
		"ImpactRating": 0,
		"BlockStaminaDmgMod": 0,
		"BlockAbsorptionModifier": 0,
		"StunBreakoutIncrement": 0,
		"UseAttackerPosForReaction": 0,
		"HitRuneCharge": 0,
		"HitBlockedRuneCharge": 0
	},
	{
		"DamageID": "NoDamage",
		"IgnoreInvulnerable": 0,
		"NoReaction": 1,
		"IsRanged": 0,
		"EffectOnlyOnDamage": false,
		"EffectWhenNotBlocked": false,
		"DeflectDamageID": "Deflect_Default",
		"CanCrit": true,
		"DmgCoef": 0,
		"DmgCoefHead": 0,
		"DmgCoefCrit": 0,
		"PowerLevel": 0,
		"BlockPowerLevel": 0,
		"CritPowerLevel": 0,
		"HitStun": 0,
		"BlockHitStun": 0,
		"CritHitStun": 0,
		"ImpactDistanceX": 0,
		"ImpactDistanceY": 0,
		"ImpactDistanceZ": 0,
		"ImpactDecayRate": 0,
		"BlockImpactDistanceX": 0,
		"BlockImpactDistanceY": 0,
		"BlockImpactDistanceZ": 0,
		"BlockImpactDecayRate": 0,
		"CritImpactDistanceX": 0,
		"CritImpactDistanceY": 0,
		"CritImpactDistanceZ": 0,
		"CritImpactDecayRate": 0,
		"AddDmg": 0,
		"StaggerDmgModifier": 0,
		"CritStaggerDmgModifier": 0,
		"StaggerResistModifier": 0,
		"TargetCameraShakeID": "0",
		"CritTargetCameraShakeID": "0",
		"ImpactRating": 0,
		"BlockStaminaDmgMod": 0,
		"BlockAbsorptionModifier": 0,
		"StunBreakoutIncrement": 0,
		"UseAttackerPosForReaction": 0,
		"HitRuneCharge": 0,
		"HitBlockedRuneCharge": 0
	},
	{
		"DamageID": "Mummy_1H_TinyStab",
		"WeaponCategory": "Knife",
		"IgnoreInvulnerable": 0,
		"NoReaction": 0,
		"IsRanged": 0,
		"SurfaceImpactEffect": "Bullet",
		"AttackType": "Light",
		"DamageType": "Thrust",
		"EffectOnlyOnDamage": true,
		"EffectWhenNotBlocked": true,
		"DeflectDamageID": "Deflect_Default",
		"CanCrit": false,
		"DmgCoef": 0.25,
		"DmgCoefHead": 0.6,
		"DmgCoefCrit": 0,
		"PowerLevel": 1,
		"BlockPowerLevel": 0,
		"CritPowerLevel": 0,
		"HitStun": 5,
		"BlockHitStun": 0,
		"CritHitStun": 0,
		"ImpactDistanceX": 0,
		"ImpactDistanceY": 1,
		"ImpactDistanceZ": 0,
		"ImpactDecayRate": 0.78,
		"BlockImpactDistanceX": 0,
		"BlockImpactDistanceY": 0,
		"BlockImpactDistanceZ": 0,
		"BlockImpactDecayRate": 0.78,
		"CritImpactDistanceX": 0,
		"CritImpactDistanceY": 1,
		"CritImpactDistanceZ": 0,
		"CritImpactDecayRate": 0.78,
		"AddDmg": 0,
		"StaggerDmgModifier": 1,
		"CritStaggerDmgModifier": 0,
		"StaggerResistModifier": 1,
		"TargetCameraShakeID": "Small",
		"CritTargetCameraShakeID": "Small",
		"ImpactRating": 3,
		"BlockStaminaDmgMod": 0.28,
		"BlockAbsorptionModifier": 1,
		"StunBreakoutIncrement": 0,
		"UseAttackerPosForReaction": 0,
		"HitRuneCharge": 0.1625,
		"HitBlockedRuneCharge": 0.325
	},
	{
		"DamageID": "Kick",
		"IgnoreInvulnerable": 0,
		"NoReaction": 0,
		"IsRanged": 0,
		"SurfaceImpactEffect": "Bullet",
		"AttackType": "Heavy",
		"DamageType": "Strike",
		"EffectOnlyOnDamage": true,
		"EffectWhenNotBlocked": true,
		"DeflectDamageID": "Deflect_Default",
		"CanCrit": false,
		"DmgCoef": 0.05,
		"DmgCoefHead": 0.6,
		"DmgCoefCrit": 0,
		"PowerLevel": 2,
		"BlockPowerLevel": 1,
		"CritPowerLevel": 2,
		"HitStun": 10,
		"BlockHitStun": 0,
		"CritHitStun": 0,
		"ImpactDistanceX": 0,
		"ImpactDistanceY": 2,
		"ImpactDistanceZ": 0.8,
		"ImpactDecayRate": 0.78,
		"BlockImpactDistanceX": 0,
		"BlockImpactDistanceY": 0,
		"BlockImpactDistanceZ": 0,
		"BlockImpactDecayRate": 0.78,
		"CritImpactDistanceX": 0,
		"CritImpactDistanceY": 1,
		"CritImpactDistanceZ": 0,
		"CritImpactDecayRate": 0.78,
		"AddDmg": 0,
		"StaggerDmgModifier": 1,
		"CritStaggerDmgModifier": 0,
		"StaggerResistModifier": 1,
		"TargetCameraShakeID": "Small",
		"CritTargetCameraShakeID": "Small",
		"ImpactRating": 3,
		"BlockStaminaDmgMod": 3,
		"BlockAbsorptionModifier": 1,
		"StunBreakoutIncrement": 0,
		"UseAttackerPosForReaction": 0,
		"HitRuneCharge": 0.1625,
		"HitBlockedRuneCharge": 0.325
	},
	{
		"DamageID": "SharedCremation_SelfIgnitionSEClearR2",
		"IgnoreInvulnerable": 0,
		"NoReaction": 1,
		"IsRanged": 0,
		"StatusEffect": ["AI_MummifiedCorpse_SharedCremationSelfClear"],
		"EffectOnlyOnDamage": false,
		"EffectWhenNotBlocked": false,
		"CanCrit": false,
		"DmgCoef": 0,
		"DmgCoefHead": 0,
		"DmgCoefCrit": 0,
		"PowerLevel": 0,
		"BlockPowerLevel": 0,
		"CritPowerLevel": 0,
		"HitStun": 30,
		"BlockHitStun": 0,
		"CritHitStun": 0,
		"ImpactDistanceX": 0,
		"ImpactDistanceY": 0,
		"ImpactDistanceZ": 0,
		"ImpactDecayRate": 0,
		"BlockImpactDistanceX": 0,
		"BlockImpactDistanceY": 0,
		"BlockImpactDistanceZ": 0,
		"BlockImpactDecayRate": 0,
		"CritImpactDistanceX": 0,
		"CritImpactDistanceY": 0,
		"CritImpactDistanceZ": 0,
		"CritImpactDecayRate": 0,
		"AddDmg": 0,
		"StaggerDmgModifier": 0,
		"CritStaggerDmgModifier": 0,
		"StaggerResistModifier": 0,
		"TargetCameraShakeID": "0",
		"CritTargetCameraShakeID": "0",
		"ImpactRating": 0,
		"BlockStaminaDmgMod": 0,
		"BlockAbsorptionModifier": 0,
		"StunBreakoutIncrement": 0,
		"UseAttackerPosForReaction": 0,
		"HitRuneCharge": 0,
		"HitBlockedRuneCharge": 0
	},
	{
		"DamageID": "SharedCremation_SelfIgnitionSEClearR3",
		"IgnoreInvulnerable": 0,
		"NoReaction": 1,
		"IsRanged": 0,
		"StatusEffect": ["AI_MummifiedCorpse_SharedCremationSelfClear"],
		"EffectOnlyOnDamage": false,
		"EffectWhenNotBlocked": false,
		"CanCrit": false,
		"DmgCoef": 0,
		"DmgCoefHead": 0,
		"DmgCoefCrit": 0,
		"PowerLevel": 0,
		"BlockPowerLevel": 0,
		"CritPowerLevel": 0,
		"HitStun": 40,
		"BlockHitStun": 0,
		"CritHitStun": 0,
		"ImpactDistanceX": 0,
		"ImpactDistanceY": 0,
		"ImpactDistanceZ": 0,
		"ImpactDecayRate": 0,
		"BlockImpactDistanceX": 0,
		"BlockImpactDistanceY": 0,
		"BlockImpactDistanceZ": 0,
		"BlockImpactDecayRate": 0,
		"CritImpactDistanceX": 0,
		"CritImpactDistanceY": 0,
		"CritImpactDistanceZ": 0,
		"CritImpactDecayRate": 0,
		"AddDmg": 0,
		"StaggerDmgModifier": 0,
		"CritStaggerDmgModifier": 0,
		"StaggerResistModifier": 0,
		"TargetCameraShakeID": "0",
		"CritTargetCameraShakeID": "0",
		"ImpactRating": 0,
		"BlockStaminaDmgMod": 0,
		"BlockAbsorptionModifier": 0,
		"StunBreakoutIncrement": 0,
		"UseAttackerPosForReaction": 0,
		"HitRuneCharge": 0,
		"HitBlockedRuneCharge": 0
	},
	{
		"DamageID": "SharedCremation_SelfIgnitionSEClearR4",
		"IgnoreInvulnerable": 0,
		"NoReaction": 1,
		"IsRanged": 0,
		"StatusEffect": ["AI_MummifiedCorpse_SharedCremationSelfClear"],
		"EffectOnlyOnDamage": false,
		"EffectWhenNotBlocked": false,
		"CanCrit": false,
		"DmgCoef": 0,
		"DmgCoefHead": 0,
		"DmgCoefCrit": 0,
		"PowerLevel": 0,
		"BlockPowerLevel": 0,
		"CritPowerLevel": 0,
		"HitStun": 50,
		"BlockHitStun": 0,
		"CritHitStun": 0,
		"ImpactDistanceX": 0,
		"ImpactDistanceY": 0,
		"ImpactDistanceZ": 0,
		"ImpactDecayRate": 0,
		"BlockImpactDistanceX": 0,
		"BlockImpactDistanceY": 0,
		"BlockImpactDistanceZ": 0,
		"BlockImpactDecayRate": 0,
		"CritImpactDistanceX": 0,
		"CritImpactDistanceY": 0,
		"CritImpactDistanceZ": 0,
		"CritImpactDecayRate": 0,
		"AddDmg": 0,
		"StaggerDmgModifier": 0,
		"CritStaggerDmgModifier": 0,
		"StaggerResistModifier": 0,
		"TargetCameraShakeID": "0",
		"CritTargetCameraShakeID": "0",
		"ImpactRating": 0,
		"BlockStaminaDmgMod": 0,
		"BlockAbsorptionModifier": 0,
		"StunBreakoutIncrement": 0,
		"UseAttackerPosForReaction": 0,
		"HitRuneCharge": 0,
		"HitBlockedRuneCharge": 0
	},
	{
		"DamageID": "SharedCremation_SelfIgnitionSEClearStaggerR3",
		"IgnoreInvulnerable": 0,
		"NoReaction": 1,
		"IsRanged": 0,
		"StatusEffect": ["AI_MummifiedCorpse_SharedCremationSelfClear"],
		"EffectOnlyOnDamage": false,
		"EffectWhenNotBlocked": false,
		"CanCrit": false,
		"DmgCoef": 0,
		"DmgCoefHead": 0,
		"DmgCoefCrit": 0,
		"PowerLevel": 0,
		"BlockPowerLevel": 0,
		"CritPowerLevel": 0,
		"HitStun": 40,
		"BlockHitStun": 0,
		"CritHitStun": 0,
		"ImpactDistanceX": 0,
		"ImpactDistanceY": 0,
		"ImpactDistanceZ": 0,
		"ImpactDecayRate": 0,
		"BlockImpactDistanceX": 0,
		"BlockImpactDistanceY": 0,
		"BlockImpactDistanceZ": 0,
		"BlockImpactDecayRate": 0,
		"CritImpactDistanceX": 0,
		"CritImpactDistanceY": 0,
		"CritImpactDistanceZ": 0,
		"CritImpactDecayRate": 0,
		"AddDmg": 0,
		"StaggerDmgModifier": 0,
		"CritStaggerDmgModifier": 0,
		"StaggerResistModifier": 0,
		"TargetCameraShakeID": "0",
		"CritTargetCameraShakeID": "0",
		"ImpactRating": 0,
		"BlockStaminaDmgMod": 0,
		"BlockAbsorptionModifier": 0,
		"StunBreakoutIncrement": 0,
		"UseAttackerPosForReaction": 0,
		"HitRuneCharge": 0,
		"HitBlockedRuneCharge": 0
	},
	{
		"DamageID": "SharedCremation_SelfIgnitionSEClearStaggerR4",
		"IgnoreInvulnerable": 0,
		"NoReaction": 1,
		"IsRanged": 0,
		"StatusEffect": ["AI_MummifiedCorpse_SharedCremationSelfClear"],
		"EffectOnlyOnDamage": false,
		"EffectWhenNotBlocked": false,
		"CanCrit": false,
		"DmgCoef": 0,
		"DmgCoefHead": 0,
		"DmgCoefCrit": 0,
		"PowerLevel": 0,
		"BlockPowerLevel": 0,
		"CritPowerLevel": 0,
		"HitStun": 50,
		"BlockHitStun": 0,
		"CritHitStun": 0,
		"ImpactDistanceX": 0,
		"ImpactDistanceY": 0,
		"ImpactDistanceZ": 0,
		"ImpactDecayRate": 0,
		"BlockImpactDistanceX": 0,
		"BlockImpactDistanceY": 0,
		"BlockImpactDistanceZ": 0,
		"BlockImpactDecayRate": 0,
		"CritImpactDistanceX": 0,
		"CritImpactDistanceY": 0,
		"CritImpactDistanceZ": 0,
		"CritImpactDecayRate": 0,
		"AddDmg": 0,
		"StaggerDmgModifier": 0,
		"CritStaggerDmgModifier": 0,
		"StaggerResistModifier": 0,
		"TargetCameraShakeID": "0",
		"CritTargetCameraShakeID": "0",
		"ImpactRating": 0,
		"BlockStaminaDmgMod": 0,
		"BlockAbsorptionModifier": 0,
		"StunBreakoutIncrement": 0,
		"UseAttackerPosForReaction": 0,
		"HitRuneCharge": 0,
		"HitBlockedRuneCharge": 0
	},
	{
		"DamageID": "Fall",
		"WeaponCategory": "Fall",
		"IgnoreInvulnerable": 1,
		"NoReaction": 1,
		"IsRanged": 0,
		"SurfaceImpactEffect": "Bullet",
		"DamageType": "Falling",
		"EffectOnlyOnDamage": false,
		"EffectWhenNotBlocked": false,
		"CanCrit": false,
		"DmgCoef": 1,
		"DmgCoefHead": 1,
		"DmgCoefCrit": 0,
		"PowerLevel": 2,
		"BlockPowerLevel": 2,
		"CritPowerLevel": 2,
		"HitStun": 0,
		"BlockHitStun": 0,
		"CritHitStun": 0,
		"ImpactDistanceX": 0,
		"ImpactDistanceY": 0,
		"ImpactDistanceZ": 0,
		"ImpactDecayRate": 0,
		"BlockImpactDistanceX": 0,
		"BlockImpactDistanceY": 0,
		"BlockImpactDistanceZ": 0,
		"BlockImpactDecayRate": 0,
		"CritImpactDistanceX": 0,
		"CritImpactDistanceY": 0,
		"CritImpactDistanceZ": 0,
		"CritImpactDecayRate": 0,
		"AddDmg": 0,
		"StaggerDmgModifier": 0,
		"CritStaggerDmgModifier": 0,
		"StaggerResistModifier": 0,
		"ImpactRating": 0,
		"BlockStaminaDmgMod": 0,
		"BlockAbsorptionModifier": 1,
		"StunBreakoutIncrement": 0,
		"UseAttackerPosForReaction": 0,
		"HitRuneCharge": 0.1625,
		"HitBlockedRuneCharge": 0.325
	},
	{
		"DamageID": "Reaction_Breakout",
		"WeaponCategory": "Fall",
		"IgnoreInvulnerable": 1,
		"NoReaction": 1,
		"IsRanged": 0,
		"SurfaceImpactEffect": "Bullet",
		"DamageType": "Falling",
		"EffectOnlyOnDamage": false,
		"EffectWhenNotBlocked": false,
		"CanCrit": false,
		"DmgCoef": 0,
		"DmgCoefHead": 0,
		"DmgCoefCrit": 0,
		"PowerLevel": 0,
		"BlockPowerLevel": 0,
		"CritPowerLevel": 0,
		"HitStun": 0,
		"BlockHitStun": 0,
		"CritHitStun": 0,
		"ImpactDistanceX": 0,
		"ImpactDistanceY": 0,
		"ImpactDistanceZ": 0,
		"ImpactDecayRate": 0,
		"BlockImpactDistanceX": 0,
		"BlockImpactDistanceY": 0,
		"BlockImpactDistanceZ": 0,
		"BlockImpactDecayRate": 0,
		"CritImpactDistanceX": 0,
		"CritImpactDistanceY": 0,
		"CritImpactDistanceZ": 0,
		"CritImpactDecayRate": 0,
		"AddDmg": 0,
		"StaggerDmgModifier": 0,
		"CritStaggerDmgModifier": 0,
		"StaggerResistModifier": 10,
		"TargetCameraShakeID": "Small",
		"CritTargetCameraShakeID": "Small",
		"ImpactRating": 1,
		"BlockStaminaDmgMod": 0,
		"BlockAbsorptionModifier": 1,
		"StunBreakoutIncrement": 1,
		"UseAttackerPosForReaction": 0,
		"HitRuneCharge": 0.1625,
		"HitBlockedRuneCharge": 0.325
	}
]