[
	{
		"VitalsID": "Wall_FtW",
		"DisplayName": "Fort Wall",
		"HealthMin": 0,
		"HealthBaseMax": 70000,
		"HealthInitial": 70000,
		"HealthBaseTickRate": 0,
		"HealthRegenCappedBy": 0,
		"HealthTickDelay": 0,
		"HealthFullyDepletedDelay": 0,
		"HealthLowerThreshold": -1,
		"HealthUpperThreshold": -1,
		"HealthUpdateIfDeathsDoor": 0,
		"HealthUpdateIfDead": 0,
		"BlockDamageMitigation": 0,
		"BlockStaminaCost": 0,
		"StaminaMin": 0,
		"StaminaBaseMax": 0,
		"StaminaInitial": 0,
		"StaminaBaseTickRate": 0,
		"StaminaRegenCappedBy": 0,
		"StaminaTickDelay": 0,
		"StaminaFullyDepletedDelay": 0,
		"StaminaLowerThreshold": -1,
		"StaminaUpperThreshold": -1,
		"StaminaUpdateIfDeathsDoor": 0,
		"StaminaUpdateIfDead": 0,
		"StaminaCostMitigation": 0.6,
		"MinMana": 0,
		"ManaBaseMax": 0,
		"ManaInitial": 0,
		"ManaBaseRegenRate": 0,
		"ManaRegenDelay": 0,
		"ManaRegenDelayOnEmpty": 0,
		"DeathsDoorTime": 0,
		"DeathsDoorDelay": 0,
		"HelpUpHealthPct": 0,
		"FoodBaseMax": 1000,
		"FoodInitial": 650,
		"FoodBaseTickRate": 0,
		"FoodTickDelay": 0,
		"FoodFullyDepletedDelay": 0,
		"FoodLowerThreshold": 0.2,
		"FoodUpperThreshold": 0.66,
		"DrinkMin": 0,
		"DrinkInitial": 400,
		"DrinkBaseMax": 1000,
		"DrinkBaseTickRate": 0,
		"DrinkTickDelay": 0,
		"DrinkFullyDepletedDelay": 0,
		"DrinkLowerThreshold": 0.2,
		"DrinkUpperThreshold": 0.66,
		"DamageCooldown": 10,
		"MaxDefenseMitigationPercent": 0.98,
		"LootDropChance": 0,
		"DEFStandard": 0,
		"ABSStandard": 1,
		"ABSSiege": 0,
		"ABSStrike": 1,
		"ABSSlash": 1,
		"ABSThrust": 1,
		"ABSMagic": 0,
		"ABSFire": 0,
		"ABSLightning": 0,
		"ABSCorruption": 0,
		"RESPoison": 0,
		"RESDisease": 0,
		"WKNStandard": 0,
		"DMGStandard": 1,
		"DMGSiege": 1,
		"DMGStrike": 1,
		"DMGSlash": 1,
		"DMGThrust": 1,
		"DMGMagic": 1,
		"DMGFire": 1,
		"DMGLightning": 1,
		"DMGCorruption": 1,
		"AFAPoison": 0,
		"AFADisease": 0,
		"AFABleed": 0
	},
	{
		"VitalsID": "Gate_FtW",
		"DisplayName": "Fort Gate",
		"HealthMin": 0,
		"HealthBaseMax": 70000,
		"HealthInitial": 70000,
		"HealthBaseTickRate": 0,
		"HealthRegenCappedBy": 0,
		"HealthTickDelay": 0,
		"HealthFullyDepletedDelay": 0,
		"HealthLowerThreshold": -1,
		"HealthUpperThreshold": -1,
		"HealthUpdateIfDeathsDoor": 0,
		"HealthUpdateIfDead": 0,
		"BlockDamageMitigation": 0,
		"BlockStaminaCost": 0,
		"StaminaMin": 0,
		"StaminaBaseMax": 0,
		"StaminaInitial": 0,
		"StaminaBaseTickRate": 0,
		"StaminaRegenCappedBy": 0,
		"StaminaTickDelay": 0,
		"StaminaFullyDepletedDelay": 0,
		"StaminaLowerThreshold": -1,
		"StaminaUpperThreshold": -1,
		"StaminaUpdateIfDeathsDoor": 0,
		"StaminaUpdateIfDead": 0,
		"StaminaCostMitigation": 0.6,
		"MinMana": 0,
		"ManaBaseMax": 0,
		"ManaInitial": 0,
		"ManaBaseRegenRate": 0,
		"ManaRegenDelay": 0,
		"ManaRegenDelayOnEmpty": 0,
		"DeathsDoorTime": 0,
		"DeathsDoorDelay": 0,
		"HelpUpHealthPct": 0,
		"FoodBaseMax": 1000,
		"FoodInitial": 650,
		"FoodBaseTickRate": 0,
		"FoodTickDelay": 0,
		"FoodFullyDepletedDelay": 0,
		"FoodLowerThreshold": 0.2,
		"FoodUpperThreshold": 0.66,
		"DrinkMin": 0,
		"DrinkInitial": 400,
		"DrinkBaseMax": 1000,
		"DrinkBaseTickRate": 0,
		"DrinkTickDelay": 0,
		"DrinkFullyDepletedDelay": 0,
		"DrinkLowerThreshold": 0.2,
		"DrinkUpperThreshold": 0.66,
		"DamageCooldown": 10,
		"MaxDefenseMitigationPercent": 0.98,
		"LootDropChance": 0,
		"DEFStandard": 0,
		"ABSStandard": 1,
		"ABSSiege": 0,
		"ABSStrike": 1,
		"ABSSlash": 1,
		"ABSThrust": 1,
		"ABSMagic": 0,
		"ABSFire": 0,
		"ABSLightning": 0,
		"ABSCorruption": 0,
		"RESPoison": 0,
		"RESDisease": 0,
		"WKNStandard": 0,
		"DMGStandard": 1,
		"DMGSiege": 1,
		"DMGStrike": 1,
		"DMGSlash": 1,
		"DMGThrust": 1,
		"DMGMagic": 1,
		"DMGFire": 1,
		"DMGLightning": 1,
		"DMGCorruption": 1,
		"AFAPoison": 0,
		"AFADisease": 0,
		"AFABleed": 0
	},
	{
		"VitalsID": "Claim_FtW",
		"DisplayName": "Fort Claim",
		"HealthMin": 0,
		"HealthBaseMax": 120000,
		"HealthInitial": 120000,
		"HealthBaseTickRate": 0,
		"HealthRegenCappedBy": 0,
		"HealthTickDelay": 0,
		"HealthFullyDepletedDelay": 0,
		"HealthLowerThreshold": -1,
		"HealthUpperThreshold": -1,
		"HealthUpdateIfDeathsDoor": 0,
		"HealthUpdateIfDead": 0,
		"BlockDamageMitigation": 0,
		"BlockStaminaCost": 0,
		"StaminaMin": 0,
		"StaminaBaseMax": 0,
		"StaminaInitial": 0,
		"StaminaBaseTickRate": 0,
		"StaminaRegenCappedBy": 0,
		"StaminaTickDelay": 0,
		"StaminaFullyDepletedDelay": 0,
		"StaminaLowerThreshold": -1,
		"StaminaUpperThreshold": -1,
		"StaminaUpdateIfDeathsDoor": 0,
		"StaminaUpdateIfDead": 0,
		"StaminaCostMitigation": 0.6,
		"MinMana": 0,
		"ManaBaseMax": 0,
		"ManaInitial": 0,
		"ManaBaseRegenRate": 0,
		"ManaRegenDelay": 0,
		"ManaRegenDelayOnEmpty": 0,
		"DeathsDoorTime": 0,
		"DeathsDoorDelay": 0,
		"HelpUpHealthPct": 0,
		"FoodBaseMax": 1000,
		"FoodInitial": 650,
		"FoodBaseTickRate": 0,
		"FoodTickDelay": 0,
		"FoodFullyDepletedDelay": 0,
		"FoodLowerThreshold": 0.2,
		"FoodUpperThreshold": 0.66,
		"DrinkMin": 0,
		"DrinkInitial": 400,
		"DrinkBaseMax": 1000,
		"DrinkBaseTickRate": 0,
		"DrinkTickDelay": 0,
		"DrinkFullyDepletedDelay": 0,
		"DrinkLowerThreshold": 0.2,
		"DrinkUpperThreshold": 0.66,
		"DamageCooldown": 10,
		"MaxDefenseMitigationPercent": 0.98,
		"LootDropChance": 0,
		"DEFStandard": 0,
		"ABSStandard": 1,
		"ABSSiege": 0,
		"ABSStrike": 1,
		"ABSSlash": 1,
		"ABSThrust": 1,
		"ABSMagic": 0,
		"ABSFire": 0,
		"ABSLightning": 0,
		"ABSCorruption": 0,
		"RESPoison": 0,
		"RESDisease": 0,
		"WKNStandard": 0,
		"DMGStandard": 1,
		"DMGSiege": 1,
		"DMGStrike": 1,
		"DMGSlash": 1,
		"DMGThrust": 1,
		"DMGMagic": 1,
		"DMGFire": 1,
		"DMGLightning": 1,
		"DMGCorruption": 1,
		"AFAPoison": 0,
		"AFADisease": 0,
		"AFABleed": 0
	},
	{
		"VitalsID": "Damned_Acolyte",
		"DisplayName": "Corrupted Acolyte",
		"HealthMin": 0,
		"HealthBaseMax": 2025,
		"HealthInitial": 2025,
		"HealthBaseTickRate": 0,
		"HealthRegenCappedBy": 0,
		"HealthRegenThresholds": "Health;100:0;75:50;50:200;25:350;10:500;0.1:500;0:0",
		"HealthTickDelay": 120,
		"HealthFullyDepletedDelay": 0,
		"HealthLowerThreshold": -1,
		"HealthUpperThreshold": -1,
		"HealthUpdateIfDeathsDoor": 0,
		"HealthUpdateIfDead": 0,
		"BlockDamageMitigation": 1,
		"BlockStaminaCost": 0,
		"StaminaMin": 0,
		"StaminaBaseMax": 0,
		"StaminaInitial": 0,
		"StaminaBaseTickRate": 0,
		"StaminaRegenCappedBy": 0,
		"StaminaTickDelay": 0,
		"StaminaFullyDepletedDelay": 0,
		"StaminaLowerThreshold": -1,
		"StaminaUpperThreshold": -1,
		"StaminaUpdateIfDeathsDoor": 0,
		"StaminaUpdateIfDead": 0,
		"StaminaCostMitigation": 0.6,
		"MinMana": 0,
		"ManaBaseMax": 0,
		"ManaInitial": 0,
		"ManaBaseRegenRate": 0,
		"ManaRegenDelay": 0,
		"ManaRegenDelayOnEmpty": 0,
		"DeathsDoorTime": 0,
		"DeathsDoorDelay": 0,
		"HelpUpHealthPct": 0,
		"FoodBaseMax": 1000,
		"FoodInitial": 650,
		"FoodBaseTickRate": 0,
		"FoodTickDelay": 0,
		"FoodFullyDepletedDelay": 0,
		"FoodLowerThreshold": 0.2,
		"FoodUpperThreshold": 0.66,
		"DrinkMin": 0,
		"DrinkInitial": 400,
		"DrinkBaseMax": 1000,
		"DrinkBaseTickRate": 0,
		"DrinkTickDelay": 0,
		"DrinkFullyDepletedDelay": 0,
		"DrinkLowerThreshold": 0.2,
		"DrinkUpperThreshold": 0.66,
		"DamageCooldown": 10,
		"MaxDefenseMitigationPercent": 0.98,
		"KillEventId": "KillDamned_Priest_T5_50",
		"LootDropChance": 1,
		"LootTableId": "Darkness_Damned_Acolyte",
		"DEFStandard": 0,
		"DEFSiege": "1",
		"ABSStandard": 0,
		"ABSSiege": 0,
		"ABSStrike": 0.56,
		"ABSSlash": 0.56,
		"ABSThrust": 0.56,
		"ABSMagic": 0.56,
		"ABSFire": 0.56,
		"ABSLightning": 0.56,
		"ABSCorruption": 0.56,
		"RESPoison": 0.56,
		"RESDisease": 0.56,
		"WKNStandard": 0,
		"DMGStandard": 0,
		"DMGSiege": 0,
		"DMGStrike": 1,
		"DMGSlash": 1,
		"DMGThrust": 1,
		"DMGMagic": 1,
		"DMGFire": 1,
		"DMGLightning": 1,
		"DMGCorruption": 1,
		"AFAPoison": 1,
		"AFADisease": 1,
		"AFABleed": 0
	},
	{
		"VitalsID": "Corruption_Entity",
		"DisplayName": "Corruption Entity",
		"HealthMin": 0,
		"HealthBaseMax": 420,
		"HealthInitial": 420,
		"HealthBaseTickRate": 500,
		"HealthRegenCappedBy": 0,
		"HealthRegenThresholds": "Health;100:0;75:50;50:200;25:350;10:500;0.1:500;0:0",
		"HealthTickDelay": 120,
		"HealthFullyDepletedDelay": 0,
		"HealthLowerThreshold": -1,
		"HealthUpperThreshold": -1,
		"HealthUpdateIfDeathsDoor": 0,
		"HealthUpdateIfDead": 0,
		"BlockDamageMitigation": 0,
		"BlockStaminaCost": 0,
		"StaminaMin": 0,
		"StaminaBaseMax": 0,
		"StaminaInitial": 0,
		"StaminaBaseTickRate": 0,
		"StaminaRegenCappedBy": 0,
		"StaminaTickDelay": 0,
		"StaminaFullyDepletedDelay": 0,
		"StaminaLowerThreshold": -1,
		"StaminaUpperThreshold": -1,
		"StaminaUpdateIfDeathsDoor": 0,
		"StaminaUpdateIfDead": 0,
		"StaminaCostMitigation": 0.6,
		"MinMana": 0,
		"ManaBaseMax": 0,
		"ManaInitial": 0,
		"ManaBaseRegenRate": 0,
		"ManaRegenDelay": 0,
		"ManaRegenDelayOnEmpty": 0,
		"DeathsDoorTime": 0,
		"DeathsDoorDelay": 0,
		"HelpUpHealthPct": 0,
		"FoodBaseMax": 1000,
		"FoodInitial": 650,
		"FoodBaseTickRate": 0,
		"FoodTickDelay": 0,
		"FoodFullyDepletedDelay": 0,
		"FoodLowerThreshold": 0.2,
		"FoodUpperThreshold": 0.66,
		"DrinkMin": 0,
		"DrinkInitial": 400,
		"DrinkBaseMax": 1000,
		"DrinkBaseTickRate": 0,
		"DrinkTickDelay": 0,
		"DrinkFullyDepletedDelay": 0,
		"DrinkLowerThreshold": 0.2,
		"DrinkUpperThreshold": 0.66,
		"DamageCooldown": 10,
		"MaxDefenseMitigationPercent": 0.9,
		"KillEventId": "KillRisen_T2_10",
		"LootDropChance": 0,
		"DEFStandard": 0,
		"DEFSiege": "0.5",
		"ABSStandard": 0,
		"ABSSiege": 0,
		"ABSStrike": 0.13,
		"ABSSlash": 0.13,
		"ABSThrust": 0.13,
		"ABSMagic": 0.13,
		"ABSFire": 0.13,
		"ABSLightning": 0.13,
		"ABSCorruption": 0.13,
		"RESPoison": 0.13,
		"RESDisease": 0.13,
		"WKNStandard": 0,
		"DMGStandard": 0,
		"DMGSiege": 0,
		"DMGStrike": 1,
		"DMGSlash": 1,
		"DMGThrust": 1,
		"DMGMagic": 1,
		"DMGFire": 1,
		"DMGLightning": 1,
		"DMGCorruption": 1,
		"AFAPoison": 1,
		"AFADisease": 1,
		"AFABleed": 1
	},
	{
		"VitalsID": "Corruption_Regurgitator",
		"DisplayName": "Corruption Regurgitator",
		"HealthMin": 0,
		"HealthBaseMax": 280,
		"HealthInitial": 280,
		"HealthBaseTickRate": 500,
		"HealthRegenCappedBy": 0,
		"HealthRegenThresholds": "Health;100:0;75:50;50:200;25:350;10:500;0.1:500;0:0",
		"HealthTickDelay": 120,
		"HealthFullyDepletedDelay": 0,
		"HealthLowerThreshold": -1,
		"HealthUpperThreshold": -1,
		"HealthUpdateIfDeathsDoor": 0,
		"HealthUpdateIfDead": 0,
		"BlockDamageMitigation": 0,
		"BlockStaminaCost": 0,
		"StaminaMin": 0,
		"StaminaBaseMax": 0,
		"StaminaInitial": 0,
		"StaminaBaseTickRate": 0,
		"StaminaRegenCappedBy": 0,
		"StaminaTickDelay": 0,
		"StaminaFullyDepletedDelay": 0,
		"StaminaLowerThreshold": -1,
		"StaminaUpperThreshold": -1,
		"StaminaUpdateIfDeathsDoor": 0,
		"StaminaUpdateIfDead": 0,
		"StaminaCostMitigation": 0.6,
		"MinMana": 0,
		"ManaBaseMax": 0,
		"ManaInitial": 0,
		"ManaBaseRegenRate": 0,
		"ManaRegenDelay": 0,
		"ManaRegenDelayOnEmpty": 0,
		"DeathsDoorTime": 0,
		"DeathsDoorDelay": 0,
		"HelpUpHealthPct": 0,
		"FoodBaseMax": 1000,
		"FoodInitial": 650,
		"FoodBaseTickRate": 0,
		"FoodTickDelay": 0,
		"FoodFullyDepletedDelay": 0,
		"FoodLowerThreshold": 0.2,
		"FoodUpperThreshold": 0.66,
		"DrinkMin": 0,
		"DrinkInitial": 400,
		"DrinkBaseMax": 1000,
		"DrinkBaseTickRate": 0,
		"DrinkTickDelay": 0,
		"DrinkFullyDepletedDelay": 0,
		"DrinkLowerThreshold": 0.2,
		"DrinkUpperThreshold": 0.66,
		"DamageCooldown": 10,
		"MaxDefenseMitigationPercent": 0.9,
		"KillEventId": "KillRisen_T2_10",
		"LootDropChance": 0,
		"DEFStandard": 0,
		"DEFSiege": "0.5",
		"ABSStandard": 0,
		"ABSSiege": 0,
		"ABSStrike": 0.13,
		"ABSSlash": 0.13,
		"ABSThrust": 0.13,
		"ABSMagic": 0.13,
		"ABSFire": 0.13,
		"ABSLightning": 0.13,
		"ABSCorruption": 0.13,
		"RESPoison": 0.13,
		"RESDisease": 0.13,
		"WKNStandard": 0,
		"DMGStandard": 0,
		"DMGSiege": 0,
		"DMGStrike": 1,
		"DMGSlash": 1,
		"DMGThrust": 1,
		"DMGMagic": 1,
		"DMGFire": 1,
		"DMGLightning": 1,
		"DMGCorruption": 1,
		"AFAPoison": 1,
		"AFADisease": 1,
		"AFABleed": 1
	},
	{
		"VitalsID": "Barricade_FtW",
		"DisplayName": "Fort Barricade ",
		"HealthMin": 0,
		"HealthBaseMax": 12500,
		"HealthInitial": 12500,
		"HealthBaseTickRate": 0,
		"HealthRegenCappedBy": 0,
		"HealthTickDelay": 0,
		"HealthFullyDepletedDelay": 0,
		"HealthLowerThreshold": -1,
		"HealthUpperThreshold": -1,
		"HealthUpdateIfDeathsDoor": 0,
		"HealthUpdateIfDead": 0,
		"BlockDamageMitigation": 0,
		"BlockStaminaCost": 0,
		"StaminaMin": 0,
		"StaminaBaseMax": 0,
		"StaminaInitial": 0,
		"StaminaBaseTickRate": 0,
		"StaminaRegenCappedBy": 0,
		"StaminaTickDelay": 0,
		"StaminaFullyDepletedDelay": 0,
		"StaminaLowerThreshold": -1,
		"StaminaUpperThreshold": -1,
		"StaminaUpdateIfDeathsDoor": 0,
		"StaminaUpdateIfDead": 0,
		"StaminaCostMitigation": 0.6,
		"MinMana": 0,
		"ManaBaseMax": 0,
		"ManaInitial": 0,
		"ManaBaseRegenRate": 0,
		"ManaRegenDelay": 0,
		"ManaRegenDelayOnEmpty": 0,
		"DeathsDoorTime": 0,
		"DeathsDoorDelay": 0,
		"HelpUpHealthPct": 0,
		"FoodBaseMax": 1000,
		"FoodInitial": 650,
		"FoodBaseTickRate": 0,
		"FoodTickDelay": 0,
		"FoodFullyDepletedDelay": 0,
		"FoodLowerThreshold": 0.2,
		"FoodUpperThreshold": 0.66,
		"DrinkMin": 0,
		"DrinkInitial": 400,
		"DrinkBaseMax": 1000,
		"DrinkBaseTickRate": 0,
		"DrinkTickDelay": 0,
		"DrinkFullyDepletedDelay": 0,
		"DrinkLowerThreshold": 0.2,
		"DrinkUpperThreshold": 0.66,
		"DamageCooldown": 10,
		"MaxDefenseMitigationPercent": 0.98,
		"LootDropChance": 0,
		"DEFStandard": 0,
		"ABSStandard": 1,
		"ABSSiege": 0,
		"ABSStrike": 1,
		"ABSSlash": 1,
		"ABSThrust": 1,
		"ABSMagic": 0,
		"ABSFire": 0,
		"ABSLightning": 0,
		"ABSCorruption": 0,
		"RESPoison": 0,
		"RESDisease": 0,
		"WKNStandard": 0,
		"DMGStandard": 0,
		"DMGSiege": 0,
		"DMGStrike": 0,
		"DMGSlash": 0,
		"DMGThrust": 0,
		"DMGMagic": 0,
		"DMGFire": 0,
		"DMGLightning": 0,
		"DMGCorruption": 0,
		"AFAPoison": 0,
		"AFADisease": 0,
		"AFABleed": 0
	},
	{
		"VitalsID": "Grunt",
		"DisplayName": "Grunt",
		"HealthMin": 0,
		"HealthBaseMax": 500,
		"HealthInitial": 500,
		"HealthBaseTickRate": 500,
		"HealthRegenCappedBy": 0,
		"HealthRegenThresholds": "Health;100:0;75:50;50:200;25:350;10:500;0.1:500;0:0",
		"HealthTickDelay": 120,
		"HealthFullyDepletedDelay": 0,
		"HealthLowerThreshold": -1,
		"HealthUpperThreshold": -1,
		"HealthUpdateIfDeathsDoor": 0,
		"HealthUpdateIfDead": 0,
		"BlockDamageMitigation": 0,
		"BlockStaminaCost": 0,
		"StaminaMin": 0,
		"StaminaBaseMax": 0,
		"StaminaInitial": 0,
		"StaminaBaseTickRate": 0,
		"StaminaRegenCappedBy": 0,
		"StaminaTickDelay": 0,
		"StaminaFullyDepletedDelay": 0,
		"StaminaLowerThreshold": -1,
		"StaminaUpperThreshold": -1,
		"StaminaUpdateIfDeathsDoor": 0,
		"StaminaUpdateIfDead": 0,
		"StaminaCostMitigation": 0.6,
		"MinMana": 0,
		"ManaBaseMax": 0,
		"ManaInitial": 0,
		"ManaBaseRegenRate": 0,
		"ManaRegenDelay": 0,
		"ManaRegenDelayOnEmpty": 0,
		"DeathsDoorTime": 0,
		"DeathsDoorDelay": 0,
		"HelpUpHealthPct": 0,
		"FoodBaseMax": 1000,
		"FoodInitial": 650,
		"FoodBaseTickRate": 0,
		"FoodTickDelay": 0,
		"FoodFullyDepletedDelay": 0,
		"FoodLowerThreshold": 0.2,
		"FoodUpperThreshold": 0.66,
		"DrinkMin": 0,
		"DrinkInitial": 400,
		"DrinkBaseMax": 1000,
		"DrinkBaseTickRate": 0,
		"DrinkTickDelay": 0,
		"DrinkFullyDepletedDelay": 0,
		"DrinkLowerThreshold": 0.2,
		"DrinkUpperThreshold": 0.66,
		"DamageCooldown": 10,
		"MaxDefenseMitigationPercent": 0.9,
		"KillEventId": "FTW_KillSmall",
		"LootDropChance": 0,
		"DEFStandard": 0,
		"DEFSiege": "1",
		"ABSStandard": 0,
		"ABSSiege": 0,
		"ABSStrike": 0.13,
		"ABSSlash": 0.13,
		"ABSThrust": 0.13,
		"ABSMagic": 0.13,
		"ABSFire": 0.13,
		"ABSLightning": 0.13,
		"ABSCorruption": 0.13,
		"RESPoison": 0.13,
		"RESDisease": 0.13,
		"WKNStandard": 0,
		"DMGStandard": 0,
		"DMGSiege": 0,
		"DMGStrike": 1,
		"DMGSlash": 1,
		"DMGThrust": 1,
		"DMGMagic": 1,
		"DMGFire": 1,
		"DMGLightning": 1,
		"DMGCorruption": 1,
		"AFAPoison": 1,
		"AFADisease": 1,
		"AFABleed": 0
	},
	{
		"VitalsID": "Raider",
		"DisplayName": "Raider",
		"HealthMin": 0,
		"HealthBaseMax": 320,
		"HealthInitial": 320,
		"HealthBaseTickRate": 0,
		"HealthRegenCappedBy": 0,
		"HealthRegenThresholds": "Health;100:0;75:50;50:200;25:350;10:500;0.1:500;0:0",
		"HealthTickDelay": 120,
		"HealthFullyDepletedDelay": 0,
		"HealthLowerThreshold": -1,
		"HealthUpperThreshold": -1,
		"HealthUpdateIfDeathsDoor": 0,
		"HealthUpdateIfDead": 0,
		"BlockDamageMitigation": 1,
		"BlockStaminaCost": 0.8,
		"StaminaMin": 0,
		"StaminaBaseMax": 50,
		"StaminaInitial": 50,
		"StaminaBaseTickRate": 2,
		"StaminaRegenCappedBy": 0,
		"StaminaTickDelay": 1,
		"StaminaFullyDepletedDelay": 3,
		"StaminaLowerThreshold": -1,
		"StaminaUpperThreshold": -1,
		"StaminaUpdateIfDeathsDoor": 0,
		"StaminaUpdateIfDead": 0,
		"StaminaCostMitigation": 0.6,
		"MinMana": 0,
		"ManaBaseMax": 0,
		"ManaInitial": 0,
		"ManaBaseRegenRate": 0,
		"ManaRegenDelay": 0,
		"ManaRegenDelayOnEmpty": 0,
		"DeathsDoorTime": 0,
		"DeathsDoorDelay": 0,
		"HelpUpHealthPct": 0,
		"FoodBaseMax": 1000,
		"FoodInitial": 650,
		"FoodBaseTickRate": 0,
		"FoodTickDelay": 0,
		"FoodFullyDepletedDelay": 0,
		"FoodLowerThreshold": 0.2,
		"FoodUpperThreshold": 0.66,
		"DrinkMin": 0,
		"DrinkInitial": 400,
		"DrinkBaseMax": 1000,
		"DrinkBaseTickRate": 0,
		"DrinkTickDelay": 0,
		"DrinkFullyDepletedDelay": 0,
		"DrinkLowerThreshold": 0.2,
		"DrinkUpperThreshold": 0.66,
		"DamageCooldown": 10,
		"MaxDefenseMitigationPercent": 0.9,
		"KillEventId": "FTW_KillMedium",
		"LootDropChance": 0,
		"DEFStandard": 0,
		"DEFSiege": "1",
		"ABSStandard": 0,
		"ABSSiege": 0,
		"ABSStrike": 0.46,
		"ABSSlash": 0.46,
		"ABSThrust": 0.46,
		"ABSMagic": 0.46,
		"ABSFire": 0.46,
		"ABSLightning": 0.46,
		"ABSCorruption": 0.46,
		"RESPoison": 0.46,
		"RESDisease": 0.46,
		"WKNStandard": 0,
		"DMGStandard": 0,
		"DMGSiege": 0,
		"DMGStrike": 1,
		"DMGSlash": 1,
		"DMGThrust": 1,
		"DMGMagic": 1,
		"DMGFire": 1,
		"DMGLightning": 1,
		"DMGCorruption": 1,
		"AFAPoison": 1,
		"AFADisease": 1,
		"AFABleed": 0
	},
	{
		"VitalsID": "Sniper",
		"DisplayName": "Sniper",
		"HealthMin": 0,
		"HealthBaseMax": 256,
		"HealthInitial": 256,
		"HealthBaseTickRate": 0,
		"HealthRegenCappedBy": 0,
		"HealthRegenThresholds": "Health;100:0;75:50;50:200;25:350;10:500;0.1:500;0:0",
		"HealthTickDelay": 120,
		"HealthFullyDepletedDelay": 0,
		"HealthLowerThreshold": -1,
		"HealthUpperThreshold": -1,
		"HealthUpdateIfDeathsDoor": 0,
		"HealthUpdateIfDead": 0,
		"BlockDamageMitigation": 0,
		"BlockStaminaCost": 0,
		"StaminaMin": 0,
		"StaminaBaseMax": 0,
		"StaminaInitial": 0,
		"StaminaBaseTickRate": 0,
		"StaminaRegenCappedBy": 0,
		"StaminaTickDelay": 0,
		"StaminaFullyDepletedDelay": 0,
		"StaminaLowerThreshold": -1,
		"StaminaUpperThreshold": -1,
		"StaminaUpdateIfDeathsDoor": 0,
		"StaminaUpdateIfDead": 0,
		"StaminaCostMitigation": 0.6,
		"MinMana": 0,
		"ManaBaseMax": 0,
		"ManaInitial": 0,
		"ManaBaseRegenRate": 0,
		"ManaRegenDelay": 0,
		"ManaRegenDelayOnEmpty": 0,
		"DeathsDoorTime": 0,
		"DeathsDoorDelay": 0,
		"HelpUpHealthPct": 0,
		"FoodBaseMax": 1000,
		"FoodInitial": 650,
		"FoodBaseTickRate": 0,
		"FoodTickDelay": 0,
		"FoodFullyDepletedDelay": 0,
		"FoodLowerThreshold": 0.2,
		"FoodUpperThreshold": 0.66,
		"DrinkMin": 0,
		"DrinkInitial": 400,
		"DrinkBaseMax": 1000,
		"DrinkBaseTickRate": 0,
		"DrinkTickDelay": 0,
		"DrinkFullyDepletedDelay": 0,
		"DrinkLowerThreshold": 0.2,
		"DrinkUpperThreshold": 0.66,
		"DamageCooldown": 10,
		"MaxDefenseMitigationPercent": 0.9,
		"KillEventId": "FTW_KillMedium",
		"LootDropChance": 0,
		"DEFStandard": 0,
		"DEFSiege": "1",
		"ABSStandard": 0,
		"ABSSiege": 0,
		"ABSStrike": 0.41,
		"ABSSlash": 0.41,
		"ABSThrust": 0.41,
		"ABSMagic": 0.41,
		"ABSFire": 0.41,
		"ABSLightning": 0.41,
		"ABSCorruption": 0.41,
		"RESPoison": 0.41,
		"RESDisease": 0.41,
		"WKNStandard": 0,
		"DMGStandard": 0,
		"DMGSiege": 0,
		"DMGStrike": 1,
		"DMGSlash": 1,
		"DMGThrust": 1,
		"DMGMagic": 1,
		"DMGFire": 1,
		"DMGLightning": 1,
		"DMGCorruption": 1,
		"AFAPoison": 1,
		"AFADisease": 1,
		"AFABleed": 0
	},
	{
		"VitalsID": "MinibossDamnedBear",
		"DisplayName": "Corrupted Bear - Miniboss",
		"HealthMin": 0,
		"HealthBaseMax": 8200,
		"HealthInitial": 8200,
		"HealthBaseTickRate": 500,
		"HealthRegenCappedBy": 0,
		"HealthRegenThresholds": "Health;100:0;75:50;50:200;25:350;10:500;0.1:500;0:0",
		"HealthTickDelay": 120,
		"HealthFullyDepletedDelay": 0,
		"HealthLowerThreshold": -1,
		"HealthUpperThreshold": -1,
		"HealthUpdateIfDeathsDoor": 0,
		"HealthUpdateIfDead": 0,
		"BlockDamageMitigation": 0,
		"BlockStaminaCost": 0,
		"StaminaMin": 0,
		"StaminaBaseMax": 0,
		"StaminaInitial": 0,
		"StaminaBaseTickRate": 0,
		"StaminaRegenCappedBy": 0,
		"StaminaTickDelay": 0,
		"StaminaFullyDepletedDelay": 0,
		"StaminaLowerThreshold": -1,
		"StaminaUpperThreshold": -1,
		"StaminaUpdateIfDeathsDoor": 0,
		"StaminaUpdateIfDead": 0,
		"StaminaCostMitigation": 0.6,
		"MinMana": 0,
		"ManaBaseMax": 0,
		"ManaInitial": 0,
		"ManaBaseRegenRate": 0,
		"ManaRegenDelay": 0,
		"ManaRegenDelayOnEmpty": 0,
		"DeathsDoorTime": 0,
		"DeathsDoorDelay": 0,
		"HelpUpHealthPct": 0,
		"FoodBaseMax": 1000,
		"FoodInitial": 650,
		"FoodBaseTickRate": 0,
		"FoodTickDelay": 0,
		"FoodFullyDepletedDelay": 0,
		"FoodLowerThreshold": 0.2,
		"FoodUpperThreshold": 0.66,
		"DrinkMin": 0,
		"DrinkInitial": 400,
		"DrinkBaseMax": 1000,
		"DrinkBaseTickRate": 0,
		"DrinkTickDelay": 0,
		"DrinkFullyDepletedDelay": 0,
		"DrinkLowerThreshold": 0.2,
		"DrinkUpperThreshold": 0.66,
		"DamageCooldown": 10,
		"MaxDefenseMitigationPercent": 0.98,
		"KillEventId": "FTW_KillLarge",
		"LootDropChance": 0,
		"DEFStandard": 0,
		"DEFSiege": "1",
		"ABSStandard": 0,
		"ABSSiege": 0,
		"ABSStrike": 0.53,
		"ABSSlash": 0.53,
		"ABSThrust": 0.53,
		"ABSMagic": 0.53,
		"ABSFire": 0.53,
		"ABSLightning": 0.53,
		"ABSCorruption": 0.53,
		"RESPoison": 0.53,
		"RESDisease": 0.53,
		"WKNStandard": 0,
		"DMGStandard": 0,
		"DMGSiege": 0,
		"DMGStrike": 1,
		"DMGSlash": 1,
		"DMGThrust": 1,
		"DMGMagic": 1,
		"DMGFire": 1,
		"DMGLightning": 1,
		"DMGCorruption": 1,
		"AFAPoison": 1,
		"AFADisease": 1,
		"AFABleed": 0
	},
	{
		"VitalsID": "Digger",
		"DisplayName": "Digger",
		"HealthMin": 0,
		"HealthBaseMax": 384,
		"HealthInitial": 384,
		"HealthBaseTickRate": 500,
		"HealthRegenCappedBy": 0,
		"HealthRegenThresholds": "Health;100:0;75:50;50:200;25:350;10:500;0.1:500;0:0",
		"HealthTickDelay": 120,
		"HealthFullyDepletedDelay": 0,
		"HealthLowerThreshold": -1,
		"HealthUpperThreshold": -1,
		"HealthUpdateIfDeathsDoor": 0,
		"HealthUpdateIfDead": 0,
		"BlockDamageMitigation": 0,
		"BlockStaminaCost": 0,
		"StaminaMin": 0,
		"StaminaBaseMax": 0,
		"StaminaInitial": 0,
		"StaminaBaseTickRate": 0,
		"StaminaRegenCappedBy": 0,
		"StaminaTickDelay": -1,
		"StaminaFullyDepletedDelay": 0,
		"StaminaLowerThreshold": -1,
		"StaminaUpperThreshold": -1,
		"StaminaUpdateIfDeathsDoor": 0,
		"StaminaUpdateIfDead": 0,
		"StaminaCostMitigation": 0.6,
		"MinMana": 0,
		"ManaBaseMax": 0,
		"ManaInitial": 0,
		"ManaBaseRegenRate": 0,
		"ManaRegenDelay": 0,
		"ManaRegenDelayOnEmpty": 0,
		"DeathsDoorTime": 0,
		"DeathsDoorDelay": 0,
		"HelpUpHealthPct": 0,
		"FoodBaseMax": 1000,
		"FoodInitial": 650,
		"FoodBaseTickRate": 0,
		"FoodTickDelay": 0,
		"FoodFullyDepletedDelay": 0,
		"FoodLowerThreshold": 0.2,
		"FoodUpperThreshold": 0.66,
		"DrinkMin": 0,
		"DrinkInitial": 400,
		"DrinkBaseMax": 1000,
		"DrinkBaseTickRate": 0,
		"DrinkTickDelay": 0,
		"DrinkFullyDepletedDelay": 0,
		"DrinkLowerThreshold": 0.2,
		"DrinkUpperThreshold": 0.66,
		"DamageCooldown": 10,
		"MaxDefenseMitigationPercent": 0.9,
		"KillEventId": "FTW_KillMedium",
		"LootDropChance": 0,
		"DEFStandard": 0,
		"DEFSiege": "1",
		"ABSStandard": 0,
		"ABSSiege": 0,
		"ABSStrike": 0.38,
		"ABSSlash": 0.38,
		"ABSThrust": 0.38,
		"ABSMagic": 0.38,
		"ABSFire": 0.38,
		"ABSLightning": 0.38,
		"ABSCorruption": 0.38,
		"RESPoison": 0.38,
		"RESDisease": 0.38,
		"WKNStandard": 0,
		"DMGStandard": 0,
		"DMGSiege": 0,
		"DMGStrike": 1,
		"DMGSlash": 1,
		"DMGThrust": 1,
		"DMGMagic": 1,
		"DMGFire": 1,
		"DMGLightning": 1,
		"DMGCorruption": 1,
		"AFAPoison": 1,
		"AFADisease": 1,
		"AFABleed": 0
	},
	{
		"VitalsID": "MinibossCommander",
		"DisplayName": "Corrupted Champion - Boss",
		"HealthMin": 0,
		"HealthBaseMax": 9500,
		"HealthInitial": 9500,
		"HealthBaseTickRate": 0,
		"HealthRegenCappedBy": 0,
		"HealthRegenThresholds": "Health;100:0;75:50;50:200;25:350;10:500;0.1:500;0:0",
		"HealthTickDelay": 45,
		"HealthFullyDepletedDelay": 0,
		"HealthLowerThreshold": -1,
		"HealthUpperThreshold": -1,
		"HealthUpdateIfDeathsDoor": 0,
		"HealthUpdateIfDead": 0,
		"BlockDamageMitigation": 1,
		"BlockStaminaCost": 0.8,
		"StaminaMin": 0,
		"StaminaBaseMax": 50,
		"StaminaInitial": 50,
		"StaminaBaseTickRate": 2,
		"StaminaRegenCappedBy": 0,
		"StaminaTickDelay": 1,
		"StaminaFullyDepletedDelay": 3,
		"StaminaLowerThreshold": -1,
		"StaminaUpperThreshold": -1,
		"StaminaUpdateIfDeathsDoor": 0,
		"StaminaUpdateIfDead": 0,
		"StaminaCostMitigation": 0.6,
		"MinMana": 0,
		"ManaBaseMax": 0,
		"ManaInitial": 0,
		"ManaBaseRegenRate": 0,
		"ManaRegenDelay": 0,
		"ManaRegenDelayOnEmpty": 0,
		"DeathsDoorTime": 0,
		"DeathsDoorDelay": 0,
		"HelpUpHealthPct": 0,
		"FoodBaseMax": 1000,
		"FoodInitial": 650,
		"FoodBaseTickRate": 0,
		"FoodTickDelay": 0,
		"FoodFullyDepletedDelay": 0,
		"FoodLowerThreshold": 0.2,
		"FoodUpperThreshold": 0.66,
		"DrinkMin": 0,
		"DrinkInitial": 400,
		"DrinkBaseMax": 1000,
		"DrinkBaseTickRate": 0,
		"DrinkTickDelay": 0,
		"DrinkFullyDepletedDelay": 0,
		"DrinkLowerThreshold": 0.2,
		"DrinkUpperThreshold": 0.66,
		"DamageCooldown": 10,
		"MaxDefenseMitigationPercent": 0.98,
		"KillEventId": "FTW_KillLarge",
		"LootDropChance": 0,
		"DEFStandard": 0,
		"DEFSiege": "1",
		"ABSStandard": 0,
		"ABSSiege": 0,
		"ABSStrike": 0.56,
		"ABSSlash": 0.56,
		"ABSThrust": 0.56,
		"ABSMagic": 0.56,
		"ABSFire": 0.56,
		"ABSLightning": 0.56,
		"ABSCorruption": 0.56,
		"RESPoison": 0.56,
		"RESDisease": 0.56,
		"WKNStandard": 0,
		"DMGStandard": 0,
		"DMGSiege": 0,
		"DMGStrike": 1,
		"DMGSlash": 1,
		"DMGThrust": 1,
		"DMGMagic": 1,
		"DMGFire": 1,
		"DMGLightning": 1,
		"DMGCorruption": 1,
		"AFAPoison": 1,
		"AFADisease": 1,
		"AFABleed": 0
	},
	{
		"VitalsID": "MinibossPriest",
		"DisplayName": "Corrupted Priest - Miniboss",
		"HealthMin": 0,
		"HealthBaseMax": 4050,
		"HealthInitial": 4050,
		"HealthBaseTickRate": 0,
		"HealthRegenCappedBy": 0,
		"HealthRegenThresholds": "Health;100:0;75:50;50:200;25:350;10:500;0.1:500;0:0",
		"HealthTickDelay": 120,
		"HealthFullyDepletedDelay": 0,
		"HealthLowerThreshold": -1,
		"HealthUpperThreshold": -1,
		"HealthUpdateIfDeathsDoor": 0,
		"HealthUpdateIfDead": 0,
		"BlockDamageMitigation": 1,
		"BlockStaminaCost": 0,
		"StaminaMin": 0,
		"StaminaBaseMax": 0,
		"StaminaInitial": 0,
		"StaminaBaseTickRate": 0,
		"StaminaRegenCappedBy": 0,
		"StaminaTickDelay": 0,
		"StaminaFullyDepletedDelay": 0,
		"StaminaLowerThreshold": -1,
		"StaminaUpperThreshold": -1,
		"StaminaUpdateIfDeathsDoor": 0,
		"StaminaUpdateIfDead": 0,
		"StaminaCostMitigation": 0.6,
		"MinMana": 0,
		"ManaBaseMax": 0,
		"ManaInitial": 0,
		"ManaBaseRegenRate": 0,
		"ManaRegenDelay": 0,
		"ManaRegenDelayOnEmpty": 0,
		"DeathsDoorTime": 0,
		"DeathsDoorDelay": 0,
		"HelpUpHealthPct": 0,
		"FoodBaseMax": 1000,
		"FoodInitial": 650,
		"FoodBaseTickRate": 0,
		"FoodTickDelay": 0,
		"FoodFullyDepletedDelay": 0,
		"FoodLowerThreshold": 0.2,
		"FoodUpperThreshold": 0.66,
		"DrinkMin": 0,
		"DrinkInitial": 400,
		"DrinkBaseMax": 1000,
		"DrinkBaseTickRate": 0,
		"DrinkTickDelay": 0,
		"DrinkFullyDepletedDelay": 0,
		"DrinkLowerThreshold": 0.2,
		"DrinkUpperThreshold": 0.66,
		"DamageCooldown": 10,
		"MaxDefenseMitigationPercent": 0.98,
		"KillEventId": "FTW_KillLarge",
		"LootDropChance": 0,
		"DEFStandard": 0,
		"DEFSiege": "1",
		"ABSStandard": 0,
		"ABSSiege": 0,
		"ABSStrike": 0.56,
		"ABSSlash": 0.56,
		"ABSThrust": 0.56,
		"ABSMagic": 0.56,
		"ABSFire": 0.56,
		"ABSLightning": 0.56,
		"ABSCorruption": 0.56,
		"RESPoison": 0.56,
		"RESDisease": 0.56,
		"WKNStandard": 0,
		"DMGStandard": 0,
		"DMGSiege": 0,
		"DMGStrike": 1,
		"DMGSlash": 1,
		"DMGThrust": 1,
		"DMGMagic": 1,
		"DMGFire": 1,
		"DMGLightning": 1,
		"DMGCorruption": 1,
		"AFAPoison": 1,
		"AFADisease": 1,
		"AFABleed": 0
	},
	{
		"VitalsID": "Shielder",
		"DisplayName": "Shielder",
		"HealthMin": 0,
		"HealthBaseMax": 1200,
		"HealthInitial": 1200,
		"HealthBaseTickRate": 500,
		"HealthRegenCappedBy": 0,
		"HealthRegenThresholds": "Health;100:0;75:50;50:200;25:350;10:500;0.1:500;0:0",
		"HealthTickDelay": 120,
		"HealthFullyDepletedDelay": 0,
		"HealthLowerThreshold": -1,
		"HealthUpperThreshold": -1,
		"HealthUpdateIfDeathsDoor": 0,
		"HealthUpdateIfDead": 0,
		"BlockDamageMitigation": 0,
		"BlockStaminaCost": 0,
		"StaminaMin": 0,
		"StaminaBaseMax": 0,
		"StaminaInitial": 0,
		"StaminaBaseTickRate": 0,
		"StaminaRegenCappedBy": 0,
		"StaminaTickDelay": 0,
		"StaminaFullyDepletedDelay": 0,
		"StaminaLowerThreshold": -1,
		"StaminaUpperThreshold": -1,
		"StaminaUpdateIfDeathsDoor": 0,
		"StaminaUpdateIfDead": 0,
		"StaminaCostMitigation": 0.6,
		"MinMana": 0,
		"ManaBaseMax": 0,
		"ManaInitial": 0,
		"ManaBaseRegenRate": 0,
		"ManaRegenDelay": 0,
		"ManaRegenDelayOnEmpty": 0,
		"DeathsDoorTime": 0,
		"DeathsDoorDelay": 0,
		"HelpUpHealthPct": 0,
		"FoodBaseMax": 1000,
		"FoodInitial": 650,
		"FoodBaseTickRate": 0,
		"FoodTickDelay": 0,
		"FoodFullyDepletedDelay": 0,
		"FoodLowerThreshold": 0.2,
		"FoodUpperThreshold": 0.66,
		"DrinkMin": 0,
		"DrinkInitial": 400,
		"DrinkBaseMax": 1000,
		"DrinkBaseTickRate": 0,
		"DrinkTickDelay": 0,
		"DrinkFullyDepletedDelay": 0,
		"DrinkLowerThreshold": 0.2,
		"DrinkUpperThreshold": 0.66,
		"DamageCooldown": 10,
		"MaxDefenseMitigationPercent": 0.98,
		"KillEventId": "FTW_KillLarge",
		"LootDropChance": 0,
		"DEFStandard": 0,
		"DEFSiege": "1",
		"ABSStandard": 0,
		"ABSSiege": 0,
		"ABSStrike": 0.53,
		"ABSSlash": 0.53,
		"ABSThrust": 0.53,
		"ABSMagic": 0.53,
		"ABSFire": 0.53,
		"ABSLightning": 0.53,
		"ABSCorruption": 0.53,
		"RESPoison": 0.53,
		"RESDisease": 0.53,
		"WKNStandard": 0,
		"DMGStandard": 0,
		"DMGSiege": 0,
		"DMGStrike": 1,
		"DMGSlash": 1,
		"DMGThrust": 1,
		"DMGMagic": 1,
		"DMGFire": 1,
		"DMGLightning": 1,
		"DMGCorruption": 1,
		"AFAPoison": 1,
		"AFADisease": 1,
		"AFABleed": 0
	},
	{
		"VitalsID": "Bomber",
		"DisplayName": "Bomber",
		"HealthMin": 0,
		"HealthBaseMax": 1000,
		"HealthInitial": 1000,
		"HealthBaseTickRate": 500,
		"HealthRegenCappedBy": 0,
		"HealthRegenThresholds": "Health;100:0;75:50;50:200;25:350;10:500;0.1:500;0:0",
		"HealthTickDelay": 120,
		"HealthFullyDepletedDelay": 0,
		"HealthLowerThreshold": -1,
		"HealthUpperThreshold": -1,
		"HealthUpdateIfDeathsDoor": 0,
		"HealthUpdateIfDead": 0,
		"BlockDamageMitigation": 0,
		"BlockStaminaCost": 0,
		"StaminaMin": 0,
		"StaminaBaseMax": 0,
		"StaminaInitial": 0,
		"StaminaBaseTickRate": 0,
		"StaminaRegenCappedBy": 0,
		"StaminaTickDelay": 0,
		"StaminaFullyDepletedDelay": 0,
		"StaminaLowerThreshold": -1,
		"StaminaUpperThreshold": -1,
		"StaminaUpdateIfDeathsDoor": 0,
		"StaminaUpdateIfDead": 0,
		"StaminaCostMitigation": 0.6,
		"MinMana": 0,
		"ManaBaseMax": 0,
		"ManaInitial": 0,
		"ManaBaseRegenRate": 0,
		"ManaRegenDelay": 0,
		"ManaRegenDelayOnEmpty": 0,
		"DeathsDoorTime": 0,
		"DeathsDoorDelay": 0,
		"HelpUpHealthPct": 0,
		"FoodBaseMax": 1000,
		"FoodInitial": 650,
		"FoodBaseTickRate": 0,
		"FoodTickDelay": 0,
		"FoodFullyDepletedDelay": 0,
		"FoodLowerThreshold": 0.2,
		"FoodUpperThreshold": 0.66,
		"DrinkMin": 0,
		"DrinkInitial": 400,
		"DrinkBaseMax": 1000,
		"DrinkBaseTickRate": 0,
		"DrinkTickDelay": 0,
		"DrinkFullyDepletedDelay": 0,
		"DrinkLowerThreshold": 0.2,
		"DrinkUpperThreshold": 0.66,
		"DamageCooldown": 10,
		"MaxDefenseMitigationPercent": 0.9,
		"KillEventId": "FTW_KillSmall",
		"LootDropChance": 0,
		"DEFStandard": 1,
		"DEFSiege": "Risen",
		"ABSStandard": 0,
		"ABSSiege": 0,
		"ABSStrike": 0.13,
		"ABSSlash": 0.13,
		"ABSThrust": 0.13,
		"ABSMagic": 0.13,
		"ABSFire": 0.13,
		"ABSLightning": 0.13,
		"ABSCorruption": 0.13,
		"RESPoison": 0.13,
		"RESDisease": 0.13,
		"WKNStandard": 0,
		"DMGStandard": 0,
		"DMGSiege": 0,
		"DMGStrike": 1,
		"DMGSlash": 1,
		"DMGThrust": 1,
		"DMGMagic": 1,
		"DMGFire": 1,
		"DMGLightning": 1,
		"DMGCorruption": 1,
		"AFAPoison": 1,
		"AFADisease": 1,
		"AFABleed": 0
	},
	{
		"VitalsID": "Climber",
		"DisplayName": "Climber",
		"HealthMin": 0,
		"HealthBaseMax": 1000,
		"HealthInitial": 1000,
		"HealthBaseTickRate": 500,
		"HealthRegenCappedBy": 0,
		"HealthRegenThresholds": "Health;100:0;75:50;50:200;25:350;10:500;0.1:500;0:0",
		"HealthTickDelay": 120,
		"HealthFullyDepletedDelay": 0,
		"HealthLowerThreshold": -1,
		"HealthUpperThreshold": -1,
		"HealthUpdateIfDeathsDoor": 0,
		"HealthUpdateIfDead": 0,
		"BlockDamageMitigation": 0,
		"BlockStaminaCost": 0,
		"StaminaMin": 0,
		"StaminaBaseMax": 0,
		"StaminaInitial": 0,
		"StaminaBaseTickRate": 0,
		"StaminaRegenCappedBy": 0,
		"StaminaTickDelay": 0,
		"StaminaFullyDepletedDelay": 0,
		"StaminaLowerThreshold": -1,
		"StaminaUpperThreshold": -1,
		"StaminaUpdateIfDeathsDoor": 0,
		"StaminaUpdateIfDead": 0,
		"StaminaCostMitigation": 0.6,
		"MinMana": 0,
		"ManaBaseMax": 0,
		"ManaInitial": 0,
		"ManaBaseRegenRate": 0,
		"ManaRegenDelay": 0,
		"ManaRegenDelayOnEmpty": 0,
		"DeathsDoorTime": 0,
		"DeathsDoorDelay": 0,
		"HelpUpHealthPct": 0,
		"FoodBaseMax": 1000,
		"FoodInitial": 650,
		"FoodBaseTickRate": 0,
		"FoodTickDelay": 0,
		"FoodFullyDepletedDelay": 0,
		"FoodLowerThreshold": 0.2,
		"FoodUpperThreshold": 0.66,
		"DrinkMin": 0,
		"DrinkInitial": 400,
		"DrinkBaseMax": 1000,
		"DrinkBaseTickRate": 0,
		"DrinkTickDelay": 0,
		"DrinkFullyDepletedDelay": 0,
		"DrinkLowerThreshold": 0.2,
		"DrinkUpperThreshold": 0.66,
		"DamageCooldown": 10,
		"MaxDefenseMitigationPercent": 0.9,
		"KillEventId": "FTW_KillSmall",
		"LootDropChance": 0,
		"DEFStandard": 1,
		"DEFSiege": "Risen",
		"ABSStandard": 0,
		"ABSSiege": 0,
		"ABSStrike": 0.13,
		"ABSSlash": 0.13,
		"ABSThrust": 0.13,
		"ABSMagic": 0.13,
		"ABSFire": 0.13,
		"ABSLightning": 0.13,
		"ABSCorruption": 0.13,
		"RESPoison": 0.13,
		"RESDisease": 0.13,
		"WKNStandard": 0,
		"DMGStandard": 0,
		"DMGSiege": 0,
		"DMGStrike": 1,
		"DMGSlash": 1,
		"DMGThrust": 1,
		"DMGMagic": 1,
		"DMGFire": 1,
		"DMGLightning": 1,
		"DMGCorruption": 1,
		"AFAPoison": 1,
		"AFADisease": 1,
		"AFABleed": 0
	},
	{
		"VitalsID": "Task_Master",
		"DisplayName": "Task Master",
		"HealthMin": 0,
		"HealthBaseMax": 1000,
		"HealthInitial": 1000,
		"HealthBaseTickRate": 500,
		"HealthRegenCappedBy": 0,
		"HealthRegenThresholds": "Health;100:0;75:50;50:200;25:350;10:500;0.1:500;0:0",
		"HealthTickDelay": 120,
		"HealthFullyDepletedDelay": 0,
		"HealthLowerThreshold": -1,
		"HealthUpperThreshold": -1,
		"HealthUpdateIfDeathsDoor": 0,
		"HealthUpdateIfDead": 0,
		"BlockDamageMitigation": 0,
		"BlockStaminaCost": 0,
		"StaminaMin": 0,
		"StaminaBaseMax": 0,
		"StaminaInitial": 0,
		"StaminaBaseTickRate": 0,
		"StaminaRegenCappedBy": 0,
		"StaminaTickDelay": 0,
		"StaminaFullyDepletedDelay": 0,
		"StaminaLowerThreshold": -1,
		"StaminaUpperThreshold": -1,
		"StaminaUpdateIfDeathsDoor": 0,
		"StaminaUpdateIfDead": 0,
		"StaminaCostMitigation": 0.6,
		"MinMana": 0,
		"ManaBaseMax": 0,
		"ManaInitial": 0,
		"ManaBaseRegenRate": 0,
		"ManaRegenDelay": 0,
		"ManaRegenDelayOnEmpty": 0,
		"DeathsDoorTime": 0,
		"DeathsDoorDelay": 0,
		"HelpUpHealthPct": 0,
		"FoodBaseMax": 1000,
		"FoodInitial": 650,
		"FoodBaseTickRate": 0,
		"FoodTickDelay": 0,
		"FoodFullyDepletedDelay": 0,
		"FoodLowerThreshold": 0.2,
		"FoodUpperThreshold": 0.66,
		"DrinkMin": 0,
		"DrinkInitial": 400,
		"DrinkBaseMax": 1000,
		"DrinkBaseTickRate": 0,
		"DrinkTickDelay": 0,
		"DrinkFullyDepletedDelay": 0,
		"DrinkLowerThreshold": 0.2,
		"DrinkUpperThreshold": 0.66,
		"DamageCooldown": 10,
		"MaxDefenseMitigationPercent": 0.9,
		"KillEventId": "FTW_KillSmall",
		"LootDropChance": 0,
		"DEFStandard": 1,
		"DEFSiege": "Risen",
		"ABSStandard": 0,
		"ABSSiege": 0,
		"ABSStrike": 0.13,
		"ABSSlash": 0.13,
		"ABSThrust": 0.13,
		"ABSMagic": 0.13,
		"ABSFire": 0.13,
		"ABSLightning": 0.13,
		"ABSCorruption": 0.13,
		"RESPoison": 0.13,
		"RESDisease": 0.13,
		"WKNStandard": 0,
		"DMGStandard": 0,
		"DMGSiege": 0,
		"DMGStrike": 1,
		"DMGSlash": 1,
		"DMGThrust": 1,
		"DMGMagic": 1,
		"DMGFire": 1,
		"DMGLightning": 1,
		"DMGCorruption": 1,
		"AFAPoison": 1,
		"AFADisease": 1,
		"AFABleed": 0
	},
	{
		"VitalsID": "Damned_Commander_RiftBoss",
		"DisplayName": "Corrupted Rift Champion",
		"VitalsCategories": "Hostile,Corrupted,CorruptedBoss",
		"HealthMin": 0,
		"HealthBaseMax": 8535,
		"HealthInitial": 8535,
		"HealthBaseTickRate": 0,
		"HealthRegenCappedBy": 0,
		"HealthRegenThresholds": "Health;100:0;75:50;50:200;25:350;10:500;0.1:500;0:0",
		"HealthTickDelay": 45,
		"HealthFullyDepletedDelay": 0,
		"HealthLowerThreshold": -1,
		"HealthUpperThreshold": -1,
		"HealthUpdateIfDeathsDoor": 0,
		"HealthUpdateIfDead": 0,
		"BlockDamageMitigation": 1,
		"BlockStaminaCost": 0.8,
		"StaminaMin": 0,
		"StaminaBaseMax": 50,
		"StaminaInitial": 50,
		"StaminaBaseTickRate": 2,
		"StaminaRegenCappedBy": 0,
		"StaminaTickDelay": 1,
		"StaminaFullyDepletedDelay": 3,
		"StaminaLowerThreshold": -1,
		"StaminaUpperThreshold": -1,
		"StaminaUpdateIfDeathsDoor": 0,
		"StaminaUpdateIfDead": 0,
		"StaminaCostMitigation": 0.6,
		"MinMana": 0,
		"ManaBaseMax": 0,
		"ManaInitial": 0,
		"ManaBaseRegenRate": 0,
		"ManaRegenDelay": 0,
		"ManaRegenDelayOnEmpty": 0,
		"DeathsDoorTime": 0,
		"DeathsDoorDelay": 0,
		"HelpUpHealthPct": 0,
		"FoodBaseMax": 1000,
		"FoodInitial": 650,
		"FoodBaseTickRate": 0,
		"FoodTickDelay": 0,
		"FoodFullyDepletedDelay": 0,
		"FoodLowerThreshold": 0.2,
		"FoodUpperThreshold": 0.66,
		"DrinkMin": 0,
		"DrinkInitial": 400,
		"DrinkBaseMax": 1000,
		"DrinkBaseTickRate": 0,
		"DrinkTickDelay": 0,
		"DrinkFullyDepletedDelay": 0,
		"DrinkLowerThreshold": 0.2,
		"DrinkUpperThreshold": 0.66,
		"DamageCooldown": 10,
		"MaxDefenseMitigationPercent": 0.98,
		"KillEventId": "KillDamned_Commander_T5_50",
		"LootDropChance": 1,
		"LootTableId": "DarknessRiftBoss",
		"DEFStandard": 0,
		"ABSStandard": 0.56,
		"ABSSiege": 0.56,
		"ABSStrike": 0.56,
		"ABSSlash": 0.56,
		"ABSThrust": 0.56,
		"ABSMagic": 0.56,
		"ABSFire": 0.56,
		"ABSLightning": 0.56,
		"ABSCorruption": 0.56,
		"RESPoison": 0,
		"RESDisease": 0,
		"WKNStandard": 0,
		"DMGStandard": 1,
		"DMGSiege": 1,
		"DMGStrike": 1,
		"DMGSlash": 1,
		"DMGThrust": 1,
		"DMGMagic": 1,
		"DMGFire": 1,
		"DMGLightning": 1,
		"DMGCorruption": 1,
		"AFAPoison": 0,
		"AFADisease": 0,
		"AFABleed": 0
	},
	{
		"VitalsID": "Damned_Elk",
		"DisplayName": "Corrupted Elk",
		"VitalsCategories": "Beast,Elk,Prey",
		"HealthMin": 0,
		"HealthBaseMax": 330,
		"HealthInitial": 330,
		"HealthBaseTickRate": 0,
		"HealthRegenCappedBy": 0,
		"HealthTickDelay": 0,
		"HealthFullyDepletedDelay": 0,
		"HealthLowerThreshold": -1,
		"HealthUpperThreshold": -1,
		"HealthUpdateIfDeathsDoor": 0,
		"HealthUpdateIfDead": 0,
		"BlockDamageMitigation": 0,
		"BlockStaminaCost": 0,
		"StaminaMin": 0,
		"StaminaBaseMax": 0,
		"StaminaInitial": 0,
		"StaminaBaseTickRate": 0,
		"StaminaRegenCappedBy": 0,
		"StaminaTickDelay": 0,
		"StaminaFullyDepletedDelay": 0,
		"StaminaLowerThreshold": -1,
		"StaminaUpperThreshold": -1,
		"StaminaUpdateIfDeathsDoor": 0,
		"StaminaUpdateIfDead": 0,
		"StaminaCostMitigation": 0.6,
		"MinMana": 0,
		"ManaBaseMax": 0,
		"ManaInitial": 0,
		"ManaBaseRegenRate": 0,
		"ManaRegenDelay": 0,
		"ManaRegenDelayOnEmpty": 0,
		"DeathsDoorTime": 0,
		"DeathsDoorDelay": 0,
		"HelpUpHealthPct": 0,
		"FoodBaseMax": 1000,
		"FoodInitial": 650,
		"FoodBaseTickRate": 0,
		"FoodTickDelay": 0,
		"FoodFullyDepletedDelay": 0,
		"FoodLowerThreshold": 0.2,
		"FoodUpperThreshold": 0.66,
		"DrinkMin": 0,
		"DrinkInitial": 400,
		"DrinkBaseMax": 1000,
		"DrinkBaseTickRate": 0,
		"DrinkTickDelay": 0,
		"DrinkFullyDepletedDelay": 0,
		"DrinkLowerThreshold": 0.2,
		"DrinkUpperThreshold": 0.66,
		"DamageCooldown": 10,
		"MaxDefenseMitigationPercent": 0.9,
		"KillEventId": "KillElk_T2_10",
		"LootDropChance": 1,
		"LootTableId": "Elk",
		"DEFStandard": 0,
		"ABSStandard": 0.13,
		"ABSSiege": 0.13,
		"ABSStrike": 0.13,
		"ABSSlash": 0.13,
		"ABSThrust": 0.13,
		"ABSMagic": 0.13,
		"ABSFire": 0.13,
		"ABSLightning": 0.13,
		"ABSCorruption": 0.13,
		"RESPoison": 0,
		"RESDisease": 0,
		"WKNStandard": 0.4,
		"DMGStandard": 1,
		"DMGSiege": 1,
		"DMGStrike": 1,
		"DMGSlash": 1,
		"DMGThrust": 1,
		"DMGMagic": 1,
		"DMGFire": 1,
		"DMGLightning": 1,
		"DMGCorruption": 1,
		"AFAPoison": 0,
		"AFADisease": 0,
		"AFABleed": 0
	},
	{
		"VitalsID": "Claim_FtW_PvP",
		"DisplayName": "Fort Claim",
		"HealthMin": 0,
		"HealthBaseMax": 20000,
		"HealthInitial": 20000,
		"HealthBaseTickRate": 0,
		"HealthRegenCappedBy": 0,
		"HealthTickDelay": 0,
		"HealthFullyDepletedDelay": 0,
		"HealthLowerThreshold": -1,
		"HealthUpperThreshold": -1,
		"HealthUpdateIfDeathsDoor": 0,
		"HealthUpdateIfDead": 0,
		"BlockDamageMitigation": 0,
		"BlockStaminaCost": 0,
		"StaminaMin": 0,
		"StaminaBaseMax": 0,
		"StaminaInitial": 0,
		"StaminaBaseTickRate": 0,
		"StaminaRegenCappedBy": 0,
		"StaminaTickDelay": 0,
		"StaminaFullyDepletedDelay": 0,
		"StaminaLowerThreshold": -1,
		"StaminaUpperThreshold": -1,
		"StaminaUpdateIfDeathsDoor": 0,
		"StaminaUpdateIfDead": 0,
		"StaminaCostMitigation": 0.6,
		"MinMana": 0,
		"ManaBaseMax": 0,
		"ManaInitial": 0,
		"ManaBaseRegenRate": 0,
		"ManaRegenDelay": 0,
		"ManaRegenDelayOnEmpty": 0,
		"DeathsDoorTime": 0,
		"DeathsDoorDelay": 0,
		"HelpUpHealthPct": 0,
		"FoodBaseMax": 1000,
		"FoodInitial": 650,
		"FoodBaseTickRate": 0,
		"FoodTickDelay": 0,
		"FoodFullyDepletedDelay": 0,
		"FoodLowerThreshold": 0.2,
		"FoodUpperThreshold": 0.66,
		"DrinkMin": 0,
		"DrinkInitial": 400,
		"DrinkBaseMax": 1000,
		"DrinkBaseTickRate": 0,
		"DrinkTickDelay": 0,
		"DrinkFullyDepletedDelay": 0,
		"DrinkLowerThreshold": 0.2,
		"DrinkUpperThreshold": 0.66,
		"DamageCooldown": 10,
		"MaxDefenseMitigationPercent": 0.98,
		"LootDropChance": 0,
		"DEFStandard": 0,
		"ABSStandard": 0,
		"ABSSiege": 0,
		"ABSStrike": 0,
		"ABSSlash": 0,
		"ABSThrust": 0,
		"ABSMagic": 0,
		"ABSFire": 0,
		"ABSLightning": 0,
		"ABSCorruption": 0,
		"RESPoison": 0,
		"RESDisease": 0,
		"WKNStandard": 0,
		"DMGStandard": 1,
		"DMGSiege": 1,
		"DMGStrike": 1,
		"DMGSlash": 1,
		"DMGThrust": 1,
		"DMGMagic": 1,
		"DMGFire": 1,
		"DMGLightning": 1,
		"DMGCorruption": 1,
		"AFAPoison": 0,
		"AFADisease": 0,
		"AFABleed": 0
	},
	{
		"VitalsID": "Gate_FtW_PvP",
		"DisplayName": "Fort Gate",
		"HealthMin": 0,
		"HealthBaseMax": 20000,
		"HealthInitial": 20000,
		"HealthBaseTickRate": 0,
		"HealthRegenCappedBy": 0,
		"HealthTickDelay": 0,
		"HealthFullyDepletedDelay": 0,
		"HealthLowerThreshold": -1,
		"HealthUpperThreshold": -1,
		"HealthUpdateIfDeathsDoor": 0,
		"HealthUpdateIfDead": 0,
		"BlockDamageMitigation": 0,
		"BlockStaminaCost": 0,
		"StaminaMin": 0,
		"StaminaBaseMax": 0,
		"StaminaInitial": 0,
		"StaminaBaseTickRate": 0,
		"StaminaRegenCappedBy": 0,
		"StaminaTickDelay": 0,
		"StaminaFullyDepletedDelay": 0,
		"StaminaLowerThreshold": -1,
		"StaminaUpperThreshold": -1,
		"StaminaUpdateIfDeathsDoor": 0,
		"StaminaUpdateIfDead": 0,
		"StaminaCostMitigation": 0.6,
		"MinMana": 0,
		"ManaBaseMax": 0,
		"ManaInitial": 0,
		"ManaBaseRegenRate": 0,
		"ManaRegenDelay": 0,
		"ManaRegenDelayOnEmpty": 0,
		"DeathsDoorTime": 0,
		"DeathsDoorDelay": 0,
		"HelpUpHealthPct": 0,
		"FoodBaseMax": 1000,
		"FoodInitial": 650,
		"FoodBaseTickRate": 0,
		"FoodTickDelay": 0,
		"FoodFullyDepletedDelay": 0,
		"FoodLowerThreshold": 0.2,
		"FoodUpperThreshold": 0.66,
		"DrinkMin": 0,
		"DrinkInitial": 400,
		"DrinkBaseMax": 1000,
		"DrinkBaseTickRate": 0,
		"DrinkTickDelay": 0,
		"DrinkFullyDepletedDelay": 0,
		"DrinkLowerThreshold": 0.2,
		"DrinkUpperThreshold": 0.66,
		"DamageCooldown": 10,
		"MaxDefenseMitigationPercent": 0.98,
		"LootDropChance": 0,
		"DEFStandard": 0,
		"ABSStandard": 0,
		"ABSSiege": 0,
		"ABSStrike": 0,
		"ABSSlash": 0,
		"ABSThrust": 0,
		"ABSMagic": 0,
		"ABSFire": 0,
		"ABSLightning": 0,
		"ABSCorruption": 0,
		"RESPoison": 0,
		"RESDisease": 0,
		"WKNStandard": 0,
		"DMGStandard": 1,
		"DMGSiege": 1,
		"DMGStrike": 1,
		"DMGSlash": 1,
		"DMGThrust": 1,
		"DMGMagic": 1,
		"DMGFire": 1,
		"DMGLightning": 1,
		"DMGCorruption": 1,
		"AFAPoison": 0,
		"AFADisease": 0,
		"AFABleed": 0
	}
]