[
	{
		"DamageID": "Attack_Backfist",
		"WeaponCategory": "Unarmed",
		"IgnoreInvulnerable": 0,
		"NoReaction": 0,
		"SurfaceImpactEffect": "Bullet",
		"DeflectDamageID": "Unarmed",
		"AttackType": "Light",
		"DamageType": "Strike",
		"CanCrit": false,
		"DmgCoef": 0.35,
		"DmgCoefHead": 0.6,
		"DmgCoefCrit": 0.6,
		"PowerLevel": 0,
		"BlockPowerLevel": 1,
		"CritPowerLevel": 3,
		"HitStun": 5,
		"BlockHitStun": 20,
		"CritHitStun": 30,
		"ImpactDistanceX": 0,
		"ImpactDistanceY": 0.5,
		"ImpactDistanceZ": 0,
		"ImpactDecayRate": 0.8,
		"BlockImpactDistanceX": 0,
		"BlockImpactDistanceY": 1,
		"BlockImpactDistanceZ": 0,
		"BlockImpactDecayRate": 0.8,
		"CritImpactDistanceX": 0,
		"CritImpactDistanceY": 0.5,
		"CritImpactDistanceZ": 0,
		"CritImpactDecayRate": 0.8,
		"AddDmg": 0,
		"StaggerDmgModifier": 0.75,
		"StaggerResistModifier": 1,
		"HungerDmg": 0,
		"ThirstDmg": 0,
		"StaminaDmg": 0,
		"ImpactRating": 1,
		"BlockStaminaDmgMod": 0.3,
		"BlockAbsorptionModifier": 1,
		"TargetCameraShakeID": "Small",
		"BlockTargetCameraShakeID": "Small",
		"CritTargetCameraShakeID": "Small",
		"StunBreakoutIncrement": 1,
		"HitRuneCharge": 0.1625,
		"HitBlockedRuneCharge": 0.325
	},
	{
		"DamageID": "Attack_TrunkSlam",
		"WeaponCategory": "Unarmed",
		"IgnoreInvulnerable": 0,
		"NoReaction": 0,
		"SurfaceImpactEffect": "Bullet",
		"DeflectDamageID": "Unarmed",
		"AttackType": "Heavy",
		"DamageType": "Strike",
		"CanCrit": false,
		"DmgCoef": 0.75,
		"DmgCoefHead": 0.6,
		"DmgCoefCrit": 0.6,
		"PowerLevel": 1,
		"BlockPowerLevel": 1,
		"CritPowerLevel": 3,
		"HitStun": 15,
		"BlockHitStun": 20,
		"CritHitStun": 30,
		"ImpactDistanceX": 0,
		"ImpactDistanceY": 1,
		"ImpactDistanceZ": 0,
		"ImpactDecayRate": 0.8,
		"BlockImpactDistanceX": 0,
		"BlockImpactDistanceY": 1,
		"BlockImpactDistanceZ": 0,
		"BlockImpactDecayRate": 0.8,
		"CritImpactDistanceX": 0,
		"CritImpactDistanceY": 1,
		"CritImpactDistanceZ": 0,
		"CritImpactDecayRate": 0.8,
		"AddDmg": 0,
		"StaggerDmgModifier": 0.75,
		"StaggerResistModifier": 1,
		"HungerDmg": 0,
		"ThirstDmg": 0,
		"StaminaDmg": 0,
		"ImpactRating": 2,
		"BlockStaminaDmgMod": 0.6,
		"BlockAbsorptionModifier": 1,
		"TargetCameraShakeID": "Small",
		"BlockTargetCameraShakeID": "Small",
		"CritTargetCameraShakeID": "Small",
		"StunBreakoutIncrement": 1,
		"HitRuneCharge": 0.1625,
		"HitBlockedRuneCharge": 0.325
	},
	{
		"DamageID": "Attack_TuskSwipe",
		"WeaponCategory": "Unarmed",
		"IgnoreInvulnerable": 0,
		"NoReaction": 0,
		"SurfaceImpactEffect": "Bullet",
		"DeflectDamageID": "Unarmed",
		"AttackType": "Light",
		"DamageType": "Strike",
		"CanCrit": false,
		"DmgCoef": 0.45,
		"DmgCoefHead": 0.6,
		"DmgCoefCrit": 0.6,
		"PowerLevel": 0,
		"BlockPowerLevel": 1,
		"CritPowerLevel": 3,
		"HitStun": 5,
		"BlockHitStun": 20,
		"CritHitStun": 30,
		"ImpactDistanceX": 0,
		"ImpactDistanceY": 0.25,
		"ImpactDistanceZ": 0,
		"ImpactDecayRate": 0.8,
		"BlockImpactDistanceX": 0,
		"BlockImpactDistanceY": 1,
		"BlockImpactDistanceZ": 0,
		"BlockImpactDecayRate": 0.8,
		"CritImpactDistanceX": 0,
		"CritImpactDistanceY": 0.25,
		"CritImpactDistanceZ": 0,
		"CritImpactDecayRate": 0.8,
		"AddDmg": 0,
		"StaggerDmgModifier": 0.75,
		"StaggerResistModifier": 1,
		"HungerDmg": 0,
		"ThirstDmg": 0,
		"StaminaDmg": 0,
		"ImpactRating": 1,
		"BlockStaminaDmgMod": 0.4,
		"BlockAbsorptionModifier": 1,
		"TargetCameraShakeID": "Small",
		"BlockTargetCameraShakeID": "Small",
		"CritTargetCameraShakeID": "Small",
		"StunBreakoutIncrement": 1,
		"HitRuneCharge": 0.1625,
		"HitBlockedRuneCharge": 0.325
	},
	{
		"DamageID": "Spell_DeathSeed",
		"WeaponCategory": "Unarmed",
		"IgnoreInvulnerable": 0,
		"NoReaction": 0,
		"SurfaceImpactEffect": "Bullet",
		"DeflectDamageID": "Unarmed",
		"AttackType": "Magic",
		"DamageType": "Nature",
		"CanCrit": false,
		"DmgCoef": 1.5,
		"DmgCoefHead": 1.5,
		"DmgCoefCrit": 1.5,
		"PowerLevel": 3,
		"BlockPowerLevel": 1,
		"CritPowerLevel": 3,
		"HitStun": 30,
		"BlockHitStun": 20,
		"CritHitStun": 30,
		"ImpactDistanceX": 0,
		"ImpactDistanceY": 4,
		"ImpactDistanceZ": 0,
		"ImpactDecayRate": 0.8,
		"BlockImpactDistanceX": 0,
		"BlockImpactDistanceY": 1,
		"BlockImpactDistanceZ": 0,
		"BlockImpactDecayRate": 0.8,
		"CritImpactDistanceX": 0,
		"CritImpactDistanceY": 4,
		"CritImpactDistanceZ": 0,
		"CritImpactDecayRate": 0.8,
		"AddDmg": 0,
		"StaggerDmgModifier": 0.75,
		"StaggerResistModifier": 1,
		"HungerDmg": 0,
		"ThirstDmg": 0,
		"StaminaDmg": 0,
		"ImpactRating": 2,
		"BlockStaminaDmgMod": 0.75,
		"BlockAbsorptionModifier": 1,
		"TargetCameraShakeID": "Large_short",
		"BlockTargetCameraShakeID": "Small",
		"CritTargetCameraShakeID": "Small",
		"StunBreakoutIncrement": 1,
		"HitRuneCharge": 0.1625,
		"HitBlockedRuneCharge": 0.325
	},
	{
		"DamageID": "Spell_LeechSeed",
		"WeaponCategory": "Unarmed",
		"IgnoreInvulnerable": 0,
		"NoReaction": 0,
		"SurfaceImpactEffect": "Bullet",
		"DeflectDamageID": "Unarmed",
		"AttackType": "Magic",
		"DamageType": "Nature",
		"CanCrit": false,
		"DmgCoef": 0.5,
		"DmgCoefHead": 0.5,
		"DmgCoefCrit": 0.5,
		"PowerLevel": 1,
		"BlockPowerLevel": 1,
		"CritPowerLevel": 3,
		"HitStun": 15,
		"BlockHitStun": 20,
		"CritHitStun": 30,
		"ImpactDistanceX": 0,
		"ImpactDistanceY": 1,
		"ImpactDistanceZ": 0,
		"ImpactDecayRate": 0.8,
		"BlockImpactDistanceX": 0,
		"BlockImpactDistanceY": 1,
		"BlockImpactDistanceZ": 0,
		"BlockImpactDecayRate": 0.8,
		"CritImpactDistanceX": 0,
		"CritImpactDistanceY": 1,
		"CritImpactDistanceZ": 0,
		"CritImpactDecayRate": 0.8,
		"AddDmg": 0,
		"StaggerDmgModifier": 0.75,
		"StaggerResistModifier": 1,
		"HungerDmg": 0,
		"ThirstDmg": 0,
		"StaminaDmg": 0,
		"ImpactRating": 1,
		"BlockStaminaDmgMod": 0.45,
		"BlockAbsorptionModifier": 1,
		"TargetCameraShakeID": "Small",
		"BlockTargetCameraShakeID": "Small",
		"CritTargetCameraShakeID": "Small",
		"StunBreakoutIncrement": 1,
		"HitRuneCharge": 0.1625,
		"HitBlockedRuneCharge": 0.325
	},
	{
		"DamageID": "Spell_SonicBlast",
		"WeaponCategory": "Unarmed",
		"IgnoreInvulnerable": 0,
		"NoReaction": 0,
		"SurfaceImpactEffect": "Bullet",
		"DeflectDamageID": "Unarmed",
		"AttackType": "Magic",
		"DamageType": "Nature",
		"CanCrit": false,
		"DmgCoef": 0.75,
		"DmgCoefHead": 0.75,
		"DmgCoefCrit": 0.75,
		"PowerLevel": 4,
		"BlockPowerLevel": 1,
		"CritPowerLevel": 3,
		"HitStun": 60,
		"BlockHitStun": 20,
		"CritHitStun": 30,
		"ImpactDistanceX": 0,
		"ImpactDistanceY": 4,
		"ImpactDistanceZ": 0,
		"ImpactDecayRate": 0.8,
		"BlockImpactDistanceX": 0,
		"BlockImpactDistanceY": 1,
		"BlockImpactDistanceZ": 0,
		"BlockImpactDecayRate": 0.8,
		"CritImpactDistanceX": 0,
		"CritImpactDistanceY": 4,
		"CritImpactDistanceZ": 0,
		"CritImpactDecayRate": 0.8,
		"AddDmg": 0,
		"StaggerDmgModifier": 0.75,
		"StaggerResistModifier": 1,
		"HungerDmg": 0,
		"ThirstDmg": 0,
		"StaminaDmg": 0,
		"ImpactRating": 2,
		"BlockStaminaDmgMod": 0.75,
		"BlockAbsorptionModifier": 1,
		"TargetCameraShakeID": "Small",
		"BlockTargetCameraShakeID": "Small",
		"CritTargetCameraShakeID": "Small",
		"StunBreakoutIncrement": 1,
		"HitRuneCharge": 0.1625,
		"HitBlockedRuneCharge": 0.325
	}
]