[
	{
		"MutationDifficulty": 1,
		"DifficultyTier": 1,
		"HealthIncreaseMod": "Mut_HealthScale",
		"DamageIncreaseMod": "Mut_DamageScale",
		"HealthPotency_Dungeon-": 0,
		"DamagePotency_Dungeon-": 0,
		"HealthPotency_Dungeon": 0,
		"DamagePotency_Dungeon": 0,
		"HealthPotency_Dungeon+": 0,
		"DamagePotency_Dungeon+": 0,
		"HealthPotency_DungeonMiniBoss": 40,
		"DamagePotency_DungeonMiniBoss": 20,
		"HealthPotency_DungeonBoss": 40,
		"DamagePotency_DungeonBoss": 20,
		"HasMinorCurse": "FALSE",
		"HasMajorCurse": "FALSE",
		"RecommendedGearScore": 650,
		"GearScoreDeltaModifier": 0.01,
		"BaseCurseDamageMod": 0,
		"InjectedLootTags": ["MutDiff", "MutDiff1"],
		"InjectedCreatureLoot": "MutatorLoot_Difficulty",
		"InjectedContainerLoot": "MutatorLoot_Difficulty",
		"LootGSRangeOverride": "650-700",
		"GSClampLevelReqDelta": 2,
		"CompletionEvent1": "MutDiff1T1",
		"CompletionEvent2": "MutDiff1T2",
		"CompletionEvent3": "MutDiff1T3",
		"PerkRollMult1": 0,
		"PerkRollMult2": 0,
		"PerkRollMult3": 0,
		"PerkRollMult4": 0,
		"PerkRollMult5": 0,
		"MatchmakingMinLevel": 65,
		"MatchmakingMaxLevel": 65,
		"MatchmakingMinGS": 650,
		"UsesRoleSelection": true,
		"MatchmakingRequiredHealingFocus": 300,
		"MatchmakingRequiredHealingMastery": 15,
		"MatchmakingRequiresTauntGem": true,
		"MatchmakingMinTanks": 1,
		"MatchmakingMaxTanks": 1,
		"MatchmakingMinHealers": 1,
		"MatchmakingMaxHealers": 1,
		"MatchmakingMinDPS": 3,
		"MatchmakingMaxDPS": 3,
		"UseMMBuff": true
	},
	{
		"MutationDifficulty": 2,
		"DifficultyTier": 2,
		"HealthIncreaseMod": "Mut_HealthScale",
		"DamageIncreaseMod": "Mut_DamageScale",
		"HealthPotency_Dungeon-": 80,
		"DamagePotency_Dungeon-": 110,
		"HealthPotency_Dungeon": 110,
		"DamagePotency_Dungeon": 80,
		"HealthPotency_Dungeon+": 60,
		"DamagePotency_Dungeon+": 50,
		"HealthPotency_DungeonMiniBoss": 100,
		"DamagePotency_DungeonMiniBoss": 60,
		"HealthPotency_DungeonBoss": 100,
		"DamagePotency_DungeonBoss": 60,
		"HasMinorCurse": "FALSE",
		"HasMajorCurse": "FALSE",
		"RecommendedGearScore": 675,
		"GearScoreDeltaModifier": 0.1,
		"BaseCurseDamageMod": 0,
		"InjectedLootTags": ["MutDiff", "MutDiff1", "MutDiff2"],
		"InjectedCreatureLoot": "MutatorLoot_Difficulty",
		"InjectedContainerLoot": "MutatorLoot_Difficulty",
		"LootGSRangeOverride": "675-700",
		"GSClampLevelReqDelta": 2,
		"CompletionEvent1": "MutDiff2T1",
		"CompletionEvent2": "MutDiff2T2",
		"CompletionEvent3": "MutDiff2T3",
		"PerkRollMult1": 0.2,
		"PerkRollMult2": 0.2,
		"PerkRollMult3": 0.2,
		"PerkRollMult4": 0.2,
		"PerkRollMult5": 0.2,
		"MatchmakingMinLevel": 65,
		"MatchmakingMaxLevel": 65,
		"MatchmakingMinGS": 675,
		"UsesRoleSelection": false,
		"MatchmakingRequiredHealingFocus": 325,
		"MatchmakingRequiredHealingMastery": 17,
		"MatchmakingRequiresTauntGem": true,
		"MatchmakingMinTanks": 1,
		"MatchmakingMaxTanks": 1,
		"MatchmakingMinHealers": 1,
		"MatchmakingMaxHealers": 1,
		"MatchmakingMinDPS": 3,
		"MatchmakingMaxDPS": 3,
		"UseMMBuff": true
	},
	{
		"MutationDifficulty": 3,
		"DifficultyTier": 3,
		"HealthIncreaseMod": "Mut_HealthScale",
		"DamageIncreaseMod": "Mut_DamageScale",
		"HealthPotency_Dungeon-": 175,
		"DamagePotency_Dungeon-": 250,
		"HealthPotency_Dungeon": 250,
		"DamagePotency_Dungeon": 175,
		"HealthPotency_Dungeon+": 250,
		"DamagePotency_Dungeon+": 175,
		"HealthPotency_DungeonMiniBoss": 220,
		"DamagePotency_DungeonMiniBoss": 160,
		"HealthPotency_DungeonBoss": 220,
		"DamagePotency_DungeonBoss": 160,
		"HasMinorCurse": "TRUE",
		"HasMajorCurse": "TRUE",
		"RecommendedGearScore": 695,
		"GearScoreDeltaModifier": 0.2,
		"BaseCurseDamageMod": 2,
		"InjectedLootTags": ["MutDiff", "MutDiff1", "MutDiff2", "MutDiff3"],
		"InjectedCreatureLoot": "MutatorLoot_Difficulty",
		"InjectedContainerLoot": "MutatorLoot_Difficulty",
		"LootGSRangeOverride": "695-700",
		"GSClampLevelReqDelta": 2,
		"CompletionEvent1": "MutDiff3T1",
		"CompletionEvent2": "MutDiff3T2",
		"CompletionEvent3": "MutDiff3T3",
		"PerkRollMult1": 5,
		"PerkRollMult2": 5,
		"PerkRollMult3": 5,
		"PerkRollMult4": 5,
		"PerkRollMult5": 0.5,
		"MatchmakingMinLevel": 65,
		"MatchmakingMaxLevel": 65,
		"MatchmakingMinGS": 695,
		"UsesRoleSelection": false,
		"MatchmakingRequiredHealingFocus": 350,
		"MatchmakingRequiredHealingMastery": 19,
		"MatchmakingRequiresTauntGem": true,
		"MatchmakingMinTanks": 1,
		"MatchmakingMaxTanks": 1,
		"MatchmakingMinHealers": 1,
		"MatchmakingMaxHealers": 1,
		"MatchmakingMinDPS": 3,
		"MatchmakingMaxDPS": 3,
		"UseMMBuff": false
	}
]