[
	{
		"ElementalMutationId": "Hellfire_1",
		"Name": "@FirTitle",
		"Description": "Fire element mutator category",
		"CategoryWildcard": "Fir",
		"ElementalDifficultyTier": 1,
		"Dungeon-": "Mutation_Hellfire_DungeonMinus_Tier1",
		"Dungeon": "Mutation_Hellfire_Dungeon_Tier1",
		"Dungeon+": "Mutation_Hellfire_DungeonPlus_Tier1",
		"DungeonMiniBoss": "Mutation_Hellfire_DungeonPlus_Tier1",
		"DungeonBoss": "Mutation_DungeonBoss_Tier1_Buff",
		"IconPath": "lyshineui/images/icons/dungeons/mutator/icon_hellfire.webp",
		"TextColor": "198,67,67",
		"BackgroundColor": "92,26,26"
	},
	{
		"ElementalMutationId": "Hellfire_2",
		"Name": "@FirTitle",
		"Description": "Fire element mutator category",
		"CategoryWildcard": "Fir",
		"ElementalDifficultyTier": 2,
		"Dungeon-": "Mutation_Hellfire_DungeonMinus_Tier2",
		"Dungeon": "Mutation_Hellfire_Dungeon_Tier2",
		"Dungeon+": "Mutation_Hellfire_DungeonPlus_Tier2",
		"DungeonMiniBoss": "Mutation_Hellfire_DungeonPlus_Tier2",
		"DungeonBoss": "Mutation_DungeonBoss_Tier2_Buff",
		"IconPath": "lyshineui/images/icons/dungeons/mutator/icon_hellfire.webp",
		"TextColor": "198,67,67",
		"BackgroundColor": "92,26,26"
	},
	{
		"ElementalMutationId": "Hellfire_3",
		"Name": "@FirTitle",
		"Description": "Fire element mutator category",
		"CategoryWildcard": "Fir",
		"ElementalDifficultyTier": 3,
		"Dungeon-": "Mutation_Hellfire_DungeonMinus_Tier3",
		"Dungeon": "Mutation_Hellfire_Dungeon_Tier3",
		"Dungeon+": "Mutation_Hellfire_DungeonPlus_Tier3",
		"DungeonMiniBoss": "Mutation_Hellfire_DungeonPlus_Tier3",
		"DungeonBoss": "Mutation_DungeonBoss_Tier3_Buff",
		"IconPath": "lyshineui/images/icons/dungeons/mutator/icon_hellfire.webp",
		"TextColor": "198,67,67",
		"BackgroundColor": "92,26,26"
	},
	{
		"ElementalMutationId": "Eternal_1",
		"Name": "@VoiTitle",
		"Description": "Void element mutator category",
		"CategoryWildcard": "Voi",
		"ElementalDifficultyTier": 1,
		"Dungeon-": "Mutation_Eternal_DungeonMinus_Tier1",
		"Dungeon": "Mutation_Eternal_Dungeon_Tier1",
		"Dungeon+": "Mutation_Eternal_DungeonPlus_Tier1",
		"DungeonMiniBoss": "Mutation_Eternal_DungeonPlus_Tier1",
		"DungeonBoss": "Mutation_DungeonBoss_Tier1_Buff",
		"IconPath": "lyshineui/images/icons/dungeons/mutator/icon_eternal.webp",
		"TextColor": "120,125,185",
		"BackgroundColor": "30,38,67"
	},
	{
		"ElementalMutationId": "Eternal_2",
		"Name": "@VoiTitle",
		"Description": "Void element mutator category",
		"CategoryWildcard": "Voi",
		"ElementalDifficultyTier": 2,
		"Dungeon-": "Mutation_Eternal_DungeonMinus_Tier2",
		"Dungeon": "Mutation_Eternal_Dungeon_Tier2",
		"Dungeon+": "Mutation_Eternal_DungeonPlus_Tier2",
		"DungeonMiniBoss": "Mutation_Eternal_DungeonPlus_Tier2",
		"DungeonBoss": "Mutation_DungeonBoss_Tier2_Buff",
		"IconPath": "lyshineui/images/icons/dungeons/mutator/icon_eternal.webp",
		"TextColor": "120,125,185",
		"BackgroundColor": "30,38,67"
	},
	{
		"ElementalMutationId": "Eternal_3",
		"Name": "@VoiTitle",
		"Description": "Void element mutator category",
		"CategoryWildcard": "Voi",
		"ElementalDifficultyTier": 3,
		"Dungeon-": "Mutation_Eternal_DungeonMinus_Tier3",
		"Dungeon": "Mutation_Eternal_Dungeon_Tier3",
		"Dungeon+": "Mutation_Eternal_DungeonPlus_Tier3",
		"DungeonMiniBoss": "Mutation_Eternal_DungeonPlus_Tier3",
		"DungeonBoss": "Mutation_DungeonBoss_Tier3_Buff",
		"IconPath": "lyshineui/images/icons/dungeons/mutator/icon_eternal.webp",
		"TextColor": "120,125,185",
		"BackgroundColor": "30,38,67"
	},
	{
		"ElementalMutationId": "Overgrown_1",
		"Name": "@NatTitle",
		"Description": "Nature element mutator category",
		"CategoryWildcard": "Nat",
		"ElementalDifficultyTier": 1,
		"Dungeon-": "Mutation_Overgrown_DungeonMinus_Tier1",
		"Dungeon": "Mutation_Overgrown_Dungeon_Tier1",
		"Dungeon+": "Mutation_Overgrown_DungeonPlus_Tier1",
		"DungeonMiniBoss": "Mutation_Overgrown_DungeonPlus_Tier1",
		"DungeonBoss": "Mutation_DungeonBoss_Tier1_Buff",
		"IconPath": "lyshineui/images/icons/dungeons/mutator/icon_overgrown.webp",
		"TextColor": "115,129,39",
		"BackgroundColor": "48,63,34"
	},
	{
		"ElementalMutationId": "Overgrown_2",
		"Name": "@NatTitle",
		"Description": "Nature element mutator category",
		"CategoryWildcard": "Nat",
		"ElementalDifficultyTier": 2,
		"Dungeon-": "Mutation_Overgrown_DungeonMinus_Tier2",
		"Dungeon": "Mutation_Overgrown_Dungeon_Tier2",
		"Dungeon+": "Mutation_Overgrown_DungeonPlus_Tier2",
		"DungeonMiniBoss": "Mutation_Overgrown_DungeonPlus_Tier2",
		"DungeonBoss": "Mutation_DungeonBoss_Tier2_Buff",
		"IconPath": "lyshineui/images/icons/dungeons/mutator/icon_overgrown.webp",
		"TextColor": "115,129,39",
		"BackgroundColor": "48,63,34"
	},
	{
		"ElementalMutationId": "Overgrown_3",
		"Name": "@NatTitle",
		"Description": "Nature element mutator category",
		"CategoryWildcard": "Nat",
		"ElementalDifficultyTier": 3,
		"Dungeon-": "Mutation_Overgrown_DungeonMinus_Tier3",
		"Dungeon": "Mutation_Overgrown_Dungeon_Tier3",
		"Dungeon+": "Mutation_Overgrown_DungeonPlus_Tier3",
		"DungeonMiniBoss": "Mutation_Overgrown_DungeonPlus_Tier3",
		"DungeonBoss": "Mutation_DungeonBoss_Tier3_Buff",
		"IconPath": "lyshineui/images/icons/dungeons/mutator/icon_overgrown.webp",
		"TextColor": "115,129,39",
		"BackgroundColor": "48,63,34"
	},
	{
		"ElementalMutationId": "Icebound_1",
		"Name": "@IceTitle",
		"Description": "Ice element mutator category",
		"CategoryWildcard": "Ice",
		"ElementalDifficultyTier": 1,
		"Dungeon-": "Mutation_Icebound_DungeonMinus_Tier1",
		"Dungeon": "Mutation_Icebound_Dungeon_Tier1",
		"Dungeon+": "Mutation_Icebound_DungeonPlus_Tier1",
		"DungeonMiniBoss": "Mutation_Icebound_DungeonPlus_Tier1",
		"DungeonBoss": "Mutation_DungeonBoss_Tier1_Buff",
		"IconPath": "lyshineui/images/icons/dungeons/mutator/icon_icebound.webp",
		"TextColor": "113,174,194",
		"BackgroundColor": "32,68,81"
	},
	{
		"ElementalMutationId": "Icebound_2",
		"Name": "@IceTitle",
		"Description": "Ice element mutator category",
		"CategoryWildcard": "Ice",
		"ElementalDifficultyTier": 2,
		"Dungeon-": "Mutation_Icebound_DungeonMinus_Tier2",
		"Dungeon": "Mutation_Icebound_Dungeon_Tier2",
		"Dungeon+": "Mutation_Icebound_DungeonPlus_Tier2",
		"DungeonMiniBoss": "Mutation_Icebound_DungeonPlus_Tier2",
		"DungeonBoss": "Mutation_DungeonBoss_Tier2_Buff",
		"IconPath": "lyshineui/images/icons/dungeons/mutator/icon_icebound.webp",
		"TextColor": "113,174,194",
		"BackgroundColor": "32,68,81"
	},
	{
		"ElementalMutationId": "Icebound_3",
		"Name": "@IceTitle",
		"Description": "Ice element mutator category",
		"CategoryWildcard": "Ice",
		"ElementalDifficultyTier": 3,
		"Dungeon-": "Mutation_Icebound_DungeonMinus_Tier3",
		"Dungeon": "Mutation_Icebound_Dungeon_Tier3",
		"Dungeon+": "Mutation_Icebound_DungeonPlus_Tier3",
		"DungeonMiniBoss": "Mutation_Icebound_DungeonPlus_Tier3",
		"DungeonBoss": "Mutation_DungeonBoss_Tier3_Buff",
		"IconPath": "lyshineui/images/icons/dungeons/mutator/icon_icebound.webp",
		"TextColor": "113,174,194",
		"BackgroundColor": "32,68,81"
	}
]