[
	{
		"PromotionMutationId": "Savage",
		"Promotion1": "Mut_Disease_1_Buff",
		"Promotion2": "Mut_Disease_2_Buff",
		"Promotion3": "Mut_RotatingBeam_Buff",
		"Name": "@SavageTitle",
		"Description": "@SavageDescription",
		"IconPath": "lyshineui/images/icons/dungeons/mutator/icon_savage.webp",
		"TextColor": "120,125,85",
		"BackgroundColor": "68,86,60"
	},
	{
		"PromotionMutationId": "Barbaric",
		"Promotion1": "Mut_StaminaDamage_1_Buff",
		"Promotion2": "Mut_StaminaDamage_2_Buff",
		"Promotion3": "Mut_Enrage_Buff",
		"Name": "@BarbaricTitle",
		"Description": "@BarbaricDescription",
		"IconPath": "lyshineui/images/icons/dungeons/mutator/icon_barbaric.webp",
		"TextColor": "185,133,221",
		"BackgroundColor": "80,47,114"
	},
	{
		"PromotionMutationId": "Oppressive",
		"Promotion1": "Mut_ManaThorns_1_Buff",
		"Promotion2": "Mut_ManaThorns_2_Buff",
		"Promotion3": "Mut_SilenceArea_Buff",
		"Name": "@OppressiveTitle",
		"Description": "@OppressiveDescription",
		"IconPath": "lyshineui/images/icons/dungeons/mutator/icon_oppressive.webp",
		"TextColor": "206,138,120",
		"BackgroundColor": "100,63,63"
	},
	{
		"PromotionMutationId": "Indomitable",
		"Promotion1": "Mut_LifeSteal_1_Buff",
		"Promotion2": "Mut_LifeSteal_2_Buff",
		"Promotion3": "Mut_ProjectileShield_Buff",
		"Name": "@IndomitableTitle",
		"Description": "@IndomitableDescription",
		"IconPath": "lyshineui/images/icons/dungeons/mutator/icon_indomitable.webp",
		"TextColor": "169,136,72",
		"BackgroundColor": "95,69,44"
	}
]