[
	{
		"CollectibleId": "CollectibleTest_12",
		"DisplayName": "@CollectibleTest_12",
		"CategoricalId": "CollectibleTest",
		"TerritoryId": 12
	},
	{
		"CollectibleId": "Collectibles_Reekwater_Gem",
		"CategoricalId": "Collectibles_Reekwater_Gem",
		"TerritoryId": 0
	},
	{
		"CollectibleId": "Collectibles_Reekwater_Chest",
		"CategoricalId": "Collectibles_Reekwater_Chest",
		"TerritoryId": 0
	},
	{
		"CollectibleId": "Collectibles_Dunwood_Gem",
		"CategoricalId": "Collectibles_Dunwood_Gem",
		"TerritoryId": 0
	},
	{
		"CollectibleId": "Collectibles_Dunwood_Memories",
		"CategoricalId": "Collectibles_Dunwood_Memories",
		"TerritoryId": 0
	}
]