[
	{
		"Rank": 0,
		"DisplayName": "@owg_rank_unafilliated",
		"MaximumInfluence": 3000,
		"RequiredLevel": 10,
		"InfluenceCost": 0,
		"CurrencyCost": 0,
		"AzothCost": 0,
		"SanityCheck": false,
		"MinMissionCountPVE": 0,
		"MaxMissionCountPVE": 0,
		"MinMissionCountPvP": 0,
		"MaxMissionCountPvP": 0
	},
	{
		"Rank": 1,
		"DisplayName": "@owg_rank_bounty_1",
		"MaximumInfluence": 11000,
		"RequiredLevel": 20,
		"InfluenceCost": 0,
		"CurrencyCost": 0,
		"AzothCost": 0,
		"SanityCheck": true,
		"MinMissionCountPVE": 0,
		"MaxMissionCountPVE": 0,
		"MinMissionCountPvP": 0,
		"MaxMissionCountPvP": 0
	},
	{
		"Rank": 2,
		"DisplayName": "@owg_rank_bounty_2",
		"MaximumInfluence": 26000,
		"RequiredLevel": 35,
		"InfluenceCost": 0,
		"CurrencyCost": 0,
		"AzothCost": 0,
		"SanityCheck": true,
		"MinMissionCountPVE": 0,
		"MaxMissionCountPVE": 0,
		"MinMissionCountPvP": 0,
		"MaxMissionCountPvP": 0
	},
	{
		"Rank": 3,
		"DisplayName": "@owg_rank_bounty_3",
		"MaximumInfluence": 49000,
		"RequiredLevel": 50,
		"InfluenceCost": 0,
		"CurrencyCost": 0,
		"AzothCost": 0,
		"SanityCheck": true,
		"MinMissionCountPVE": 0,
		"MaxMissionCountPVE": 0,
		"MinMissionCountPvP": 0,
		"MaxMissionCountPvP": 0
	},
	{
		"Rank": 4,
		"DisplayName": "@owg_rank_bounty_4",
		"MaximumInfluence": 49000,
		"RequiredLevel": 60,
		"InfluenceCost": 0,
		"CurrencyCost": 0,
		"AzothCost": 0,
		"SanityCheck": true,
		"MinMissionCountPVE": 0,
		"MaxMissionCountPVE": 0,
		"MinMissionCountPvP": 0,
		"MaxMissionCountPvP": 0
	}
]