[
	{
		"RowPlaceholders": "FIRSTROW",
		"LootBucket1": "Playtest_GS600Weapons",
		"Item1": "1hLongsword_PVP_Prestige600T5_V2",
		"Quantity1": 1,
		"LootBucket2": "Playtest_GS600Armor",
		"Item2": "HeavyHead_PVP_Prestige600T5_V2",
		"Quantity2": 1
	},
	{
		"RowPlaceholders": "DATA1",
		"Item1": "1hThrowingAxe_PVP_Prestige600T5_V2",
		"Quantity1": 1,
		"Item2": "HeavyChest_PVP_Prestige600T5_V2",
		"Quantity2": 1
	},
	{
		"RowPlaceholders": "DATA2",
		"Item1": "2hWarhammer_PVP_Prestige600T5_V2",
		"Quantity1": 1,
		"Item2": "HeavyHands_PVP_Prestige600T5_V2",
		"Quantity2": 1
	},
	{
		"RowPlaceholders": "DATA3",
		"Item1": "2hGreatAxe_PVP_Prestige600T5_V2",
		"Quantity1": 1,
		"Item2": "HeavyLegs_PVP_Prestige600T5_V2",
		"Quantity2": 1
	},
	{
		"RowPlaceholders": "DATA4",
		"Item1": "2hBow_PVP_Prestige600T5_V2",
		"Quantity1": 1,
		"Item2": "HeavyFeet_PVP_Prestige600T5_V2",
		"Quantity2": 1
	},
	{
		"RowPlaceholders": "DATA5",
		"Item1": "2hMusket_PVP_Prestige600T5_V2",
		"Quantity1": 1,
		"Item2": "MediumHead_PVP_Prestige600T5_V2",
		"Quantity2": 1
	},
	{
		"RowPlaceholders": "DATA6",
		"Item1": "1hRoundShield_PVP_Prestige600T5_V2",
		"Quantity1": 1,
		"Item2": "MediumChest_PVP_Prestige600T5_V2",
		"Quantity2": 1
	},
	{
		"RowPlaceholders": "DATA7",
		"Item1": "1hKiteShield_PVP_Prestige600T5_V2",
		"Quantity1": 1,
		"Item2": "MediumHands_PVP_Prestige600T5_V2",
		"Quantity2": 1
	},
	{
		"RowPlaceholders": "DATA8",
		"Item1": "1hTowerShield_PVP_Prestige600T5_V2",
		"Quantity1": 1,
		"Item2": "MediumLegs_PVP_Prestige600T5_V2",
		"Quantity2": 1
	},
	{
		"RowPlaceholders": "DATA9",
		"Item1": "2hStaffFire_PVP_Prestige600T5_V2",
		"Quantity1": 1,
		"Item2": "MediumFeet_PVP_Prestige600T5_V2",
		"Quantity2": 1
	},
	{
		"RowPlaceholders": "DATA10",
		"Item1": "2hStaffLife_PVP_Prestige600T5_V2",
		"Quantity1": 1,
		"Item2": "LightHead_PVP_Prestige600T5_V2",
		"Quantity2": 1
	},
	{
		"RowPlaceholders": "DATA11",
		"Item1": "2hSpear_PVP_Prestige600T5_V2",
		"Quantity1": 1,
		"Item2": "LightChest_PVP_Prestige600T5_V2",
		"Quantity2": 1
	},
	{
		"RowPlaceholders": "DATA12",
		"Item1": "1hRapier_PVP_Prestige600T5_V2",
		"Quantity1": 1,
		"Item2": "LightHands_PVP_Prestige600T5_V2",
		"Quantity2": 1
	},
	{
		"RowPlaceholders": "DATA13",
		"Item1": "1hGauntletIce_PVP_Prestige600T5_V2",
		"Quantity1": 1,
		"Item2": "LightLegs_PVP_Prestige600T5_V2",
		"Quantity2": 1
	},
	{
		"RowPlaceholders": "DATA14",
		"Item1": "1hGauntletVoid_PVP_Prestige600T5_V2",
		"Quantity1": 1,
		"Item2": "LightFeet_PVP_Prestige600T5_V2",
		"Quantity2": 1
	},
	{
		"RowPlaceholders": "DATA15",
		"Item1": "2hBlunderbuss_PVP_Prestige600T5_V2",
		"Quantity1": 1
	},
	{
		"RowPlaceholders": "DATA16",
		"Item1": "2hGreatSword_PVP_Prestige600T5_V2",
		"Quantity1": 1
	}
]