[
	{
		"Index": 1,
		"OldIndex": 0,
		"isForeground": true,
		"DisplayName": "FG Red",
		"Color": "#c31818",
		"isEntitlement": false,
		"isEnabled": true,
		"Faction": "Any"
	},
	{
		"Index": 2,
		"OldIndex": 1,
		"isForeground": true,
		"DisplayName": "FG Orange",
		"Color": "#ca5711",
		"isEntitlement": false,
		"isEnabled": true,
		"Faction": "Any"
	},
	{
		"Index": 3,
		"OldIndex": 2,
		"isForeground": true,
		"DisplayName": "FG Yellow",
		"Color": "#d7a819",
		"isEntitlement": false,
		"isEnabled": true,
		"Faction": "Any"
	},
	{
		"Index": 4,
		"OldIndex": 3,
		"isForeground": true,
		"DisplayName": "FG Green",
		"Color": "#5f9c36",
		"isEntitlement": false,
		"isEnabled": true,
		"Faction": "Any"
	},
	{
		"Index": 5,
		"OldIndex": 4,
		"isForeground": true,
		"DisplayName": "FG Teal",
		"Color": "#33bbb9",
		"isEntitlement": false,
		"isEnabled": true,
		"Faction": "Any"
	},
	{
		"Index": 6,
		"OldIndex": 5,
		"isForeground": true,
		"DisplayName": "FG Blue",
		"Color": "#587cbc",
		"isEntitlement": false,
		"isEnabled": true,
		"Faction": "Any"
	},
	{
		"Index": 7,
		"OldIndex": 6,
		"isForeground": true,
		"DisplayName": "FG Deep Blue",
		"Color": "#2516b6",
		"isEntitlement": false,
		"isEnabled": true,
		"Faction": "Any"
	},
	{
		"Index": 8,
		"OldIndex": 7,
		"isForeground": true,
		"DisplayName": "FG Pink",
		"Color": "#a74f8f",
		"isEntitlement": false,
		"isEnabled": true,
		"Faction": "Any"
	},
	{
		"Index": 9,
		"OldIndex": 8,
		"isForeground": true,
		"DisplayName": "FG White",
		"Color": "#eeefed",
		"isEntitlement": false,
		"isEnabled": true,
		"Faction": "Any"
	},
	{
		"Index": 10,
		"OldIndex": 9,
		"isForeground": true,
		"DisplayName": "FG Dark Red",
		"Color": "#3e141c",
		"isEntitlement": false,
		"isEnabled": true,
		"Faction": "Any"
	},
	{
		"Index": 11,
		"OldIndex": 10,
		"isForeground": true,
		"DisplayName": "FG Dark Orange",
		"Color": "#b96d24",
		"isEntitlement": false,
		"isEnabled": true,
		"Faction": "Any"
	},
	{
		"Index": 12,
		"OldIndex": 11,
		"isForeground": true,
		"DisplayName": "FG Dark Yellow",
		"Color": "#5c5545",
		"isEntitlement": false,
		"isEnabled": true,
		"Faction": "Any"
	},
	{
		"Index": 13,
		"OldIndex": 12,
		"isForeground": true,
		"DisplayName": "FG Dark Green",
		"Color": "#2a4f29",
		"isEntitlement": false,
		"isEnabled": true,
		"Faction": "Any"
	},
	{
		"Index": 14,
		"OldIndex": 13,
		"isForeground": true,
		"DisplayName": "FG Dark Teal",
		"Color": "#006e5d",
		"isEntitlement": false,
		"isEnabled": true,
		"Faction": "Any"
	},
	{
		"Index": 15,
		"OldIndex": 14,
		"isForeground": true,
		"DisplayName": "FG Dark Blue",
		"Color": "#004e97",
		"isEntitlement": false,
		"isEnabled": true,
		"Faction": "Any"
	},
	{
		"Index": 16,
		"OldIndex": 15,
		"isForeground": true,
		"DisplayName": "FG Washed Dark Purple",
		"Color": "#1c3269",
		"isEntitlement": false,
		"isEnabled": true,
		"Faction": "Any"
	},
	{
		"Index": 17,
		"OldIndex": 16,
		"isForeground": true,
		"DisplayName": "FG Dark Pink",
		"Color": "#321d25",
		"isEntitlement": false,
		"isEnabled": true,
		"Faction": "Any"
	},
	{
		"Index": 18,
		"OldIndex": 17,
		"isForeground": true,
		"DisplayName": "FG Black",
		"Color": "#222222",
		"isEntitlement": false,
		"isEnabled": true,
		"Faction": "Any"
	},
	{
		"Index": 19,
		"OldIndex": 0,
		"isForeground": false,
		"DisplayName": "Syndicate variant 1",
		"Color": "#8732d3",
		"isEntitlement": false,
		"isEnabled": true,
		"Faction": "Faction1"
	},
	{
		"Index": 20,
		"OldIndex": 1,
		"isForeground": false,
		"DisplayName": "Syndicate variant 2",
		"Color": "#6e28ad",
		"isEntitlement": false,
		"isEnabled": true,
		"Faction": "Faction1"
	},
	{
		"Index": 21,
		"OldIndex": 2,
		"isForeground": false,
		"DisplayName": "Syndicate variant 3",
		"Color": "#551f85",
		"isEntitlement": false,
		"isEnabled": true,
		"Faction": "Faction1"
	},
	{
		"Index": 22,
		"OldIndex": 3,
		"isForeground": false,
		"DisplayName": "Marauder variant 1",
		"Color": "#149633",
		"isEntitlement": false,
		"isEnabled": true,
		"Faction": "Faction2"
	},
	{
		"Index": 23,
		"OldIndex": 4,
		"isForeground": false,
		"DisplayName": "Marauder variant 2",
		"Color": "#097122",
		"isEntitlement": false,
		"isEnabled": true,
		"Faction": "Faction2"
	},
	{
		"Index": 24,
		"OldIndex": 5,
		"isForeground": false,
		"DisplayName": "Marauder variant 3",
		"Color": "#093e16",
		"isEntitlement": false,
		"isEnabled": true,
		"Faction": "Faction2"
	},
	{
		"Index": 25,
		"OldIndex": 6,
		"isForeground": false,
		"DisplayName": "Covenant variant 1",
		"Color": "#eb9f0d",
		"isEntitlement": false,
		"isEnabled": true,
		"Faction": "Faction3"
	},
	{
		"Index": 26,
		"OldIndex": 7,
		"isForeground": false,
		"DisplayName": "Covenant variant 2",
		"Color": "#b47c12",
		"isEntitlement": false,
		"isEnabled": true,
		"Faction": "Faction3"
	},
	{
		"Index": 27,
		"OldIndex": 8,
		"isForeground": false,
		"DisplayName": "Covenant variant 3",
		"Color": "#895f0d",
		"isEntitlement": false,
		"isEnabled": true,
		"Faction": "Faction3"
	},
	{
		"Index": 28,
		"OldIndex": 0,
		"isForeground": true,
		"DisplayName": "@ui_crestforeground_01",
		"Image": "lyshineui/images/crests/foregrounds/icon_crest_1.webp",
		"isEntitlement": false,
		"isEnabled": true,
		"Faction": "Faction1"
	},
	{
		"Index": 29,
		"OldIndex": 1,
		"isForeground": true,
		"DisplayName": "@ui_crestforeground_02",
		"Image": "lyshineui/images/crests/foregrounds/icon_crest_2.webp",
		"isEntitlement": false,
		"isEnabled": true,
		"Faction": "Faction1"
	},
	{
		"Index": 30,
		"OldIndex": 2,
		"isForeground": true,
		"DisplayName": "@ui_crestforeground_03",
		"Image": "lyshineui/images/crests/foregrounds/icon_crest_3.webp",
		"isEntitlement": false,
		"isEnabled": true,
		"Faction": "Faction1"
	},
	{
		"Index": 31,
		"OldIndex": 3,
		"isForeground": true,
		"DisplayName": "@ui_crestforeground_04",
		"Image": "lyshineui/images/crests/foregrounds/icon_crest_4.webp",
		"isEntitlement": false,
		"isEnabled": true,
		"Faction": "Faction1"
	},
	{
		"Index": 32,
		"OldIndex": 4,
		"isForeground": true,
		"DisplayName": "@ui_crestforeground_05",
		"Image": "lyshineui/images/crests/foregrounds/icon_crest_5.webp",
		"isEntitlement": false,
		"isEnabled": true,
		"Faction": "Faction1"
	},
	{
		"Index": 33,
		"OldIndex": 5,
		"isForeground": true,
		"DisplayName": "@ui_crestforeground_06",
		"EntitlementId": "Crest1",
		"Image": "lyshineui/images/crests/foregrounds/icon_crest_6.webp",
		"isEntitlement": true,
		"isEnabled": true,
		"Faction": "Any"
	},
	{
		"Index": 34,
		"OldIndex": 6,
		"isForeground": true,
		"DisplayName": "@ui_crestforeground_07",
		"Image": "lyshineui/images/crests/foregrounds/icon_crest_7.webp",
		"isEntitlement": false,
		"isEnabled": true,
		"Faction": "Faction1"
	},
	{
		"Index": 35,
		"OldIndex": 7,
		"isForeground": true,
		"DisplayName": "@ui_crestforeground_08",
		"EntitlementId": "icon_crest_8",
		"Image": "lyshineui/images/crests/foregrounds/icon_crest_8.webp",
		"isEntitlement": true,
		"isEnabled": true,
		"Faction": "Any",
		"Notes": "Wolf's Head",
		"Intent": "Animal Head"
	},
	{
		"Index": 36,
		"OldIndex": 8,
		"isForeground": true,
		"DisplayName": "@ui_crestforeground_09",
		"Image": "lyshineui/images/crests/foregrounds/icon_crest_9.webp",
		"isEntitlement": false,
		"isEnabled": true,
		"Faction": "Faction1"
	},
	{
		"Index": 37,
		"OldIndex": 9,
		"isForeground": true,
		"DisplayName": "@ui_crestforeground_10",
		"Image": "lyshineui/images/crests/foregrounds/icon_crest_10.webp",
		"isEntitlement": false,
		"isEnabled": true,
		"Faction": "Faction1"
	},
	{
		"Index": 38,
		"OldIndex": 10,
		"isForeground": true,
		"DisplayName": "@ui_crestforeground_11",
		"Image": "lyshineui/images/crests/foregrounds/icon_crest_11.webp",
		"isEntitlement": false,
		"isEnabled": true,
		"Faction": "Faction1"
	},
	{
		"Index": 39,
		"OldIndex": 11,
		"isForeground": true,
		"DisplayName": "@ui_crestforeground_12",
		"Image": "lyshineui/images/crests/foregrounds/icon_crest_12.webp",
		"isEntitlement": false,
		"isEnabled": true,
		"Faction": "Faction1"
	},
	{
		"Index": 40,
		"OldIndex": 12,
		"isForeground": true,
		"DisplayName": "@ui_crestforeground_13",
		"Image": "lyshineui/images/crests/foregrounds/icon_crest_13.webp",
		"isEntitlement": false,
		"isEnabled": true,
		"Faction": "Faction1"
	},
	{
		"Index": 41,
		"OldIndex": 13,
		"isForeground": true,
		"DisplayName": "@ui_crestforeground_14",
		"Image": "lyshineui/images/crests/foregrounds/icon_crest_14.webp",
		"isEntitlement": false,
		"isEnabled": true,
		"Faction": "Faction1"
	},
	{
		"Index": 42,
		"OldIndex": 14,
		"isForeground": true,
		"DisplayName": "@ui_crestforeground_15",
		"Image": "lyshineui/images/crests/foregrounds/icon_crest_15.webp",
		"isEntitlement": false,
		"isEnabled": true,
		"Faction": "Faction1"
	},
	{
		"Index": 43,
		"OldIndex": 15,
		"isForeground": true,
		"DisplayName": "@ui_crestforeground_16",
		"Image": "lyshineui/images/crests/foregrounds/icon_crest_16.webp",
		"isEntitlement": false,
		"isEnabled": true,
		"Faction": "Faction1"
	},
	{
		"Index": 44,
		"OldIndex": 16,
		"isForeground": true,
		"DisplayName": "@ui_crestforeground_17",
		"Image": "lyshineui/images/crests/foregrounds/icon_crest_17.webp",
		"isEntitlement": false,
		"isEnabled": true,
		"Faction": "Faction1"
	},
	{
		"Index": 45,
		"OldIndex": 17,
		"isForeground": true,
		"DisplayName": "@ui_crestforeground_18",
		"Image": "lyshineui/images/crests/foregrounds/icon_crest_18.webp",
		"isEntitlement": false,
		"isEnabled": true,
		"Faction": "Faction1"
	},
	{
		"Index": 46,
		"OldIndex": 18,
		"isForeground": true,
		"DisplayName": "@ui_crestforeground_19",
		"Image": "lyshineui/images/crests/foregrounds/icon_crest_19.webp",
		"isEntitlement": false,
		"isEnabled": true,
		"Faction": "Faction1"
	},
	{
		"Index": 47,
		"OldIndex": 19,
		"isForeground": true,
		"DisplayName": "@ui_crestforeground_20",
		"Image": "lyshineui/images/crests/foregrounds/icon_crest_20.webp",
		"isEntitlement": false,
		"isEnabled": true,
		"Faction": "Faction1"
	},
	{
		"Index": 48,
		"OldIndex": 20,
		"isForeground": true,
		"DisplayName": "@ui_crestforeground_21",
		"Image": "lyshineui/images/crests/foregrounds/icon_crest_21.webp",
		"isEntitlement": false,
		"isEnabled": true,
		"Faction": "Faction1"
	},
	{
		"Index": 49,
		"OldIndex": 21,
		"isForeground": true,
		"DisplayName": "@ui_crestforeground_22",
		"Image": "lyshineui/images/crests/foregrounds/icon_crest_22.webp",
		"isEntitlement": false,
		"isEnabled": true,
		"Faction": "Faction1"
	},
	{
		"Index": 50,
		"OldIndex": 22,
		"isForeground": true,
		"DisplayName": "@ui_crestforeground_23",
		"EntitlementId": "icon_crest_23",
		"Image": "lyshineui/images/crests/foregrounds/icon_crest_23.webp",
		"isEntitlement": true,
		"isEnabled": true,
		"Faction": "Any",
		"Notes": "Frosty Mug",
		"Intent": "Merriment"
	},
	{
		"Index": 51,
		"OldIndex": 23,
		"isForeground": true,
		"DisplayName": "@ui_crestforeground_24",
		"Image": "lyshineui/images/crests/foregrounds/icon_crest_24.webp",
		"isEntitlement": false,
		"isEnabled": true,
		"Faction": "Faction1"
	},
	{
		"Index": 52,
		"OldIndex": 24,
		"isForeground": true,
		"DisplayName": "@ui_crestforeground_25",
		"Image": "lyshineui/images/crests/foregrounds/icon_crest_25.webp",
		"isEntitlement": false,
		"isEnabled": true,
		"Faction": "Faction1"
	},
	{
		"Index": 53,
		"OldIndex": 25,
		"isForeground": true,
		"DisplayName": "@ui_crestforeground_26",
		"Image": "lyshineui/images/crests/foregrounds/icon_crest_26.webp",
		"isEntitlement": false,
		"isEnabled": true,
		"Faction": "Faction1"
	},
	{
		"Index": 54,
		"OldIndex": 26,
		"isForeground": true,
		"DisplayName": "@ui_crestforeground_27",
		"Image": "lyshineui/images/crests/foregrounds/icon_crest_27.webp",
		"isEntitlement": false,
		"isEnabled": true,
		"Faction": "Faction1"
	},
	{
		"Index": 55,
		"OldIndex": 27,
		"isForeground": true,
		"DisplayName": "@ui_crestforeground_28",
		"Image": "lyshineui/images/crests/foregrounds/icon_crest_28.webp",
		"isEntitlement": false,
		"isEnabled": true,
		"Faction": "Faction1"
	},
	{
		"Index": 56,
		"OldIndex": 28,
		"isForeground": true,
		"DisplayName": "@ui_crestforeground_29",
		"Image": "lyshineui/images/crests/foregrounds/icon_crest_29.webp",
		"isEntitlement": false,
		"isEnabled": true,
		"Faction": "Faction1"
	},
	{
		"Index": 57,
		"OldIndex": 29,
		"isForeground": true,
		"DisplayName": "@ui_crestforeground_30",
		"Image": "lyshineui/images/crests/foregrounds/icon_crest_30.webp",
		"isEntitlement": false,
		"isEnabled": true,
		"Faction": "Faction1"
	},
	{
		"Index": 58,
		"OldIndex": 30,
		"isForeground": true,
		"DisplayName": "@ui_crestforeground_31",
		"Image": "lyshineui/images/crests/foregrounds/icon_crest_31.webp",
		"isEntitlement": false,
		"isEnabled": true,
		"Faction": "Faction1"
	},
	{
		"Index": 59,
		"OldIndex": 31,
		"isForeground": true,
		"DisplayName": "@ui_crestforeground_32",
		"Image": "lyshineui/images/crests/foregrounds/icon_crest_32.webp",
		"isEntitlement": false,
		"isEnabled": true,
		"Faction": "Faction2"
	},
	{
		"Index": 60,
		"OldIndex": 32,
		"isForeground": true,
		"DisplayName": "@ui_crestforeground_33",
		"Image": "lyshineui/images/crests/foregrounds/icon_crest_33.webp",
		"isEntitlement": false,
		"isEnabled": true,
		"Faction": "Faction2"
	},
	{
		"Index": 61,
		"OldIndex": 33,
		"isForeground": true,
		"DisplayName": "@ui_crestforeground_34",
		"Image": "lyshineui/images/crests/foregrounds/icon_crest_34.webp",
		"isEntitlement": false,
		"isEnabled": true,
		"Faction": "Faction2"
	},
	{
		"Index": 62,
		"OldIndex": 34,
		"isForeground": true,
		"DisplayName": "@ui_crestforeground_35",
		"EntitlementId": "icon_crest_35",
		"Image": "lyshineui/images/crests/foregrounds/icon_crest_35.webp",
		"isEntitlement": true,
		"isEnabled": true,
		"Faction": "Any",
		"Notes": "Bull's Head",
		"Intent": "Animal Head"
	},
	{
		"Index": 63,
		"OldIndex": 35,
		"isForeground": true,
		"DisplayName": "@ui_crestforeground_36",
		"Image": "lyshineui/images/crests/foregrounds/icon_crest_36.webp",
		"isEntitlement": false,
		"isEnabled": true,
		"Faction": "Faction2"
	},
	{
		"Index": 64,
		"OldIndex": 36,
		"isForeground": true,
		"DisplayName": "@ui_crestforeground_37",
		"Image": "lyshineui/images/crests/foregrounds/icon_crest_37.webp",
		"isEntitlement": false,
		"isEnabled": true,
		"Faction": "Faction2"
	},
	{
		"Index": 65,
		"OldIndex": 37,
		"isForeground": true,
		"DisplayName": "@ui_crestforeground_38",
		"Image": "lyshineui/images/crests/foregrounds/icon_crest_38.webp",
		"isEntitlement": false,
		"isEnabled": true,
		"Faction": "Faction2"
	},
	{
		"Index": 66,
		"OldIndex": 38,
		"isForeground": true,
		"DisplayName": "@ui_crestforeground_39",
		"Image": "lyshineui/images/crests/foregrounds/icon_crest_39.webp",
		"isEntitlement": false,
		"isEnabled": true,
		"Faction": "Faction2"
	},
	{
		"Index": 67,
		"OldIndex": 39,
		"isForeground": true,
		"DisplayName": "@ui_crestforeground_40",
		"Image": "lyshineui/images/crests/foregrounds/icon_crest_40.webp",
		"isEntitlement": false,
		"isEnabled": true,
		"Faction": "Faction2"
	},
	{
		"Index": 68,
		"OldIndex": 40,
		"isForeground": true,
		"DisplayName": "@ui_crestforeground_41",
		"Image": "lyshineui/images/crests/foregrounds/icon_crest_41.webp",
		"isEntitlement": false,
		"isEnabled": true,
		"Faction": "Faction2"
	},
	{
		"Index": 69,
		"OldIndex": 41,
		"isForeground": true,
		"DisplayName": "@ui_crestforeground_42",
		"EntitlementId": "icon_crest_42",
		"Image": "lyshineui/images/crests/foregrounds/icon_crest_42.webp",
		"isEntitlement": true,
		"isEnabled": true,
		"Faction": "Any",
		"Notes": "Cheer's",
		"Intent": "Merriment"
	},
	{
		"Index": 70,
		"OldIndex": 42,
		"isForeground": true,
		"DisplayName": "@ui_crestforeground_43",
		"Image": "lyshineui/images/crests/foregrounds/icon_crest_43.webp",
		"isEntitlement": false,
		"isEnabled": true,
		"Faction": "Faction2"
	},
	{
		"Index": 71,
		"OldIndex": 43,
		"isForeground": true,
		"DisplayName": "@ui_crestforeground_44",
		"Image": "lyshineui/images/crests/foregrounds/icon_crest_44.webp",
		"isEntitlement": false,
		"isEnabled": true,
		"Faction": "Faction2"
	},
	{
		"Index": 72,
		"OldIndex": 44,
		"isForeground": true,
		"DisplayName": "@ui_crestforeground_45",
		"Image": "lyshineui/images/crests/foregrounds/icon_crest_45.webp",
		"isEntitlement": false,
		"isEnabled": true,
		"Faction": "Faction2"
	},
	{
		"Index": 73,
		"OldIndex": 45,
		"isForeground": true,
		"DisplayName": "@ui_crestforeground_46",
		"Image": "lyshineui/images/crests/foregrounds/icon_crest_46.webp",
		"isEntitlement": false,
		"isEnabled": true,
		"Faction": "Faction2"
	},
	{
		"Index": 74,
		"OldIndex": 46,
		"isForeground": true,
		"DisplayName": "@ui_crestforeground_47",
		"Image": "lyshineui/images/crests/foregrounds/icon_crest_47.webp",
		"isEntitlement": false,
		"isEnabled": true,
		"Faction": "Faction2"
	},
	{
		"Index": 75,
		"OldIndex": 47,
		"isForeground": true,
		"DisplayName": "@ui_crestforeground_48",
		"Image": "lyshineui/images/crests/foregrounds/icon_crest_48.webp",
		"isEntitlement": false,
		"isEnabled": true,
		"Faction": "Faction2"
	},
	{
		"Index": 76,
		"OldIndex": 48,
		"isForeground": true,
		"DisplayName": "@ui_crestforeground_49",
		"Image": "lyshineui/images/crests/foregrounds/icon_crest_49.webp",
		"isEntitlement": false,
		"isEnabled": true,
		"Faction": "Faction2"
	},
	{
		"Index": 77,
		"OldIndex": 49,
		"isForeground": true,
		"DisplayName": "@ui_crestforeground_50",
		"Image": "lyshineui/images/crests/foregrounds/icon_crest_50.webp",
		"isEntitlement": false,
		"isEnabled": true,
		"Faction": "Faction2"
	},
	{
		"Index": 78,
		"OldIndex": 50,
		"isForeground": true,
		"DisplayName": "@ui_crestforeground_51",
		"Image": "lyshineui/images/crests/foregrounds/icon_crest_051.webp",
		"isEntitlement": false,
		"isEnabled": true,
		"Faction": "Faction2"
	},
	{
		"Index": 79,
		"OldIndex": 51,
		"isForeground": true,
		"DisplayName": "@ui_crestforeground_52",
		"Image": "lyshineui/images/crests/foregrounds/icon_crest_052.webp",
		"isEntitlement": false,
		"isEnabled": true,
		"Faction": "Faction2"
	},
	{
		"Index": 80,
		"OldIndex": 52,
		"isForeground": true,
		"DisplayName": "@ui_crestforeground_53",
		"EntitlementId": "icon_crest_53",
		"Image": "lyshineui/images/crests/foregrounds/icon_crest_053.webp",
		"isEntitlement": true,
		"isEnabled": true,
		"Faction": "Any",
		"Notes": "Hearts",
		"Intent": "Card Suite"
	},
	{
		"Index": 81,
		"OldIndex": 53,
		"isForeground": true,
		"DisplayName": "@ui_crestforeground_54",
		"EntitlementId": "icon_crest_54",
		"Image": "lyshineui/images/crests/foregrounds/icon_crest_054.webp",
		"isEntitlement": true,
		"isEnabled": true,
		"Faction": "Any",
		"Notes": "Spades",
		"Intent": "Card Suite"
	},
	{
		"Index": 82,
		"OldIndex": 54,
		"isForeground": true,
		"DisplayName": "@ui_crestforeground_55",
		"EntitlementId": "icon_crest_55",
		"Image": "lyshineui/images/crests/foregrounds/icon_crest_055.webp",
		"isEntitlement": true,
		"isEnabled": true,
		"Faction": "Any",
		"Notes": "Clubs",
		"Intent": "Card Suite"
	},
	{
		"Index": 83,
		"OldIndex": 55,
		"isForeground": true,
		"DisplayName": "@ui_crestforeground_56",
		"EntitlementId": "icon_crest_56",
		"Image": "lyshineui/images/crests/foregrounds/icon_crest_056.webp",
		"isEntitlement": true,
		"isEnabled": true,
		"Faction": "Any",
		"Notes": "Diamonds",
		"Intent": "Card Suite"
	},
	{
		"Index": 84,
		"OldIndex": 56,
		"isForeground": true,
		"DisplayName": "@ui_crestforeground_57",
		"Image": "lyshineui/images/crests/foregrounds/icon_crest_057.webp",
		"isEntitlement": false,
		"isEnabled": true,
		"Faction": "Faction2"
	},
	{
		"Index": 85,
		"OldIndex": 57,
		"isForeground": true,
		"DisplayName": "@ui_crestforeground_58",
		"Image": "lyshineui/images/crests/foregrounds/icon_crest_058.webp",
		"isEntitlement": false,
		"isEnabled": true,
		"Faction": "Faction2"
	},
	{
		"Index": 86,
		"OldIndex": 58,
		"isForeground": true,
		"DisplayName": "@ui_crestforeground_59",
		"Image": "lyshineui/images/crests/foregrounds/icon_crest_059.webp",
		"isEntitlement": false,
		"isEnabled": true,
		"Faction": "Faction2"
	},
	{
		"Index": 87,
		"OldIndex": 59,
		"isForeground": true,
		"DisplayName": "@ui_crestforeground_60",
		"Image": "lyshineui/images/crests/foregrounds/icon_crest_060.webp",
		"isEntitlement": false,
		"isEnabled": true,
		"Faction": "Faction2"
	},
	{
		"Index": 88,
		"OldIndex": 60,
		"isForeground": true,
		"DisplayName": "@ui_crestforeground_61",
		"Image": "lyshineui/images/crests/foregrounds/icon_crest_061.webp",
		"isEntitlement": false,
		"isEnabled": true,
		"Faction": "Faction2"
	},
	{
		"Index": 89,
		"OldIndex": 61,
		"isForeground": true,
		"DisplayName": "@ui_crestforeground_62",
		"Image": "lyshineui/images/crests/foregrounds/icon_crest_062.webp",
		"isEntitlement": false,
		"isEnabled": true,
		"Faction": "Faction3"
	},
	{
		"Index": 90,
		"OldIndex": 62,
		"isForeground": true,
		"DisplayName": "@ui_crestforeground_63",
		"Image": "lyshineui/images/crests/foregrounds/icon_crest_063.webp",
		"isEntitlement": false,
		"isEnabled": true,
		"Faction": "Faction3"
	},
	{
		"Index": 91,
		"OldIndex": 63,
		"isForeground": true,
		"DisplayName": "@ui_crestforeground_64",
		"Image": "lyshineui/images/crests/foregrounds/icon_crest_064.webp",
		"isEntitlement": false,
		"isEnabled": true,
		"Faction": "Faction3"
	},
	{
		"Index": 92,
		"OldIndex": 64,
		"isForeground": true,
		"DisplayName": "@ui_crestforeground_65",
		"Image": "lyshineui/images/crests/foregrounds/icon_crest_065.webp",
		"isEntitlement": false,
		"isEnabled": true,
		"Faction": "Faction3"
	},
	{
		"Index": 93,
		"OldIndex": 65,
		"isForeground": true,
		"DisplayName": "@ui_crestforeground_66",
		"Image": "lyshineui/images/crests/foregrounds/icon_crest_066.webp",
		"isEntitlement": false,
		"isEnabled": true,
		"Faction": "Faction3"
	},
	{
		"Index": 94,
		"OldIndex": 66,
		"isForeground": true,
		"DisplayName": "@ui_crestforeground_67",
		"Image": "lyshineui/images/crests/foregrounds/icon_crest_067.webp",
		"isEntitlement": false,
		"isEnabled": true,
		"Faction": "Faction3"
	},
	{
		"Index": 95,
		"OldIndex": 67,
		"isForeground": true,
		"DisplayName": "@ui_crestforeground_68",
		"Image": "lyshineui/images/crests/foregrounds/icon_crest_068.webp",
		"isEntitlement": false,
		"isEnabled": true,
		"Faction": "Faction3"
	},
	{
		"Index": 96,
		"OldIndex": 68,
		"isForeground": true,
		"DisplayName": "@ui_crestforeground_69",
		"Image": "lyshineui/images/crests/foregrounds/icon_crest_069.webp",
		"isEntitlement": false,
		"isEnabled": true,
		"Faction": "Faction3"
	},
	{
		"Index": 97,
		"OldIndex": 69,
		"isForeground": true,
		"DisplayName": "@ui_crestforeground_70",
		"Image": "lyshineui/images/crests/foregrounds/icon_crest_070.webp",
		"isEntitlement": false,
		"isEnabled": true,
		"Faction": "Faction3"
	},
	{
		"Index": 98,
		"OldIndex": 70,
		"isForeground": true,
		"DisplayName": "@ui_crestforeground_71",
		"Image": "lyshineui/images/crests/foregrounds/icon_crest_071.webp",
		"isEntitlement": false,
		"isEnabled": true,
		"Faction": "Faction3"
	},
	{
		"Index": 99,
		"OldIndex": 71,
		"isForeground": true,
		"DisplayName": "@ui_crestforeground_72",
		"Image": "lyshineui/images/crests/foregrounds/icon_crest_072.webp",
		"isEntitlement": false,
		"isEnabled": true,
		"Faction": "Faction3"
	},
	{
		"Index": 100,
		"OldIndex": 72,
		"isForeground": true,
		"DisplayName": "@ui_crestforeground_73",
		"Image": "lyshineui/images/crests/foregrounds/icon_crest_073.webp",
		"isEntitlement": false,
		"isEnabled": true,
		"Faction": "Faction3"
	},
	{
		"Index": 101,
		"OldIndex": 73,
		"isForeground": true,
		"DisplayName": "@ui_crestforeground_74",
		"Image": "lyshineui/images/crests/foregrounds/icon_crest_074.webp",
		"isEntitlement": false,
		"isEnabled": true,
		"Faction": "Faction3"
	},
	{
		"Index": 102,
		"OldIndex": 74,
		"isForeground": true,
		"DisplayName": "@ui_crestforeground_75",
		"Image": "lyshineui/images/crests/foregrounds/icon_crest_075.webp",
		"isEntitlement": false,
		"isEnabled": true,
		"Faction": "Faction3"
	},
	{
		"Index": 103,
		"OldIndex": 75,
		"isForeground": true,
		"DisplayName": "@ui_crestforeground_76",
		"Image": "lyshineui/images/crests/foregrounds/icon_crest_076.webp",
		"isEntitlement": false,
		"isEnabled": true,
		"Faction": "Faction3"
	},
	{
		"Index": 104,
		"OldIndex": 76,
		"isForeground": true,
		"DisplayName": "@ui_crestforeground_77",
		"Image": "lyshineui/images/crests/foregrounds/icon_crest_077.webp",
		"isEntitlement": false,
		"isEnabled": true,
		"Faction": "Faction3"
	},
	{
		"Index": 105,
		"OldIndex": 77,
		"isForeground": true,
		"DisplayName": "@ui_crestforeground_78",
		"Image": "lyshineui/images/crests/foregrounds/icon_crest_078.webp",
		"isEntitlement": false,
		"isEnabled": true,
		"Faction": "Faction3"
	},
	{
		"Index": 106,
		"OldIndex": 78,
		"isForeground": true,
		"DisplayName": "@ui_crestforeground_79",
		"Image": "lyshineui/images/crests/foregrounds/icon_crest_079.webp",
		"isEntitlement": false,
		"isEnabled": true,
		"Faction": "Faction3"
	},
	{
		"Index": 107,
		"OldIndex": 79,
		"isForeground": true,
		"DisplayName": "@ui_crestforeground_80",
		"Image": "lyshineui/images/crests/foregrounds/icon_crest_080.webp",
		"isEntitlement": false,
		"isEnabled": true,
		"Faction": "Faction3"
	},
	{
		"Index": 108,
		"OldIndex": 80,
		"isForeground": true,
		"DisplayName": "@ui_crestforeground_81",
		"Image": "lyshineui/images/crests/foregrounds/icon_crest_081.webp",
		"isEntitlement": false,
		"isEnabled": true,
		"Faction": "Faction3"
	},
	{
		"Index": 109,
		"OldIndex": 81,
		"isForeground": true,
		"DisplayName": "@ui_crestforeground_82",
		"Image": "lyshineui/images/crests/foregrounds/icon_crest_082.webp",
		"isEntitlement": false,
		"isEnabled": true,
		"Faction": "Faction3"
	},
	{
		"Index": 110,
		"OldIndex": 82,
		"isForeground": true,
		"DisplayName": "@ui_crestforeground_83",
		"Image": "lyshineui/images/crests/foregrounds/icon_crest_083.webp",
		"isEntitlement": false,
		"isEnabled": true,
		"Faction": "Faction3"
	},
	{
		"Index": 111,
		"OldIndex": 83,
		"isForeground": true,
		"DisplayName": "@ui_crestforeground_84",
		"Image": "lyshineui/images/crests/foregrounds/icon_crest_084.webp",
		"isEntitlement": false,
		"isEnabled": true,
		"Faction": "Faction3"
	},
	{
		"Index": 112,
		"OldIndex": 84,
		"isForeground": true,
		"DisplayName": "@ui_crestforeground_85",
		"Image": "lyshineui/images/crests/foregrounds/icon_crest_085.webp",
		"isEntitlement": false,
		"isEnabled": true,
		"Faction": "Faction3"
	},
	{
		"Index": 113,
		"OldIndex": 85,
		"isForeground": true,
		"DisplayName": "@ui_crestforeground_86",
		"Image": "lyshineui/images/crests/foregrounds/icon_crest_086.webp",
		"isEntitlement": false,
		"isEnabled": true,
		"Faction": "Faction3"
	},
	{
		"Index": 114,
		"OldIndex": 86,
		"isForeground": true,
		"DisplayName": "@ui_crestforeground_87",
		"Image": "lyshineui/images/crests/foregrounds/icon_crest_087.webp",
		"isEntitlement": false,
		"isEnabled": true,
		"Faction": "Faction3"
	},
	{
		"Index": 115,
		"OldIndex": 87,
		"isForeground": true,
		"DisplayName": "@ui_crestforeground_88",
		"Image": "lyshineui/images/crests/foregrounds/icon_crest_088.webp",
		"isEntitlement": false,
		"isEnabled": true,
		"Faction": "Faction3"
	},
	{
		"Index": 116,
		"OldIndex": 88,
		"isForeground": true,
		"DisplayName": "@ui_crestforeground_89",
		"Image": "lyshineui/images/crests/foregrounds/icon_crest_089.webp",
		"isEntitlement": false,
		"isEnabled": true,
		"Faction": "Faction3"
	},
	{
		"Index": 117,
		"OldIndex": 89,
		"isForeground": true,
		"DisplayName": "@ui_crestforeground_90",
		"EntitlementId": "icon_crest_90",
		"Image": "lyshineui/images/crests/foregrounds/icon_crest_090.webp",
		"isEntitlement": true,
		"isEnabled": true,
		"Faction": "Any",
		"Notes": "Crossed Pistols",
		"Intent": "Smugglers"
	},
	{
		"Index": 118,
		"OldIndex": 90,
		"isForeground": true,
		"DisplayName": "@ui_crestforeground_91",
		"Image": "lyshineui/images/crests/foregrounds/icon_crest_091.webp",
		"isEntitlement": false,
		"isEnabled": true,
		"Faction": "Faction3"
	},
	{
		"Index": 119,
		"OldIndex": 91,
		"isForeground": true,
		"DisplayName": "@ui_crestforeground_92",
		"Image": "lyshineui/images/crests/foregrounds/icon_crest_092.webp",
		"isEntitlement": false,
		"isEnabled": true,
		"Faction": "Faction3"
	},
	{
		"Index": 120,
		"OldIndex": 92,
		"isForeground": true,
		"DisplayName": "@ui_crestforeground_93",
		"Image": "lyshineui/images/crests/foregrounds/icon_crest_093.webp",
		"isEntitlement": false,
		"isEnabled": true,
		"Faction": "Faction3"
	},
	{
		"Index": 121,
		"OldIndex": 93,
		"isForeground": true,
		"DisplayName": "@ui_crestforeground_94",
		"Image": "lyshineui/images/crests/foregrounds/icon_crest_094.webp",
		"isEntitlement": false,
		"isEnabled": true,
		"Faction": "Faction3"
	},
	{
		"Index": 122,
		"OldIndex": 94,
		"isForeground": true,
		"DisplayName": "@ui_crestforeground_95",
		"Image": "lyshineui/images/crests/foregrounds/icon_crest_095.webp",
		"isEntitlement": false,
		"isEnabled": true,
		"Faction": "Faction3"
	},
	{
		"Index": 123,
		"OldIndex": 95,
		"isForeground": true,
		"DisplayName": "@ui_crestforeground_96",
		"EntitlementId": "icon_crest_096_Twitch",
		"Image": "lyshineui/images/crests/foregrounds/icon_crest_096_twitch.webp",
		"isEntitlement": true,
		"isEnabled": true,
		"Faction": "Any"
	},
	{
		"Index": 124,
		"OldIndex": 96,
		"isForeground": true,
		"DisplayName": "@ui_crestforeground_97",
		"EntitlementId": "icon_crest_097_Twitch",
		"Image": "lyshineui/images/crests/foregrounds/icon_crest_097_twitch.webp",
		"isEntitlement": true,
		"isEnabled": true,
		"Faction": "Any"
	},
	{
		"Index": 125,
		"OldIndex": 97,
		"isForeground": true,
		"DisplayName": "@ui_crestforeground_98",
		"EntitlementId": "icon_crest_098_Twitch",
		"Image": "lyshineui/images/crests/foregrounds/icon_crest_098_twitch.webp",
		"isEntitlement": true,
		"isEnabled": true,
		"Faction": "Any"
	},
	{
		"Index": 126,
		"OldIndex": 98,
		"isForeground": true,
		"DisplayName": "@ui_crestforeground_99",
		"EntitlementId": "icon_crest_099_Premium",
		"Image": "lyshineui/images/crests/foregrounds/icon_crest_099_premium.webp",
		"isEntitlement": true,
		"isEnabled": true,
		"Faction": "Any",
		"Notes": "Turkey Dinner",
		"Intent": "Merriment"
	},
	{
		"Index": 127,
		"OldIndex": 99,
		"isForeground": true,
		"DisplayName": "@ui_crestforeground_100",
		"EntitlementId": "DLC_Item_Woodsman_Crest_2",
		"Image": "lyshineui/images/crests/foregrounds/icon_crest_100_premium.webp",
		"isEntitlement": true,
		"isEnabled": true,
		"Faction": "Any",
		"Notes": "Pilgrim Hat",
		"Intent": "Pre-Order"
	},
	{
		"Index": 128,
		"OldIndex": 100,
		"isForeground": true,
		"DisplayName": "@ui_crestforeground_101",
		"EntitlementId": "DLC_Item_Woodsman_Crest_3",
		"Image": "lyshineui/images/crests/foregrounds/icon_crest_101_premium.webp",
		"isEntitlement": true,
		"isEnabled": true,
		"Faction": "Any",
		"Notes": "Axe x Musket",
		"Intent": "Pre-Order"
	},
	{
		"Index": 129,
		"OldIndex": 101,
		"isForeground": true,
		"DisplayName": "@ui_crestforeground_102",
		"EntitlementId": "twitch_pirate_icon_102",
		"Image": "lyshineui/images/crests/foregrounds/icon_crest_102_twitch.webp",
		"isEntitlement": true,
		"isEnabled": true,
		"Faction": "Any",
		"Notes": "Pirate Crest 1",
		"Intent": "Prime Gaming"
	},
	{
		"Index": 130,
		"OldIndex": 102,
		"isForeground": true,
		"DisplayName": "@ui_crestforeground_103",
		"EntitlementId": "twitch_pirate_icon_103",
		"Image": "lyshineui/images/crests/foregrounds/icon_crest_103_twitch.webp",
		"isEntitlement": true,
		"isEnabled": true,
		"Faction": "Any",
		"Notes": "Pirate Crest 2",
		"Intent": "Prime Gaming"
	},
	{
		"Index": 131,
		"OldIndex": 103,
		"isForeground": true,
		"DisplayName": "@ui_crestforeground_104",
		"EntitlementId": "twitch_pirate_icon_104",
		"Image": "lyshineui/images/crests/foregrounds/icon_crest_104_twitch.webp",
		"isEntitlement": true,
		"isEnabled": true,
		"Faction": "Any",
		"Notes": "Pirate Crest 3",
		"Intent": "Prime Gaming"
	},
	{
		"Index": 132,
		"OldIndex": 104,
		"isForeground": true,
		"DisplayName": "@ui_crestforeground_105",
		"Image": "lyshineui/images/crests/foregrounds/icon_crest_105.webp",
		"isEntitlement": false,
		"isEnabled": true,
		"Faction": "Any"
	},
	{
		"Index": 133,
		"OldIndex": 105,
		"isForeground": true,
		"DisplayName": "@ui_crestforeground_106",
		"Image": "lyshineui/images/crests/foregrounds/icon_crest_106.webp",
		"isEntitlement": false,
		"isEnabled": true,
		"Faction": "Any"
	},
	{
		"Index": 134,
		"OldIndex": 106,
		"isForeground": true,
		"DisplayName": "@ui_crestforeground_107",
		"Image": "lyshineui/images/crests/foregrounds/icon_crest_107.webp",
		"isEntitlement": false,
		"isEnabled": true,
		"Faction": "Any"
	},
	{
		"Index": 135,
		"OldIndex": 107,
		"isForeground": true,
		"DisplayName": "@ui_crestforeground_108",
		"Image": "lyshineui/images/crests/foregrounds/icon_crest_108.webp",
		"isEntitlement": false,
		"isEnabled": true,
		"Faction": "Any"
	},
	{
		"Index": 136,
		"OldIndex": 108,
		"isForeground": true,
		"DisplayName": "@ui_crestforeground_109",
		"Image": "lyshineui/images/crests/foregrounds/icon_crest_109.webp",
		"isEntitlement": false,
		"isEnabled": true,
		"Faction": "Any"
	},
	{
		"Index": 137,
		"OldIndex": 109,
		"isForeground": true,
		"DisplayName": "@ui_crestforeground_110",
		"Image": "lyshineui/images/crests/foregrounds/icon_crest_110.webp",
		"isEntitlement": false,
		"isEnabled": true,
		"Faction": "Any"
	},
	{
		"Index": 138,
		"OldIndex": 110,
		"isForeground": true,
		"DisplayName": "@ui_crestforeground_111",
		"Image": "lyshineui/images/crests/foregrounds/icon_crest_111.webp",
		"isEntitlement": false,
		"isEnabled": true,
		"Faction": "Any"
	},
	{
		"Index": 139,
		"OldIndex": 111,
		"isForeground": true,
		"DisplayName": "@ui_crestforeground_112",
		"Image": "lyshineui/images/crests/foregrounds/icon_crest_112.webp",
		"isEntitlement": false,
		"isEnabled": true,
		"Faction": "Any"
	},
	{
		"Index": 140,
		"OldIndex": 112,
		"isForeground": true,
		"DisplayName": "@ui_crestforeground_113",
		"Image": "lyshineui/images/crests/foregrounds/icon_crest_113.webp",
		"isEntitlement": false,
		"isEnabled": true,
		"Faction": "Any"
	},
	{
		"Index": 141,
		"OldIndex": 113,
		"isForeground": true,
		"DisplayName": "@ui_crestforeground_114",
		"Image": "lyshineui/images/crests/foregrounds/icon_crest_114.webp",
		"isEntitlement": false,
		"isEnabled": true,
		"Faction": "Any"
	},
	{
		"Index": 142,
		"OldIndex": 114,
		"isForeground": true,
		"DisplayName": "@ui_crestforeground_115",
		"Image": "lyshineui/images/crests/foregrounds/icon_crest_115.webp",
		"isEntitlement": false,
		"isEnabled": true,
		"Faction": "Any"
	},
	{
		"Index": 143,
		"OldIndex": 115,
		"isForeground": true,
		"DisplayName": "@ui_crestforeground_116",
		"Image": "lyshineui/images/crests/foregrounds/icon_crest_116.webp",
		"isEntitlement": false,
		"isEnabled": true,
		"Faction": "Any"
	},
	{
		"Index": 144,
		"OldIndex": 116,
		"isForeground": true,
		"DisplayName": "@ui_crestforeground_117",
		"Image": "lyshineui/images/crests/foregrounds/icon_crest_117.webp",
		"isEntitlement": false,
		"isEnabled": true,
		"Faction": "Any"
	},
	{
		"Index": 145,
		"OldIndex": 117,
		"isForeground": true,
		"DisplayName": "@ui_crestforeground_118",
		"Image": "lyshineui/images/crests/foregrounds/icon_crest_118.webp",
		"isEntitlement": false,
		"isEnabled": true,
		"Faction": "Any"
	},
	{
		"Index": 146,
		"OldIndex": 118,
		"isForeground": true,
		"DisplayName": "@ui_crestforeground_119",
		"Image": "lyshineui/images/crests/foregrounds/icon_crest_119.webp",
		"isEntitlement": false,
		"isEnabled": true,
		"Faction": "Any"
	},
	{
		"Index": 147,
		"OldIndex": 119,
		"isForeground": true,
		"DisplayName": "@ui_crestforeground_120",
		"Image": "lyshineui/images/crests/foregrounds/icon_crest_120.webp",
		"isEntitlement": false,
		"isEnabled": true,
		"Faction": "Any"
	},
	{
		"Index": 148,
		"OldIndex": 120,
		"isForeground": true,
		"DisplayName": "@ui_crestforeground_121",
		"Image": "lyshineui/images/crests/foregrounds/icon_crest_121.webp",
		"isEntitlement": false,
		"isEnabled": true,
		"Faction": "Any"
	},
	{
		"Index": 149,
		"OldIndex": 121,
		"isForeground": true,
		"DisplayName": "@ui_crestforeground_122",
		"Image": "lyshineui/images/crests/foregrounds/icon_crest_122.webp",
		"isEntitlement": false,
		"isEnabled": true,
		"Faction": "Any"
	},
	{
		"Index": 150,
		"OldIndex": 122,
		"isForeground": true,
		"DisplayName": "@ui_crestforeground_123",
		"Image": "lyshineui/images/crests/foregrounds/icon_crest_123.webp",
		"isEntitlement": false,
		"isEnabled": true,
		"Faction": "Any"
	},
	{
		"Index": 151,
		"OldIndex": 123,
		"isForeground": true,
		"DisplayName": "@ui_crestforeground_124",
		"Image": "lyshineui/images/crests/foregrounds/icon_crest_124.webp",
		"isEntitlement": false,
		"isEnabled": true,
		"Faction": "Any"
	},
	{
		"Index": 152,
		"OldIndex": 124,
		"isForeground": true,
		"DisplayName": "@ui_crestforeground_125",
		"Image": "lyshineui/images/crests/foregrounds/icon_crest_125.webp",
		"isEntitlement": false,
		"isEnabled": true,
		"Faction": "Any"
	},
	{
		"Index": 153,
		"OldIndex": 125,
		"isForeground": true,
		"DisplayName": "@ui_crestforeground_126",
		"Image": "lyshineui/images/crests/foregrounds/icon_crest_126.webp",
		"isEntitlement": false,
		"isEnabled": true,
		"Faction": "Any"
	},
	{
		"Index": 154,
		"OldIndex": 126,
		"isForeground": true,
		"DisplayName": "@ui_crestforeground_127",
		"Image": "lyshineui/images/crests/foregrounds/icon_crest_127.webp",
		"isEntitlement": false,
		"isEnabled": true,
		"Faction": "Any"
	},
	{
		"Index": 155,
		"OldIndex": 127,
		"isForeground": true,
		"DisplayName": "@ui_crestforeground_128",
		"Image": "lyshineui/images/crests/foregrounds/icon_crest_128.webp",
		"isEntitlement": false,
		"isEnabled": true,
		"Faction": "Any"
	},
	{
		"Index": 156,
		"OldIndex": 128,
		"isForeground": true,
		"DisplayName": "@ui_crestforeground_129",
		"Image": "lyshineui/images/crests/foregrounds/icon_crest_129.webp",
		"isEntitlement": false,
		"isEnabled": true,
		"Faction": "Any"
	},
	{
		"Index": 157,
		"OldIndex": 129,
		"isForeground": true,
		"DisplayName": "@ui_crestforeground_130",
		"Image": "lyshineui/images/crests/foregrounds/icon_crest_130.webp",
		"isEntitlement": false,
		"isEnabled": true,
		"Faction": "Any"
	},
	{
		"Index": 158,
		"OldIndex": 130,
		"isForeground": true,
		"DisplayName": "@ui_crestforeground_131",
		"Image": "lyshineui/images/crests/foregrounds/icon_crest_131.webp",
		"isEntitlement": false,
		"isEnabled": true,
		"Faction": "Any"
	},
	{
		"Index": 159,
		"OldIndex": 131,
		"isForeground": true,
		"DisplayName": "@ui_crestforeground_132",
		"Image": "lyshineui/images/crests/foregrounds/icon_crest_132.webp",
		"isEntitlement": false,
		"isEnabled": true,
		"Faction": "Any"
	},
	{
		"Index": 160,
		"OldIndex": 132,
		"isForeground": true,
		"DisplayName": "@ui_crestforeground_133",
		"Image": "lyshineui/images/crests/foregrounds/icon_crest_133.webp",
		"isEntitlement": false,
		"isEnabled": true,
		"Faction": "Any"
	},
	{
		"Index": 161,
		"OldIndex": 133,
		"isForeground": true,
		"DisplayName": "@ui_crestforeground_134",
		"Image": "lyshineui/images/crests/foregrounds/icon_crest_134.webp",
		"isEntitlement": false,
		"isEnabled": true,
		"Faction": "Any"
	},
	{
		"Index": 162,
		"OldIndex": 134,
		"isForeground": true,
		"DisplayName": "@ui_crestforeground_135",
		"Image": "lyshineui/images/crests/foregrounds/icon_crest_135.webp",
		"isEntitlement": false,
		"isEnabled": true,
		"Faction": "Any"
	},
	{
		"Index": 163,
		"OldIndex": 135,
		"isForeground": true,
		"DisplayName": "@ui_crestforeground_136",
		"Image": "lyshineui/images/crests/foregrounds/icon_crest_136.webp",
		"isEntitlement": false,
		"isEnabled": true,
		"Faction": "Any"
	},
	{
		"Index": 164,
		"OldIndex": 136,
		"isForeground": true,
		"DisplayName": "@ui_crestforeground_137",
		"Image": "lyshineui/images/crests/foregrounds/icon_crest_137.webp",
		"isEntitlement": false,
		"isEnabled": true,
		"Faction": "Any"
	},
	{
		"Index": 165,
		"OldIndex": 137,
		"isForeground": true,
		"DisplayName": "@ui_crestforeground_138",
		"Image": "lyshineui/images/crests/foregrounds/icon_crest_138.webp",
		"isEntitlement": false,
		"isEnabled": true,
		"Faction": "Any"
	},
	{
		"Index": 166,
		"OldIndex": 138,
		"isForeground": true,
		"DisplayName": "@ui_crestforeground_139",
		"Image": "lyshineui/images/crests/foregrounds/icon_crest_139.webp",
		"isEntitlement": false,
		"isEnabled": true,
		"Faction": "Any"
	},
	{
		"Index": 167,
		"OldIndex": 139,
		"isForeground": true,
		"DisplayName": "@ui_crestforeground_140",
		"Image": "lyshineui/images/crests/foregrounds/icon_crest_140.webp",
		"isEntitlement": false,
		"isEnabled": true,
		"Faction": "Any"
	},
	{
		"Index": 168,
		"OldIndex": 140,
		"isForeground": true,
		"DisplayName": "@ui_crestforeground_141",
		"Image": "lyshineui/images/crests/foregrounds/icon_crest_141.webp",
		"isEntitlement": false,
		"isEnabled": true,
		"Faction": "Any"
	},
	{
		"Index": 169,
		"OldIndex": 141,
		"isForeground": true,
		"DisplayName": "@ui_crestforeground_142",
		"EntitlementId": "twitch_robinhood_icon_142",
		"Image": "lyshineui/images/crests/foregrounds/icon_crest_142.webp",
		"isEntitlement": true,
		"isEnabled": true,
		"Faction": "Any",
		"Notes": "Robin Hood Crest 1",
		"Intent": "Prime Gaming"
	},
	{
		"Index": 170,
		"OldIndex": 142,
		"isForeground": true,
		"DisplayName": "@ui_crestforeground_143",
		"Image": "lyshineui/images/crests/foregrounds/icon_crest_143.webp",
		"isEntitlement": false,
		"isEnabled": true,
		"Faction": "Any"
	},
	{
		"Index": 171,
		"OldIndex": 143,
		"isForeground": true,
		"DisplayName": "@ui_crestforeground_144",
		"EntitlementId": "icon_crest_144",
		"Image": "lyshineui/images/crests/foregrounds/icon_crest_144.webp",
		"isEntitlement": true,
		"isEnabled": true,
		"Faction": "Any",
		"Notes": "Smuggler's Crest",
		"Intent": "Smugglers"
	},
	{
		"Index": 172,
		"OldIndex": 144,
		"isForeground": true,
		"DisplayName": "@ui_crestforeground_145",
		"EntitlementId": "icon_crest_145",
		"Image": "lyshineui/images/crests/foregrounds/icon_crest_145.webp",
		"isEntitlement": true,
		"isEnabled": true,
		"Faction": "Any",
		"Notes": "Chefs Hat",
		"Intent": "Merriment"
	},
	{
		"Index": 173,
		"OldIndex": 145,
		"isForeground": true,
		"DisplayName": "@ui_crestforeground_146",
		"Image": "lyshineui/images/crests/foregrounds/icon_crest_146.webp",
		"isEntitlement": false,
		"isEnabled": true,
		"Faction": "Any"
	},
	{
		"Index": 174,
		"OldIndex": 146,
		"isForeground": true,
		"DisplayName": "@ui_crestforeground_147",
		"Image": "lyshineui/images/crests/foregrounds/icon_crest_147.webp",
		"isEntitlement": false,
		"isEnabled": true,
		"Faction": "Any"
	},
	{
		"Index": 175,
		"OldIndex": 147,
		"isForeground": true,
		"DisplayName": "@ui_crestforeground_148",
		"Image": "lyshineui/images/crests/foregrounds/icon_crest_148.webp",
		"isEntitlement": false,
		"isEnabled": true,
		"Faction": "Any"
	},
	{
		"Index": 176,
		"OldIndex": 148,
		"isForeground": true,
		"DisplayName": "@ui_crestforeground_149",
		"EntitlementId": "twitch_robinhood_icon_149",
		"Image": "lyshineui/images/crests/foregrounds/icon_crest_149.webp",
		"isEntitlement": true,
		"isEnabled": true,
		"Faction": "Any",
		"Notes": "Robin Hood Crest 2",
		"Intent": "Prime Gaming"
	},
	{
		"Index": 177,
		"OldIndex": 149,
		"isForeground": true,
		"DisplayName": "@ui_crestforeground_150",
		"Image": "lyshineui/images/crests/foregrounds/icon_crest_150.webp",
		"isEntitlement": false,
		"isEnabled": true,
		"Faction": "Any"
	},
	{
		"Index": 178,
		"OldIndex": 150,
		"isForeground": true,
		"DisplayName": "@ui_crestforeground_151",
		"Image": "lyshineui/images/crests/foregrounds/icon_crest_151.webp",
		"isEntitlement": false,
		"isEnabled": true,
		"Faction": "Any"
	},
	{
		"Index": 179,
		"OldIndex": 151,
		"isForeground": true,
		"DisplayName": "@ui_crestforeground_152",
		"Image": "lyshineui/images/crests/foregrounds/icon_crest_152.webp",
		"isEntitlement": false,
		"isEnabled": true,
		"Faction": "Any"
	},
	{
		"Index": 180,
		"OldIndex": 152,
		"isForeground": true,
		"DisplayName": "@ui_crestforeground_153",
		"Image": "lyshineui/images/crests/foregrounds/icon_crest_153.webp",
		"isEntitlement": false,
		"isEnabled": true,
		"Faction": "Any"
	},
	{
		"Index": 181,
		"OldIndex": 153,
		"isForeground": true,
		"DisplayName": "@ui_crestforeground_154",
		"Image": "lyshineui/images/crests/foregrounds/icon_crest_154.webp",
		"isEntitlement": false,
		"isEnabled": true,
		"Faction": "Any"
	},
	{
		"Index": 182,
		"OldIndex": 154,
		"isForeground": true,
		"DisplayName": "@ui_crestforeground_155",
		"EntitlementId": "DLC_Item_Woodsman_Crest_1",
		"Image": "lyshineui/images/crests/foregrounds/icon_crest_155.webp",
		"isEntitlement": true,
		"isEnabled": true,
		"Faction": "Any",
		"Notes": "Coat of Arms",
		"Intent": "Pre-Order"
	},
	{
		"Index": 183,
		"OldIndex": 155,
		"isForeground": true,
		"DisplayName": "@ui_crestforeground_156",
		"Image": "lyshineui/images/crests/foregrounds/icon_crest_156.webp",
		"isEntitlement": false,
		"isEnabled": true,
		"Faction": "Any"
	},
	{
		"Index": 184,
		"OldIndex": 156,
		"isForeground": true,
		"DisplayName": "@ui_crestforeground_157",
		"EntitlementId": "twitch_robinhood_icon_157",
		"Image": "lyshineui/images/crests/foregrounds/icon_crest_157.webp",
		"isEntitlement": true,
		"isEnabled": true,
		"Faction": "Any",
		"Notes": "Robin Hood Crest 3",
		"Intent": "Prime Gaming"
	},
	{
		"Index": 185,
		"OldIndex": 157,
		"isForeground": true,
		"DisplayName": "@ui_crestforeground_158",
		"Image": "lyshineui/images/crests/foregrounds/icon_crest_158.webp",
		"isEntitlement": false,
		"isEnabled": true,
		"Faction": "Any"
	},
	{
		"Index": 186,
		"OldIndex": 158,
		"isForeground": true,
		"DisplayName": "@ui_crestforeground_159",
		"Image": "lyshineui/images/crests/foregrounds/icon_crest_159.webp",
		"isEntitlement": false,
		"isEnabled": true,
		"Faction": "Any"
	},
	{
		"Index": 187,
		"OldIndex": 159,
		"isForeground": true,
		"DisplayName": "@ui_crestforeground_160",
		"EntitlementId": "icon_crest_160",
		"Image": "lyshineui/images/crests/foregrounds/icon_crest_160.webp",
		"isEntitlement": true,
		"isEnabled": true,
		"Faction": "Any",
		"Notes": "Bear's Head",
		"Intent": "Animal head"
	},
	{
		"Index": 188,
		"OldIndex": 160,
		"isForeground": true,
		"DisplayName": "@ui_crestforeground_161",
		"Image": "lyshineui/images/crests/foregrounds/icon_crest_161.webp",
		"isEntitlement": false,
		"isEnabled": true,
		"Faction": "Any"
	},
	{
		"Index": 189,
		"OldIndex": 161,
		"isForeground": true,
		"DisplayName": "@ui_crestforeground_162",
		"EntitlementId": "icon_crest_162",
		"Image": "lyshineui/images/crests/foregrounds/icon_crest_162.webp",
		"isEntitlement": true,
		"isEnabled": true,
		"Faction": "Any",
		"Notes": "Lion's Head",
		"Intent": "Animal head"
	},
	{
		"Index": 190,
		"OldIndex": 162,
		"isForeground": true,
		"DisplayName": "@ui_crestforeground_163",
		"Image": "lyshineui/images/crests/foregrounds/icon_crest_163.webp",
		"isEntitlement": false,
		"isEnabled": true,
		"Faction": "Any"
	},
	{
		"Index": 191,
		"OldIndex": 163,
		"isForeground": true,
		"DisplayName": "@ui_crestforeground_164",
		"Image": "lyshineui/images/crests/foregrounds/icon_crest_164.webp",
		"isEntitlement": false,
		"isEnabled": true,
		"Faction": "Any"
	},
	{
		"Index": 192,
		"OldIndex": 164,
		"isForeground": true,
		"DisplayName": "@ui_crestforeground_165",
		"Image": "lyshineui/images/crests/foregrounds/icon_crest_165.webp",
		"isEntitlement": false,
		"isEnabled": true,
		"Faction": "Any"
	},
	{
		"Index": 193,
		"OldIndex": 165,
		"isForeground": true,
		"DisplayName": "@ui_crestforeground_166",
		"Image": "lyshineui/images/crests/foregrounds/icon_crest_166.webp",
		"isEntitlement": false,
		"isEnabled": true,
		"Faction": "Any"
	},
	{
		"Index": 194,
		"OldIndex": 166,
		"isForeground": true,
		"DisplayName": "@ui_crestforeground_167",
		"Image": "lyshineui/images/crests/foregrounds/icon_crest_167.webp",
		"isEntitlement": false,
		"isEnabled": true,
		"Faction": "Any"
	},
	{
		"Index": 195,
		"OldIndex": 167,
		"isForeground": true,
		"DisplayName": "@ui_crestforeground_168",
		"Image": "lyshineui/images/crests/foregrounds/icon_crest_168.webp",
		"isEntitlement": false,
		"isEnabled": true,
		"Faction": "Any"
	},
	{
		"Index": 196,
		"OldIndex": 168,
		"isForeground": true,
		"DisplayName": "@ui_crestforeground_169",
		"Image": "lyshineui/images/crests/foregrounds/icon_crest_169.webp",
		"isEntitlement": false,
		"isEnabled": true,
		"Faction": "Any"
	},
	{
		"Index": 197,
		"OldIndex": 169,
		"isForeground": true,
		"DisplayName": "@ui_crestforeground_170",
		"EntitlementId": "icon_crest_170",
		"Image": "lyshineui/images/crests/foregrounds/icon_crest_170.webp",
		"isEntitlement": true,
		"isEnabled": true,
		"Faction": "Any",
		"Notes": "Snake's Head",
		"Intent": "Animal Head"
	},
	{
		"Index": 198,
		"OldIndex": 170,
		"isForeground": true,
		"DisplayName": "@ui_crestforeground_171",
		"EntitlementId": "icon_crest_171",
		"Image": "lyshineui/images/crests/foregrounds/icon_crest_171.webp",
		"isEntitlement": true,
		"isEnabled": true,
		"Faction": "Any",
		"Notes": "Leaping Tiger",
		"Intent": "Lunar New Year"
	},
	{
		"Index": 199,
		"OldIndex": 171,
		"isForeground": true,
		"DisplayName": "@ui_crestforeground_172",
		"EntitlementId": "icon_crest_172",
		"Image": "lyshineui/images/crests/foregrounds/icon_crest_172.webp",
		"isEntitlement": true,
		"isEnabled": true,
		"Faction": "Any",
		"Notes": "Tiger's Head",
		"Intent": "Lunar New Year"
	},
	{
		"Index": 200,
		"OldIndex": 172,
		"isForeground": true,
		"DisplayName": "@ui_crestforeground_173",
		"Image": "lyshineui/images/crests/foregrounds/icon_crest_173.webp",
		"isEntitlement": false,
		"isEnabled": true,
		"Faction": "Any"
	},
	{
		"Index": 201,
		"OldIndex": 173,
		"isForeground": true,
		"DisplayName": "@ui_crestforeground_174",
		"Image": "lyshineui/images/crests/foregrounds/icon_crest_174.webp",
		"isEntitlement": false,
		"isEnabled": true,
		"Faction": "Any"
	},
	{
		"Index": 202,
		"OldIndex": 174,
		"isForeground": true,
		"DisplayName": "@ui_crestforeground_175",
		"Image": "lyshineui/images/crests/foregrounds/icon_crest_175.webp",
		"isEntitlement": false,
		"isEnabled": true,
		"Faction": "Any"
	},
	{
		"Index": 203,
		"OldIndex": 175,
		"isForeground": true,
		"DisplayName": "@ui_crestforeground_176",
		"Image": "lyshineui/images/crests/foregrounds/icon_crest_176.webp",
		"isEntitlement": false,
		"isEnabled": true,
		"Faction": "Any"
	},
	{
		"Index": 204,
		"OldIndex": 176,
		"isForeground": true,
		"DisplayName": "@ui_crestforeground_177",
		"Image": "lyshineui/images/crests/foregrounds/icon_crest_177.webp",
		"isEntitlement": false,
		"isEnabled": true,
		"Faction": "Any"
	},
	{
		"Index": 205,
		"OldIndex": 177,
		"isForeground": true,
		"DisplayName": "@ui_crestforeground_178",
		"EntitlementId": "icon_crest_178",
		"Image": "lyshineui/images/crests/foregrounds/icon_crest_178.webp",
		"isEntitlement": true,
		"isEnabled": true,
		"Faction": "Any",
		"Notes": "Kaboom",
		"Intent": "Smugglers"
	},
	{
		"Index": 206,
		"OldIndex": 178,
		"isForeground": true,
		"DisplayName": "@ui_crestforeground_179",
		"EntitlementId": "icon_crest_179",
		"Image": "lyshineui/images/crests/foregrounds/icon_crest_179.webp",
		"isEntitlement": true,
		"isEnabled": true,
		"Faction": "Any",
		"Notes": "Merchant's Mark",
		"Intent": "Smugglers"
	},
	{
		"Index": 207,
		"OldIndex": 179,
		"isForeground": true,
		"DisplayName": "@ui_crestforeground_180",
		"Image": "lyshineui/images/crests/foregrounds/icon_crest_180.webp",
		"isEntitlement": false,
		"isEnabled": true,
		"Faction": "Any"
	},
	{
		"Index": 208,
		"OldIndex": 180,
		"isForeground": true,
		"DisplayName": "@ui_crestforeground_181",
		"Image": "lyshineui/images/crests/foregrounds/icon_crest_181.webp",
		"isEntitlement": false,
		"isEnabled": true,
		"Faction": "Any"
	},
	{
		"Index": 209,
		"OldIndex": 181,
		"isForeground": true,
		"DisplayName": "@ui_crestforeground_182",
		"Image": "lyshineui/images/crests/foregrounds/icon_crest_182.webp",
		"isEntitlement": false,
		"isEnabled": true,
		"Faction": "Any"
	},
	{
		"Index": 210,
		"OldIndex": 182,
		"isForeground": true,
		"DisplayName": "@ui_crestforeground_183",
		"Image": "lyshineui/images/crests/foregrounds/icon_crest_183.webp",
		"isEntitlement": false,
		"isEnabled": true,
		"Faction": "Any"
	},
	{
		"Index": 211,
		"OldIndex": 183,
		"isForeground": true,
		"DisplayName": "@ui_crestforeground_184",
		"EntitlementId": "icon_crest_184",
		"Image": "lyshineui/images/crests/foregrounds/icon_crest_184.webp",
		"isEntitlement": true,
		"isEnabled": true,
		"Faction": "Any",
		"Notes": "Rockin Horns",
		"Intent": "Gesture"
	},
	{
		"Index": 212,
		"OldIndex": 184,
		"isForeground": true,
		"DisplayName": "@ui_crestforeground_185",
		"Image": "lyshineui/images/crests/foregrounds/icon_crest_185.webp",
		"isEntitlement": false,
		"isEnabled": true,
		"Faction": "Any"
	},
	{
		"Index": 213,
		"OldIndex": 185,
		"isForeground": true,
		"DisplayName": "@ui_crestforeground_186",
		"Image": "lyshineui/images/crests/foregrounds/icon_crest_186.webp",
		"isEntitlement": false,
		"isEnabled": true,
		"Faction": "Any"
	},
	{
		"Index": 214,
		"OldIndex": 186,
		"isForeground": true,
		"DisplayName": "@ui_crestforeground_187",
		"EntitlementId": "icon_crest_187",
		"Image": "lyshineui/images/crests/foregrounds/icon_crest_187.webp",
		"isEntitlement": true,
		"isEnabled": true,
		"Faction": "Any",
		"Notes": "Heart Hands",
		"Intent": "Gesture"
	},
	{
		"Index": 215,
		"OldIndex": 187,
		"isForeground": true,
		"DisplayName": "@ui_crestforeground_188",
		"Image": "lyshineui/images/crests/foregrounds/icon_crest_188.webp",
		"isEntitlement": false,
		"isEnabled": true,
		"Faction": "Any"
	},
	{
		"Index": 216,
		"OldIndex": 188,
		"isForeground": true,
		"DisplayName": "@ui_crestforeground_189",
		"Image": "lyshineui/images/crests/foregrounds/icon_crest_189.webp",
		"isEntitlement": false,
		"isEnabled": true,
		"Faction": "Any"
	},
	{
		"Index": 217,
		"OldIndex": 189,
		"isForeground": true,
		"DisplayName": "@ui_crestforeground_190",
		"Image": "lyshineui/images/crests/foregrounds/icon_crest_190.webp",
		"isEntitlement": false,
		"isEnabled": true,
		"Faction": "Any"
	},
	{
		"Index": 218,
		"OldIndex": 190,
		"isForeground": true,
		"DisplayName": "@ui_crestforeground_191",
		"EntitlementId": "icon_crest_191",
		"Image": "lyshineui/images/crests/foregrounds/icon_crest_191.webp",
		"isEntitlement": true,
		"isEnabled": true,
		"Faction": "Any",
		"Notes": "L for Love",
		"Intent": "Gesture"
	},
	{
		"Index": 219,
		"OldIndex": 191,
		"isForeground": true,
		"DisplayName": "@ui_crestforeground_192",
		"Image": "lyshineui/images/crests/foregrounds/icon_crest_192.webp",
		"isEntitlement": false,
		"isEnabled": true,
		"Faction": "Any"
	},
	{
		"Index": 220,
		"OldIndex": 192,
		"isForeground": true,
		"DisplayName": "@ui_crestforeground_193",
		"Image": "lyshineui/images/crests/foregrounds/icon_crest_193.webp",
		"isEntitlement": false,
		"isEnabled": true,
		"Faction": "Any"
	},
	{
		"Index": 221,
		"OldIndex": 193,
		"isForeground": true,
		"DisplayName": "@ui_crestforeground_194",
		"Image": "lyshineui/images/crests/foregrounds/icon_crest_194.webp",
		"isEntitlement": false,
		"isEnabled": true,
		"Faction": "Any"
	},
	{
		"Index": 222,
		"OldIndex": 194,
		"isForeground": true,
		"DisplayName": "@ui_crestforeground_195",
		"Image": "lyshineui/images/crests/foregrounds/icon_crest_195.webp",
		"isEntitlement": false,
		"isEnabled": true,
		"Faction": "Any"
	},
	{
		"Index": 223,
		"OldIndex": 195,
		"isForeground": true,
		"DisplayName": "@ui_crestforeground_196",
		"Image": "lyshineui/images/crests/foregrounds/icon_crest_196.webp",
		"isEntitlement": false,
		"isEnabled": true,
		"Faction": "Any"
	},
	{
		"Index": 224,
		"OldIndex": 196,
		"isForeground": true,
		"DisplayName": "@ui_crestforeground_197",
		"Image": "lyshineui/images/crests/foregrounds/icon_crest_197.webp",
		"isEntitlement": false,
		"isEnabled": true,
		"Faction": "Any"
	},
	{
		"Index": 225,
		"OldIndex": 197,
		"isForeground": true,
		"DisplayName": "@ui_crestforeground_198",
		"Image": "lyshineui/images/crests/foregrounds/icon_crest_198.webp",
		"isEntitlement": false,
		"isEnabled": true,
		"Faction": "Any"
	},
	{
		"Index": 226,
		"OldIndex": 198,
		"isForeground": true,
		"DisplayName": "@ui_crestforeground_199",
		"Image": "lyshineui/images/crests/foregrounds/icon_crest_199.webp",
		"isEntitlement": false,
		"isEnabled": true,
		"Faction": "Any"
	},
	{
		"Index": 227,
		"OldIndex": 199,
		"isForeground": true,
		"DisplayName": "@ui_crestforeground_200",
		"EntitlementId": "icon_crest_200",
		"Image": "lyshineui/images/crests/foregrounds/icon_crest_200.webp",
		"isEntitlement": true,
		"isEnabled": true,
		"Faction": "Any",
		"Notes": "Bow Master",
		"Intent": "Weapons"
	},
	{
		"Index": 228,
		"OldIndex": 200,
		"isForeground": true,
		"DisplayName": "@ui_crestforeground_201",
		"EntitlementId": "icon_crest_201",
		"Image": "lyshineui/images/crests/foregrounds/icon_crest_201.webp",
		"isEntitlement": true,
		"isEnabled": true,
		"Faction": "Any",
		"Notes": "Fire Staff Master",
		"Intent": "Weapons"
	},
	{
		"Index": 229,
		"OldIndex": 201,
		"isForeground": true,
		"DisplayName": "@ui_crestforeground_202",
		"EntitlementId": "icon_crest_202",
		"Image": "lyshineui/images/crests/foregrounds/icon_crest_202.webp",
		"isEntitlement": true,
		"isEnabled": true,
		"Faction": "Any",
		"Notes": "Battle Axe Master",
		"Intent": "Weapons"
	},
	{
		"Index": 230,
		"OldIndex": 202,
		"isForeground": true,
		"DisplayName": "@ui_crestforeground_203",
		"EntitlementId": "icon_crest_203",
		"Image": "lyshineui/images/crests/foregrounds/icon_crest_203.webp",
		"isEntitlement": true,
		"isEnabled": true,
		"Faction": "Any",
		"Notes": "Hatchet Master",
		"Intent": "Weapons"
	},
	{
		"Index": 231,
		"OldIndex": 203,
		"isForeground": true,
		"DisplayName": "@ui_crestforeground_204",
		"EntitlementId": "icon_crest_204",
		"Image": "lyshineui/images/crests/foregrounds/icon_crest_204.webp",
		"isEntitlement": true,
		"isEnabled": true,
		"Faction": "Any",
		"Notes": "Life Staff Master",
		"Intent": "Weapons"
	},
	{
		"Index": 232,
		"OldIndex": 204,
		"isForeground": true,
		"DisplayName": "@ui_crestforeground_205",
		"EntitlementId": "icon_crest_205",
		"Image": "lyshineui/images/crests/foregrounds/icon_crest_205.webp",
		"isEntitlement": true,
		"isEnabled": true,
		"Faction": "Any",
		"Notes": "Musket Master",
		"Intent": "Weapons"
	},
	{
		"Index": 233,
		"OldIndex": 205,
		"isForeground": true,
		"DisplayName": "@ui_crestforeground_206",
		"EntitlementId": "icon_crest_206",
		"Image": "lyshineui/images/crests/foregrounds/icon_crest_206.webp",
		"isEntitlement": true,
		"isEnabled": true,
		"Faction": "Any",
		"Notes": "Fortess",
		"Intent": "Weapons"
	},
	{
		"Index": 234,
		"OldIndex": 206,
		"isForeground": true,
		"DisplayName": "@ui_crestforeground_207",
		"EntitlementId": "icon_crest_207",
		"Image": "lyshineui/images/crests/foregrounds/icon_crest_207.webp",
		"isEntitlement": true,
		"isEnabled": true,
		"Faction": "Any",
		"Notes": "Spear Master",
		"Intent": "Weapons"
	},
	{
		"Index": 235,
		"OldIndex": 207,
		"isForeground": true,
		"DisplayName": "@ui_crestforeground_208",
		"EntitlementId": "icon_crest_208",
		"Image": "lyshineui/images/crests/foregrounds/icon_crest_208.webp",
		"isEntitlement": true,
		"isEnabled": true,
		"Faction": "Any",
		"Notes": "Warhammer Mastery",
		"Intent": "Weapons"
	},
	{
		"Index": 236,
		"OldIndex": 0,
		"isForeground": false,
		"DisplayName": "@ui_crestbackground_1V1",
		"Image": "lyshineui/images/crests/backgrounds/icon_shield_shape1v1.webp",
		"isEntitlement": false,
		"isEnabled": true,
		"Faction": "Any"
	},
	{
		"Index": 237,
		"OldIndex": 1,
		"isForeground": false,
		"DisplayName": "@ui_crestbackground_1V2",
		"Image": "lyshineui/images/crests/backgrounds/icon_shield_shape1v2.webp",
		"isEntitlement": false,
		"isEnabled": true,
		"Faction": "Any"
	},
	{
		"Index": 238,
		"OldIndex": 2,
		"isForeground": false,
		"DisplayName": "@ui_crestbackground_1V3",
		"Image": "lyshineui/images/crests/backgrounds/icon_shield_shape1v3.webp",
		"isEntitlement": false,
		"isEnabled": true,
		"Faction": "Any"
	},
	{
		"Index": 239,
		"OldIndex": 3,
		"isForeground": false,
		"DisplayName": "@ui_crestbackground_1V4",
		"Image": "lyshineui/images/crests/backgrounds/icon_shield_shape1v4.webp",
		"isEntitlement": false,
		"isEnabled": true,
		"Faction": "Any"
	},
	{
		"Index": 240,
		"OldIndex": 4,
		"isForeground": false,
		"DisplayName": "@ui_crestbackground_1V5",
		"Image": "lyshineui/images/crests/backgrounds/icon_shield_shape1v5.webp",
		"isEntitlement": false,
		"isEnabled": true,
		"Faction": "Any"
	},
	{
		"Index": 241,
		"OldIndex": 5,
		"isForeground": false,
		"DisplayName": "@ui_crestbackground_1V6",
		"Image": "lyshineui/images/crests/backgrounds/icon_shield_shape1v6.webp",
		"isEntitlement": false,
		"isEnabled": true,
		"Faction": "Any"
	},
	{
		"Index": 242,
		"OldIndex": 6,
		"isForeground": false,
		"DisplayName": "@ui_crestbackground_2V1",
		"Image": "lyshineui/images/crests/backgrounds/icon_shield_shape2v1.webp",
		"isEntitlement": false,
		"isEnabled": true,
		"Faction": "Any"
	},
	{
		"Index": 243,
		"OldIndex": 7,
		"isForeground": false,
		"DisplayName": "@ui_crestbackground_2V2",
		"Image": "lyshineui/images/crests/backgrounds/icon_shield_shape2v2.webp",
		"isEntitlement": false,
		"isEnabled": true,
		"Faction": "Any"
	},
	{
		"Index": 244,
		"OldIndex": 8,
		"isForeground": false,
		"DisplayName": "@ui_crestbackground_2V3",
		"Image": "lyshineui/images/crests/backgrounds/icon_shield_shape2v3.webp",
		"isEntitlement": false,
		"isEnabled": true,
		"Faction": "Any"
	},
	{
		"Index": 245,
		"OldIndex": 9,
		"isForeground": false,
		"DisplayName": "@ui_crestbackground_2V4",
		"Image": "lyshineui/images/crests/backgrounds/icon_shield_shape2v4.webp",
		"isEntitlement": false,
		"isEnabled": true,
		"Faction": "Any"
	},
	{
		"Index": 246,
		"OldIndex": 10,
		"isForeground": false,
		"DisplayName": "@ui_crestbackground_2V5",
		"Image": "lyshineui/images/crests/backgrounds/icon_shield_shape2v5.webp",
		"isEntitlement": false,
		"isEnabled": true,
		"Faction": "Any"
	},
	{
		"Index": 247,
		"OldIndex": 11,
		"isForeground": false,
		"DisplayName": "@ui_crestbackground_2V6",
		"Image": "lyshineui/images/crests/backgrounds/icon_shield_shape2v6.webp",
		"isEntitlement": false,
		"isEnabled": true,
		"Faction": "Any"
	},
	{
		"Index": 248,
		"OldIndex": 12,
		"isForeground": false,
		"DisplayName": "@ui_crestbackground_3V1",
		"Image": "lyshineui/images/crests/backgrounds/icon_shield_shape3v1.webp",
		"isEntitlement": false,
		"isEnabled": true,
		"Faction": "Any"
	},
	{
		"Index": 249,
		"OldIndex": 13,
		"isForeground": false,
		"DisplayName": "@ui_crestbackground_3V2",
		"Image": "lyshineui/images/crests/backgrounds/icon_shield_shape3v2.webp",
		"isEntitlement": false,
		"isEnabled": true,
		"Faction": "Any"
	},
	{
		"Index": 250,
		"OldIndex": 14,
		"isForeground": false,
		"DisplayName": "@ui_crestbackground_3V3",
		"Image": "lyshineui/images/crests/backgrounds/icon_shield_shape3v3.webp",
		"isEntitlement": false,
		"isEnabled": true,
		"Faction": "Any"
	},
	{
		"Index": 251,
		"OldIndex": 15,
		"isForeground": false,
		"DisplayName": "@ui_crestbackground_3V4",
		"Image": "lyshineui/images/crests/backgrounds/icon_shield_shape3v4.webp",
		"isEntitlement": false,
		"isEnabled": true,
		"Faction": "Any"
	},
	{
		"Index": 252,
		"OldIndex": 16,
		"isForeground": false,
		"DisplayName": "@ui_crestbackground_3V5",
		"Image": "lyshineui/images/crests/backgrounds/icon_shield_shape3v5.webp",
		"isEntitlement": false,
		"isEnabled": true,
		"Faction": "Any"
	},
	{
		"Index": 253,
		"OldIndex": 17,
		"isForeground": false,
		"DisplayName": "@ui_crestbackground_3V6",
		"Image": "lyshineui/images/crests/backgrounds/icon_shield_shape3v6.webp",
		"isEntitlement": false,
		"isEnabled": true,
		"Faction": "Any"
	},
	{
		"Index": 257,
		"OldIndex": 211,
		"isForeground": true,
		"DisplayName": "@ui_crestforeground_212",
		"EntitlementId": "icon_crest_212",
		"Image": "lyshineui/images/crests/foregrounds/icon_crest_212_twitch_epicstory.webp",
		"isEntitlement": true,
		"isEnabled": true,
		"Faction": "Any",
		"Intent": "Twitch"
	},
	{
		"Index": 258,
		"OldIndex": 212,
		"isForeground": true,
		"DisplayName": "@ui_crestforeground_213",
		"EntitlementId": "icon_crest_213",
		"Image": "lyshineui/images/crests/foregrounds/icon_crest_213.webp",
		"isEntitlement": true,
		"isEnabled": true,
		"Faction": "Any"
	},
	{
		"Index": 259,
		"OldIndex": 213,
		"isForeground": true,
		"DisplayName": "@ui_crestforeground_214",
		"EntitlementId": "icon_crest_214",
		"Image": "lyshineui/images/crests/foregrounds/icon_crest_214.webp",
		"isEntitlement": true,
		"isEnabled": true,
		"Faction": "Any"
	},
	{
		"Index": 260,
		"OldIndex": 214,
		"isForeground": true,
		"DisplayName": "@ui_crestforeground_215",
		"EntitlementId": "icon_crest_215",
		"Image": "lyshineui/images/crests/foregrounds/icon_crest_221.webp",
		"isEntitlement": true,
		"isEnabled": true,
		"Faction": "Any"
	},
	{
		"Index": 261,
		"OldIndex": 215,
		"isForeground": true,
		"DisplayName": "@ui_crestforeground_216",
		"EntitlementId": "icon_crest_216",
		"Image": "lyshineui/images/crests/foregrounds/icon_crest_215_egypt_crest_1.webp",
		"isEntitlement": true,
		"isEnabled": true,
		"Faction": "Any"
	},
	{
		"Index": 262,
		"OldIndex": 216,
		"isForeground": true,
		"DisplayName": "@ui_crestforeground_217",
		"EntitlementId": "icon_crest_217",
		"Image": "lyshineui/images/crests/foregrounds/icon_crest_216_egypt_crest_2.webp",
		"isEntitlement": true,
		"isEnabled": true,
		"Faction": "Any"
	},
	{
		"Index": 263,
		"OldIndex": 217,
		"isForeground": true,
		"DisplayName": "@ui_crestforeground_218",
		"EntitlementId": "icon_crest_218",
		"Image": "lyshineui/images/crests/foregrounds/icon_crest_217_egypt_crest_3.webp",
		"isEntitlement": true,
		"isEnabled": true,
		"Faction": "Any",
		"Intent": "Prime Gaming"
	},
	{
		"Index": 264,
		"OldIndex": 218,
		"isForeground": true,
		"DisplayName": "@ui_crestforeground_219",
		"EntitlementId": "icon_crest_219",
		"Image": "lyshineui/images/crests/foregrounds/icon_crest_218_egypt_crest_4.webp",
		"isEntitlement": true,
		"isEnabled": true,
		"Faction": "Any",
		"Intent": "Prime Gaming"
	},
	{
		"Index": 265,
		"OldIndex": 219,
		"isForeground": true,
		"DisplayName": "@ui_crestforeground_220",
		"EntitlementId": "icon_crest_220",
		"Image": "lyshineui/images/crests/foregrounds/icon_crest_219_egypt_crest_5.webp",
		"isEntitlement": true,
		"isEnabled": true,
		"Faction": "Any",
		"Intent": "Prime Gaming"
	},
	{
		"Index": 266,
		"OldIndex": 220,
		"isForeground": true,
		"DisplayName": "@ui_crestforeground_221",
		"EntitlementId": "icon_crest_221",
		"Image": "lyshineui/images/crests/foregrounds/icon_crest_220_egypt_crest_6.webp",
		"isEntitlement": true,
		"isEnabled": true,
		"Faction": "Any"
	},
	{
		"Index": 267,
		"OldIndex": 221,
		"isForeground": true,
		"DisplayName": "@ui_crestforeground_222",
		"EntitlementId": "icon_crest_222",
		"Image": "lyshineui/images/crests/foregrounds/icon_crest_222_nightmares_crest_1.webp",
		"isEntitlement": true,
		"isEnabled": true,
		"Faction": "Any"
	},
	{
		"Index": 268,
		"OldIndex": 222,
		"isForeground": true,
		"DisplayName": "@ui_crestforeground_223",
		"EntitlementId": "icon_crest_223",
		"Image": "lyshineui/images/crests/foregrounds/icon_crest_223_nightmares_crest_2.webp",
		"isEntitlement": true,
		"isEnabled": true,
		"Faction": "Any"
	},
	{
		"Index": 269,
		"OldIndex": 223,
		"isForeground": true,
		"DisplayName": "@ui_crestforeground_224",
		"EntitlementId": "icon_crest_224",
		"Image": "lyshineui/images/crests/foregrounds/icon_crest_224_nightmares_crest_3.webp",
		"isEntitlement": true,
		"isEnabled": true,
		"Faction": "Any"
	},
	{
		"Index": 270,
		"OldIndex": 224,
		"isForeground": true,
		"DisplayName": "@ui_crestforeground_225",
		"EntitlementId": "icon_crest_225",
		"Image": "lyshineui/images/crests/foregrounds/icon_crest_225_winter_crest_1.webp",
		"isEntitlement": true,
		"isEnabled": true,
		"Faction": "Any"
	},
	{
		"Index": 271,
		"OldIndex": 225,
		"isForeground": true,
		"DisplayName": "@ui_crestforeground_226",
		"EntitlementId": "icon_crest_226",
		"Image": "lyshineui/images/crests/foregrounds/icon_crest_226_winter_crest_2.webp",
		"isEntitlement": true,
		"isEnabled": true,
		"Faction": "Any"
	},
	{
		"Index": 272,
		"OldIndex": 226,
		"isForeground": true,
		"DisplayName": "@ui_crestforeground_227",
		"EntitlementId": "icon_crest_227",
		"Image": "lyshineui/images/crests/foregrounds/icon_crest_227_winter_crest_3.webp",
		"isEntitlement": true,
		"isEnabled": true,
		"Faction": "Any"
	},
	{
		"Index": 273,
		"OldIndex": 227,
		"isForeground": true,
		"DisplayName": "@ui_crestforeground_228",
		"EntitlementId": "icon_crest_228",
		"Image": "lyshineui/images/crests/foregrounds/icon_crest_228_firelight_crest_1.webp",
		"isEntitlement": true,
		"isEnabled": true,
		"Faction": "Any"
	},
	{
		"Index": 274,
		"OldIndex": 228,
		"isForeground": true,
		"DisplayName": "@ui_crestforeground_229",
		"EntitlementId": "icon_crest_229",
		"Image": "lyshineui/images/crests/foregrounds/icon_crest_229_firelight_crest_2.webp",
		"isEntitlement": true,
		"isEnabled": true,
		"Faction": "Any"
	},
	{
		"Index": 275,
		"OldIndex": 229,
		"isForeground": true,
		"DisplayName": "@ui_crestforeground_230",
		"EntitlementId": "icon_crest_230",
		"Image": "lyshineui/images/crests/foregrounds/icon_crest_230_firelight_crest_3.webp",
		"isEntitlement": true,
		"isEnabled": true,
		"Faction": "Any"
	},
	{
		"Index": 276,
		"OldIndex": 230,
		"isForeground": true,
		"DisplayName": "@ui_crestforeground_231",
		"EntitlementId": "icon_crest_231",
		"Image": "lyshineui/images/crests/foregrounds/icon_crest_231_gryphon_crest_1.webp",
		"isEntitlement": true,
		"isEnabled": true,
		"Faction": "Any"
	}
]