[
	{
		"TowerID": "Cutlass_Keys_Tower_01",
		"Name": "@Cutlass_Keys_Tower_01",
		"Description": "@generic_influence_tower_description",
		"CaptureTimeInSeconds": 120,
		"CaptureTimeMinimum": 75,
		"CaptureMaxPlayerDelta": 5
	},
	{
		"TowerID": "Cutlass_Keys_Tower_01_CKRV",
		"Name": "@Cutlass_Keys_Tower_01_CKRV",
		"Description": "@generic_influence_tower_description",
		"CaptureTimeInSeconds": 120,
		"CaptureTimeMinimum": 75,
		"CaptureMaxPlayerDelta": 5
	},
	{
		"TowerID": "Cutlass_Keys_Tower_02",
		"Name": "@Cutlass_Keys_Tower_02",
		"Description": "@generic_influence_tower_description",
		"CaptureTimeInSeconds": 120,
		"CaptureTimeMinimum": 75,
		"CaptureMaxPlayerDelta": 5
	},
	{
		"TowerID": "Cutlass_Keys_Tower_03",
		"Name": "@Cutlass_Keys_Tower_03",
		"Description": "@generic_influence_tower_description",
		"CaptureTimeInSeconds": 120,
		"CaptureTimeMinimum": 75,
		"CaptureMaxPlayerDelta": 5
	},
	{
		"TowerID": "Windsward_Tower_01",
		"Name": "@Windsward_Tower_01",
		"Description": "@generic_influence_tower_description",
		"CaptureTimeInSeconds": 120,
		"CaptureTimeMinimum": 75,
		"CaptureMaxPlayerDelta": 5
	},
	{
		"TowerID": "Windsward_Tower_02",
		"Name": "@Windsward_Tower_02",
		"Description": "@generic_influence_tower_description",
		"CaptureTimeInSeconds": 120,
		"CaptureTimeMinimum": 75,
		"CaptureMaxPlayerDelta": 5
	},
	{
		"TowerID": "Windsward_Tower_03",
		"Name": "@Windsward_Tower_03",
		"Description": "@generic_influence_tower_description",
		"CaptureTimeInSeconds": 120,
		"CaptureTimeMinimum": 75,
		"CaptureMaxPlayerDelta": 5
	},
	{
		"TowerID": "Monarchs_Bluff_Tower_01",
		"Name": "@Monarchs_Bluff_Tower_01",
		"Description": "@generic_influence_tower_description",
		"CaptureTimeInSeconds": 120,
		"CaptureTimeMinimum": 75,
		"CaptureMaxPlayerDelta": 5
	},
	{
		"TowerID": "Monarchs_Bluff_Tower_02",
		"Name": "@Monarchs_Bluff_Tower_02",
		"Description": "@generic_influence_tower_description",
		"CaptureTimeInSeconds": 120,
		"CaptureTimeMinimum": 75,
		"CaptureMaxPlayerDelta": 5
	},
	{
		"TowerID": "Monarchs_Bluff_Tower_03",
		"Name": "@Monarchs_Bluff_Tower_03",
		"Description": "@generic_influence_tower_description",
		"CaptureTimeInSeconds": 120,
		"CaptureTimeMinimum": 75,
		"CaptureMaxPlayerDelta": 5
	},
	{
		"TowerID": "Everfall_Tower_01",
		"Name": "@Everfall_Tower_01",
		"Description": "@generic_influence_tower_description",
		"CaptureTimeInSeconds": 120,
		"CaptureTimeMinimum": 75,
		"CaptureMaxPlayerDelta": 5
	},
	{
		"TowerID": "Everfall_Tower_02",
		"Name": "@Everfall_Tower_02",
		"Description": "@generic_influence_tower_description",
		"CaptureTimeInSeconds": 120,
		"CaptureTimeMinimum": 75,
		"CaptureMaxPlayerDelta": 5
	},
	{
		"TowerID": "Everfall_Tower_03",
		"Name": "@Everfall_Tower_03",
		"Description": "@generic_influence_tower_description",
		"CaptureTimeInSeconds": 120,
		"CaptureTimeMinimum": 75,
		"CaptureMaxPlayerDelta": 5
	},
	{
		"TowerID": "Ebonscale_Reach_Tower_01",
		"Name": "@Ebonscale_Reach_Tower_01",
		"Description": "@generic_influence_tower_description",
		"CaptureTimeInSeconds": 120,
		"CaptureTimeMinimum": 75,
		"CaptureMaxPlayerDelta": 5
	},
	{
		"TowerID": "Ebonscale_Reach_Tower_02",
		"Name": "@Ebonscale_Reach_Tower_02",
		"Description": "@generic_influence_tower_description",
		"CaptureTimeInSeconds": 120,
		"CaptureTimeMinimum": 75,
		"CaptureMaxPlayerDelta": 5
	},
	{
		"TowerID": "Ebonscale_Reach_Tower_03",
		"Name": "@Ebonscale_Reach_Tower_03",
		"Description": "@generic_influence_tower_description",
		"CaptureTimeInSeconds": 120,
		"CaptureTimeMinimum": 75,
		"CaptureMaxPlayerDelta": 5
	},
	{
		"TowerID": "Weavers_Fen_Tower_01",
		"Name": "@Weavers_Fen_Tower_01",
		"Description": "@generic_influence_tower_description",
		"CaptureTimeInSeconds": 120,
		"CaptureTimeMinimum": 75,
		"CaptureMaxPlayerDelta": 5
	},
	{
		"TowerID": "Weavers_Fen_Tower_02",
		"Name": "@Weavers_Fen_Tower_02",
		"Description": "@generic_influence_tower_description",
		"CaptureTimeInSeconds": 120,
		"CaptureTimeMinimum": 75,
		"CaptureMaxPlayerDelta": 5
	},
	{
		"TowerID": "Weavers_Fen_Tower_03",
		"Name": "@Weavers_Fen_Tower_03",
		"Description": "@generic_influence_tower_description",
		"CaptureTimeInSeconds": 120,
		"CaptureTimeMinimum": 75,
		"CaptureMaxPlayerDelta": 5
	},
	{
		"TowerID": "Reekwater_Tower_01",
		"Name": "@Reekwater_Tower_01",
		"Description": "@generic_influence_tower_description",
		"CaptureTimeInSeconds": 120,
		"CaptureTimeMinimum": 75,
		"CaptureMaxPlayerDelta": 5
	},
	{
		"TowerID": "Reekwater_Tower_02",
		"Name": "@Reekwater_Tower_02",
		"Description": "@generic_influence_tower_description",
		"CaptureTimeInSeconds": 120,
		"CaptureTimeMinimum": 75,
		"CaptureMaxPlayerDelta": 5
	},
	{
		"TowerID": "Reekwater_Tower_03",
		"Name": "@Reekwater_Tower_03",
		"Description": "@generic_influence_tower_description",
		"CaptureTimeInSeconds": 120,
		"CaptureTimeMinimum": 75,
		"CaptureMaxPlayerDelta": 5
	},
	{
		"TowerID": "Restless_Shore_Tower_01",
		"Name": "@Restless_Shore_Tower_01",
		"Description": "@generic_influence_tower_description",
		"CaptureTimeInSeconds": 120,
		"CaptureTimeMinimum": 75,
		"CaptureMaxPlayerDelta": 5
	},
	{
		"TowerID": "Restless_Shore_Tower_02",
		"Name": "@Restless_Shore_Tower_02",
		"Description": "@generic_influence_tower_description",
		"CaptureTimeInSeconds": 120,
		"CaptureTimeMinimum": 75,
		"CaptureMaxPlayerDelta": 5
	},
	{
		"TowerID": "Restless_Shore_Tower_03",
		"Name": "@Restless_Shore_Tower_03",
		"Description": "@generic_influence_tower_description",
		"CaptureTimeInSeconds": 120,
		"CaptureTimeMinimum": 75,
		"CaptureMaxPlayerDelta": 5
	},
	{
		"TowerID": "Brightwood_Tower_01",
		"Name": "@Brightwood_Tower_01",
		"Description": "@generic_influence_tower_description",
		"CaptureTimeInSeconds": 120,
		"CaptureTimeMinimum": 75,
		"CaptureMaxPlayerDelta": 5
	},
	{
		"TowerID": "Brightwood_Tower_02",
		"Name": "@Brightwood_Tower_02",
		"Description": "@generic_influence_tower_description",
		"CaptureTimeInSeconds": 120,
		"CaptureTimeMinimum": 75,
		"CaptureMaxPlayerDelta": 5
	},
	{
		"TowerID": "Brightwood_Tower_03",
		"Name": "@Brightwood_Tower_03",
		"Description": "@generic_influence_tower_description",
		"CaptureTimeInSeconds": 120,
		"CaptureTimeMinimum": 75,
		"CaptureMaxPlayerDelta": 5
	},
	{
		"TowerID": "Mourningdale_Tower_01",
		"Name": "@Mourningdale_Tower_01",
		"Description": "@generic_influence_tower_description",
		"CaptureTimeInSeconds": 120,
		"CaptureTimeMinimum": 75,
		"CaptureMaxPlayerDelta": 5
	},
	{
		"TowerID": "Mourningdale_Tower_02",
		"Name": "@Mourningdale_Tower_02",
		"Description": "@generic_influence_tower_description",
		"CaptureTimeInSeconds": 120,
		"CaptureTimeMinimum": 75,
		"CaptureMaxPlayerDelta": 5
	},
	{
		"TowerID": "Mourningdale_Tower_03",
		"Name": "@Mourningdale_Tower_03",
		"Description": "@generic_influence_tower_description",
		"CaptureTimeInSeconds": 120,
		"CaptureTimeMinimum": 75,
		"CaptureMaxPlayerDelta": 5
	},
	{
		"TowerID": "Brimstone_Sands_Tower_01",
		"Name": "@Brimstone_Sands_Tower_01",
		"Description": "@generic_influence_tower_description",
		"CaptureTimeInSeconds": 120,
		"CaptureTimeMinimum": 75,
		"CaptureMaxPlayerDelta": 5
	},
	{
		"TowerID": "Brimstone_Sands_Tower_02",
		"Name": "@Brimstone_Sands_Tower_02",
		"Description": "@generic_influence_tower_description",
		"CaptureTimeInSeconds": 120,
		"CaptureTimeMinimum": 75,
		"CaptureMaxPlayerDelta": 5
	},
	{
		"TowerID": "Brimstone_Sands_Tower_03",
		"Name": "@Brimstone_Sands_Tower_03",
		"Description": "@generic_influence_tower_description",
		"CaptureTimeInSeconds": 120,
		"CaptureTimeMinimum": 75,
		"CaptureMaxPlayerDelta": 5
	},
	{
		"TowerID": "Edengrove_Tower_01",
		"Name": "@Edengrove_Tower_01",
		"Description": "@generic_influence_tower_description",
		"CaptureTimeInSeconds": 120,
		"CaptureTimeMinimum": 75,
		"CaptureMaxPlayerDelta": 5
	},
	{
		"TowerID": "Edengrove_Tower_02",
		"Name": "@Edengrove_Tower_02",
		"Description": "@generic_influence_tower_description",
		"CaptureTimeInSeconds": 120,
		"CaptureTimeMinimum": 75,
		"CaptureMaxPlayerDelta": 5
	},
	{
		"TowerID": "Edengrove_Tower_03",
		"Name": "@Edengrove_Tower_03",
		"Description": "@generic_influence_tower_description",
		"CaptureTimeInSeconds": 120,
		"CaptureTimeMinimum": 75,
		"CaptureMaxPlayerDelta": 5
	},
	{
		"TowerID": "Great_Cleave_Tower_01",
		"Name": "@Great_Cleave_Tower_01",
		"Description": "@generic_influence_tower_description",
		"CaptureTimeInSeconds": 120,
		"CaptureTimeMinimum": 75,
		"CaptureMaxPlayerDelta": 5
	},
	{
		"TowerID": "Great_Cleave_Tower_02",
		"Name": "@Great_Cleave_Tower_02",
		"Description": "@generic_influence_tower_description",
		"CaptureTimeInSeconds": 120,
		"CaptureTimeMinimum": 75,
		"CaptureMaxPlayerDelta": 5
	},
	{
		"TowerID": "Great_Cleave_Tower_03",
		"Name": "@Great_Cleave_Tower_03",
		"Description": "@generic_influence_tower_description",
		"CaptureTimeInSeconds": 120,
		"CaptureTimeMinimum": 75,
		"CaptureMaxPlayerDelta": 5
	}
]