[
	{
		"ItemSoundID": "default",
		"Sheathe": "Play_Sheathe_1H_Axe_T1",
		"Unsheathe": "Play_Unsheathe_1H_Axe_T1",
		"Defense": "Play_1H_Melee_Block"
	},
	{
		"ItemSoundID": "1H_Axe",
		"Sheathe": "Play_Sheathe_1H_Axe_T1",
		"Unsheathe": "Play_Unsheathe_1H_Axe_T1",
		"Defense": "Play_1H_Melee_Block"
	},
	{
		"ItemSoundID": "1H_Club",
		"Sheathe": "Play_Sheathe_1H_Club_T1",
		"Unsheathe": "Play_Unsheathe_1H_Club_T1",
		"Defense": "Play_1H_Melee_Block"
	},
	{
		"ItemSoundID": "1H_Flail",
		"Sheathe": "Play_Sheathe_1H_Flail_T1",
		"Unsheathe": "Play_Unsheathe_1H_Flail_T1"
	},
	{
		"ItemSoundID": "1H_Knife",
		"Sheathe": "Play_Sheathe_1H_Knife_T1",
		"Unsheathe": "Play_Unsheathe_1H_Knife_T1",
		"Defense": "Play_1H_Melee_Block"
	},
	{
		"ItemSoundID": "1H_Melee_Default",
		"Sheathe": "Play_Sheathe_1H_Axe_T1",
		"Unsheathe": "Play_Unsheathe_1H_Axe_T1",
		"Defense": "Play_1H_Melee_Block"
	},
	{
		"ItemSoundID": "1H_Pick",
		"Sheathe": "Play_Sheathe_1H_Pick_T1",
		"Unsheathe": "Play_Unsheathe_1H_Pick_T1",
		"Defense": "Play_1H_Melee_Block"
	},
	{
		"ItemSoundID": "1H_Pistol",
		"Sheathe": "Play_Sheathe_1H_Pistol_T1",
		"Unsheathe": "Play_Unsheathe_1H_Pistol_T1",
		"Defense": "Play_1H_Melee_Block"
	},
	{
		"ItemSoundID": "1H_Rapier",
		"Sheathe": "Play_Sheathe_1H_Rapier",
		"Unsheathe": "Play_Unsheathe_1H_Rapier",
		"Defense": "Play_1H_Melee_Block"
	},
	{
		"ItemSoundID": "1H_ShieldA_metal",
		"Sheathe": "Play_1H_ShieldA_Metal_Sheathe",
		"Unsheathe": "Play_1H_ShieldA_Metal_Unsheathe",
		"SheatheFLY": "Play_1H_ShieldA_Metal_FLY_Sheathed",
		"UnsheatheFLY": "Play_1H_ShieldA_Metal_FLY_Unsheathed",
		"Defense": "Play_1H_ShieldA_Metal_Defense"
	},
	{
		"ItemSoundID": "1H_ShieldA_wood",
		"Sheathe": "Play_1H_ShieldA_Wood_Sheathe",
		"Unsheathe": "Play_1H_ShieldA_Wood_Unsheathe",
		"SheatheFLY": "Play_1H_ShieldA_Wood_FLY_Sheathed",
		"UnsheatheFLY": "Play_1H_ShieldA_Wood_FLY_Unsheathed",
		"Defense": "Play_1H_ShieldA_Wood_Defense"
	},
	{
		"ItemSoundID": "1H_Sickle",
		"Sheathe": "Play_Sheathe_1H_Sickle_T1",
		"Unsheathe": "Play_Unsheathe_1H_Sickle_T1",
		"Defense": "Play_1H_Melee_Block"
	},
	{
		"ItemSoundID": "1H_Sword",
		"Sheathe": "Play_Sheathe_1H_Sword_T1",
		"Unsheathe": "Play_Unsheathe_1H_Sword_T1",
		"SheatheFLY": "Play_1HSword_FLY_Sheathed",
		"Defense": "Play_1H_Melee_Block"
	},
	{
		"ItemSoundID": "1H_Torch",
		"Sheathe": "Play_Sheathe_1H_Torch_T1",
		"Unsheathe": "Play_Unsheathe_1H_Torch_T1",
		"Defense": "Play_1H_Melee_Block"
	},
	{
		"ItemSoundID": "2H_Axe",
		"Sheathe": "Play_Sheathe_2H_Axe_T1",
		"Unsheathe": "Play_Unsheathe_2H_Axe_T1",
		"Defense": "Play_1H_Melee_Block"
	},
	{
		"ItemSoundID": "2H_Bow",
		"Sheathe": "Play_Sheathe_2H_Bow_T1",
		"Unsheathe": "Play_Unsheathe_2H_Bow_T1",
		"SheatheFLY": "Play_BowQuiver_FLY"
	},
	{
		"ItemSoundID": "2H_Club",
		"Sheathe": "Play_Sheathe_2H_Club_T1",
		"Unsheathe": "Play_Unsheathe_2H_Club_T1",
		"Defense": "Play_1H_Melee_Block"
	},
	{
		"ItemSoundID": "2H_GreatAxe",
		"Sheathe": "Play_Sheathe_2H_GreatAxe_T1",
		"Unsheathe": "Play_Unsheathe_2H_GreatAxe_T1",
		"Defense": "Play_1H_Melee_Block"
	},
	{
		"ItemSoundID": "2H_Melee_Default",
		"Sheathe": "Play_Sheathe_2H_Axe_T1",
		"Unsheathe": "Play_Unsheathe_2H_Axe_T1",
		"Defense": "Play_1H_Melee_Block"
	},
	{
		"ItemSoundID": "2H_Pick",
		"Sheathe": "Play_Sheathe_2H_Pick_T1",
		"Unsheathe": "Play_Unsheathe_2H_Pick_T1",
		"Defense": "Play_1H_Melee_Block"
	},
	{
		"ItemSoundID": "2H_Rifle",
		"Sheathe": "Play_Sheathe_2H_Musket_T1",
		"Unsheathe": "Play_Unsheathe_2H_Musket_T1",
		"SheatheFLY": "Play_2HRifle_FLY_Sheathed",
		"UnsheatheFLY": "Play_2HRifle_FLY_Unsheathed"
	},
	{
		"ItemSoundID": "2H_Blunderbuss",
		"Sheathe": "Play_Sheathe_Blunderbuss",
		"Unsheathe": "Play_Unsheathe_Blunderbuss",
		"SheatheFLY": "Play_Blunderbuss_FLY_Sheathed",
		"UnsheatheFLY": "Play_Blunderbuss_FLY_Unsheathed"
	},
	{
		"ItemSoundID": "2H_Spear",
		"Sheathe": "Play_Sheathe_2H_Spear_T1",
		"Unsheathe": "Play_Unsheathe_2H_Spear_T1",
		"Defense": "Play_1H_Melee_Block"
	},
	{
		"ItemSoundID": "2H_WarHammer",
		"Sheathe": "Play_Sheathe_2H_WarHammer_T1",
		"Unsheathe": "Play_Unsheathe_2H_WarHammer_T1",
		"Defense": "Play_1H_Melee_Block"
	},
	{
		"ItemSoundID": "2H_Greatsword",
		"Sheathe": "Play_Sheathe_2H_GreatSword_T1",
		"Unsheathe": "Play_Unsheathe_2H_GreatSword_T1",
		"Defense": "Play_1H_Melee_Block"
	},
	{
		"ItemSoundID": "MagicStaff",
		"Sheathe": "Play_Sheathe_2H_StaffLife_T1",
		"Unsheathe": "Play_Unsheathe_2H_StaffLife_T1",
		"Defense": "Play_1H_Melee_Block"
	},
	{
		"ItemSoundID": "Staff_Life",
		"Sheathe": "Play_Sheathe_2H_StaffLife_T1",
		"Unsheathe": "Play_Unsheathe_2H_StaffLife_T1",
		"Defense": "Play_1H_Melee_Block"
	},
	{
		"ItemSoundID": "Staff_Fire",
		"Sheathe": "Play_Sheathe_FireStaff",
		"Unsheathe": "Play_Unsheathe_FireStaff",
		"Defense": "Play_1H_Melee_Block"
	},
	{
		"ItemSoundID": "Gauntlet_Ice",
		"Sheathe": "Play_Gauntlet_Ice_Sheathe",
		"Unsheathe": "Play_Gauntlet_Ice_Unsheathe"
	},
	{
		"ItemSoundID": "Gauntlet_Void",
		"Sheathe": "Play_Gauntlet_Void_Sheathe",
		"Unsheathe": "Play_Gauntlet_Void_Unsheathe"
	},
	{
		"ItemSoundID": "MXMI_Flute",
		"Sheathe": "Play_SFX_MXMI_AZF_Unequip",
		"Unsheathe": "Play_SFX_MXMI_AZF_Equip"
	},
	{
		"ItemSoundID": "MXMI_Drums",
		"Sheathe": "Play_SFX_MXMI_DRM_Unequip",
		"Unsheathe": "Play_SFX_MXMI_DRM_Equip"
	},
	{
		"ItemSoundID": "MXMI_Guitar",
		"Sheathe": "Play_SFX_MXMI_AG_Unequip",
		"Unsheathe": "Play_SFX_MXMI_AG_Equip"
	},
	{
		"ItemSoundID": "MXMI_UprightBass",
		"Sheathe": "Play_SFX_MXMI_URB_Unequip",
		"Unsheathe": "Play_SFX_MXMI_URB_Equip"
	},
	{
		"ItemSoundID": "MXMI_Mandolin",
		"Sheathe": "Play_SFX_MXMI_MAN_Unequip",
		"Unsheathe": "Play_SFX_MXMI_MAN_Equip"
	}
]