[
	{
		"MountDyeItemId": "DyeA006_Mounts",
		"ColorIndex": 6,
		"NameNote": "Gold"
	},
	{
		"MountDyeItemId": "DyeA028_Mounts",
		"ColorIndex": 28,
		"NameNote": "Soft Coal"
	},
	{
		"MountDyeItemId": "DyeA029_Mounts",
		"ColorIndex": 29,
		"NameNote": "Blemished pearl"
	},
	{
		"MountDyeItemId": "DyeA031_Mounts",
		"ColorIndex": 31,
		"NameNote": "Sandalwood"
	},
	{
		"MountDyeItemId": "DyeA032_Mounts",
		"ColorIndex": 32,
		"NameNote": "Bleached Cofee"
	},
	{
		"MountDyeItemId": "DyeA033_Mounts",
		"ColorIndex": 33,
		"NameNote": "Smoldering Scarlet"
	},
	{
		"MountDyeItemId": "DyeA034_Mounts",
		"ColorIndex": 34,
		"NameNote": "Blood"
	},
	{
		"MountDyeItemId": "DyeA035_Mounts",
		"ColorIndex": 35,
		"NameNote": "Rouge"
	},
	{
		"MountDyeItemId": "DyeA036_Mounts",
		"ColorIndex": 36,
		"NameNote": "Viola"
	},
	{
		"MountDyeItemId": "DyeA037_Mounts",
		"ColorIndex": 37,
		"NameNote": "Ageless Bronze"
	},
	{
		"MountDyeItemId": "DyeA039_Mounts",
		"ColorIndex": 39,
		"NameNote": "Silt"
	},
	{
		"MountDyeItemId": "DyeA040_Mounts",
		"ColorIndex": 40,
		"NameNote": "Blond"
	},
	{
		"MountDyeItemId": "DyeA041_Mounts",
		"ColorIndex": 41,
		"NameNote": "Sushi Green"
	},
	{
		"MountDyeItemId": "DyeA042_Mounts",
		"ColorIndex": 42,
		"NameNote": "Key Lime"
	},
	{
		"MountDyeItemId": "DyeA043_Mounts",
		"ColorIndex": 43,
		"NameNote": "Forest Green"
	},
	{
		"MountDyeItemId": "DyeA044_Mounts",
		"ColorIndex": 44,
		"NameNote": "Green Grass"
	},
	{
		"MountDyeItemId": "DyeA045_Mounts",
		"ColorIndex": 45,
		"NameNote": "Mantis"
	},
	{
		"MountDyeItemId": "DyeA046_Mounts",
		"ColorIndex": 46,
		"NameNote": "Angelic Satin"
	},
	{
		"MountDyeItemId": "DyeA047_Mounts",
		"ColorIndex": 47,
		"NameNote": "Tradewind"
	},
	{
		"MountDyeItemId": "DyeA048_Mounts",
		"ColorIndex": 48,
		"NameNote": "Hidden Stream"
	},
	{
		"MountDyeItemId": "DyeA050_Mounts",
		"ColorIndex": 50,
		"NameNote": "Supreme Saphire"
	},
	{
		"MountDyeItemId": "DyeA051_Mounts",
		"ColorIndex": 51,
		"NameNote": "Fierce Cobalt"
	},
	{
		"MountDyeItemId": "DyeA053_Mounts",
		"ColorIndex": 53,
		"NameNote": "Butterfly Wing"
	},
	{
		"MountDyeItemId": "DyeA054_Mounts",
		"ColorIndex": 54,
		"NameNote": "Tranquil Blossom"
	},
	{
		"MountDyeItemId": "DyeA055_Mounts",
		"ColorIndex": 55,
		"NameNote": "Deep Velvet"
	},
	{
		"MountDyeItemId": "DyeA056_Mounts",
		"ColorIndex": 56,
		"NameNote": "Crushed Berry"
	},
	{
		"MountDyeItemId": "DyeA057_Mounts",
		"ColorIndex": 57,
		"NameNote": "Lavender"
	},
	{
		"MountDyeItemId": "DyeA058_Mounts",
		"ColorIndex": 58,
		"NameNote": "Silver"
	},
	{
		"MountDyeItemId": "DyeA024_Mounts",
		"ColorIndex": 24,
		"NameNote": "Black"
	},
	{
		"MountDyeItemId": "DyeA025_Mounts",
		"ColorIndex": 25,
		"NameNote": "White"
	},
	{
		"MountDyeItemId": "DyeA026_Mounts",
		"ColorIndex": 26,
		"NameNote": "Red"
	}
]