[
	{
		"GameModeId": "QuestCaerDun",
		"Category": "Trial",
		"QuestActiveAchievementId": "02_ORI_Undercroft_Unlock",
		"QuestCompletionAchievementId": "02_UndercroftComplete",
		"ScheduledGMEntryAchievementId": "DailyTrialCaerDun",
		"ScheduledGMCompletionAchievementId": "DailyTrialCaerDunComplete",
		"ScheduledGMCompletionGameEvent": "DailyTrialCaerDunReward"
	},
	{
		"GameModeId": "QuestAdiana",
		"Category": "Trial",
		"QuestActiveAchievementId": "09A_M15_ArtemisTrialActive",
		"QuestCompletionAchievementId": "09A_M15_ArtemisTrialComplete",
		"ScheduledGMEntryAchievementId": "DailyTrialAdiana",
		"ScheduledGMCompletionAchievementId": "DailyTrialAdianaComplete",
		"ScheduledGMCompletionGameEvent": "DailyTrialAdianaReward"
	},
	{
		"GameModeId": "QuestApophis",
		"Category": "Trial",
		"QuestActiveAchievementId": "16_ORI_Necropolis_Unlock",
		"QuestCompletionAchievementId": "16_NecropolisComplete",
		"ScheduledGMEntryAchievementId": "DailyTrialApophis",
		"ScheduledGMCompletionAchievementId": "DailyTrialApophisComplete",
		"ScheduledGMCompletionGameEvent": "DailyTrialApophisReward"
	},
	{
		"GameModeId": "QuestEmpressZhou",
		"Category": "Trial",
		"QuestActiveAchievementId": "Trial_Quest_EmpressZhou_Unlocked",
		"QuestCompletionAchievementId": "Trial_Quest_EmpressZhou_Complete",
		"ScheduledGMEntryAchievementId": "DailyTrialEmpressZhou",
		"ScheduledGMCompletionAchievementId": "DailyTrialEmpressZhouComplete",
		"ScheduledGMCompletionGameEvent": "DailyTrialEmpressZhouReward"
	},
	{
		"GameModeId": "QuestIsabella",
		"Category": "Trial",
		"QuestActiveAchievementId": "Quest_Isabella_Active",
		"QuestCompletionAchievementId": "Trial_Quest_Isabella_Complete",
		"ScheduledGMEntryAchievementId": "DailyTrialIsabella",
		"ScheduledGMCompletionAchievementId": "DailyTrialIsabellaComplete",
		"ScheduledGMCompletionGameEvent": "DailyTrialIsabellaReward"
	},
	{
		"GameModeId": "QuestMammoth",
		"Category": "Trial",
		"QuestActiveAchievementId": "09A_M11_MammothTrialActive",
		"QuestCompletionAchievementId": "09A_M11_MammothTrialComplete",
		"ScheduledGMEntryAchievementId": "DailyTrialMammoth",
		"ScheduledGMCompletionAchievementId": "DailyTrialMammothComplete",
		"ScheduledGMCompletionGameEvent": "DailyTrialMammothReward"
	},
	{
		"GameModeId": "QuestMedusa",
		"Category": "Trial",
		"QuestActiveAchievementId": "09A_M12_MedusaTrialActive",
		"QuestCompletionAchievementId": "09A_M12_MedusaTrialComplete",
		"ScheduledGMEntryAchievementId": "DailyTrialMedusa",
		"ScheduledGMCompletionAchievementId": "DailyTrialMedusaComplete",
		"ScheduledGMCompletionGameEvent": "DailyTrialMedusaReward"
	},
	{
		"GameModeId": "QuestMotherwell",
		"Category": "Trial",
		"QuestActiveAchievementId": "99E_ORI_Motherwell_Unlock",
		"QuestCompletionAchievementId": "99E_Motherwell_Complete",
		"ScheduledGMEntryAchievementId": "DailyTrialMotherwell",
		"ScheduledGMCompletionAchievementId": "DailyTrialMotherwellComplete",
		"ScheduledGMCompletionGameEvent": "DailyTrialMotherwellReward"
	},
	{
		"GameModeId": "QuestNihilo",
		"Category": "Trial",
		"QuestActiveAchievementId": "99D_ORI_CorruptionPlane_Unlock",
		"QuestCompletionAchievementId": "99D_CorruptionPlane_Complete",
		"ScheduledGMEntryAchievementId": "DailyTrialNihilo",
		"ScheduledGMCompletionAchievementId": "DailyTrialNihiloComplete",
		"ScheduledGMCompletionGameEvent": "DailyTrialNihiloReward"
	},
	{
		"GameModeId": "QuestYonas",
		"Category": "Trial",
		"QuestActiveAchievementId": "99E_ORI_YonasCave_Unlock",
		"QuestCompletionAchievementId": "99E_YonasCave_Complete",
		"ScheduledGMEntryAchievementId": "DailyTrialYonas",
		"ScheduledGMCompletionAchievementId": "DailyTrialYonasComplete",
		"ScheduledGMCompletionGameEvent": "DailyTrialYonasReward"
	},
	{
		"GameModeId": "TrialSeason02Q13",
		"Category": "Trial",
		"QuestActiveAchievementId": "95A_Malek_Unlock",
		"QuestCompletionAchievementId": "95A_Malek_Complete",
		"ScheduledGMEntryAchievementId": "DailyTrialSeason02Q13",
		"ScheduledGMCompletionAchievementId": "DailyTrialSeason02Q13Complete",
		"ScheduledGMCompletionGameEvent": "DailyTrialSeason02Q13Reward"
	},
	{
		"GameModeId": "TrialSeason02Q12",
		"Category": "Trial",
		"QuestActiveAchievementId": "95A_Hatchery_Unlock",
		"QuestCompletionAchievementId": "95A_Hatchery_Lock",
		"ScheduledGMEntryAchievementId": "DailyTrialSeason02Q12",
		"ScheduledGMCompletionAchievementId": "DailyTrialSeason02Q12Complete",
		"ScheduledGMCompletionGameEvent": "DailyTrialSeason02Q12Reward"
	},
	{
		"GameModeId": "TrialSeason04Q02",
		"Category": "Trial",
		"QuestActiveAchievementId": "95_s04_02_TD_DaichiTrial_Unlock",
		"QuestCompletionAchievementId": "DA_95_s04_02_DaichiOnboarded",
		"ScheduledGMEntryAchievementId": "DailyTrialSeason04Q02",
		"ScheduledGMCompletionAchievementId": "DailyTrialSeason04Q02Complete",
		"ScheduledGMCompletionGameEvent": "DailyTrialSeason04Q02Reward"
	},
	{
		"GameModeId": "TrialSeason04Q06",
		"Category": "Trial",
		"QuestActiveAchievementId": "95_s04_03_TD_MordredTrial_Unlock",
		"QuestCompletionAchievementId": "DA_95_s04_06_PlayerDefeatedMordred",
		"ScheduledGMEntryAchievementId": "DailyTrialSeason04Q06",
		"ScheduledGMCompletionAchievementId": "DailyTrialSeason04Q06Complete",
		"ScheduledGMCompletionGameEvent": "DailyTrialSeason04Q06Reward"
	},
	{
		"GameModeId": "TrialSeason04Q05",
		"Category": "Trial",
		"QuestActiveAchievementId": "DA_95_s04_05_DiscussedRune",
		"QuestCompletionAchievementId": "Lore_unlock_TalesOfWinter_Title_05_01",
		"ScheduledGMEntryAchievementId": "DailyTrialSeason04Q05",
		"ScheduledGMCompletionAchievementId": "DailyTrialSeason04Q05Complete",
		"ScheduledGMCompletionGameEvent": "DailyTrialSeason04Q05Reward"
	},
	{
		"GameModeId": "QuestGawain",
		"Category": "Trial",
		"QuestActiveAchievementId": "12A_Gawain_Unlock",
		"QuestCompletionAchievementId": "12A_Gawain_Complete",
		"ScheduledGMEntryAchievementId": "DailyTrialGawain",
		"ScheduledGMCompletionAchievementId": "DailyTrialGawainComplete",
		"ScheduledGMCompletionGameEvent": "DailyTrialGawainReward"
	}
]