[
	{
		"QuickCourseId": "EF_Tour_0",
		"IsTimed": true,
		"AccumulateTime": false,
		"StartingTimerSeconds": 30,
		"NodeTimeOverrideMultiplier": 0,
		"AudioGroup": "MNT_Race_Tour_Everfall"
	},
	{
		"QuickCourseId": "EF_Rally_1",
		"IsTimed": true,
		"AccumulateTime": false,
		"StartingTimerSeconds": 0,
		"NodeTimeOverrideMultiplier": 1,
		"AudioGroup": "MNT_Race_Rally_Everfall",
		"NOTES": "Radiant Hills Rally"
	},
	{
		"QuickCourseId": "EF_Rally_2",
		"IsTimed": true,
		"AccumulateTime": false,
		"StartingTimerSeconds": 25,
		"NodeTimeOverrideMultiplier": 1,
		"AudioGroup": "MNT_Race_Rally_Everfall",
		"NOTES": "Stolen Shores Rally"
	},
	{
		"QuickCourseId": "EF_Tour_1",
		"IsTimed": true,
		"AccumulateTime": false,
		"StartingTimerSeconds": 200,
		"NodeTimeOverrideMultiplier": 0,
		"AudioGroup": "MNT_Race_Tour_Everfall",
		"NOTES": "King's Road Tour"
	},
	{
		"QuickCourseId": "EF_Tour_2",
		"IsTimed": true,
		"AccumulateTime": false,
		"StartingTimerSeconds": 280,
		"NodeTimeOverrideMultiplier": 0,
		"AudioGroup": "MNT_Race_Tour_Everfall",
		"NOTES": "Dogma Tour"
	},
	{
		"QuickCourseId": "EF_Tour_3",
		"IsTimed": true,
		"AccumulateTime": false,
		"StartingTimerSeconds": 180,
		"NodeTimeOverrideMultiplier": 0,
		"AudioGroup": "MNT_Race_Tour_Everfall",
		"NOTES": "Ghosts and Groves Tour"
	},
	{
		"QuickCourseId": "WF_Rally_1",
		"IsTimed": true,
		"AccumulateTime": false,
		"StartingTimerSeconds": 0,
		"NodeTimeOverrideMultiplier": 0,
		"AudioGroup": "MNT_Race_Rally_Weavers_Fen",
		"NOTES": "Vega Bridge Rally "
	},
	{
		"QuickCourseId": "WF_Rally_2",
		"IsTimed": true,
		"AccumulateTime": false,
		"StartingTimerSeconds": 0,
		"NodeTimeOverrideMultiplier": 1,
		"AudioGroup": "MNT_Race_Rally_Weavers_Fen",
		"NOTES": "Diver's Bluff Rally "
	},
	{
		"QuickCourseId": "WF_Tour_1",
		"IsTimed": true,
		"AccumulateTime": false,
		"StartingTimerSeconds": 440,
		"NodeTimeOverrideMultiplier": 1,
		"AudioGroup": "MNT_Race_Tour_Weavers_Fen",
		"NOTES": "Iron Rose Tour "
	},
	{
		"QuickCourseId": "WF_Tour_2",
		"IsTimed": true,
		"AccumulateTime": false,
		"StartingTimerSeconds": 440,
		"NodeTimeOverrideMultiplier": 1,
		"AudioGroup": "MNT_Race_Tour_Weavers_Fen",
		"NOTES": "Smuggler's Way Tour "
	},
	{
		"QuickCourseId": "WF_Tour_3",
		"IsTimed": true,
		"AccumulateTime": false,
		"StartingTimerSeconds": 320,
		"NodeTimeOverrideMultiplier": 1,
		"AudioGroup": "MNT_Race_Tour_Weavers_Fen",
		"NOTES": "Flood and Folly Tour "
	},
	{
		"QuickCourseId": "EF_Rally_3",
		"PathReferenceQuickCourseId": "EF_Rally_1",
		"IsTimed": true,
		"AccumulateTime": false,
		"StartingTimerSeconds": 0,
		"NodeTimeOverrideMultiplier": 0.85,
		"AudioGroup": "MNT_Race_Rally_Everfall",
		"NOTES": "Radiant Hills Rally II"
	},
	{
		"QuickCourseId": "EF_Rally_4",
		"PathReferenceQuickCourseId": "EF_Rally_2",
		"IsTimed": true,
		"AccumulateTime": false,
		"StartingTimerSeconds": 25,
		"NodeTimeOverrideMultiplier": 0.85,
		"AudioGroup": "MNT_Race_Rally_Everfall",
		"NOTES": "Stolen Shores Rally II"
	},
	{
		"QuickCourseId": "EF_Tour_4",
		"PathReferenceQuickCourseId": "EF_Tour_1",
		"IsTimed": true,
		"AccumulateTime": false,
		"StartingTimerSeconds": 221,
		"NodeTimeOverrideMultiplier": 0.85,
		"AudioGroup": "MNT_Race_Tour_Everfall",
		"NOTES": "Kings Road Tour II"
	},
	{
		"QuickCourseId": "EF_Tour_5",
		"PathReferenceQuickCourseId": "EF_Tour_2",
		"IsTimed": true,
		"AccumulateTime": false,
		"StartingTimerSeconds": 263,
		"NodeTimeOverrideMultiplier": 0.85,
		"AudioGroup": "MNT_Race_Tour_Everfall",
		"NOTES": "Dogma Tour II"
	},
	{
		"QuickCourseId": "EF_Tour_6",
		"PathReferenceQuickCourseId": "EF_Tour_3",
		"IsTimed": true,
		"AccumulateTime": false,
		"StartingTimerSeconds": 272,
		"NodeTimeOverrideMultiplier": 0.85,
		"AudioGroup": "MNT_Race_Tour_Everfall",
		"NOTES": "Ghosts and Groves Tour II"
	},
	{
		"QuickCourseId": "GC_Rally_1",
		"IsTimed": true,
		"AccumulateTime": false,
		"StartingTimerSeconds": 0,
		"NodeTimeOverrideMultiplier": 0,
		"AudioGroup": "MNT_Race_Rally_Great_Cleave",
		"NOTES": "Wolfsbane Tour"
	},
	{
		"QuickCourseId": "GC_Rally_2",
		"IsTimed": true,
		"AccumulateTime": false,
		"StartingTimerSeconds": 0,
		"NodeTimeOverrideMultiplier": 0,
		"AudioGroup": "MNT_Race_Rally_Great_Cleave",
		"NOTES": "Temple of Tears Rally"
	},
	{
		"QuickCourseId": "GC_Tour_1",
		"IsTimed": true,
		"AccumulateTime": false,
		"StartingTimerSeconds": 380,
		"NodeTimeOverrideMultiplier": 0,
		"AudioGroup": "MNT_Race_Tour_Great_Cleave",
		"NOTES": "Ancient Alley Tour"
	},
	{
		"QuickCourseId": "GC_Tour_2",
		"IsTimed": true,
		"AccumulateTime": false,
		"StartingTimerSeconds": 360,
		"NodeTimeOverrideMultiplier": 0,
		"AudioGroup": "MNT_Race_Tour_Great_Cleave",
		"NOTES": "Downhill Rush Rally"
	},
	{
		"QuickCourseId": "GC_Tour_3",
		"IsTimed": true,
		"AccumulateTime": false,
		"StartingTimerSeconds": 380,
		"NodeTimeOverrideMultiplier": 0,
		"AudioGroup": "MNT_Race_Tour_Great_Cleave",
		"NOTES": "Snows and Swamps Tour"
	},
	{
		"QuickCourseId": "WF_Rally_3",
		"PathReferenceQuickCourseId": "WF_Rally_1",
		"IsTimed": true,
		"AccumulateTime": false,
		"StartingTimerSeconds": 0,
		"NodeTimeOverrideMultiplier": 0.85,
		"AudioGroup": "MNT_Race_Rally_Weavers_Fen",
		"NOTES": "Vega Bridge Rally II"
	},
	{
		"QuickCourseId": "WF_Rally_4",
		"PathReferenceQuickCourseId": "WF_Rally_2",
		"IsTimed": true,
		"AccumulateTime": false,
		"StartingTimerSeconds": 0,
		"NodeTimeOverrideMultiplier": 0.85,
		"AudioGroup": "MNT_Race_Rally_Weavers_Fen",
		"NOTES": "Diver's Bluff Rally II"
	},
	{
		"QuickCourseId": "WF_Tour_4",
		"PathReferenceQuickCourseId": "WF_Tour_1",
		"IsTimed": true,
		"AccumulateTime": false,
		"StartingTimerSeconds": 476,
		"NodeTimeOverrideMultiplier": 0.85,
		"AudioGroup": "MNT_Race_Tour_Weavers_Fen",
		"NOTES": "Iron Rose Tour II"
	},
	{
		"QuickCourseId": "WF_Tour_5",
		"PathReferenceQuickCourseId": "WF_Tour_2",
		"IsTimed": true,
		"AccumulateTime": false,
		"StartingTimerSeconds": 400,
		"NodeTimeOverrideMultiplier": 0.85,
		"AudioGroup": "MNT_Race_Tour_Weavers_Fen",
		"NOTES": "Smuggler's Way Tour II"
	},
	{
		"QuickCourseId": "WF_Tour_6",
		"PathReferenceQuickCourseId": "WF_Tour_3",
		"IsTimed": true,
		"AccumulateTime": false,
		"StartingTimerSeconds": 320,
		"NodeTimeOverrideMultiplier": 0.85,
		"AudioGroup": "MNT_Race_Tour_Weavers_Fen",
		"NOTES": "Flood and Folly Tour II"
	},
	{
		"QuickCourseId": "EF_Rally_5",
		"PathReferenceQuickCourseId": "EF_Rally_1",
		"IsTimed": true,
		"AccumulateTime": false,
		"StartingTimerSeconds": 0,
		"NodeTimeOverrideMultiplier": 0.75,
		"AudioGroup": "MNT_Race_Rally_Everfall",
		"NOTES": "Radiant Hills Rally III"
	},
	{
		"QuickCourseId": "EF_Rally_6",
		"PathReferenceQuickCourseId": "EF_Rally_2",
		"IsTimed": true,
		"AccumulateTime": false,
		"StartingTimerSeconds": 25,
		"NodeTimeOverrideMultiplier": 0.75,
		"AudioGroup": "MNT_Race_Rally_Everfall",
		"NOTES": "Stolen Shores Rally III"
	},
	{
		"QuickCourseId": "EF_Tour_7",
		"PathReferenceQuickCourseId": "EF_Tour_1",
		"IsTimed": true,
		"AccumulateTime": false,
		"StartingTimerSeconds": 195,
		"NodeTimeOverrideMultiplier": 0.75,
		"AudioGroup": "MNT_Race_Tour_Everfall",
		"NOTES": "Kings Road Tour III"
	},
	{
		"QuickCourseId": "EF_Tour_8",
		"PathReferenceQuickCourseId": "EF_Tour_2",
		"IsTimed": true,
		"AccumulateTime": false,
		"StartingTimerSeconds": 232,
		"NodeTimeOverrideMultiplier": 0.75,
		"AudioGroup": "MNT_Race_Tour_Everfall",
		"NOTES": "Dogma Tour III"
	},
	{
		"QuickCourseId": "EF_Tour_9",
		"PathReferenceQuickCourseId": "EF_Tour_3",
		"IsTimed": true,
		"AccumulateTime": false,
		"StartingTimerSeconds": 255,
		"NodeTimeOverrideMultiplier": 0.75,
		"AudioGroup": "MNT_Race_Tour_Everfall",
		"NOTES": "Ghosts and Groves Tour III"
	},
	{
		"QuickCourseId": "BS_Rally_1",
		"IsTimed": true,
		"AccumulateTime": false,
		"StartingTimerSeconds": 0,
		"NodeTimeOverrideMultiplier": 0,
		"AudioGroup": "MNT_Race_Rally_BrimstoneSands",
		"NOTES": "Rally of the Gods"
	},
	{
		"QuickCourseId": "BS_Rally_2",
		"IsTimed": true,
		"AccumulateTime": false,
		"StartingTimerSeconds": 0,
		"NodeTimeOverrideMultiplier": 0,
		"AudioGroup": "MNT_Race_Rally_BrimstoneSands",
		"NOTES": "Skysong Rally"
	},
	{
		"QuickCourseId": "BS_Tour_1",
		"IsTimed": true,
		"AccumulateTime": false,
		"StartingTimerSeconds": 700,
		"NodeTimeOverrideMultiplier": 0,
		"AudioGroup": "MNT_Race_Tour_BrimstoneSands",
		"NOTES": "Pilgrim's Tour"
	},
	{
		"QuickCourseId": "BS_Tour_2",
		"IsTimed": true,
		"AccumulateTime": false,
		"StartingTimerSeconds": 540,
		"NodeTimeOverrideMultiplier": 0,
		"AudioGroup": "MNT_Race_Tour_BrimstoneSands",
		"NOTES": "Four Seasons Tour"
	},
	{
		"QuickCourseId": "BS_Tour_3",
		"IsTimed": true,
		"AccumulateTime": false,
		"StartingTimerSeconds": 460,
		"NodeTimeOverrideMultiplier": 0,
		"AudioGroup": "MNT_Race_Tour_BrimstoneSands",
		"NOTES": "Barrens and Bogs Tour"
	},
	{
		"QuickCourseId": "GC_Rally_3",
		"PathReferenceQuickCourseId": "GC_Rally_1",
		"IsTimed": true,
		"AccumulateTime": false,
		"StartingTimerSeconds": 0,
		"NodeTimeOverrideMultiplier": 0.85,
		"AudioGroup": "MNT_Race_Rally_Great_Cleave",
		"NOTES": "Temple of Tears Rally II"
	},
	{
		"QuickCourseId": "GC_Rally_4",
		"PathReferenceQuickCourseId": "GC_Rally_2",
		"IsTimed": true,
		"AccumulateTime": false,
		"StartingTimerSeconds": 0,
		"NodeTimeOverrideMultiplier": 0.85,
		"AudioGroup": "MNT_Race_Rally_Great_Cleave",
		"NOTES": "Downhill Luge Tour II"
	},
	{
		"QuickCourseId": "GC_Tour_4",
		"PathReferenceQuickCourseId": "GC_Tour_1",
		"IsTimed": true,
		"AccumulateTime": false,
		"StartingTimerSeconds": 350,
		"NodeTimeOverrideMultiplier": 0.85,
		"AudioGroup": "MNT_Race_Tour_Great_Cleave",
		"NOTES": "Wolfsbane Tour II"
	},
	{
		"QuickCourseId": "GC_Tour_5",
		"PathReferenceQuickCourseId": "GC_Tour_2",
		"IsTimed": true,
		"AccumulateTime": false,
		"StartingTimerSeconds": 306,
		"NodeTimeOverrideMultiplier": 0.85,
		"AudioGroup": "MNT_Race_Tour_Great_Cleave",
		"NOTES": "Leap of Faith Rally II"
	},
	{
		"QuickCourseId": "GC_Tour_6",
		"PathReferenceQuickCourseId": "GC_Tour_3",
		"IsTimed": true,
		"AccumulateTime": false,
		"StartingTimerSeconds": 350,
		"NodeTimeOverrideMultiplier": 0.85,
		"AudioGroup": "MNT_Race_Tour_Great_Cleave",
		"NOTES": "Snows and Swamps Tour II"
	},
	{
		"QuickCourseId": "WF_Rally_5",
		"PathReferenceQuickCourseId": "WF_Rally_1",
		"IsTimed": true,
		"AccumulateTime": false,
		"StartingTimerSeconds": 0,
		"NodeTimeOverrideMultiplier": 0.75,
		"AudioGroup": "MNT_Race_Rally_Weavers_Fen",
		"NOTES": "Vega Bridge Rally III"
	},
	{
		"QuickCourseId": "WF_Rally_6",
		"PathReferenceQuickCourseId": "WF_Rally_2",
		"IsTimed": true,
		"AccumulateTime": false,
		"StartingTimerSeconds": 0,
		"NodeTimeOverrideMultiplier": 0.75,
		"AudioGroup": "MNT_Race_Rally_Weavers_Fen",
		"NOTES": "Diver's Bluff Rally III"
	},
	{
		"QuickCourseId": "WF_Tour_7",
		"PathReferenceQuickCourseId": "WF_Tour_1",
		"IsTimed": true,
		"AccumulateTime": false,
		"StartingTimerSeconds": 360,
		"NodeTimeOverrideMultiplier": 0.75,
		"AudioGroup": "MNT_Race_Tour_Weavers_Fen",
		"NOTES": "Iron Rose Tour III"
	},
	{
		"QuickCourseId": "WF_Tour_8",
		"PathReferenceQuickCourseId": "WF_Tour_2",
		"IsTimed": true,
		"AccumulateTime": false,
		"StartingTimerSeconds": 290,
		"NodeTimeOverrideMultiplier": 0.75,
		"AudioGroup": "MNT_Race_Tour_Weavers_Fen",
		"NOTES": "Smuggler's Way Tour III"
	},
	{
		"QuickCourseId": "WF_Tour_9",
		"PathReferenceQuickCourseId": "WF_Tour_3",
		"IsTimed": true,
		"AccumulateTime": false,
		"StartingTimerSeconds": 240,
		"NodeTimeOverrideMultiplier": 0.75,
		"AudioGroup": "MNT_Race_Tour_Weavers_Fen",
		"NOTES": "Flood and Folly Tour III"
	},
	{
		"QuickCourseId": "EW_Rally_1",
		"IsTimed": true,
		"AccumulateTime": false,
		"StartingTimerSeconds": 0,
		"NodeTimeOverrideMultiplier": 0,
		"AudioGroup": "MNT_Race_Rally_Elysian_Wilds",
		"NOTES": "Emerald Run Rally"
	},
	{
		"QuickCourseId": "EW_Rally_2",
		"IsTimed": true,
		"AccumulateTime": false,
		"StartingTimerSeconds": 15,
		"NodeTimeOverrideMultiplier": 0,
		"AudioGroup": "MNT_Race_Rally_Elysian_Wilds",
		"NOTES": "Hanging Gardens Rally"
	},
	{
		"QuickCourseId": "EW_Tour_1",
		"IsTimed": true,
		"AccumulateTime": false,
		"StartingTimerSeconds": 440,
		"NodeTimeOverrideMultiplier": 0,
		"AudioGroup": "MNT_Race_Tour_Elysian_Wilds",
		"NOTES": "Warrior's Resprise"
	},
	{
		"QuickCourseId": "EW_Tour_2",
		"IsTimed": true,
		"AccumulateTime": false,
		"StartingTimerSeconds": 480,
		"NodeTimeOverrideMultiplier": 0,
		"AudioGroup": "MNT_Race_Tour_Elysian_Wilds",
		"NOTES": "Island Tour"
	},
	{
		"QuickCourseId": "EW_Tour_3",
		"IsTimed": true,
		"AccumulateTime": false,
		"StartingTimerSeconds": 570,
		"NodeTimeOverrideMultiplier": 0,
		"AudioGroup": "MNT_Race_Tour_Elysian_Wilds",
		"NOTES": "Sands and Storms Tour"
	},
	{
		"QuickCourseId": "BS_Rally_3",
		"PathReferenceQuickCourseId": "BS_Rally_1",
		"IsTimed": true,
		"AccumulateTime": false,
		"StartingTimerSeconds": 0,
		"NodeTimeOverrideMultiplier": 0.85,
		"AudioGroup": "MNT_Race_Rally_BrimstoneSands",
		"NOTES": "Rally of the Gods II"
	},
	{
		"QuickCourseId": "BS_Rally_4",
		"PathReferenceQuickCourseId": "BS_Rally_2",
		"IsTimed": true,
		"AccumulateTime": false,
		"StartingTimerSeconds": 0,
		"NodeTimeOverrideMultiplier": 0.85,
		"AudioGroup": "MNT_Race_Rally_BrimstoneSands",
		"NOTES": "Skysong Rally II"
	},
	{
		"QuickCourseId": "BS_Tour_4",
		"PathReferenceQuickCourseId": "BS_Tour_1",
		"IsTimed": true,
		"AccumulateTime": false,
		"StartingTimerSeconds": 500,
		"NodeTimeOverrideMultiplier": 0.85,
		"AudioGroup": "MNT_Race_Tour_BrimstoneSands",
		"NOTES": "Pilgrim's Tour II"
	},
	{
		"QuickCourseId": "BS_Tour_5",
		"PathReferenceQuickCourseId": "BS_Tour_2",
		"IsTimed": true,
		"AccumulateTime": false,
		"StartingTimerSeconds": 890,
		"NodeTimeOverrideMultiplier": 0.85,
		"AudioGroup": "MNT_Race_Tour_BrimstoneSands",
		"NOTES": "Four Seasons Tour II"
	},
	{
		"QuickCourseId": "BS_Tour_6",
		"PathReferenceQuickCourseId": "BS_Tour_3",
		"IsTimed": true,
		"AccumulateTime": false,
		"StartingTimerSeconds": 1120,
		"NodeTimeOverrideMultiplier": 0.85,
		"AudioGroup": "MNT_Race_Tour_BrimstoneSands",
		"NOTES": "Barrens and Bogs Tour"
	},
	{
		"QuickCourseId": "GC_Rally_5",
		"PathReferenceQuickCourseId": "GC_Rally_1",
		"IsTimed": true,
		"AccumulateTime": false,
		"StartingTimerSeconds": 0,
		"NodeTimeOverrideMultiplier": 0.75,
		"AudioGroup": "MNT_Race_Rally_Great_Cleave",
		"NOTES": "Wolfsbane Tour III"
	},
	{
		"QuickCourseId": "GC_Rally_6",
		"PathReferenceQuickCourseId": "GC_Rally_2",
		"IsTimed": true,
		"AccumulateTime": false,
		"StartingTimerSeconds": 0,
		"NodeTimeOverrideMultiplier": 0.75,
		"AudioGroup": "MNT_Race_Rally_Great_Cleave",
		"NOTES": "Temple of Tears Rally II"
	},
	{
		"QuickCourseId": "GC_Tour_7",
		"PathReferenceQuickCourseId": "GC_Tour_1",
		"IsTimed": true,
		"AccumulateTime": false,
		"StartingTimerSeconds": 360,
		"NodeTimeOverrideMultiplier": 0.75,
		"AudioGroup": "MNT_Race_Tour_Great_Cleave",
		"NOTES": "Wolfsbane Tour II"
	},
	{
		"QuickCourseId": "GC_Tour_8",
		"PathReferenceQuickCourseId": "GC_Tour_2",
		"IsTimed": true,
		"AccumulateTime": false,
		"StartingTimerSeconds": 280,
		"NodeTimeOverrideMultiplier": 0.75,
		"AudioGroup": "MNT_Race_Tour_Great_Cleave",
		"NOTES": "Ancient Alley Tour II"
	},
	{
		"QuickCourseId": "GC_Tour_9",
		"PathReferenceQuickCourseId": "GC_Tour_3",
		"IsTimed": true,
		"AccumulateTime": false,
		"StartingTimerSeconds": 330,
		"NodeTimeOverrideMultiplier": 0.75,
		"AudioGroup": "MNT_Race_Tour_Great_Cleave",
		"NOTES": "Snows and Spirits Tour II"
	},
	{
		"QuickCourseId": "FL_Tideswallow_1",
		"IsTimed": true,
		"AccumulateTime": true,
		"StartingTimerSeconds": 30,
		"NodeTimeOverrideMultiplier": 1
	},
	{
		"QuickCourseId": "FL_Tideswallow_2",
		"PathReferenceQuickCourseId": "FL_Tideswallow_1",
		"IsTimed": true,
		"AccumulateTime": true,
		"StartingTimerSeconds": 25,
		"NodeTimeOverrideMultiplier": 0.8
	},
	{
		"QuickCourseId": "FL_Tideswallow_3",
		"PathReferenceQuickCourseId": "FL_Tideswallow_1",
		"IsTimed": true,
		"AccumulateTime": true,
		"StartingTimerSeconds": 20,
		"NodeTimeOverrideMultiplier": 0.6
	},
	{
		"QuickCourseId": "FL_Blithes_1",
		"IsTimed": true,
		"AccumulateTime": true,
		"StartingTimerSeconds": 30,
		"NodeTimeOverrideMultiplier": 1
	},
	{
		"QuickCourseId": "FL_Saircor_1",
		"IsTimed": true,
		"AccumulateTime": true,
		"StartingTimerSeconds": 30,
		"NodeTimeOverrideMultiplier": 1
	},
	{
		"QuickCourseId": "FL_Hornhold_1",
		"IsTimed": true,
		"AccumulateTime": true,
		"StartingTimerSeconds": 30,
		"NodeTimeOverrideMultiplier": 1
	},
	{
		"QuickCourseId": "FL_Medusa_1",
		"IsTimed": true,
		"AccumulateTime": true,
		"StartingTimerSeconds": 30,
		"NodeTimeOverrideMultiplier": 1
	},
	{
		"QuickCourseId": "FL_Elafry_1",
		"IsTimed": true,
		"AccumulateTime": true,
		"StartingTimerSeconds": 30,
		"NodeTimeOverrideMultiplier": 1
	},
	{
		"QuickCourseId": "FL_Bridge_1",
		"IsTimed": true,
		"AccumulateTime": true,
		"StartingTimerSeconds": 30,
		"NodeTimeOverrideMultiplier": 1
	},
	{
		"QuickCourseId": "FL_09A_S11_1",
		"IsTimed": true,
		"AccumulateTime": true,
		"StartingTimerSeconds": 70,
		"NodeTimeOverrideMultiplier": 1
	},
	{
		"QuickCourseId": "FL_09A_S11_2",
		"IsTimed": true,
		"AccumulateTime": true,
		"StartingTimerSeconds": 300,
		"NodeTimeOverrideMultiplier": 1
	},
	{
		"QuickCourseId": "FL_09A_S11_3",
		"IsTimed": true,
		"AccumulateTime": true,
		"StartingTimerSeconds": 180,
		"NodeTimeOverrideMultiplier": 1
	},
	{
		"QuickCourseId": "GC_Food_Race_1",
		"IsTimed": true,
		"AccumulateTime": false,
		"StartingTimerSeconds": 540,
		"NodeTimeOverrideMultiplier": 0,
		"NOTES": "To Warm The Soulwardens Foot Race"
	},
	{
		"QuickCourseId": "MountRace_ScaleTest_1",
		"IsTimed": true,
		"AccumulateTime": true,
		"StartingTimerSeconds": 600,
		"NodeTimeOverrideMultiplier": 0,
		"AudioGroup": "MNT_Race_Tour_BrimstoneSands"
	},
	{
		"QuickCourseId": "MountRace_ScaleTest_2",
		"IsTimed": true,
		"AccumulateTime": true,
		"StartingTimerSeconds": 600,
		"NodeTimeOverrideMultiplier": 0,
		"AudioGroup": "MNT_Race_Tour_BrimstoneSands"
	},
	{
		"QuickCourseId": "MountRace_ScaleTest_1_Short",
		"IsTimed": true,
		"AccumulateTime": true,
		"StartingTimerSeconds": 600,
		"NodeTimeOverrideMultiplier": 0,
		"AudioGroup": "MNT_Race_Tour_BrimstoneSands"
	},
	{
		"QuickCourseId": "MountRace_ScaleTest_2_Short",
		"IsTimed": true,
		"AccumulateTime": true,
		"StartingTimerSeconds": 600,
		"NodeTimeOverrideMultiplier": 0,
		"AudioGroup": "MNT_Race_Tour_BrimstoneSands"
	},
	{
		"QuickCourseId": "17ZQ_QuickCourse_MarAmar_Werewolf",
		"IsTimed": true,
		"AccumulateTime": false,
		"StartingTimerSeconds": 19,
		"NodeTimeOverrideMultiplier": 0,
		"NOTES": "Chasing W in Mar Amar"
	},
	{
		"QuickCourseId": "17ZQ_QuickCourse_Silkfoot_Aster",
		"IsTimed": true,
		"AccumulateTime": false,
		"StartingTimerSeconds": 30,
		"NodeTimeOverrideMultiplier": 0,
		"NOTES": "Racing A near lake W of Esagila"
	},
	{
		"QuickCourseId": "17ZQ_QuickCourse_Esagila_Aurien",
		"IsTimed": true,
		"AccumulateTime": false,
		"StartingTimerSeconds": 30,
		"NodeTimeOverrideMultiplier": 0,
		"NOTES": "Catching Ar at Esagila"
	},
	{
		"QuickCourseId": "17ZQ_QuickCourse_Tularest_Benedikte",
		"IsTimed": true,
		"AccumulateTime": false,
		"StartingTimerSeconds": 30,
		"NodeTimeOverrideMultiplier": 0,
		"NOTES": "Catching B at Esagila"
	},
	{
		"QuickCourseId": "DW_Rally_1",
		"IsTimed": true,
		"AccumulateTime": true,
		"StartingTimerSeconds": 0,
		"NodeTimeOverrideMultiplier": 0,
		"AudioGroup": "MNT_Race_Rally_BrimstoneSands"
	},
	{
		"QuickCourseId": "DW_Rally_2",
		"IsTimed": true,
		"AccumulateTime": true,
		"StartingTimerSeconds": 20,
		"NodeTimeOverrideMultiplier": 0,
		"AudioGroup": "MNT_Race_Rally_BrimstoneSands"
	},
	{
		"QuickCourseId": "DW_Rally_3",
		"IsTimed": true,
		"AccumulateTime": true,
		"StartingTimerSeconds": 20,
		"NodeTimeOverrideMultiplier": 0,
		"AudioGroup": "MNT_Race_Tour_BrimstoneSands"
	},
	{
		"QuickCourseId": "DW_Rally_4",
		"IsTimed": true,
		"AccumulateTime": true,
		"StartingTimerSeconds": 20,
		"NodeTimeOverrideMultiplier": 0,
		"AudioGroup": "MNT_Race_Tour_BrimstoneSands"
	},
	{
		"QuickCourseId": "DW_Rally_5",
		"IsTimed": true,
		"AccumulateTime": true,
		"StartingTimerSeconds": 20,
		"NodeTimeOverrideMultiplier": 0,
		"AudioGroup": "MNT_Race_Tour_BrimstoneSands"
	},
	{
		"QuickCourseId": "DW_ Rally_6",
		"IsTimed": true,
		"AccumulateTime": true,
		"StartingTimerSeconds": 20,
		"NodeTimeOverrideMultiplier": 0
	}
]