[
	{
		"Rank": 0,
		"DisplayName": "@affinity_rank_berlaur_1",
		"MaximumInfluence": 3000,
		"RequiredLevel": 10,
		"InfluenceCost": 0,
		"CurrencyCost": 0,
		"AzothCost": 0,
		"SanityCheck": false
	},
	{
		"Rank": 1,
		"DisplayName": "@affinity_rank_berlaur_2",
		"MaximumInfluence": 11000,
		"RequiredLevel": 20,
		"InfluenceCost": 0,
		"CurrencyCost": 0,
		"AzothCost": 0,
		"SanityCheck": true
	},
	{
		"Rank": 2,
		"DisplayName": "@affinity_rank_berlaur_3",
		"MaximumInfluence": 26000,
		"RequiredLevel": 35,
		"InfluenceCost": 0,
		"CurrencyCost": 0,
		"AzothCost": 0,
		"SanityCheck": true
	},
	{
		"Rank": 3,
		"DisplayName": "@affinity_rank_berlaur_4",
		"MaximumInfluence": 49000,
		"RequiredLevel": 50,
		"InfluenceCost": 0,
		"CurrencyCost": 0,
		"AzothCost": 0,
		"SanityCheck": true
	},
	{
		"Rank": 4,
		"DisplayName": "@affinity_rank_berlaur_5",
		"MaximumInfluence": 85000,
		"RequiredLevel": 60,
		"InfluenceCost": 0,
		"CurrencyCost": 0,
		"AzothCost": 0,
		"SanityCheck": true
	}
]