[
	{
		"AfflictionID": "AfflictionPoison",
		"IntID": 1,
		"StatusEffects": "Poison",
		"DrainRate": 0.5,
		"AfflictedDrainTime": 60,
		"DrainDelay": 1.1,
		"Max": 0,
		"IgnoreWhenAfflicted": true,
		"IsGlobalAffliction": false,
		"IsTimerAffliction": false,
		"ColorHex": "809db629",
		"Icon": "acid",
		"BGImage": "poison",
		"FillingColorHex": "80339127",
		"LocalizedText": "@ui_affliction_poison",
		"LocalizedTextAfflicted": "@ui_afflicted_poison",
		"AfflictionTooltipText": "@ui_affliction_poison_tooltip",
		"AfflictedTooltipText": "@ui_afflicted_poison_tooltip"
	},
	{
		"AfflictionID": "AfflictionFrostbite",
		"IntID": 2,
		"StatusEffects": "Frostbite",
		"DrainRate": 0.5,
		"AfflictedDrainTime": 10,
		"DrainDelay": 1.1,
		"Max": 0,
		"IgnoreWhenAfflicted": false,
		"IsGlobalAffliction": false,
		"IsTimerAffliction": false,
		"ColorHex": "805666e8",
		"Icon": "frostbite",
		"BGImage": "weakness",
		"FillingColorHex": "802e5daa",
		"LocalizedText": "@ui_affliction_frostbite",
		"LocalizedTextAfflicted": "@ui_afflicted_frostbite",
		"AfflictionTooltipText": "@ui_affliction_frostbite_tooltip",
		"AfflictedTooltipText": "@ui_afflicted_frostbite_tooltip"
	},
	{
		"AfflictionID": "AfflictionDisease",
		"IntID": 3,
		"StatusEffects": "Disease",
		"DrainRate": 1.5,
		"AfflictedDrainTime": 60,
		"DrainDelay": 0.1,
		"Max": 0,
		"IgnoreWhenAfflicted": true,
		"IsGlobalAffliction": false,
		"IsTimerAffliction": false,
		"ColorHex": "80b3af37",
		"Icon": "disease",
		"BGImage": "disease",
		"FillingColorHex": "80a9842e",
		"LocalizedText": "@ui_affliction_disease",
		"LocalizedTextAfflicted": "@ui_afflicted_disease",
		"AfflictionTooltipText": "@ui_affliction_disease_tooltip",
		"AfflictedTooltipText": "@ui_afflicted_disease_tooltip"
	},
	{
		"AfflictionID": "AfflictionBleed",
		"IntID": 4,
		"StatusEffects": "Bleed",
		"DrainRate": 1,
		"AfflictedDrainTime": 15,
		"DrainDelay": 1.1,
		"Max": 0,
		"IgnoreWhenAfflicted": false,
		"IsGlobalAffliction": false,
		"IsTimerAffliction": false,
		"ColorHex": "80c92020",
		"Icon": "bleeding",
		"BGImage": "bleeding",
		"FillingColorHex": "80a82d2d",
		"LocalizedText": "@ui_affliction_bleeding",
		"LocalizedTextAfflicted": "@ui_afflicted_bleeding",
		"AfflictionTooltipText": "@ui_affliction_bleeding_tooltip",
		"AfflictedTooltipText": "@ui_afflicted_bleeding_tooltip"
	},
	{
		"AfflictionID": "AfflictionCurse",
		"IntID": 5,
		"StatusEffects": "Curse",
		"DrainRate": 2.5,
		"AfflictedDrainTime": 0.89,
		"DrainDelay": 3.1,
		"Max": 0,
		"IgnoreWhenAfflicted": true,
		"IsGlobalAffliction": false,
		"IsTimerAffliction": false,
		"ColorHex": "809d1bda",
		"Icon": "curse",
		"BGImage": "curse",
		"FillingColorHex": "80632791",
		"LocalizedText": "@ui_affliction_curse",
		"LocalizedTextAfflicted": "@ui_afflicted_curse",
		"AfflictionTooltipText": "@ui_affliction_curse_tooltip",
		"AfflictedTooltipText": "@ui_afflicted_curse_tooltip"
	},
	{
		"AfflictionID": "AfflictionDrowning",
		"IntID": 6,
		"StatusEffects": "Drowning",
		"DrainRate": 0.075,
		"AfflictedDrainTime": 4,
		"DrainDelay": 1.1,
		"Max": 20,
		"IgnoreWhenAfflicted": false,
		"IsGlobalAffliction": false,
		"IsTimerAffliction": false,
		"ColorHex": "804599c0",
		"Icon": "drowning",
		"FillingColorHex": "802e5daa",
		"LocalizedText": "@ui_affliction_drowning",
		"LocalizedTextAfflicted": "@ui_afflicted_drowning",
		"AfflictionTooltipText": "@ui_affliction_drowning_tooltip",
		"AfflictedTooltipText": "@ui_afflicted_drowning_tooltip"
	},
	{
		"AfflictionID": "AfflictionImmobilized",
		"IntID": 7,
		"StatusEffects": "Immobilized",
		"DrainRate": 1,
		"AfflictedDrainTime": 3,
		"DrainDelay": 1.1,
		"Max": 4,
		"IgnoreWhenAfflicted": false,
		"IsGlobalAffliction": false,
		"IsTimerAffliction": false,
		"ColorHex": "804599c0",
		"Icon": "frostbite",
		"FillingColorHex": "802e5daa",
		"LocalizedText": "@ui_affliction_drowning",
		"LocalizedTextAfflicted": "@ui_afflicted_drowning",
		"AfflictionTooltipText": "@ui_affliction_drowning_tooltip",
		"AfflictedTooltipText": "@ui_afflicted_drowning_tooltip"
	},
	{
		"AfflictionID": "AfflictionBlight",
		"IntID": 8,
		"StatusEffects": "Blight",
		"DrainRate": 1,
		"AfflictedDrainTime": 180,
		"DrainDelay": 1.1,
		"Max": 0,
		"IgnoreWhenAfflicted": false,
		"IsGlobalAffliction": false,
		"IsTimerAffliction": false,
		"ColorHex": "80b3af37",
		"Icon": "disease",
		"BGImage": "disease",
		"FillingColorHex": "80a9842e",
		"LocalizedText": "@ui_affliction_blight",
		"LocalizedTextAfflicted": "@ui_afflicted_blight",
		"AfflictionTooltipText": "@ui_affliction_blight_tooltip",
		"AfflictedTooltipText": "@ui_afflicted_blight_tooltip"
	},
	{
		"AfflictionID": "AfflictionCurse3",
		"IntID": 9,
		"DrainRate": 9999,
		"AfflictedDrainTime": 10,
		"DrainDelay": 9999,
		"Max": 45,
		"IgnoreWhenAfflicted": true,
		"IsGlobalAffliction": true,
		"IsTimerAffliction": true,
		"ColorHex": "80fc9842",
		"Icon": "combustible",
		"BGImage": "combustible",
		"FillingColorHex": "80853b22",
		"LocalizedText": "@ui_affliction_mutcurse3",
		"LocalizedTextAfflicted": "@ui_afflicted_mutcurse3",
		"AfflictionTooltipText": "@ui_affliction_mutcurse3_tooltip",
		"AfflictedTooltipText": "@ui_afflicted_mutcurse3_tooltip"
	},
	{
		"AfflictionID": "AfflictionCurse4",
		"IntID": 10,
		"DrainRate": 9999,
		"AfflictedDrainTime": 15,
		"DrainDelay": 9999,
		"Max": 45,
		"IgnoreWhenAfflicted": true,
		"IsGlobalAffliction": true,
		"IsTimerAffliction": false,
		"ColorHex": "80d6872b",
		"Icon": "blowback",
		"BGImage": "blowback",
		"FillingColorHex": "808f5a1d",
		"LocalizedText": "@ui_affliction_mutcurse4",
		"LocalizedTextAfflicted": "@ui_afflicted_mutcurse4",
		"AfflictionTooltipText": "@ui_affliction_mutcurse4_tooltip",
		"AfflictedTooltipText": "@ui_afflicted_mutcurse4_tooltip"
	},
	{
		"AfflictionID": "AfflictionCurse2",
		"IntID": 11,
		"DrainRate": 9999,
		"AfflictedDrainTime": 8,
		"DrainDelay": 9999,
		"Max": 45,
		"IgnoreWhenAfflicted": true,
		"IsGlobalAffliction": true,
		"IsTimerAffliction": true,
		"ColorHex": "80fc9842",
		"Icon": "combustible",
		"BGImage": "combustible",
		"FillingColorHex": "80853b22",
		"LocalizedText": "@ui_affliction_mutcurse2",
		"LocalizedTextAfflicted": "@ui_afflicted_mutcurse2",
		"AfflictionTooltipText": "@ui_affliction_mutcurse2_tooltip",
		"AfflictedTooltipText": "@ui_afflicted_mutcurse2_tooltip"
	},
	{
		"AfflictionID": "AfflictionSpores",
		"IntID": 12,
		"StatusEffects": "SporeSickness",
		"DrainRate": 1,
		"AfflictedDrainTime": 30,
		"DrainDelay": 1.1,
		"Max": 0,
		"IgnoreWhenAfflicted": false,
		"IsGlobalAffliction": false,
		"IsTimerAffliction": false,
		"ColorHex": "80ef651a",
		"Icon": "spore",
		"BGImage": "combustible",
		"FillingColorHex": "80b0460c",
		"LocalizedText": "@ui_affliction_spores",
		"LocalizedTextAfflicted": "@ui_afflicted_spores",
		"AfflictionTooltipText": "@ui_affliction_spores_tooltip",
		"AfflictedTooltipText": "@ui_afflicted_spores_tooltip"
	},
	{
		"AfflictionID": "AfflictionStunned",
		"IntID": 13,
		"StatusEffects": "Stunned_Afflict",
		"DrainRate": 1,
		"AfflictedDrainTime": 3,
		"DrainDelay": 1.1,
		"Max": 4,
		"IgnoreWhenAfflicted": false,
		"IsGlobalAffliction": false,
		"IsTimerAffliction": false,
		"ColorHex": "80b8b8b8",
		"Icon": "frostbite",
		"BGImage": "frostbite",
		"FillingColorHex": "80f8f5f2",
		"LocalizedText": "@ui_affliction_stunned",
		"LocalizedTextAfflicted": "@ui_afflicted_stunned",
		"AfflictionTooltipText": "@ui_affliction_stunned_tooltip",
		"AfflictedTooltipText": "@ui_afflicted_stunned_tooltip"
	},
	{
		"AfflictionID": "AfflictionFatigue",
		"IntID": 14,
		"StatusEffects": "Drowning",
		"DrainRate": 0.075,
		"AfflictedDrainTime": 4,
		"DrainDelay": 1.1,
		"Max": 20,
		"IgnoreWhenAfflicted": false,
		"IsGlobalAffliction": false,
		"IsTimerAffliction": false,
		"ColorHex": "80ffcf1c",
		"Icon": "drowning",
		"FillingColorHex": "80ffa91c",
		"LocalizedText": "@ui_affliction_fatigue",
		"LocalizedTextAfflicted": "@ui_afflicted_drowning",
		"AfflictionTooltipText": "@ui_affliction_fatigue_tooltip",
		"AfflictedTooltipText": "@ui_afflicted_drowning_tooltip"
	}
]