[
	{
		"WeaponID": "RuneStoneFormT1",
		"DEV Prio": 1,
		"PrimaryUse": "Combat Melee",
		"MaxStackSize": 1,
		"EquipType": "RSword_LeftHolster",
		"TierNumber": 0,
		"BaseDamage": 150,
		"CritChance": 0.1,
		"CritDamageMultiplier": 1.3,
		"BaseStaggerDamage": 5,
		"CritStaggerDamageMultiplier": 1.5,
		"ReticleName": "melee",
		"ReticleTargetName": "meleeHaveTarget",
		"ReticleRayCastDistance": 3,
		"AnimDbPath": "Animations/Mannequin/ADB/PlayerMaleAnims_2H_MeleeAttach.adb",
		"GatheringTypes": "None",
		"GatheringMultiplier": 1,
		"GatheringEfficiency": 0,
		"AudioPickup": "Play_Beep1_2D",
		"AudioPlace": "Play_Beep3_2D",
		"Primary Hand": "Main",
		"RequiredStrength": 0,
		"RequiredDexterity": 0,
		"RequiredIntelligence": 0,
		"RequiredFocus": 0,
		"ScalingStrength": 0,
		"ScalingDexterity": 0,
		"ScalingIntelligence": 0,
		"ScalingFocus": 0,
		"AttackGameEventID": "DamageEnemyUnarmed",
		"BlockStaminaDamage": 50,
		"BlockStability": 0,
		"DeflectionRating": 0,
		"BLAStandard": 1,
		"BLASiege": 1,
		"BLAStrike": 1,
		"BLASlash": 1,
		"BLAThrust": 1,
		"BLAArcane": 1,
		"BLAFire": 1,
		"BLAIce": 1,
		"BLANature": 1,
		"BLALightning": 1,
		"BLACorruption": 1,
		"ABAPoison": 0.4,
		"ABADisease": 0.4,
		"ABABleed": 0.4,
		"ABAFrostbite": 0.4,
		"ABACurse": 0.4,
		"BaseAccuracy": 100,
		"EquipAbility": "Ability_Rune_StoneForm"
	},
	{
		"WeaponID": "RuneDetonateT1",
		"DEV Prio": 1,
		"PrimaryUse": "Combat Melee",
		"MaxStackSize": 1,
		"EquipType": "RSword_LeftHolster",
		"TierNumber": 0,
		"BaseDamage": 480,
		"CritChance": 0,
		"CritDamageMultiplier": 0,
		"BaseStaggerDamage": 5,
		"CritStaggerDamageMultiplier": 1.5,
		"ReticleName": "melee",
		"ReticleTargetName": "meleeHaveTarget",
		"ReticleRayCastDistance": 3,
		"AnimDbPath": "Animations/Mannequin/ADB/PlayerMaleAnims_2H_MeleeAttach.adb",
		"GatheringTypes": "None",
		"GatheringMultiplier": 1,
		"GatheringEfficiency": 0,
		"AudioPickup": "Play_Beep1_2D",
		"AudioPlace": "Play_Beep3_2D",
		"Primary Hand": "Main",
		"RequiredStrength": 0,
		"RequiredDexterity": 0,
		"RequiredIntelligence": 0,
		"RequiredFocus": 0,
		"ScalingStrength": 0,
		"ScalingDexterity": 0,
		"ScalingIntelligence": 0,
		"ScalingFocus": 0,
		"AttackGameEventID": "DamageEnemyUnarmed",
		"BlockStaminaDamage": 70,
		"BlockStability": 0,
		"DeflectionRating": 0,
		"BLAStandard": 1,
		"BLASiege": 1,
		"BLAStrike": 1,
		"BLASlash": 1,
		"BLAThrust": 1,
		"BLAArcane": 1,
		"BLAFire": 1,
		"BLAIce": 1,
		"BLANature": 1,
		"BLALightning": 1,
		"BLACorruption": 1,
		"ABAPoison": 0.4,
		"ABADisease": 0.4,
		"ABABleed": 0.4,
		"ABAFrostbite": 0.4,
		"ABACurse": 0.4,
		"BaseAccuracy": 100,
		"EquipAbility": "Ability_Rune_Detonate"
	},
	{
		"WeaponID": "RuneGraspingVinesT1",
		"DEV Prio": 1,
		"PrimaryUse": "Combat Melee",
		"MaxStackSize": 1,
		"EquipType": "RSword_LeftHolster",
		"TierNumber": 0,
		"BaseDamage": 250,
		"CritChance": 0.1,
		"CritDamageMultiplier": 1.3,
		"BaseStaggerDamage": 5,
		"CritStaggerDamageMultiplier": 1.5,
		"ReticleName": "melee",
		"ReticleTargetName": "meleeHaveTarget",
		"ReticleRayCastDistance": 3,
		"AnimDbPath": "Animations/Mannequin/ADB/PlayerMaleAnims_2H_MeleeAttach.adb",
		"GatheringTypes": "None",
		"GatheringMultiplier": 1,
		"GatheringEfficiency": 0,
		"AudioPickup": "Play_Beep1_2D",
		"AudioPlace": "Play_Beep3_2D",
		"Primary Hand": "Main",
		"RequiredStrength": 0,
		"RequiredDexterity": 0,
		"RequiredIntelligence": 0,
		"RequiredFocus": 0,
		"ScalingStrength": 0,
		"ScalingDexterity": 0,
		"ScalingIntelligence": 0,
		"ScalingFocus": 0,
		"AttackGameEventID": "DamageEnemyUnarmed",
		"BlockStaminaDamage": 30,
		"BlockStability": 0,
		"DeflectionRating": 0,
		"BLAStandard": 1,
		"BLASiege": 1,
		"BLAStrike": 1,
		"BLASlash": 1,
		"BLAThrust": 1,
		"BLAArcane": 1,
		"BLAFire": 1,
		"BLAIce": 1,
		"BLANature": 1,
		"BLALightning": 1,
		"BLACorruption": 1,
		"ABAPoison": 0.4,
		"ABADisease": 0.4,
		"ABABleed": 0.4,
		"ABAFrostbite": 0.4,
		"ABACurse": 0.4,
		"BaseAccuracy": 100,
		"EquipAbility": "Ability_Rune_GraspingVines"
	},
	{
		"WeaponID": "RuneHereticsFallT1",
		"DEV Prio": 1,
		"PrimaryUse": "Combat Melee",
		"MaxStackSize": 1,
		"EquipType": "RSword_LeftHolster",
		"TierNumber": 0,
		"BaseDamage": 360,
		"CritChance": 0.1,
		"CritDamageMultiplier": 1.3,
		"BaseStaggerDamage": 5,
		"CritStaggerDamageMultiplier": 1.5,
		"ReticleName": "melee",
		"ReticleTargetName": "meleeHaveTarget",
		"ReticleRayCastDistance": 3,
		"AnimDbPath": "Animations/Mannequin/ADB/PlayerMaleAnims_2H_MeleeAttach.adb",
		"GatheringTypes": "None",
		"GatheringMultiplier": 1,
		"GatheringEfficiency": 0,
		"AudioPickup": "Play_Beep1_2D",
		"AudioPlace": "Play_Beep3_2D",
		"Primary Hand": "Main",
		"RequiredStrength": 0,
		"RequiredDexterity": 0,
		"RequiredIntelligence": 0,
		"RequiredFocus": 0,
		"ScalingStrength": 0,
		"ScalingDexterity": 0,
		"ScalingIntelligence": 0,
		"ScalingFocus": 0,
		"AttackGameEventID": "DamageEnemyUnarmed",
		"BlockStaminaDamage": 80,
		"BlockStability": 0,
		"DeflectionRating": 0,
		"BLAStandard": 1,
		"BLASiege": 1,
		"BLAStrike": 1,
		"BLASlash": 1,
		"BLAThrust": 1,
		"BLAArcane": 1,
		"BLAFire": 1,
		"BLAIce": 1,
		"BLANature": 1,
		"BLALightning": 1,
		"BLACorruption": 1,
		"ABAPoison": 0.4,
		"ABADisease": 0.4,
		"ABABleed": 0.4,
		"ABAFrostbite": 0.4,
		"ABACurse": 0.4,
		"BaseAccuracy": 100,
		"EquipAbility": "Ability_Rune_HereticsFall"
	},
	{
		"WeaponID": "RuneCannonBlastT1",
		"DEV Prio": 1,
		"PrimaryUse": "Combat Melee",
		"MaxStackSize": 1,
		"EquipType": "RSword_LeftHolster",
		"TierNumber": 0,
		"BaseDamage": 600,
		"CritChance": 0.1,
		"CritDamageMultiplier": 1.3,
		"BaseStaggerDamage": 5,
		"CritStaggerDamageMultiplier": 1.5,
		"ReticleName": "melee",
		"ReticleTargetName": "meleeHaveTarget",
		"ReticleRayCastDistance": 3,
		"AnimDbPath": "Animations/Mannequin/ADB/PlayerMaleAnims_2H_MeleeAttach.adb",
		"GatheringTypes": "None",
		"GatheringMultiplier": 1,
		"GatheringEfficiency": 0,
		"AudioPickup": "Play_Beep1_2D",
		"AudioPlace": "Play_Beep3_2D",
		"Primary Hand": "Main",
		"RequiredStrength": 0,
		"RequiredDexterity": 0,
		"RequiredIntelligence": 0,
		"RequiredFocus": 0,
		"ScalingStrength": 0,
		"ScalingDexterity": 0,
		"ScalingIntelligence": 0,
		"ScalingFocus": 0,
		"AttackGameEventID": "DamageEnemyUnarmed",
		"BlockStaminaDamage": 100,
		"BlockStability": 0,
		"DeflectionRating": 0,
		"BLAStandard": 1,
		"BLASiege": 1,
		"BLAStrike": 1,
		"BLASlash": 1,
		"BLAThrust": 1,
		"BLAArcane": 1,
		"BLAFire": 1,
		"BLAIce": 1,
		"BLANature": 1,
		"BLALightning": 1,
		"BLACorruption": 1,
		"ABAPoison": 0.4,
		"ABADisease": 0.4,
		"ABABleed": 0.4,
		"ABAFrostbite": 0.4,
		"ABACurse": 0.4,
		"BaseAccuracy": 100,
		"EquipAbility": "Ability_Rune_CannonBlast"
	},
	{
		"WeaponID": "RuneBileBombT1",
		"DEV Prio": 1,
		"PrimaryUse": "Combat Melee",
		"MaxStackSize": 1,
		"EquipType": "RSword_LeftHolster",
		"TierNumber": 0,
		"BaseDamage": 50,
		"CritChance": 0,
		"CritDamageMultiplier": 0,
		"BaseStaggerDamage": 0,
		"CritStaggerDamageMultiplier": 0,
		"ReticleName": "melee",
		"ReticleTargetName": "meleeHaveTarget",
		"ReticleRayCastDistance": 3,
		"AnimDbPath": "Animations/Mannequin/ADB/PlayerMaleAnims_2H_MeleeAttach.adb",
		"GatheringTypes": "None",
		"GatheringMultiplier": 1,
		"GatheringEfficiency": 0,
		"AudioPickup": "Play_Beep1_2D",
		"AudioPlace": "Play_Beep3_2D",
		"Primary Hand": "Main",
		"RequiredStrength": 0,
		"RequiredDexterity": 0,
		"RequiredIntelligence": 0,
		"RequiredFocus": 0,
		"ScalingStrength": 0,
		"ScalingDexterity": 0,
		"ScalingIntelligence": 0,
		"ScalingFocus": 0,
		"AttackGameEventID": "DamageEnemyUnarmed",
		"BlockStaminaDamage": 0,
		"BlockStability": 0,
		"DeflectionRating": 0,
		"BLAStandard": 1,
		"BLASiege": 1,
		"BLAStrike": 1,
		"BLASlash": 1,
		"BLAThrust": 1,
		"BLAArcane": 1,
		"BLAFire": 1,
		"BLAIce": 1,
		"BLANature": 1,
		"BLALightning": 1,
		"BLACorruption": 1,
		"ABAPoison": 0.4,
		"ABADisease": 0.4,
		"ABABleed": 0.4,
		"ABAFrostbite": 0.4,
		"ABACurse": 0.4,
		"BaseAccuracy": 100,
		"EquipAbility": "Ability_Rune_BileBomb"
	},
	{
		"WeaponID": "RuneFireStormT1",
		"DEV Prio": 1,
		"PrimaryUse": "Combat Melee",
		"MaxStackSize": 1,
		"EquipType": "RSword_LeftHolster",
		"TierNumber": 0,
		"BaseDamage": 200,
		"CritChance": 0.1,
		"CritDamageMultiplier": 1.2,
		"BaseStaggerDamage": 5,
		"CritStaggerDamageMultiplier": 1.5,
		"ReticleName": "melee",
		"ReticleTargetName": "meleeHaveTarget",
		"ReticleRayCastDistance": 3,
		"AnimDbPath": "Animations/Mannequin/ADB/PlayerMaleAnims_2H_MeleeAttach.adb",
		"GatheringTypes": "None",
		"GatheringMultiplier": 1,
		"GatheringEfficiency": 0,
		"AudioPickup": "Play_Beep1_2D",
		"AudioPlace": "Play_Beep3_2D",
		"Primary Hand": "Main",
		"RequiredStrength": 0,
		"RequiredDexterity": 0,
		"RequiredIntelligence": 0,
		"RequiredFocus": 0,
		"ScalingStrength": 0,
		"ScalingDexterity": 0,
		"ScalingIntelligence": 0,
		"ScalingFocus": 0,
		"AttackGameEventID": "DamageEnemyUnarmed",
		"BlockStaminaDamage": 30,
		"BlockStability": 0,
		"DeflectionRating": 0,
		"BLAStandard": 1,
		"BLASiege": 1,
		"BLAStrike": 1,
		"BLASlash": 1,
		"BLAThrust": 1,
		"BLAArcane": 1,
		"BLAFire": 1,
		"BLAIce": 1,
		"BLANature": 1,
		"BLALightning": 1,
		"BLACorruption": 1,
		"ABAPoison": 0.4,
		"ABADisease": 0.4,
		"ABABleed": 0.4,
		"ABAFrostbite": 0.4,
		"ABACurse": 0.4,
		"BaseAccuracy": 100,
		"EquipAbility": "Ability_Rune_FireStorm"
	},
	{
		"WeaponID": "RuneSandwormT1",
		"DEV Prio": 1,
		"PrimaryUse": "Combat Melee",
		"MaxStackSize": 1,
		"EquipType": "RSword_LeftHolster",
		"TierNumber": 0,
		"BaseDamage": 240,
		"CritChance": 0.1,
		"CritDamageMultiplier": 1.3,
		"BaseStaggerDamage": 5,
		"CritStaggerDamageMultiplier": 1.5,
		"ReticleName": "melee",
		"ReticleTargetName": "meleeHaveTarget",
		"ReticleRayCastDistance": 3,
		"AnimDbPath": "Animations/Mannequin/ADB/PlayerMaleAnims_2H_MeleeAttach.adb",
		"GatheringTypes": "None",
		"GatheringMultiplier": 1,
		"GatheringEfficiency": 0,
		"AudioPickup": "Play_Beep1_2D",
		"AudioPlace": "Play_Beep3_2D",
		"Primary Hand": "Main",
		"RequiredStrength": 0,
		"RequiredDexterity": 0,
		"RequiredIntelligence": 0,
		"RequiredFocus": 0,
		"ScalingStrength": 0,
		"ScalingDexterity": 0,
		"ScalingIntelligence": 0,
		"ScalingFocus": 0,
		"AttackGameEventID": "DamageEnemyUnarmed",
		"BlockStaminaDamage": 30,
		"BlockStability": 0,
		"DeflectionRating": 0,
		"BLAStandard": 1,
		"BLASiege": 1,
		"BLAStrike": 1,
		"BLASlash": 1,
		"BLAThrust": 1,
		"BLAArcane": 1,
		"BLAFire": 1,
		"BLAIce": 1,
		"BLANature": 1,
		"BLALightning": 1,
		"BLACorruption": 1,
		"ABAPoison": 0.4,
		"ABADisease": 0.4,
		"ABABleed": 0.4,
		"ABAFrostbite": 0.4,
		"ABACurse": 0.4,
		"BaseAccuracy": 100,
		"EquipAbility": "Ability_Rune_Sandworm"
	},
	{
		"WeaponID": "RuneBeastModeT1",
		"DEV Prio": 1,
		"PrimaryUse": "Combat Melee",
		"MaxStackSize": 1,
		"EquipType": "RSword_LeftHolster",
		"TierNumber": 0,
		"BaseDamage": 345,
		"CritChance": 0.1,
		"CritDamageMultiplier": 1.3,
		"BaseStaggerDamage": 5,
		"CritStaggerDamageMultiplier": 1.5,
		"ReticleName": "melee",
		"ReticleTargetName": "meleeHaveTarget",
		"ReticleRayCastDistance": 3,
		"AnimDbPath": "Animations/Mannequin/ADB/PlayerMaleAnims_2H_MeleeAttach.adb",
		"GatheringTypes": "None",
		"GatheringMultiplier": 1,
		"GatheringEfficiency": 0,
		"AudioPickup": "Play_Beep1_2D",
		"AudioPlace": "Play_Beep3_2D",
		"Primary Hand": "Main",
		"RequiredStrength": 0,
		"RequiredDexterity": 0,
		"RequiredIntelligence": 0,
		"RequiredFocus": 0,
		"ScalingStrength": 0,
		"ScalingDexterity": 0,
		"ScalingIntelligence": 0,
		"ScalingFocus": 0,
		"AttackGameEventID": "DamageEnemyUnarmed",
		"BlockStaminaDamage": 30,
		"BlockStability": 0,
		"DeflectionRating": 0,
		"BLAStandard": 1,
		"BLASiege": 1,
		"BLAStrike": 1,
		"BLASlash": 1,
		"BLAThrust": 1,
		"BLAArcane": 1,
		"BLAFire": 1,
		"BLAIce": 1,
		"BLANature": 1,
		"BLALightning": 1,
		"BLACorruption": 1,
		"ABAPoison": 0.4,
		"ABADisease": 0.4,
		"ABABleed": 0.4,
		"ABAFrostbite": 0.4,
		"ABACurse": 0.4,
		"BaseAccuracy": 100,
		"EquipAbility": "Ability_Rune_BeastMode"
	},
	{
		"WeaponID": "RuneSpinningSwordsT1",
		"DEV Prio": 1,
		"PrimaryUse": "Combat Melee",
		"MaxStackSize": 1,
		"EquipType": "RSword_LeftHolster",
		"TierNumber": 0,
		"BaseDamage": 70,
		"CritChance": 0.1,
		"CritDamageMultiplier": 1.3,
		"BaseStaggerDamage": 5,
		"CritStaggerDamageMultiplier": 1.5,
		"ReticleName": "melee",
		"ReticleTargetName": "meleeHaveTarget",
		"ReticleRayCastDistance": 3,
		"AnimDbPath": "Animations/Mannequin/ADB/PlayerMaleAnims_2H_MeleeAttach.adb",
		"GatheringTypes": "None",
		"GatheringMultiplier": 1,
		"GatheringEfficiency": 0,
		"AudioPickup": "Play_Beep1_2D",
		"AudioPlace": "Play_Beep3_2D",
		"Primary Hand": "Main",
		"RequiredStrength": 0,
		"RequiredDexterity": 0,
		"RequiredIntelligence": 0,
		"RequiredFocus": 0,
		"ScalingStrength": 0,
		"ScalingDexterity": 0,
		"ScalingIntelligence": 0,
		"ScalingFocus": 0,
		"AttackGameEventID": "DamageEnemyUnarmed",
		"BlockStaminaDamage": 30,
		"BlockStability": 0,
		"DeflectionRating": 0,
		"BLAStandard": 1,
		"BLASiege": 1,
		"BLAStrike": 1,
		"BLASlash": 1,
		"BLAThrust": 1,
		"BLAArcane": 1,
		"BLAFire": 1,
		"BLAIce": 1,
		"BLANature": 1,
		"BLALightning": 1,
		"BLACorruption": 1,
		"ABAPoison": 0.4,
		"ABADisease": 0.4,
		"ABABleed": 0.4,
		"ABAFrostbite": 0.4,
		"ABACurse": 0.4,
		"BaseAccuracy": 100,
		"EquipAbility": "Ability_Rune_SpinningSwords"
	}
]