[
	{
		"AffixID": "RarityLevel1",
		"DisplayName": "@RarityLevel1_DisplayName",
		"Category": "Material",
		"AffixDataWeapon": "AffixWeaponRarityLevel1",
		"AffixDataArmor": "AffixArmorRarityLevel1",
		"QualityContribution": 3,
		"GearScoreContribution": 20,
		"Rarity": 1
	},
	{
		"AffixID": "RarityLevel2",
		"DisplayName": "@RarityLevel2_DisplayName",
		"Category": "Material",
		"AffixDataWeapon": "AffixWeaponRarityLevel2",
		"AffixDataArmor": "AffixArmorRarityLevel2",
		"QualityContribution": 5,
		"GearScoreContribution": 30,
		"Rarity": 2
	},
	{
		"AffixID": "RarityLevel3",
		"DisplayName": "@RarityLevel3_DisplayName",
		"Category": "Material",
		"AffixDataWeapon": "AffixWeaponRarityLevel3",
		"AffixDataArmor": "AffixArmorRarityLevel3",
		"QualityContribution": 9,
		"GearScoreContribution": 40,
		"Rarity": 3
	},
	{
		"AffixID": "EnchantFire1",
		"DisplayName": "@EnchantFire1_DisplayName",
		"Category": "Magic",
		"AffixDataWeapon": "AffixWeaponEnchantFire1",
		"QualityContribution": 0,
		"GearScoreContribution": 100,
		"Rarity": 0
	},
	{
		"AffixID": "TypeLevel1",
		"Category": "Type",
		"AffixDataWeapon": "AffixTypeLevel1",
		"AffixDataArmor": "AffixTypeLevel1",
		"QualityContribution": 0,
		"GearScoreContribution": 0,
		"Rarity": 0
	},
	{
		"AffixID": "TypeLevel2",
		"DisplayName": "@TypeLevel2_DisplayName",
		"Category": "Type",
		"AffixDataWeapon": "AffixTypeLevel2",
		"AffixDataArmor": "AffixTypeLevel2",
		"AffixDataMisc": "AffixTypeLevel2",
		"QualityContribution": 0,
		"GearScoreContribution": 50,
		"Rarity": 0
	},
	{
		"AffixID": "TypeLevel3",
		"DisplayName": "@TypeLevel3_DisplayName",
		"Category": "Type",
		"AffixDataWeapon": "AffixTypeLevel3",
		"AffixDataArmor": "AffixTypeLevel3",
		"AffixDataMisc": "AffixTypeLevel3",
		"QualityContribution": 0,
		"GearScoreContribution": 65,
		"Rarity": 0
	},
	{
		"AffixID": "TypeLevel4",
		"DisplayName": "@TypeLevel4_DisplayName",
		"Category": "Type",
		"AffixDataWeapon": "AffixTypeLevel4",
		"AffixDataArmor": "AffixTypeLevel4",
		"AffixDataMisc": "AffixTypeLevel4",
		"QualityContribution": 0,
		"GearScoreContribution": 75,
		"Rarity": 0
	},
	{
		"AffixID": "TypeLevel5",
		"DisplayName": "@TypeLevel5_DisplayName",
		"Category": "Type",
		"AffixDataWeapon": "AffixTypeLevel5",
		"AffixDataArmor": "AffixTypeLevel5",
		"AffixDataMisc": "AffixTypeLevel5",
		"QualityContribution": 0,
		"GearScoreContribution": 85,
		"Rarity": 0
	},
	{
		"AffixID": "WornItem",
		"DisplayName": "@WornItem_DisplayName",
		"Category": "Type",
		"AffixDataWeapon": "AffixWornItem",
		"AffixDataArmor": "AffixWornItem",
		"AffixDataMisc": "AffixWornItem",
		"QualityContribution": 0,
		"GearScoreContribution": -90,
		"Rarity": 0
	},
	{
		"AffixID": "Alchemy2",
		"DisplayName": "Distilled",
		"Category": "Type",
		"AffixDataMisc": "AffixAlchemyConsumable2",
		"QualityContribution": 0,
		"GearScoreContribution": 0,
		"Rarity": 0
	},
	{
		"AffixID": "Alchemy3",
		"DisplayName": "Concentrated",
		"Category": "Type",
		"AffixDataMisc": "AffixAlchemyConsumable3",
		"QualityContribution": 0,
		"GearScoreContribution": 0,
		"Rarity": 0
	},
	{
		"AffixID": "TypeLevel2Shield",
		"DisplayName": "@TypeLevel2_DisplayName",
		"Category": "Type",
		"AffixDataWeapon": "AffixTypeLevel2Shield",
		"AffixDataArmor": "AffixTypeLevel2Shield",
		"AffixDataMisc": "AffixTypeLevel2Shield",
		"QualityContribution": 0,
		"GearScoreContribution": 50,
		"Rarity": 0
	},
	{
		"AffixID": "TypeLevel3Shield",
		"DisplayName": "@TypeLevel3_DisplayName",
		"Category": "Type",
		"AffixDataWeapon": "AffixTypeLevel3Shield",
		"AffixDataArmor": "AffixTypeLevel3Shield",
		"AffixDataMisc": "AffixTypeLevel3Shield",
		"QualityContribution": 0,
		"GearScoreContribution": 65,
		"Rarity": 0
	},
	{
		"AffixID": "TypeLevel4Shield",
		"DisplayName": "@TypeLevel4_DisplayName",
		"Category": "Type",
		"AffixDataWeapon": "AffixTypeLevel4Shield",
		"AffixDataArmor": "AffixTypeLevel4Shield",
		"AffixDataMisc": "AffixTypeLevel4Shield",
		"QualityContribution": 0,
		"GearScoreContribution": 75,
		"Rarity": 0
	},
	{
		"AffixID": "TypeLevel5Shield",
		"DisplayName": "@TypeLevel5_DisplayName",
		"Category": "Type",
		"AffixDataWeapon": "AffixTypeLevel5Shield",
		"AffixDataArmor": "AffixTypeLevel5Shield",
		"AffixDataMisc": "AffixTypeLevel5Shield",
		"QualityContribution": 0,
		"GearScoreContribution": 85,
		"Rarity": 0
	}
]