[
	{
		"MountItemAppearanceID": "Mounts_1hKiteShieldWaterloggedSirenS",
		"AutoFlipZAxis": true,
		"MirrorItem": "None",
		"EnableLight": false,
		"LightDiffuseMultiplier": 0,
		"LightMaxDistance": 0,
		"LightAttenuationBulbSize": 0,
		"EnableParticle": false
	},
	{
		"MountItemAppearanceID": "Mounts_BasicShieldSettings",
		"AutoFlipZAxis": true,
		"MirrorItem": "None",
		"EnableLight": false,
		"LightDiffuseMultiplier": 0,
		"LightMaxDistance": 0,
		"LightAttenuationBulbSize": 0,
		"EnableParticle": false,
		"RightAttachmentPosition": "0.025,0,-0.05",
		"RightAttachmentRotation": "90,15,0",
		"RightAttachmentScale": "0.9,0.9,0.9",
		"LeftAttachmentPosition": "-0.025,0,-0.05",
		"LeftAttachmentRotation": "90,15,0",
		"LeftAttachmentScale": "0.9,0.9,0.9"
	},
	{
		"MountItemAppearanceID": "Mounts_KiteshieldSettings",
		"AutoFlipZAxis": false,
		"EnableLight": false,
		"LightDiffuseMultiplier": 0,
		"LightMaxDistance": 0,
		"LightAttenuationBulbSize": 0,
		"EnableParticle": false,
		"RightAttachmentPosition": "0.01,-0.05,0",
		"RightAttachmentRotation": "100,15,180",
		"RightAttachmentScale": "0.9,0.9,0.9",
		"LeftAttachmentPosition": "-0.01,-0.05,0",
		"LeftAttachmentRotation": "80,15,0",
		"LeftAttachmentScale": "0.9,0.9,0.9"
	},
	{
		"MountItemAppearanceID": "Mounts_TowershieldSettings",
		"AutoFlipZAxis": false,
		"EnableLight": false,
		"LightDiffuseMultiplier": 0,
		"LightMaxDistance": 0,
		"LightAttenuationBulbSize": 0,
		"EnableParticle": false,
		"RightAttachmentPosition": "0.035,-0.05,0.1",
		"RightAttachmentRotation": "100,15,180",
		"RightAttachmentScale": "0.8,0.8,0.8",
		"LeftAttachmentPosition": "-0.035,-0.05,0.1",
		"LeftAttachmentRotation": "80,15,0",
		"LeftAttachmentScale": "0.8,0.8,0.8"
	},
	{
		"MountItemAppearanceID": "Mounts_AncientArtifact_Setting",
		"AutoFlipZAxis": false,
		"MirrorItem": "RightSide",
		"EnableLight": false,
		"LightDiffuseMultiplier": 0,
		"LightMaxDistance": 0,
		"LightAttenuationBulbSize": 0,
		"EnableParticle": false,
		"RightAttachmentPosition": "0.0,0.0,0.0",
		"LeftAttachmentPosition": "0.0,0.0,0.0"
	},
	{
		"MountItemAppearanceID": "Mounts_Cooking_Setting",
		"AutoFlipZAxis": false,
		"MirrorItem": "RightSide",
		"EnableLight": false,
		"LightDiffuseMultiplier": 0,
		"LightMaxDistance": 0,
		"LightAttenuationBulbSize": 0,
		"EnableParticle": false,
		"RightAttachmentPosition": "0.12,0.0,0.0",
		"LeftAttachmentPosition": "-0.12,0.0,0.0"
	},
	{
		"MountItemAppearanceID": "Mounts_FactionFlags_Setting",
		"AutoFlipZAxis": true,
		"MirrorItem": "None",
		"EnableLight": false,
		"LightDiffuseMultiplier": 0,
		"LightMaxDistance": 0,
		"LightAttenuationBulbSize": 0,
		"EnableParticle": false,
		"RightAttachmentPosition": "0.0675,0.0,0.0",
		"RightAttachmentRotation": "0.0,0.0,0.0",
		"LeftAttachmentPosition": "-0.0675,0.0,0.0",
		"LeftAttachmentRotation": "0.0,0.0,0.0"
	},
	{
		"MountItemAppearanceID": "Mounts_Flags_Setting",
		"AutoFlipZAxis": false,
		"MirrorItem": "None",
		"EnableLight": false,
		"LightDiffuseMultiplier": 0,
		"LightMaxDistance": 0,
		"LightAttenuationBulbSize": 0,
		"EnableParticle": false,
		"RightAttachmentPosition": "0.0675,0.0,0.0",
		"RightAttachmentRotation": "0.0,0.0,180",
		"LeftAttachmentPosition": "-0.0675,0.0,0.0",
		"LeftAttachmentRotation": "0.0,0.0,180"
	},
	{
		"MountItemAppearanceID": "Mounts_BotanyKit_Setting",
		"AutoFlipZAxis": false,
		"MirrorItem": "RightSide",
		"EnableLight": false,
		"LightDiffuseMultiplier": 0,
		"LightMaxDistance": 0,
		"LightAttenuationBulbSize": 0,
		"EnableParticle": false,
		"RightAttachmentPosition": "0.0,0.0,0.0",
		"LeftAttachmentPosition": "0.0,0.0,0.0"
	},
	{
		"MountItemAppearanceID": "Mounts_Fishing_Setting",
		"AutoFlipZAxis": false,
		"MirrorItem": "RightSide",
		"EnableLight": false,
		"LightDiffuseMultiplier": 0,
		"LightMaxDistance": 0,
		"LightAttenuationBulbSize": 0,
		"EnableParticle": false,
		"RightAttachmentPosition": "0.0,0.0,0.0",
		"LeftAttachmentPosition": "0.0,0.0,0.0"
	},
	{
		"MountItemAppearanceID": "Mounts_TreasureChest_Setting",
		"AutoFlipZAxis": false,
		"MirrorItem": "RightSide",
		"EnableLight": false,
		"LightDiffuseMultiplier": 0,
		"LightMaxDistance": 0,
		"LightAttenuationBulbSize": 0,
		"EnableParticle": false,
		"RightAttachmentPosition": "0.0,0.0,0.0",
		"LeftAttachmentPosition": "0.0,0.0,0.0"
	},
	{
		"MountItemAppearanceID": "Mounts_Blacksmith_Setting",
		"AutoFlipZAxis": false,
		"MirrorItem": "RightSide",
		"EnableLight": false,
		"LightDiffuseMultiplier": 0,
		"LightMaxDistance": 0,
		"LightAttenuationBulbSize": 0,
		"EnableParticle": false,
		"RightAttachmentPosition": "0.0,0.0,0.0",
		"LeftAttachmentPosition": "0.0,0.0,0.0"
	},
	{
		"MountItemAppearanceID": "Mounts_Logging_Setting",
		"AutoFlipZAxis": false,
		"MirrorItem": "RightSide",
		"EnableLight": false,
		"LightDiffuseMultiplier": 0,
		"LightMaxDistance": 0,
		"LightAttenuationBulbSize": 0,
		"EnableParticle": false,
		"RightAttachmentPosition": "0.0,0.0,0.0",
		"LeftAttachmentPosition": "0.0,0.0,0.0"
	},
	{
		"MountItemAppearanceID": "Mounts_Tome_Setting",
		"AutoFlipZAxis": true,
		"MirrorItem": "None",
		"EnableLight": false,
		"LightDiffuseMultiplier": 0,
		"LightMaxDistance": 0,
		"LightAttenuationBulbSize": 0,
		"EnableParticle": false,
		"RightAttachmentPosition": "-0.025,0.0,0.0",
		"RightAttachmentRotation": "0,30,0",
		"LeftAttachmentPosition": "0.025,0.0,0.0",
		"LeftAttachmentRotation": "0,30,0"
	},
	{
		"MountItemAppearanceID": "Mounts_CallofTheWilds_Setting",
		"AutoFlipZAxis": true,
		"MirrorItem": "None",
		"EnableLight": false,
		"LightDiffuseMultiplier": 0,
		"LightMaxDistance": 0,
		"LightAttenuationBulbSize": 0,
		"EnableParticle": false,
		"RightAttachmentPosition": "0.0675,0.0,0.0",
		"LeftAttachmentPosition": "-0.0675,0.0,0.0"
	},
	{
		"MountItemAppearanceID": "Mounts_ClothSack_Setting",
		"AutoFlipZAxis": false,
		"MirrorItem": "RightSide",
		"EnableLight": false,
		"LightDiffuseMultiplier": 0,
		"LightMaxDistance": 0,
		"LightAttenuationBulbSize": 0,
		"EnableParticle": false,
		"RightAttachmentPosition": "0.0,0.0,0.0",
		"LeftAttachmentPosition": "0.0,0.0,0.0"
	},
	{
		"MountItemAppearanceID": "Mounts_PowderHorn_Setting",
		"AutoFlipZAxis": false,
		"MirrorItem": "RightSide",
		"EnableLight": false,
		"LightDiffuseMultiplier": 0,
		"LightMaxDistance": 0,
		"LightAttenuationBulbSize": 0,
		"EnableParticle": false,
		"RightAttachmentPosition": "0.0,0.0,0.0",
		"LeftAttachmentPosition": "0.0,0.0,0.0"
	},
	{
		"MountItemAppearanceID": "Mounts_PrimalDrum_Setting",
		"AutoFlipZAxis": false,
		"MirrorItem": "RightSide",
		"EnableLight": false,
		"LightDiffuseMultiplier": 0,
		"LightMaxDistance": 0,
		"LightAttenuationBulbSize": 0,
		"EnableParticle": false,
		"RightAttachmentPosition": "0.0,0.0,0.0",
		"RightAttachmentScale": "0.9,0.9,0.9",
		"LeftAttachmentPosition": "0.0,0.0,0.0",
		"LeftAttachmentScale": "0.9,0.9,0.9"
	},
	{
		"MountItemAppearanceID": "Mounts_ScrollStack_Setting",
		"AutoFlipZAxis": false,
		"MirrorItem": "RightSide",
		"EnableLight": false,
		"LightDiffuseMultiplier": 0,
		"LightMaxDistance": 0,
		"LightAttenuationBulbSize": 0,
		"EnableParticle": false,
		"RightAttachmentPosition": "0.0,0.0,0.0",
		"LeftAttachmentPosition": "0.0,0.0,0.0"
	},
	{
		"MountItemAppearanceID": "Mounts_WineJug_Setting",
		"AutoFlipZAxis": false,
		"MirrorItem": "RightSide",
		"EnableLight": false,
		"LightDiffuseMultiplier": 0,
		"LightMaxDistance": 0,
		"LightAttenuationBulbSize": 0,
		"EnableParticle": false,
		"RightAttachmentPosition": "0.0,0.0,0.0",
		"RightAttachmentScale": "0.75,0.75,0.75",
		"LeftAttachmentPosition": "0.0,0.0,0.0",
		"LeftAttachmentScale": "0.75,0.75,0.75"
	},
	{
		"MountItemAppearanceID": "Mounts_Anchor_Setting",
		"AutoFlipZAxis": false,
		"MirrorItem": "RightSide",
		"EnableLight": false,
		"LightDiffuseMultiplier": 0,
		"LightMaxDistance": 0,
		"LightAttenuationBulbSize": 0,
		"EnableParticle": false,
		"RightAttachmentPosition": "0.07,-0.05,-0.1",
		"RightAttachmentScale": "0.75,0.75,0.75",
		"LeftAttachmentPosition": "-0.07,-0.05,-0.1",
		"LeftAttachmentScale": "0.75,0.75,0.75"
	},
	{
		"MountItemAppearanceID": "MountAttachmentItem_Skin_Ronin_Fan_Setting",
		"AutoFlipZAxis": false,
		"MirrorItem": "RightSide",
		"EnableLight": false,
		"LightDiffuseMultiplier": 0,
		"LightMaxDistance": 0,
		"LightAttenuationBulbSize": 0,
		"EnableParticle": false,
		"RightAttachmentPosition": "0.05,0.0,0.0",
		"LeftAttachmentPosition": "-0.05,0.0,0.0"
	},
	{
		"MountItemAppearanceID": "MountAttachmentItem_Skin_Ronin_Quiver_Setting",
		"AutoFlipZAxis": false,
		"MirrorItem": "RightSide",
		"EnableLight": false,
		"LightDiffuseMultiplier": 0,
		"LightMaxDistance": 0,
		"LightAttenuationBulbSize": 0,
		"EnableParticle": false,
		"RightAttachmentPosition": "0.035,-0.1,-0.1",
		"RightAttachmentRotation": "0,0,0",
		"RightAttachmentScale": "0.9,0.9,0.9",
		"LeftAttachmentPosition": "-0.035,-0.1,-0.1",
		"LeftAttachmentRotation": "0,0,0",
		"LeftAttachmentScale": "0.9,0.9,0.9"
	},
	{
		"MountItemAppearanceID": "MountAttachmentItem_Skin_Ronin_Mask_Setting",
		"AutoFlipZAxis": false,
		"MirrorItem": "RightSide",
		"EnableLight": false,
		"LightDiffuseMultiplier": 0,
		"LightMaxDistance": 0,
		"LightAttenuationBulbSize": 0,
		"EnableParticle": false,
		"RightAttachmentPosition": "0.0,0.0,0.0",
		"LeftAttachmentPosition": "0.0,0.0,0.0"
	},
	{
		"MountItemAppearanceID": "MountAttachmentItem_Skin_Reaper_SkullLantern_Setting",
		"AutoFlipZAxis": false,
		"MirrorItem": "RightSide",
		"EnableLight": false,
		"LightDiffuseMultiplier": 0,
		"LightMaxDistance": 0,
		"LightAttenuationBulbSize": 0,
		"EnableParticle": false,
		"RightAttachmentPosition": "0.01,-0.05,-0.1",
		"RightAttachmentRotation": "20,0,0",
		"LeftAttachmentPosition": "-0.01,-0.05,-0.1",
		"LeftAttachmentRotation": "20,0,0"
	},
	{
		"MountItemAppearanceID": "MountAttachmentItem_Skin_Reaper_SoulsVials_Setting",
		"AutoFlipZAxis": false,
		"MirrorItem": "RightSide",
		"EnableLight": false,
		"LightDiffuseMultiplier": 0,
		"LightMaxDistance": 0,
		"LightAttenuationBulbSize": 0,
		"EnableParticle": false,
		"RightAttachmentPosition": "0.035,-0.1,-0.1",
		"RightAttachmentRotation": "0,0,0",
		"RightAttachmentScale": "0.9,0.9,0.9",
		"LeftAttachmentPosition": "-0.035,-0.1,-0.1",
		"LeftAttachmentRotation": "0,0,0",
		"LeftAttachmentScale": "0.9,0.9,0.9"
	},
	{
		"MountItemAppearanceID": "MountAttachmentItem_Skin_Reaper_RavenShield_Setting",
		"AutoFlipZAxis": true,
		"MirrorItem": "None",
		"EnableLight": false,
		"LightDiffuseMultiplier": 0,
		"LightMaxDistance": 0,
		"LightAttenuationBulbSize": 0,
		"EnableParticle": false,
		"RightAttachmentPosition": "0.07,0.1,-0.1",
		"RightAttachmentRotation": "20,0,90",
		"RightAttachmentScale": "0.9,0.9,0.9",
		"LeftAttachmentPosition": "-0.07,0.1,-0.1",
		"LeftAttachmentRotation": "20,0,90",
		"LeftAttachmentScale": "0.9,0.9,0.9"
	},
	{
		"MountItemAppearanceID": "MountAttachmentItem_Skin_DarkAcademy_BearTrap_Setting",
		"AutoFlipZAxis": true,
		"MirrorItem": "RightSide",
		"EnableLight": false,
		"LightDiffuseMultiplier": 0,
		"LightMaxDistance": 0,
		"LightAttenuationBulbSize": 0,
		"EnableParticle": false,
		"RightAttachmentPosition": "0.02,0.0,0.0",
		"RightAttachmentRotation": "10,-20,90",
		"RightAttachmentScale": "0.9,0.9,0.9",
		"LeftAttachmentPosition": "-0.02,0.0,0.0",
		"LeftAttachmentRotation": "10,20,90",
		"LeftAttachmentScale": "0.9,0.9,0.9"
	},
	{
		"MountItemAppearanceID": "MountAttachmentItem_Skin_DarkAcademy_Sextant_Setting",
		"AutoFlipZAxis": true,
		"MirrorItem": "RightSide",
		"EnableLight": false,
		"LightDiffuseMultiplier": 0,
		"LightMaxDistance": 0,
		"LightAttenuationBulbSize": 0,
		"EnableParticle": false,
		"RightAttachmentPosition": "0.04,0.0,0.05",
		"RightAttachmentRotation": "20,-20,90",
		"RightAttachmentScale": "0.9,0.9,0.9",
		"LeftAttachmentPosition": "-0.04,0.0,0.05",
		"LeftAttachmentRotation": "20,20,90",
		"LeftAttachmentScale": "0.9,0.9,0.9"
	},
	{
		"MountItemAppearanceID": "MountAttachmentItem_Skin_DarkAcademy_SkullBear_Setting",
		"AutoFlipZAxis": true,
		"MirrorItem": "None",
		"EnableLight": false,
		"LightDiffuseMultiplier": 0,
		"LightMaxDistance": 0,
		"LightAttenuationBulbSize": 0,
		"EnableParticle": false,
		"RightAttachmentPosition": "0.0,0.0,0.1",
		"RightAttachmentRotation": "0,-10,90",
		"RightAttachmentScale": "0.9,0.9,0.9",
		"LeftAttachmentPosition": "0.0,0.0,0.1",
		"LeftAttachmentRotation": "0,10,90",
		"LeftAttachmentScale": "0.9,0.9,0.9"
	},
	{
		"MountItemAppearanceID": "MountAttachmentItem_Skin_Rewards_FishTrap_Setting",
		"AutoFlipZAxis": true,
		"MirrorItem": "RightSide",
		"EnableLight": false,
		"LightDiffuseMultiplier": 0,
		"LightMaxDistance": 0,
		"LightAttenuationBulbSize": 0,
		"EnableParticle": false,
		"RightAttachmentPosition": "0.1,0.0,-0.1",
		"RightAttachmentRotation": "10,-30,90",
		"RightAttachmentScale": "0.9,0.9,0.9",
		"LeftAttachmentPosition": "-0.1,0.0,-0.1",
		"LeftAttachmentRotation": "10,30,90",
		"LeftAttachmentScale": "0.9,0.9,0.9"
	},
	{
		"MountItemAppearanceID": "MountAttachmentItem_Skin_Rewards_Astrolabe_Setting",
		"AutoFlipZAxis": true,
		"MirrorItem": "RightSide",
		"EnableLight": false,
		"LightDiffuseMultiplier": 0,
		"LightMaxDistance": 0,
		"LightAttenuationBulbSize": 0,
		"EnableParticle": false,
		"RightAttachmentPosition": "0.1,0.0,-0.25",
		"RightAttachmentRotation": "20,-20,90",
		"RightAttachmentScale": "0.9,0.9,0.9",
		"LeftAttachmentPosition": "-0.1,0.0,-0.25",
		"LeftAttachmentRotation": "20,20,90",
		"LeftAttachmentScale": "0.9,0.9,0.9"
	},
	{
		"MountItemAppearanceID": "MountAttachmentItem_Skin_Rewards_BackPack_Setting",
		"AutoFlipZAxis": false,
		"MirrorItem": "RightSide",
		"EnableLight": false,
		"LightDiffuseMultiplier": 0,
		"LightMaxDistance": 0,
		"LightAttenuationBulbSize": 0,
		"EnableParticle": false,
		"RightAttachmentPosition": "-0.05,0.0,0.1",
		"RightAttachmentRotation": "-25,0,90",
		"RightAttachmentScale": "0.9,0.9,0.9",
		"LeftAttachmentPosition": "0.05,0.0,0.1",
		"LeftAttachmentRotation": "-25,0,-90",
		"LeftAttachmentScale": "0.9,0.9,0.9"
	},
	{
		"MountItemAppearanceID": "MountAttachmentItem_Skin_AlchemySign_Setting",
		"AutoFlipZAxis": true,
		"MirrorItem": "None",
		"EnableLight": false,
		"LightDiffuseMultiplier": 0,
		"LightMaxDistance": 0,
		"LightAttenuationBulbSize": 0,
		"EnableParticle": false,
		"RightAttachmentPosition": "0.025,0,-0.05",
		"RightAttachmentRotation": "0,15,0",
		"RightAttachmentScale": "0.9,0.9,0.9",
		"LeftAttachmentPosition": "-0.025,0,-0.05",
		"LeftAttachmentRotation": "0,15,0",
		"LeftAttachmentScale": "0.9,0.9,0.9"
	},
	{
		"MountItemAppearanceID": "MountAttachmentItem_Skin_EgyptCat_Setting",
		"AutoFlipZAxis": false,
		"MirrorItem": "RightSide",
		"EnableLight": false,
		"LightDiffuseMultiplier": 0,
		"LightMaxDistance": 0,
		"LightAttenuationBulbSize": 0,
		"EnableParticle": false,
		"RightAttachmentPosition": "0.05,-0.1,0.1",
		"RightAttachmentRotation": "-20,0,90",
		"RightAttachmentScale": "0.9,0.9,0.9",
		"LeftAttachmentPosition": "-0.05,-0.1,0.1",
		"LeftAttachmentRotation": "-20,0,-90",
		"LeftAttachmentScale": "0.9,0.9,0.9"
	},
	{
		"MountItemAppearanceID": "MountAttachmentItem_Skin_ExplosiveBarrel_Setting",
		"AutoFlipZAxis": true,
		"MirrorItem": "None",
		"EnableLight": false,
		"LightDiffuseMultiplier": 0,
		"LightMaxDistance": 0,
		"LightAttenuationBulbSize": 0,
		"EnableParticle": false,
		"RightAttachmentPosition": "0.1,0,-0.05",
		"RightAttachmentRotation": "0,10,0",
		"RightAttachmentScale": "0.8,0.8,0.8",
		"LeftAttachmentPosition": "-0.1,0,-0.05",
		"LeftAttachmentRotation": "0,10,0",
		"LeftAttachmentScale": "0.8,0.8,0.8"
	},
	{
		"MountItemAppearanceID": "MountAttachmentItem_Skin_Foodoghead_Setting",
		"AutoFlipZAxis": false,
		"MirrorItem": "RightSide",
		"EnableLight": false,
		"LightDiffuseMultiplier": 0,
		"LightMaxDistance": 0,
		"LightAttenuationBulbSize": 0,
		"EnableParticle": false,
		"RightAttachmentPosition": "0.0,0.0,0.0",
		"LeftAttachmentPosition": "0.0,0.0,0.0"
	},
	{
		"MountItemAppearanceID": "MountAttachmentItem_Skin_Journal_Setting",
		"AutoFlipZAxis": true,
		"MirrorItem": "None",
		"EnableLight": false,
		"LightDiffuseMultiplier": 0,
		"LightMaxDistance": 0,
		"LightAttenuationBulbSize": 0,
		"EnableParticle": false,
		"RightAttachmentPosition": "-0.025,0.0,0.0",
		"RightAttachmentRotation": "180,30,0",
		"RightAttachmentScale": "0.5,0.5,0.5",
		"LeftAttachmentPosition": "0.025,0.0,0.0",
		"LeftAttachmentRotation": "0,30,0",
		"LeftAttachmentScale": "0.5,0.5,0.5"
	},
	{
		"MountItemAppearanceID": "MountAttachmentItem_Skin_ScrollContainer_Setting",
		"AutoFlipZAxis": true,
		"MirrorItem": "None",
		"EnableLight": false,
		"LightDiffuseMultiplier": 0,
		"LightMaxDistance": 0,
		"LightAttenuationBulbSize": 0,
		"EnableParticle": false,
		"RightAttachmentPosition": "0.0,-0.1,0.0",
		"RightAttachmentRotation": "0,20,0",
		"RightAttachmentScale": "1.1,1.1,1.1",
		"LeftAttachmentPosition": "0.0,-0.1,0.0",
		"LeftAttachmentRotation": "0,20,0",
		"LeftAttachmentScale": "1.1,1.1,1.1"
	},
	{
		"MountItemAppearanceID": "MountAttachmentItem_Skin_TOA_Flag_Setting",
		"AutoFlipZAxis": true,
		"MirrorItem": "None",
		"EnableLight": false,
		"LightDiffuseMultiplier": 0,
		"LightMaxDistance": 0,
		"LightAttenuationBulbSize": 0,
		"EnableParticle": false,
		"RightAttachmentPosition": "0.0675,0.0,0.0",
		"RightAttachmentRotation": "0.0,0.0,0.0",
		"LeftAttachmentPosition": "-0.0675,0.0,0.0",
		"LeftAttachmentRotation": "0.0,0.0,0.0"
	},
	{
		"MountItemAppearanceID": "MountAttachmentItem_Skin_BarbarianSkulls_Setting",
		"AutoFlipZAxis": true,
		"MirrorItem": "None",
		"EnableLight": false,
		"LightDiffuseMultiplier": 0,
		"LightMaxDistance": 0,
		"LightAttenuationBulbSize": 0,
		"EnableParticle": false,
		"RightAttachmentPosition": "0.0675,0.0,0.0",
		"RightAttachmentRotation": "0.0,0.0,0.0",
		"LeftAttachmentPosition": "-0.0675,0.0,0.0",
		"LeftAttachmentRotation": "0.0,0.0,0.0"
	},
	{
		"MountItemAppearanceID": "MountAttachmentItem_Skin_ConquistadorSkull_Setting",
		"AutoFlipZAxis": true,
		"MirrorItem": "RightSide",
		"EnableLight": false,
		"LightDiffuseMultiplier": 0,
		"LightMaxDistance": 0,
		"LightAttenuationBulbSize": 0,
		"EnableParticle": false,
		"RightAttachmentPosition": "-0.1,0.0,-0.1",
		"RightAttachmentRotation": "75.0,0.0,180",
		"LeftAttachmentPosition": "0.1,0.0,-0.1",
		"LeftAttachmentRotation": "75.0,0.0,0.0"
	},
	{
		"MountItemAppearanceID": "MountAttachmentItem_Skin_ConquistadorShield_Setting",
		"AutoFlipZAxis": true,
		"MirrorItem": "None",
		"EnableLight": false,
		"LightDiffuseMultiplier": 0,
		"LightMaxDistance": 0,
		"LightAttenuationBulbSize": 0,
		"EnableParticle": false,
		"RightAttachmentPosition": "0.08,-0.05,-0.2",
		"RightAttachmentRotation": "90,15,0",
		"RightAttachmentScale": "1.0,1.0,1.0",
		"LeftAttachmentPosition": "-0.08,-0.05,-0.2",
		"LeftAttachmentRotation": "90,15,0",
		"LeftAttachmentScale": "1.0,1.0,1.0"
	},
	{
		"MountItemAppearanceID": "MountAttachmentItem_Skin_ZombieHand_Setting",
		"AutoFlipZAxis": true,
		"MirrorItem": "None",
		"EnableLight": false,
		"LightDiffuseMultiplier": 0,
		"LightMaxDistance": 0,
		"LightAttenuationBulbSize": 0,
		"EnableParticle": false,
		"RightAttachmentPosition": "0.08,0,-0.2",
		"RightAttachmentRotation": "90,5,0",
		"RightAttachmentScale": "0.55,0.55,0.55",
		"LeftAttachmentPosition": "-0.08,0,-0.2",
		"LeftAttachmentRotation": "90,5,0",
		"LeftAttachmentScale": "0.55,0.55,0.55"
	},
	{
		"MountItemAppearanceID": "MountAttachmentItem_Skin_SeaGlassLights_Setting",
		"AutoFlipZAxis": true,
		"MirrorItem": "None",
		"EnableLight": false,
		"LightDiffuseMultiplier": 0,
		"LightMaxDistance": 0,
		"LightAttenuationBulbSize": 0,
		"EnableParticle": false,
		"RightAttachmentPosition": "0.08,0,-0.2",
		"RightAttachmentRotation": "0.0,10.0,0.0",
		"RightAttachmentScale": "1.0,1.0,1.0",
		"LeftAttachmentPosition": "-0.08,0,-0.2",
		"LeftAttachmentRotation": "0.0,10.0,0.0",
		"LeftAttachmentScale": "1.0,1.0,1.0"
	},
	{
		"MountItemAppearanceID": "MountAttachmentItem_Skin_RugStack_Setting",
		"AutoFlipZAxis": true,
		"MirrorItem": "None",
		"EnableLight": false,
		"LightDiffuseMultiplier": 0,
		"LightMaxDistance": 0,
		"LightAttenuationBulbSize": 0,
		"EnableParticle": false,
		"RightAttachmentPosition": "0.0,0,-0.2",
		"RightAttachmentRotation": "0.0,0.0,10.0",
		"RightAttachmentScale": "1.0,1.0,1.0",
		"LeftAttachmentPosition": "-0.0,0,-0.2",
		"LeftAttachmentRotation": "0.0,0.0,10.0",
		"LeftAttachmentScale": "1.0,1.0,1.0"
	},
	{
		"MountItemAppearanceID": "MountAttachmentItem_Skin_WarDrums_Setting",
		"AutoFlipZAxis": true,
		"MirrorItem": "None",
		"EnableLight": false,
		"LightDiffuseMultiplier": 0,
		"LightMaxDistance": 0,
		"LightAttenuationBulbSize": 0,
		"EnableParticle": false,
		"RightAttachmentPosition": "0.08,0,-0.2",
		"RightAttachmentRotation": "0.0,10.0,0.0",
		"RightAttachmentScale": "1.0,1.0,1.0",
		"LeftAttachmentPosition": "-0.08,0,-0.2",
		"LeftAttachmentRotation": "0.0,10.0,0.0",
		"LeftAttachmentScale": "1.0,1.0,1.0"
	}
]