[
	{
		"GameModeMapId": "TestMode1",
		"GameModeId": "TestMode1",
		"SlicePath": "GameModes/GameModeTest_01",
		"ProjectedAZothComputeUnits": 0,
		"ProjectedMemoryUseMb": 0,
		"PauseTimeOfDay": false,
		"FreezeTime": 0,
		"NavGenerationEnabled": false
	},
	{
		"GameModeMapId": "TestMode2",
		"GameModeId": "TestMode2",
		"SlicePath": "GameModes/GameModeTest_02",
		"ProjectedAZothComputeUnits": 0,
		"ProjectedMemoryUseMb": 0,
		"PauseTimeOfDay": false,
		"FreezeTime": 0,
		"NavGenerationEnabled": false
	},
	{
		"GameModeMapId": "CTF_002_Wide",
		"GameModeId": "CaptureTheFlag",
		"SlicePath": "MODES/CTF/NW_CTF_002_Wide/Gamemode_CTF_002_Wide",
		"UIMapDisplayName": "@ctf_002_Wide_Map_Name",
		"ActivityScreenBgPath": "lyshineui/images/pugfinder/gamemodesignup/capturetheflag/ctf_002_castleruinsbg.webp",
		"DynamicStackConfigName": "ctf-002-wide",
		"CoatlicueName": "coatlicue\\NW_CTF_002_Wide",
		"WorldBounds": "632.0,1024.0,384.0,288.0",
		"TeamTeleportData": "854.1,1263.8,84.4,180+854.4,1113.2,84.2,0",
		"UIMapId": "NW_CTF_002_Wide",
		"ProjectedAZothComputeUnits": 2,
		"ProjectedMemoryUseMb": 700,
		"PauseTimeOfDay": false,
		"FreezeTime": 0,
		"NavGenerationEnabled": false
	},
	{
		"GameModeMapId": "CTF_003_Long",
		"GameModeId": "CaptureTheFlag",
		"SlicePath": "MODES/CTF/NW_CTF_003_Long/Gamemode_CTF_003_Long",
		"UIMapDisplayName": "@ctf_003_Long_Map_Name",
		"ActivityScreenBgPath": "lyshineui/images/pugfinder/gamemodesignup/capturetheflag/ctf_001_bridgebg.webp",
		"DynamicStackConfigName": "ctf-003-long",
		"CoatlicueName": "coatlicue\\NW_CTF_003_Long",
		"WorldBounds": "864.0,864.0,320.0,288.0",
		"TeamTeleportData": "1087.669,1097.134,190.888,150+1005.846,955.411,189.979,330",
		"UIMapId": "NW_CTF_003_Long",
		"ProjectedAZothComputeUnits": 2,
		"ProjectedMemoryUseMb": 600,
		"PauseTimeOfDay": false,
		"FreezeTime": 0,
		"NavGenerationEnabled": false
	},
	{
		"GameModeMapId": "Duel",
		"GameModeId": "Duel",
		"SlicePath": "GameModes/GameMode_Duel",
		"ProjectedAZothComputeUnits": 0,
		"ProjectedMemoryUseMb": 0,
		"PauseTimeOfDay": false,
		"FreezeTime": 0,
		"NavGenerationEnabled": false
	},
	{
		"GameModeMapId": "OutpostRush",
		"GameModeId": "OutpostRush",
		"SlicePath": "POIs/OutpostRush/OutpostRush_Layout_00",
		"UIMapDisplayName": "@or_outpost_rush_map_name",
		"ActivityScreenBgPath": "lyshineui/images/pugfinder/gamemodesignup/outpostrush/outpostrushtabbg.webp",
		"DynamicStackConfigName": "outpost-rush",
		"CoatlicueName": "coatlicue\\NewWorld_VitaeEterna",
		"WorldBounds": "937.0,10562.0,704.0,1056.0",
		"TeamTeleportData": "1241,10746,96,0+1309,11279,66,180",
		"UIMapId": "OutpostRush",
		"ProjectedAZothComputeUnits": 8,
		"ProjectedMemoryUseMb": 1024,
		"PauseTimeOfDay": false,
		"FreezeTime": 0,
		"NavGenerationEnabled": false
	},
	{
		"GameModeMapId": "OutpostRush_004_Trench",
		"GameModeId": "OutpostRush",
		"SlicePath": "MODES/OPR/NW_OPR_004_Trench/OutpostRush_Layout_004_Trench",
		"UIMapDisplayName": "@or_outpost_rush_trench_map_name",
		"ActivityScreenBgPath": "lyshineui/images/pugfinder/gamemodesignup/outpostrush/outpostrush_004_trenchbg.webp",
		"DynamicStackConfigName": "outpost-rush-trench",
		"CoatlicueName": "coatlicue\\NW_OPR_004_Trench",
		"WorldBounds": "832.0,768.0,512.0,512.0",
		"TeamTeleportData": "931.2498,983.3751,49.75,270.0+1170.75,987.75,49.3,90.0",
		"UIMapId": "NW_OPR_004_Trench",
		"ProjectedAZothComputeUnits": 8,
		"ProjectedMemoryUseMb": 1024,
		"PauseTimeOfDay": false,
		"FreezeTime": 0,
		"NavGenerationEnabled": false
	},
	{
		"GameModeMapId": "OutpostRush_005_Vertical",
		"GameModeId": "OutpostRush",
		"SlicePath": "MODES/OPR/NW_OPR_005_Vertical/GameMode_OutpostRush_005_Vertical",
		"UIMapDisplayName": "@or_outpost_rush_vertical_map_name",
		"ActivityScreenBgPath": "lyshineui/images/pugfinder/gamemodesignup/outpostrush/outpostrush_durevos.webp",
		"DynamicStackConfigName": "outpost-rush-vertical",
		"ExcludeFromMapRotation": "true",
		"CoatlicueName": "coatlicue\\NW_OPR_005_Vertical",
		"WorldBounds": "816.0,770.0,416.0,480.0",
		"TeamTeleportData": "1022.7,1184.3,153.0,180+1026.2,863.6,153.0,0",
		"UIMapId": "NW_OPR_005_Vertical",
		"ProjectedAZothComputeUnits": 8,
		"ProjectedMemoryUseMb": 1024,
		"PauseTimeOfDay": false,
		"FreezeTime": 0,
		"NavGenerationEnabled": false
	},
	{
		"GameModeMapId": "OutpostRush_NoPerks",
		"GameModeId": "OutpostRush_NoPerks",
		"SlicePath": "POIs/OutpostRush/OutpostRush_Layout_00",
		"UIMapDisplayName": "@or_outpost_rush_map_name",
		"ActivityScreenBgPath": "lyshineui/images/pugfinder/gamemodesignup/outpostrush/outpostrushtabbg.webp",
		"DynamicStackConfigName": "outpost-rush-no-perks",
		"CoatlicueName": "coatlicue\\NewWorld_VitaeEterna",
		"WorldBounds": "937.0,10562.0,704.0,1056.0",
		"TeamTeleportData": "1241,10746,96,0+1309,11279,66,180",
		"UIMapId": "OutpostRush",
		"ProjectedAZothComputeUnits": 8,
		"ProjectedMemoryUseMb": 1024,
		"PauseTimeOfDay": false,
		"FreezeTime": 0,
		"NavGenerationEnabled": false
	},
	{
		"GameModeMapId": "OutpostRush_NoPerks_Trench",
		"GameModeId": "OutpostRush_NoPerks",
		"SlicePath": "MODES/OPR/NW_OPR_004_Trench/OutpostRush_Layout_004_Trench",
		"UIMapDisplayName": "@or_outpost_rush_trench_map_name",
		"ActivityScreenBgPath": "lyshineui/images/pugfinder/gamemodesignup/outpostrush/outpostrush_004_trenchbg.webp",
		"DynamicStackConfigName": "outpost-rush-no-perks-trench",
		"CoatlicueName": "coatlicue\\NW_OPR_004_Trench",
		"WorldBounds": "832.0,768.0,512.0,512.0",
		"TeamTeleportData": "931.2498,983.3751,49.75,270.0+1170.75,987.75,49.3,90.0",
		"UIMapId": "NW_OPR_004_Trench",
		"ProjectedAZothComputeUnits": 8,
		"ProjectedMemoryUseMb": 1024,
		"PauseTimeOfDay": false,
		"FreezeTime": 0,
		"NavGenerationEnabled": false
	},
	{
		"GameModeMapId": "Arena3v3",
		"GameModeId": "Arena3v3",
		"SlicePath": "GameModes/GameMode_Arena01_3v3",
		"UIMapDisplayName": "@arena_3v3_map_name",
		"ActivityScreenBgPath": "lyshineui/images/pugfinder/gamemodesignup/3v3arena/3v3arenatabbgold.webp",
		"DynamicStackConfigName": "arena-3v3",
		"CoatlicueName": "coatlicue\\NW_Arena01",
		"WorldBounds": "864.0,832.0,992.0,960.0",
		"TeamTeleportData": "939,935,226.5,180+939,873,227,0",
		"TeamTeleportFormationData": "1.5,0.0+-1.5,0.0",
		"UIMapId": "NW_Arena01",
		"ProjectedAZothComputeUnits": 0.3,
		"ProjectedMemoryUseMb": 300,
		"PauseTimeOfDay": true,
		"FreezeTime": 14.1,
		"NavGenerationEnabled": false
	},
	{
		"GameModeMapId": "Arena3v3_02",
		"GameModeId": "Arena3v3",
		"SlicePath": "GameModes/GameMode_Arena02_3v3",
		"UIMapDisplayName": "@arena_3v3_02_map_name",
		"ActivityScreenBgPath": "lyshineui/images/pugfinder/gamemodesignup/3v3arena/3v3arenatabbg.webp",
		"DynamicStackConfigName": "arena-3v3-02",
		"CoatlicueName": "coatlicue\\NW_Arena02",
		"WorldBounds": "1064.0,1189.0,256.0,256.0",
		"TeamTeleportData": "1206,1300,50.7,180+1206,1226,50.7,0",
		"TeamTeleportFormationData": "1.5,0.0+-1.5,0.0",
		"UIMapId": "NW_Arena02",
		"ProjectedAZothComputeUnits": 0.3,
		"ProjectedMemoryUseMb": 300,
		"PauseTimeOfDay": true,
		"FreezeTime": 15.11,
		"NavGenerationEnabled": false
	},
	{
		"GameModeMapId": "Arena_3v3_04",
		"GameModeId": "Arena3v3",
		"SlicePath": "MODES/Arena/GameMode_Arena_3v3_04",
		"UIMapDisplayName": "@arena_3v3_04_map_name",
		"ActivityScreenBgPath": "lyshineui/images/pugfinder/gamemodesignup/3v3arena/3v3arena_003_bg.webp",
		"DynamicStackConfigName": "arena-3v3-04",
		"CoatlicueName": "coatlicue\\NW_Arena_3v3_04",
		"WorldBounds": "1152.0,1584.0,160.0,192.0",
		"TeamTeleportData": "1232.4,1717.9,105.7,180+1231.8,1618.4,105.6,0",
		"TeamTeleportFormationData": "1.5,0.0+-1.5,0.0",
		"UIMapId": "NW_Arena01",
		"ProjectedAZothComputeUnits": 0.3,
		"ProjectedMemoryUseMb": 300,
		"PauseTimeOfDay": true,
		"FreezeTime": 14.1,
		"NavGenerationEnabled": false
	},
	{
		"GameModeMapId": "Dungeon",
		"GameModeId": "Dungeon",
		"ProjectedAZothComputeUnits": 0,
		"ProjectedMemoryUseMb": 0,
		"PauseTimeOfDay": false,
		"FreezeTime": 0,
		"NavGenerationEnabled": false
	},
	{
		"GameModeMapId": "Mutation",
		"GameModeId": "Mutation",
		"ProjectedAZothComputeUnits": 0,
		"ProjectedMemoryUseMb": 0,
		"PauseTimeOfDay": false,
		"FreezeTime": 0,
		"NavGenerationEnabled": false
	},
	{
		"GameModeMapId": "DungeonAmrine",
		"GameModeId": "DungeonAmrine",
		"SlicePath": "Dungeon/LevelScripts/AmrineDungeon",
		"CoatlicueName": "coatlicue\\NW_Dungeon_Windsward_00",
		"WorldBounds": "610.0,560.0,352.0,512.0",
		"TeamTeleportData": "645.0,663.0,153.0,0",
		"UIMapId": "NW_Dungeon_Windsward_00",
		"ProjectedAZothComputeUnits": 0.75,
		"ProjectedMemoryUseMb": 512,
		"PauseTimeOfDay": false,
		"FreezeTime": 0,
		"NavGenerationEnabled": false
	},
	{
		"GameModeMapId": "DungeonShatteredObelisk",
		"GameModeId": "DungeonShatteredObelisk",
		"SlicePath": "Dungeon/LevelScripts/ShatteredObeliskDungeon",
		"CoatlicueName": "coatlicue\\NW_Dungeon_Everfall_00",
		"WorldBounds": "0.0,0.0,1056.0,864.0",
		"TeamTeleportData": "965.0,576.0,317.0,90",
		"UIMapId": "NW_Dungeon_Everfall_00",
		"ProjectedAZothComputeUnits": 1.5,
		"ProjectedMemoryUseMb": 750,
		"PauseTimeOfDay": false,
		"FreezeTime": 0,
		"NavGenerationEnabled": false
	},
	{
		"GameModeMapId": "DungeonRestlessShores01",
		"GameModeId": "DungeonRestlessShores01",
		"SlicePath": "Dungeon/LevelScripts/RestlessShores01Dungeon",
		"CoatlicueName": "coatlicue\\NW_Dungeon_RestlessShores_01",
		"WorldBounds": "500.0,780.0,1152.0,1440.0",
		"TeamTeleportData": "992.0,1007.0,149.0,180",
		"UIMapId": "NW_Dungeon_RestlessShores_01",
		"ProjectedAZothComputeUnits": 0.75,
		"ProjectedMemoryUseMb": 512,
		"PauseTimeOfDay": false,
		"FreezeTime": 0,
		"NavGenerationEnabled": false
	},
	{
		"GameModeMapId": "DungeonEbonscale00",
		"GameModeId": "DungeonEbonscale00",
		"SlicePath": "Dungeon/LevelScripts/Ebonscale00Dungeon",
		"CoatlicueName": "coatlicue\\NewWorld_VitaeEterna",
		"WorldBounds": "4480.0,4096.0,608.0,544.0",
		"TeamTeleportData": "5039.0,4321.0,41,0",
		"UIMapId": "NewWorld_VitaeEterna",
		"ProjectedAZothComputeUnits": 0.75,
		"ProjectedMemoryUseMb": 512,
		"PauseTimeOfDay": true,
		"FreezeTime": 0,
		"NavGenerationEnabled": false
	},
	{
		"GameModeMapId": "DungeonEdengrove00",
		"GameModeId": "DungeonEdengrove00",
		"SlicePath": "Dungeon/LevelScripts/Edengrove00Dungeon",
		"CoatlicueName": "coatlicue\\NW_Dungeon_Edengrove_00",
		"WorldBounds": "384.0,1024.0,640.0,800.0",
		"TeamTeleportData": "675.0,1166.0,186.0,0",
		"UIMapId": "NW_Dungeon_Edengrove_00",
		"ProjectedAZothComputeUnits": 0.75,
		"ProjectedMemoryUseMb": 512,
		"PauseTimeOfDay": false,
		"FreezeTime": 0,
		"NavGenerationEnabled": false
	},
	{
		"GameModeMapId": "DungeonReekwater00",
		"GameModeId": "DungeonReekwater00",
		"SlicePath": "Dungeon/LevelScripts/Reekwater00Dungeon",
		"CoatlicueName": "coatlicue\\NW_Dungeon_Reekwater_00",
		"WorldBounds": "610.0,560.0,512.0,512.0",
		"TeamTeleportData": "798.0,569.0,205.0,0",
		"UIMapId": "NW_Dungeon_Reekwater_00",
		"ProjectedAZothComputeUnits": 0.75,
		"ProjectedMemoryUseMb": 512,
		"PauseTimeOfDay": false,
		"FreezeTime": 0,
		"NavGenerationEnabled": false
	},
	{
		"GameModeMapId": "DungeonCutlassKeys00",
		"GameModeId": "DungeonCutlassKeys00",
		"SlicePath": "Dungeon/LevelScripts/CutlassKeys00Dungeon",
		"CoatlicueName": "coatlicue\\NW_Dungeon_CutlassKeys_00",
		"WorldBounds": "198.0,640.0,800.0,800.0",
		"TeamTeleportData": "407,922,175.0,270",
		"UIMapId": "NW_Dungeon_CutlassKeys_00",
		"ProjectedAZothComputeUnits": 0.75,
		"ProjectedMemoryUseMb": 575,
		"PauseTimeOfDay": true,
		"FreezeTime": 0,
		"NavGenerationEnabled": false
	},
	{
		"GameModeMapId": "DungeonGreatCleave01",
		"GameModeId": "DungeonGreatCleave01",
		"SlicePath": "Dungeon/LevelScripts/GreatCleave01Dungeon",
		"CoatlicueName": "coatlicue\\NW_Dungeon_GreatCleave_01",
		"WorldBounds": "256.0,180.0,1024.0,1024.0",
		"TeamTeleportData": "652.0,228.0,236.0,45",
		"UIMapId": "NW_Dungeon_GreatCleave_01",
		"ProjectedAZothComputeUnits": 0.75,
		"ProjectedMemoryUseMb": 650,
		"PauseTimeOfDay": false,
		"FreezeTime": 0,
		"NavGenerationEnabled": false
	},
	{
		"GameModeMapId": "DungeonShatterMtn00",
		"GameModeId": "DungeonShatterMtn00",
		"SlicePath": "Dungeon/LevelScripts/ShatterMtn00Dungeon",
		"CoatlicueName": "coatlicue\\NW_Dungeon_ShatterMtn_00",
		"WorldBounds": "242.0,368.0,1760.0,1760.0",
		"TeamTeleportData": "1566.0,819.0,190.0,55",
		"UIMapId": "NW_Dungeon_ShatterMtn_00",
		"ProjectedAZothComputeUnits": 1.25,
		"ProjectedMemoryUseMb": 768,
		"PauseTimeOfDay": true,
		"FreezeTime": 17.2,
		"NavGenerationEnabled": false
	},
	{
		"GameModeMapId": "DungeonBrimstoneSands00",
		"GameModeId": "DungeonBrimstoneSands00",
		"SlicePath": "Dungeon/LevelScripts/BrimstoneSands00Dungeon",
		"CoatlicueName": "coatlicue\\NW_Dungeon_BrimstoneSands_00",
		"WorldBounds": "544.0,576.0,960.0,960.0",
		"TeamTeleportData": "898.0,1085.0,863.0,90",
		"UIMapId": "NW_Dungeon_BrimstoneSands_00",
		"ProjectedAZothComputeUnits": 1.25,
		"ProjectedMemoryUseMb": 512,
		"PauseTimeOfDay": true,
		"FreezeTime": 23.59,
		"NavGenerationEnabled": false
	},
	{
		"GameModeMapId": "DungeonFirstLight01",
		"GameModeId": "DungeonFirstLight01",
		"SlicePath": "Dungeon/LevelScripts/FirstLight01Dungeon",
		"CoatlicueName": "coatlicue\\NW_Dungeon_FirstLight_01",
		"WorldBounds": "384.0,384.0,960.0,960.0",
		"TeamTeleportData": "651.0,1181.4,279.0,240",
		"UIMapId": "NW_Dungeon_FirstLight_01",
		"ProjectedAZothComputeUnits": 1,
		"ProjectedMemoryUseMb": 768,
		"PauseTimeOfDay": true,
		"FreezeTime": 17.2,
		"NavGenerationEnabled": false
	},
	{
		"GameModeMapId": "DungeonGreatCleave00",
		"GameModeId": "DungeonGreatCleave00",
		"SlicePath": "Dungeon/LevelScripts/GlacialTarnDungeon",
		"CoatlicueName": "coatlicue\\NW_Dungeon_GreatCleave_00",
		"WorldBounds": "679.0,320.0,640.0,640.0",
		"TeamTeleportData": "1223,586,302,80",
		"UIMapId": "NW_Dungeon_GreatCleave_00",
		"ProjectedAZothComputeUnits": 0.75,
		"ProjectedMemoryUseMb": 512,
		"PauseTimeOfDay": false,
		"FreezeTime": 0,
		"NavGenerationEnabled": false
	},
	{
		"GameModeMapId": "DungeonDunwood02",
		"GameModeId": "DungeonDunwood02",
		"SlicePath": "Dungeon/LevelScripts/Dunwood02Dungeon",
		"CoatlicueName": "coatlicue\\NW_Dungeon_Dunwood_02",
		"WorldBounds": "462.4,364.5,480.0,352.0",
		"TeamTeleportData": "494.0,507.0,82.0,295",
		"UIMapId": "NW_Dungeon_Dunwood_02",
		"ProjectedAZothComputeUnits": 0.75,
		"ProjectedMemoryUseMb": 512,
		"PauseTimeOfDay": false,
		"FreezeTime": 0,
		"NavGenerationEnabled": false
	},
	{
		"GameModeMapId": "TrialBrimstoneSandworm",
		"GameModeId": "TrialBrimstoneSandworm",
		"SlicePath": "GameModes/Trials/BrimstoneSandwormTrial00",
		"CoatlicueName": "coatlicue\\NewWorld_VitaeEterna",
		"WorldBounds": "4902.0,7698.0,128.0,128.0",
		"TeamTeleportData": "4935.0,7788.0,224.0,235",
		"ProjectedAZothComputeUnits": 3.2,
		"ProjectedMemoryUseMb": 256,
		"PauseTimeOfDay": false,
		"FreezeTime": 0,
		"NavGenerationEnabled": false
	},
	{
		"GameModeMapId": "RaidCutlassKeys00",
		"GameModeId": "RaidCutlassKeys00",
		"SlicePath": "Dungeon/LevelScripts/RaidCutlassKeys00",
		"CoatlicueName": "coatlicue\\NW_Raid_CutlassKeys_00",
		"WorldBounds": "545.0,574.0,800.0,768.0",
		"TeamTeleportData": "569.0,1237.0,120.0,260",
		"UIMapId": "NW_Raid_CutlassKeys_00",
		"ProjectedAZothComputeUnits": 3.2,
		"ProjectedMemoryUseMb": 2500,
		"PauseTimeOfDay": true,
		"FreezeTime": 14.25,
		"NavGenerationEnabled": false
	},
	{
		"GameModeMapId": "TrialSeason01",
		"GameModeId": "TrialSeason01",
		"SlicePath": "Dungeon/LevelScripts/Season_Trial_01",
		"CoatlicueName": "coatlicue\\NW_Trial_Season_02",
		"WorldBounds": "921.0,916.0,256.0,256.0",
		"TeamTeleportData": "1056.0,959.0,105.5,0",
		"UIMapId": "NW_Trial_Season_02",
		"ProjectedAZothComputeUnits": 1.875,
		"ProjectedMemoryUseMb": 1280,
		"PauseTimeOfDay": false,
		"FreezeTime": 0,
		"NavGenerationEnabled": false
	},
	{
		"GameModeMapId": "TrialSeason04",
		"GameModeId": "TrialSeason04",
		"SlicePath": "Dungeon/LevelScripts/Trial_Season_04",
		"CoatlicueName": "coatlicue\\NW_Trial_Season_04",
		"WorldBounds": "145.0,6.0,512.0,512.0",
		"TeamTeleportData": "213.0,258.0,247.0,270",
		"UIMapId": "NW_Trial_Season_04",
		"ProjectedAZothComputeUnits": 1.875,
		"ProjectedMemoryUseMb": 1280,
		"PauseTimeOfDay": true,
		"FreezeTime": 4.2,
		"NavGenerationEnabled": false
	},
	{
		"GameModeMapId": "QuestAdiana",
		"GameModeId": "QuestAdiana",
		"SlicePath": "Dungeon/AdianaFirstLight/AdianaScript",
		"CoatlicueName": "coatlicue\\NW_ORI_FL_QuestAdiana",
		"WorldBounds": "600.0,700.0,256.0,256.0",
		"TeamTeleportData": "730.0,788,417.0,0",
		"UIMapId": "NW_ORI_FL_QuestAdiana",
		"ProjectedAZothComputeUnits": 0.2,
		"ProjectedMemoryUseMb": 100,
		"PauseTimeOfDay": false,
		"FreezeTime": 0,
		"NavGenerationEnabled": false
	},
	{
		"GameModeMapId": "QuestApophis",
		"GameModeId": "QuestApophis",
		"SlicePath": "Dungeon/ApophisBrimstone/ApophisScript",
		"CoatlicueName": "coatlicue\\NewWorld_VitaeEterna",
		"WorldBounds": "4676.0,9004.0,96.0,96.0",
		"TeamTeleportData": "4710.0,9075.2,414.4,207",
		"ProjectedAZothComputeUnits": 0.2,
		"ProjectedMemoryUseMb": 200,
		"PauseTimeOfDay": false,
		"FreezeTime": 0,
		"NavGenerationEnabled": false
	},
	{
		"GameModeMapId": "QuestCaerDun",
		"GameModeId": "QuestCaerDun",
		"SlicePath": "Dungeon/CaerDunBrightwood/CaerDunScript",
		"CoatlicueName": "coatlicue\\NewWorld_VitaeEterna",
		"WorldBounds": "9074.68,6534.42,64.0,64.0",
		"TeamTeleportData": "9109,6554,316,90",
		"ProjectedAZothComputeUnits": 0.125,
		"ProjectedMemoryUseMb": 75,
		"PauseTimeOfDay": false,
		"FreezeTime": 0,
		"NavGenerationEnabled": false
	},
	{
		"GameModeMapId": "QuestEmpressZhou",
		"GameModeId": "QuestEmpressZhou",
		"SlicePath": "Dungeon/EmpressZhou/Script_QuestEmpressZhou",
		"CoatlicueName": "coatlicue\\NewWorld_VitaeEterna",
		"WorldBounds": "5188.0,4344.0,160.0,64.0",
		"TeamTeleportData": "5329.0,4375.43,44.28,90",
		"UIMapId": "NewWorld_VitaeEterna",
		"ProjectedAZothComputeUnits": 0.225,
		"ProjectedMemoryUseMb": 200,
		"PauseTimeOfDay": true,
		"FreezeTime": 18,
		"NavGenerationEnabled": false
	},
	{
		"GameModeMapId": "QuestIsabella",
		"GameModeId": "QuestIsabella",
		"SlicePath": "Dungeon/Isabella/QuestIsabellaScript",
		"CoatlicueName": "coatlicue\\NW_ORI_SM_QuestIsabella",
		"WorldBounds": "1130.0,1034.0,128.0,96.0",
		"TeamTeleportData": "1240,1078,140,90",
		"UIMapId": "NW_ORI_SM_QuestIsabella",
		"ProjectedAZothComputeUnits": 0.35,
		"ProjectedMemoryUseMb": 150,
		"PauseTimeOfDay": false,
		"FreezeTime": 0,
		"NavGenerationEnabled": false
	},
	{
		"GameModeMapId": "QuestMammoth",
		"GameModeId": "QuestMammoth",
		"SlicePath": "Dungeon/MammothFirstLight/MammothScript",
		"CoatlicueName": "coatlicue\\NewWorld_VitaeEterna",
		"WorldBounds": "9461.7,1919.0,128.0,128.0",
		"TeamTeleportData": "9471.6,1960.6,65.4,301.4",
		"ProjectedAZothComputeUnits": 0.15,
		"ProjectedMemoryUseMb": 130,
		"PauseTimeOfDay": false,
		"FreezeTime": 0,
		"NavGenerationEnabled": false
	},
	{
		"GameModeMapId": "QuestMedusa",
		"GameModeId": "QuestMedusa",
		"SlicePath": "Dungeon/MedusaFirstLight/MedusaScript",
		"CoatlicueName": "coatlicue\\NewWorld_VitaeEterna",
		"WorldBounds": "8601.0,1193.0,64.0,256.0",
		"TeamTeleportData": "8654.499023,1399.289917,203.916153,51.72",
		"ProjectedAZothComputeUnits": 0.2,
		"ProjectedMemoryUseMb": 225,
		"PauseTimeOfDay": false,
		"FreezeTime": 0,
		"NavGenerationEnabled": false
	},
	{
		"GameModeMapId": "QuestMotherwell",
		"GameModeId": "QuestMotherwell",
		"SlicePath": "Dungeon/MotherwellEdengrove/MotherwellScript",
		"CoatlicueName": "coatlicue\\NW_ORI_EG_QuestMotherwell",
		"WorldBounds": "928.0,672.0,320.0,320.0",
		"TeamTeleportData": "1149.9,925.3,114.1,122.7",
		"UIMapId": "NW_ORI_EG_QuestMotherwell",
		"ProjectedAZothComputeUnits": 0.1,
		"ProjectedMemoryUseMb": 75,
		"PauseTimeOfDay": false,
		"FreezeTime": 0,
		"NavGenerationEnabled": false
	},
	{
		"GameModeMapId": "QuestMedea",
		"GameModeId": "QuestMedea",
		"SlicePath": "Dungeon/MedeaWindsward/MedeaScript",
		"CoatlicueName": "coatlicue\\NewWorld_VitaeEterna",
		"WorldBounds": "8436,2615,256,256",
		"TeamTeleportData": "8504,2663,56.6259,90",
		"UIMapId": "NW_ORI_EG_QuestMedea",
		"ProjectedAZothComputeUnits": 0.375,
		"ProjectedMemoryUseMb": 256,
		"PauseTimeOfDay": false,
		"FreezeTime": 0,
		"NavGenerationEnabled": false
	},
	{
		"GameModeMapId": "QuestNihilo",
		"GameModeId": "QuestNihilo",
		"SlicePath": "Dungeon/NihiloGreatCleave/LeviathanScript",
		"CoatlicueName": "coatlicue\\NW_ORI_GC_QuestNihilo",
		"WorldBounds": "777.0,534.0,640.0,640.0",
		"TeamTeleportData": "1033.0,707.0,169.5,90.0",
		"UIMapId": "NW_ORI_GC_QuestNihilo",
		"ProjectedAZothComputeUnits": 0.175,
		"ProjectedMemoryUseMb": 125,
		"PauseTimeOfDay": false,
		"FreezeTime": 0,
		"NavGenerationEnabled": false
	},
	{
		"GameModeMapId": "QuestYonas",
		"GameModeId": "QuestYonas",
		"SlicePath": "Dungeon/YonasCave/YonasScript",
		"CoatlicueName": "coatlicue\\NewWorld_VitaeEterna",
		"WorldBounds": "8766.0,6596.0,96.0,96.0",
		"TeamTeleportData": "8784.0,6608.0,314.1,0.0",
		"ProjectedAZothComputeUnits": 0.1,
		"ProjectedMemoryUseMb": 50,
		"PauseTimeOfDay": false,
		"FreezeTime": 0,
		"NavGenerationEnabled": false
	},
	{
		"GameModeMapId": "TrialSeason02Q13",
		"GameModeId": "TrialSeason02Q13",
		"SlicePath": "Dungeon/LevelScripts/TrialSeason02Q13",
		"CoatlicueName": "coatlicue\\NW_Trial_Season_02_Q13",
		"WorldBounds": "940.0,940.0,64.0,160.0",
		"TeamTeleportData": "973.0,1085.0,142.0,180",
		"UIMapId": "NW_Trial_Season_02_Q13",
		"ProjectedAZothComputeUnits": 0.375,
		"ProjectedMemoryUseMb": 150,
		"PauseTimeOfDay": false,
		"FreezeTime": 0,
		"NavGenerationEnabled": false
	},
	{
		"GameModeMapId": "TrialSeason02Q12",
		"GameModeId": "TrialSeason02Q12",
		"SlicePath": "Dungeon/LevelScripts/TrialSeason02Q12",
		"CoatlicueName": "coatlicue\\NW_Trial_Season_02",
		"WorldBounds": "921.0,916.0,256.0,256.0",
		"TeamTeleportData": "1056.269,987.204,98.031,0",
		"UIMapId": "NW_Trial_Season_02",
		"ProjectedAZothComputeUnits": 0.125,
		"ProjectedMemoryUseMb": 125,
		"PauseTimeOfDay": true,
		"FreezeTime": 6,
		"NavGenerationEnabled": false
	},
	{
		"GameModeMapId": "TrialSeason04Q02",
		"GameModeId": "TrialSeason04Q02",
		"SlicePath": "Dungeon/LevelScripts/TrialSeason04Q02",
		"CoatlicueName": "coatlicue\\NW_Trial_Season_04_DaichiDojo",
		"WorldBounds": "277.0,375.0,64.0,64.0",
		"TeamTeleportData": "308.0,416.0,75.0,180",
		"UIMapId": "NW_Trial_Season_04_DaichiDojo",
		"ProjectedAZothComputeUnits": 0.375,
		"ProjectedMemoryUseMb": 150,
		"PauseTimeOfDay": true,
		"FreezeTime": 13.8,
		"NavGenerationEnabled": false
	},
	{
		"GameModeMapId": "TrialSeason04Q06",
		"GameModeId": "TrialSeason04Q06",
		"SlicePath": "Dungeon/LevelScripts/TrialSeason04Q06",
		"CoatlicueName": "coatlicue\\NW_Trial_Season_04_DeviceRoom",
		"WorldBounds": "121.0,128.0,256.0,256.0",
		"TeamTeleportData": "172.82,254.97,260.34,270",
		"UIMapId": "NW_Trial_Season_04_DeviceRoom",
		"ProjectedAZothComputeUnits": 0.1,
		"ProjectedMemoryUseMb": 50,
		"PauseTimeOfDay": false,
		"FreezeTime": 0,
		"NavGenerationEnabled": false
	},
	{
		"GameModeMapId": "TrialSeason04Q05",
		"GameModeId": "TrialSeason04Q05",
		"SlicePath": "Dungeon/LevelScripts/TrialSeason04Q05",
		"CoatlicueName": "coatlicue\\NW_Trial_Season_04",
		"WorldBounds": "145.0,6.0,512.0,512.0",
		"TeamTeleportData": "213.0,258.0,248.5,270",
		"UIMapId": "NW_Trial_Season_04",
		"ProjectedAZothComputeUnits": 0.2,
		"ProjectedMemoryUseMb": 100,
		"PauseTimeOfDay": false,
		"FreezeTime": 1,
		"NavGenerationEnabled": false
	},
	{
		"GameModeMapId": "QuestHeartforge",
		"GameModeId": "QuestHeartforge",
		"SlicePath": "Dungeon/Heartforge/HeartforgeScript",
		"CoatlicueName": "coatlicue\\NewWorld_VitaeEterna",
		"WorldBounds": "9511.0,3128.0,96.0,96.0",
		"TeamTeleportData": "9534.0,3189.0,135.0,200.0",
		"ProjectedAZothComputeUnits": 0.375,
		"ProjectedMemoryUseMb": 256,
		"PauseTimeOfDay": false,
		"FreezeTime": 0,
		"NavGenerationEnabled": false
	},
	{
		"GameModeMapId": "QuestLiang",
		"GameModeId": "QuestLiang",
		"SlicePath": "Dungeon/AbominableLiangEbonscale/AbominableLiangScript",
		"CoatlicueName": "coatlicue\\NW_ORI_ER_QuestLiang",
		"WorldBounds": "1006.0,929.0,64.0,32.0",
		"TeamTeleportData": "1034.3,943.5,130.0,270.0",
		"UIMapId": "NW_ORI_ER_QuestLiang",
		"ProjectedAZothComputeUnits": 0.375,
		"ProjectedMemoryUseMb": 256,
		"PauseTimeOfDay": false,
		"FreezeTime": 0,
		"NavGenerationEnabled": false
	},
	{
		"GameModeMapId": "QuestGawain",
		"GameModeId": "QuestGawain",
		"SlicePath": "Dungeon/Gawain/GawainScript",
		"CoatlicueName": "coatlicue\\NewWorld_VitaeEterna",
		"WorldBounds": "6786.0,2882.0,96.0,96.0",
		"TeamTeleportData": "6831,2907,78,315",
		"ProjectedAZothComputeUnits": 0.225,
		"ProjectedMemoryUseMb": 150,
		"PauseTimeOfDay": false,
		"FreezeTime": 0,
		"NavGenerationEnabled": false
	}
]