[
	{
		"AfkModeId": "Default",
		"ResetMinMove": 0.01,
		"ScaleAfkTimerAmount": 1,
		"UpdatePlayerPopulationCheckDelaySeconds": 10,
		"WarnSeconds": 900,
		"DisconnectSeconds": 1200
	},
	{
		"AfkModeId": "Disabled",
		"ResetMinMove": 0,
		"ScaleAfkTimerAmount": 1,
		"UpdatePlayerPopulationCheckDelaySeconds": 10,
		"WarnSeconds": 0,
		"DisconnectSeconds": 0
	},
	{
		"AfkModeId": "3v3Arena",
		"ResetMinMove": 1,
		"ScaleAfkTimerAmount": 1,
		"UpdatePlayerPopulationCheckDelaySeconds": 10,
		"WarnSeconds": 180,
		"DisconnectSeconds": 300
	},
	{
		"AfkModeId": "3v3ArenaRound",
		"ResetMinMove": 1,
		"ScaleAfkTimerAmount": 1,
		"UpdatePlayerPopulationCheckDelaySeconds": 10,
		"WarnSeconds": 15,
		"DisconnectSeconds": 30
	},
	{
		"AfkModeId": "OutpostRush",
		"ResetMinMove": 1,
		"ScaleAfkTimerAmount": 1,
		"UpdatePlayerPopulationCheckDelaySeconds": 10,
		"WarnSeconds": 180,
		"DisconnectSeconds": 300
	},
	{
		"AfkModeId": "Raid",
		"ResetMinMove": 1,
		"ScaleAfkTimerAmount": 1,
		"UpdatePlayerPopulationCheckDelaySeconds": 10,
		"WarnSeconds": 180,
		"DisconnectSeconds": 300
	},
	{
		"AfkModeId": "War",
		"ResetMinMove": 1,
		"ScaleAfkTimerAmount": 1,
		"UpdatePlayerPopulationCheckDelaySeconds": 10,
		"WarnSeconds": 180,
		"DisconnectSeconds": 300
	},
	{
		"AfkModeId": "Expedition",
		"ResetMinMove": 1,
		"ScaleAfkTimerAmount": 1,
		"UpdatePlayerPopulationCheckDelaySeconds": 10,
		"WarnSeconds": 180,
		"DisconnectSeconds": 300
	}
]