[
	{
		"DataPointId": "BrimstoneSands_FastestClear_M_1",
		"Type": "DungeonFastestClear",
		"Cycle": "Monthly",
		"DungeonId": "BrimstoneSands",
		"MutatorLevel": 1
	},
	{
		"DataPointId": "BrimstoneSands_FastestClear_M_2",
		"Type": "DungeonFastestClear",
		"Cycle": "Monthly",
		"DungeonId": "BrimstoneSands",
		"MutatorLevel": 2
	},
	{
		"DataPointId": "BrimstoneSands_FastestClear_Y_1",
		"Type": "DungeonFastestClear",
		"Cycle": "Yearly",
		"DungeonId": "BrimstoneSands",
		"MutatorLevel": 1
	},
	{
		"DataPointId": "BrimstoneSands_FastestClear_Y_2",
		"Type": "DungeonFastestClear",
		"Cycle": "Yearly",
		"DungeonId": "BrimstoneSands",
		"MutatorLevel": 2
	},
	{
		"DataPointId": "FishScoreBest_W",
		"Type": "FishScoreBest",
		"Cycle": "Weekly",
		"MutatorLevel": 0
	},
	{
		"DataPointId": "FishScoreBest_M",
		"Type": "FishScoreBest",
		"Cycle": "Monthly",
		"MutatorLevel": 0
	},
	{
		"DataPointId": "FishScoreBest_Y",
		"Type": "FishScoreBest",
		"Cycle": "Yearly",
		"MutatorLevel": 0
	},
	{
		"DataPointId": "BestFisherman_W",
		"Type": "FishScoreSum",
		"Cycle": "Weekly",
		"MutatorLevel": 0
	},
	{
		"DataPointId": "BestFisherman_M",
		"Type": "FishScoreSum",
		"Cycle": "Monthly",
		"MutatorLevel": 0
	},
	{
		"DataPointId": "BestFisherman_Y",
		"Type": "FishScoreSum",
		"Cycle": "Yearly",
		"MutatorLevel": 0
	},
	{
		"DataPointId": "ProlificFisherman_W",
		"Type": "FishTotal",
		"Cycle": "Weekly",
		"MutatorLevel": 0
	},
	{
		"DataPointId": "ProlificFisherman_M",
		"Type": "FishTotal",
		"Cycle": "Monthly",
		"MutatorLevel": 0
	},
	{
		"DataPointId": "ProlificFisherman_Y",
		"Type": "FishTotal",
		"Cycle": "Yearly",
		"MutatorLevel": 0
	},
	{
		"DataPointId": "FactionPointsPvE_W",
		"Type": "FactionPoints",
		"Cycle": "Weekly",
		"MutatorLevel": 0,
		"IsPvP": "NO"
	},
	{
		"DataPointId": "FactionPointsPvE_M",
		"Type": "FactionPoints",
		"Cycle": "Monthly",
		"MutatorLevel": 0,
		"IsPvP": "NO"
	},
	{
		"DataPointId": "FactionPointsPvE_Y",
		"Type": "FactionPoints",
		"Cycle": "Yearly",
		"MutatorLevel": 0,
		"IsPvP": "NO"
	},
	{
		"DataPointId": "FactionPointsPvP_W",
		"Type": "FactionPoints",
		"Cycle": "Weekly",
		"MutatorLevel": 0,
		"IsPvP": "YES"
	},
	{
		"DataPointId": "FactionPointsPvP_M",
		"Type": "FactionPoints",
		"Cycle": "Monthly",
		"MutatorLevel": 0,
		"IsPvP": "YES"
	},
	{
		"DataPointId": "FactionPointsPvP_Y",
		"Type": "FactionPoints",
		"Cycle": "Yearly",
		"MutatorLevel": 0,
		"IsPvP": "YES"
	},
	{
		"DataPointId": "FactionPoints_W",
		"Type": "FactionPoints",
		"Cycle": "Weekly",
		"MutatorLevel": 0,
		"IsPvP": "ANY"
	},
	{
		"DataPointId": "FactionPoints_M",
		"Type": "FactionPoints",
		"Cycle": "Monthly",
		"MutatorLevel": 0,
		"IsPvP": "ANY"
	},
	{
		"DataPointId": "FactionPoints_Y",
		"Type": "FactionPoints",
		"Cycle": "Yearly",
		"MutatorLevel": 0,
		"IsPvP": "ANY"
	},
	{
		"DataPointId": "BreachesClosed_W1",
		"Type": "BreachesClosed",
		"Cycle": "Weekly",
		"MutatorLevel": 0,
		"IsMajor": "NO"
	},
	{
		"DataPointId": "BreachesClosed_M1",
		"Type": "BreachesClosed",
		"Cycle": "Monthly",
		"MutatorLevel": 0,
		"IsMajor": "NO"
	},
	{
		"DataPointId": "BreachesClosed_Y1",
		"Type": "BreachesClosed",
		"Cycle": "Yearly",
		"MutatorLevel": 0,
		"IsMajor": "NO"
	},
	{
		"DataPointId": "BreachesClosed_W2",
		"Type": "BreachesClosed",
		"Cycle": "Weekly",
		"MutatorLevel": 0,
		"IsMajor": "YES"
	},
	{
		"DataPointId": "BreachesClosed_M2",
		"Type": "BreachesClosed",
		"Cycle": "Monthly",
		"MutatorLevel": 0,
		"IsMajor": "YES"
	},
	{
		"DataPointId": "BreachesClosed_Y2",
		"Type": "BreachesClosed",
		"Cycle": "Yearly",
		"MutatorLevel": 0,
		"IsMajor": "YES"
	},
	{
		"DataPointId": "War_TotalKills_W",
		"Type": "TotalKills",
		"Cycle": "Weekly",
		"MutatorLevel": 0,
		"IsPvP": "ANY",
		"IsWar": "YES"
	},
	{
		"DataPointId": "War_TotalKills_M",
		"Type": "TotalKills",
		"Cycle": "Monthly",
		"MutatorLevel": 0,
		"IsPvP": "ANY",
		"IsWar": "YES"
	},
	{
		"DataPointId": "War_TotalKills_Y",
		"Type": "TotalKills",
		"Cycle": "Yearly",
		"MutatorLevel": 0,
		"IsPvP": "ANY",
		"IsWar": "YES"
	},
	{
		"DataPointId": "Invasion_TotalKills_W",
		"Type": "TotalKills",
		"Cycle": "Weekly",
		"MutatorLevel": 0,
		"GameEventType": "Invasion",
		"IsPvP": "ANY",
		"IsWar": "YES"
	},
	{
		"DataPointId": "Invasion_TotalKills_M",
		"Type": "TotalKills",
		"Cycle": "Monthly",
		"MutatorLevel": 0,
		"GameEventType": "Invasion",
		"IsPvP": "ANY",
		"IsWar": "YES"
	},
	{
		"DataPointId": "Invasion_TotalKills_Y",
		"Type": "TotalKills",
		"Cycle": "Yearly",
		"MutatorLevel": 0,
		"GameEventType": "Invasion",
		"IsPvP": "ANY",
		"IsWar": "YES"
	},
	{
		"DataPointId": "SiegeWarWins_W",
		"Type": "SiegeWarWins",
		"Cycle": "Weekly",
		"MutatorLevel": 0,
		"IsWin": "YES"
	},
	{
		"DataPointId": "SiegeWarWins_M",
		"Type": "SiegeWarWins",
		"Cycle": "Monthly",
		"MutatorLevel": 0,
		"IsWin": "YES"
	},
	{
		"DataPointId": "SiegeWarWins_Y",
		"Type": "SiegeWarWins",
		"Cycle": "Yearly",
		"MutatorLevel": 0,
		"IsWin": "YES"
	},
	{
		"DataPointId": "SiegeWarLoses_W",
		"Type": "SiegeWarWins",
		"Cycle": "Weekly",
		"MutatorLevel": 0,
		"IsWin": "NO"
	},
	{
		"DataPointId": "SiegeWarLoses_M",
		"Type": "SiegeWarWins",
		"Cycle": "Monthly",
		"MutatorLevel": 0,
		"IsWin": "NO"
	},
	{
		"DataPointId": "SiegeWarLoses_Y",
		"Type": "SiegeWarWins",
		"Cycle": "Yearly",
		"MutatorLevel": 0,
		"IsWin": "NO"
	}
]