[
	{
		"Rank": 0,
		"DisplayName": "@owg_rank_explorer_1",
		"MaximumInfluence": 3000,
		"RequiredLevel": 10,
		"InfluenceCost": 0,
		"CurrencyCost": 0,
		"AzothCost": 0,
		"SanityCheck": false,
		"EntitlementId": 0
	},
	{
		"Rank": 1,
		"DisplayName": "@owg_rank_explorer_2",
		"MaximumInfluence": 11000,
		"RequiredLevel": 20,
		"InfluenceCost": 0,
		"CurrencyCost": 0,
		"AzothCost": 0,
		"SanityCheck": true,
		"EntitlementId": 0
	},
	{
		"Rank": 2,
		"DisplayName": "@owg_rank_explorer_3",
		"MaximumInfluence": 26000,
		"RequiredLevel": 35,
		"InfluenceCost": 0,
		"CurrencyCost": 0,
		"AzothCost": 0,
		"SanityCheck": true,
		"EntitlementId": 0
	},
	{
		"Rank": 3,
		"DisplayName": "@owg_rank_explorer_4",
		"MaximumInfluence": 49000,
		"RequiredLevel": 50,
		"InfluenceCost": 0,
		"CurrencyCost": 0,
		"AzothCost": 0,
		"SanityCheck": true,
		"EntitlementId": 0
	},
	{
		"Rank": 4,
		"DisplayName": "@owg_rank_explorer_5",
		"MaximumInfluence": 85000,
		"RequiredLevel": 60,
		"InfluenceCost": 0,
		"CurrencyCost": 0,
		"AzothCost": 0,
		"SanityCheck": true,
		"EntitlementId": 0
	},
	{
		"Rank": 5,
		"DisplayName": "@owg_rank_explorer_6",
		"MaximumInfluence": 85000,
		"RequiredLevel": 61,
		"InfluenceCost": 0,
		"CurrencyCost": 0,
		"AzothCost": 0,
		"SanityCheck": true,
		"EntitlementId": 0
	}
]