[
	{
		"IncentiveID": "Vanilla_RandomExpedition",
		"ActivityTypes": "Dungeon",
		"IncentiveType": "RandomQueue",
		"RewardBelowMaxLvl_GameEvent": "PUGFinder_Expedition_DailyRandomCache_BelowMaxLvl",
		"RewardAtMaxLvl_GameEvent": "PUGFinder_Expedition_DailyRandomCache_AtMaxLvl",
		"DailyLimit": 3
	},
	{
		"IncentiveID": "Expedition_TankIncentive",
		"ActivityTypes": "Dungeon",
		"IncentiveType": "Role",
		"Role": "Tank",
		"RewardBelowMaxLvl_GameEvent": "PUGFinder_Expedition_RoleInDemand_Cache_AtMaxLvl",
		"RewardAtMaxLvl_GameEvent": "PUGFinder_Expedition_RoleInDemand_Cache_AtMaxLvl",
		"DailyLimit": 0
	},
	{
		"IncentiveID": "Expedition_HealerIncentive",
		"ActivityTypes": "Dungeon",
		"IncentiveType": "Role",
		"Role": "Healer",
		"RewardBelowMaxLvl_GameEvent": "PUGFinder_Expedition_RoleInDemand_Cache_AtMaxLvl",
		"RewardAtMaxLvl_GameEvent": "PUGFinder_Expedition_RoleInDemand_Cache_AtMaxLvl",
		"DailyLimit": 0
	},
	{
		"IncentiveID": "Expedition_CarryReward",
		"ActivityTypes": "Dungeon",
		"IncentiveType": "Carry",
		"RewardBelowMaxLvl_GameEvent": "PUGFinder_Expedition_Carry_Cache",
		"RewardAtMaxLvl_GameEvent": "PUGFinder_Expedition_Carry_Cache",
		"DailyLimit": 0
	},
	{
		"IncentiveID": "Mutated_RandomExpedition",
		"ActivityTypes": "Mutation",
		"IncentiveType": "RandomQueue",
		"RewardBelowMaxLvl_GameEvent": "PUGFinder_MutatedExpedition_DailyRandomCache",
		"RewardAtMaxLvl_GameEvent": "PUGFinder_MutatedExpedition_DailyRandomCache",
		"DailyLimit": 3
	},
	{
		"IncentiveID": "Mutated_TankIncentive",
		"ActivityTypes": "Mutation",
		"IncentiveType": "Role",
		"Role": "Tank",
		"RewardBelowMaxLvl_GameEvent": "PUGFinder_MutatedExpedition_RoleInDemand_Cache",
		"RewardAtMaxLvl_GameEvent": "PUGFinder_MutatedExpedition_RoleInDemand_Cache",
		"DailyLimit": 0
	},
	{
		"IncentiveID": "Mutated_HealerIncentive",
		"ActivityTypes": "Mutation",
		"IncentiveType": "Role",
		"Role": "Healer",
		"RewardBelowMaxLvl_GameEvent": "PUGFinder_MutatedExpedition_RoleInDemand_Cache",
		"RewardAtMaxLvl_GameEvent": "PUGFinder_MutatedExpedition_RoleInDemand_Cache",
		"DailyLimit": 0
	},
	{
		"IncentiveID": "Mutated_CarryReward",
		"ActivityTypes": "Mutation",
		"IncentiveType": "Carry",
		"RewardBelowMaxLvl_GameEvent": "PUGFinder_MutatedExpedition_Carry_Cache",
		"RewardAtMaxLvl_GameEvent": "PUGFinder_MutatedExpedition_Carry_Cache",
		"DailyLimit": 0
	}
]