[
	{
		"MetaAchievementCategoryId": "Special_Achievements",
		"Index": 1,
		"Title": "@ui_player_titles_section_label_special"
	},
	{
		"MetaAchievementCategoryId": "Enemies_By_Type",
		"Index": 2,
		"Title": "@ui_meta_achievements_enemies_by_type"
	},
	{
		"MetaAchievementCategoryId": "Enemies_By_Name",
		"Index": 3,
		"Title": "@ui_meta_achievements_enemies_by_name"
	},
	{
		"MetaAchievementCategoryId": "Invasions_And_Breaches",
		"Index": 4,
		"Title": "@ui_meta_achievements_invasions_and_breaches"
	},
	{
		"MetaAchievementCategoryId": "PvE_Kill_Counts",
		"Index": 5,
		"Title": "@ui_meta_achievements_kill_counts"
	},
	{
		"MetaAchievementCategoryId": "Gathering",
		"Index": 6,
		"Title": "@ui_meta_achievements_gathering"
	},
	{
		"MetaAchievementCategoryId": "Dungeon_Bosses",
		"Index": 7,
		"Title": "@ui_meta_achievements_dungeon_bosses"
	},
	{
		"MetaAchievementCategoryId": "Arenas",
		"Index": 8,
		"Title": "@ui_meta_achievements_arenas"
	},
	{
		"MetaAchievementCategoryId": "Dungeon_Runs",
		"Index": 9,
		"Title": "@ui_meta_achievements_dungeon_runs"
	},
	{
		"MetaAchievementCategoryId": "Factions",
		"Index": 10,
		"Title": "@ui_meta_achievements_factions"
	},
	{
		"MetaAchievementCategoryId": "Duels",
		"Index": 11,
		"Title": "@ui_meta_achievements_duels"
	},
	{
		"MetaAchievementCategoryId": "Control_Points",
		"Index": 12,
		"Title": "@ui_meta_achievements_control_points"
	},
	{
		"MetaAchievementCategoryId": "Wars",
		"Index": 13,
		"Title": "@ui_meta_achievements_wars"
	},
	{
		"MetaAchievementCategoryId": "Outpost_Rush",
		"Index": 14,
		"Title": "@ui_meta_achievements_outpost_rush"
	},
	{
		"MetaAchievementCategoryId": "PvP_Kill_Counts",
		"Index": 15,
		"Title": "@ui_meta_achievements_kill_counts"
	},
	{
		"MetaAchievementCategoryId": "PVP_Territory_Ownership",
		"Index": 16,
		"Title": "@ui_player_titles_territory_ownership_label"
	},
	{
		"MetaAchievementCategoryId": "Territory_Stories",
		"Index": 17,
		"Title": "@ui_meta_achievements_territory_stories"
	},
	{
		"MetaAchievementCategoryId": "Total_Completed",
		"Index": 18,
		"Title": "@ui_meta_achievements_total_completed"
	},
	{
		"MetaAchievementCategoryId": "PvE_Skill_Based",
		"Index": 19,
		"Title": "@ui_meta_achievements_pve_skill_based"
	},
	{
		"MetaAchievementCategoryId": "PvE_Support",
		"Index": 20,
		"Title": "@ui_meta_achievements_pve_support"
	},
	{
		"MetaAchievementCategoryId": "PvE_By_Territory",
		"Index": 21,
		"Title": "@ui_meta_achievements_pve_by_territory"
	},
	{
		"MetaAchievementCategoryId": "PvP_Stir_The_Pot",
		"Index": 22,
		"Title": "@ui_meta_achievements_pvp_stir_the_pot"
	},
	{
		"MetaAchievementCategoryId": "PvP_By_Territory",
		"Index": 23,
		"Title": "@ui_meta_achievements_pvp_by_territory"
	},
	{
		"MetaAchievementCategoryId": "Missions",
		"Index": 24,
		"Title": "@ui_meta_achievements_missions"
	},
	{
		"MetaAchievementCategoryId": "Missions_Total",
		"Index": 25,
		"Title": "@ui_meta_achievements_mission_total_count"
	},
	{
		"MetaAchievementCategoryId": "Overall",
		"Index": 26,
		"Title": "@ui_meta_achievements_overall"
	},
	{
		"MetaAchievementCategoryId": "Skill_Levels",
		"Index": 27,
		"Title": "@ui_meta_achievements_skill_levels"
	},
	{
		"MetaAchievementCategoryId": "Gear_Bonuses",
		"Index": 28,
		"Title": "@ui_meta_achievements_gear_bonuses"
	},
	{
		"MetaAchievementCategoryId": "Housing",
		"Index": 29,
		"Title": "@ui_meta_achievements_housing"
	},
	{
		"MetaAchievementCategoryId": "Territory_Standing",
		"Index": 30,
		"Title": "@ui_meta_achievements_territory_standing"
	},
	{
		"MetaAchievementCategoryId": "Faction_Ranking",
		"Index": 31,
		"Title": "@ui_meta_achievements_faction_ranking"
	},
	{
		"MetaAchievementCategoryId": "Weapon_Mastery",
		"Index": 32,
		"Title": "@ui_meta_achievements_weapon_mastery"
	},
	{
		"MetaAchievementCategoryId": "Crafting_Count",
		"Index": 33,
		"Title": "@ui_meta_achievements_crafting_count"
	},
	{
		"MetaAchievementCategoryId": "Refining_Count",
		"Index": 34,
		"Title": "@ui_meta_achievements_refining_count"
	},
	{
		"MetaAchievementCategoryId": "Gather_Count",
		"Index": 35,
		"Title": "@ui_meta_achievements_gather_count"
	},
	{
		"MetaAchievementCategoryId": "Named_Item_Crafting",
		"Index": 36,
		"Title": "@ui_meta_achievements_named_item_crafting"
	},
	{
		"MetaAchievementCategoryId": "Repairs",
		"Index": 37,
		"Title": "@ui_meta_achievements_repairs"
	},
	{
		"MetaAchievementCategoryId": "Instanced_Teamplay",
		"Index": 38,
		"Title": "@ui_meta_achievements_instanced_teamplay"
	},
	{
		"MetaAchievementCategoryId": "Lore_Pages",
		"Index": 39,
		"Title": "@ui_meta_achievements_lore_pages"
	},
	{
		"MetaAchievementCategoryId": "TotalKills",
		"Index": 40,
		"Title": "@ui_player_titles_section_label_totalkills"
	},
	{
		"MetaAchievementCategoryId": "Player_Actions",
		"Index": 41,
		"Title": "@ui_meta_achievements_player_actions"
	},
	{
		"MetaAchievementCategoryId": "Camping",
		"Index": 42,
		"Title": "@ui_meta_achievements_camping"
	},
	{
		"MetaAchievementCategoryId": "Fishing",
		"Index": 43,
		"Title": "@ui_meta_achievements_fishing"
	},
	{
		"MetaAchievementCategoryId": "Looting",
		"Index": 44,
		"Title": "@ui_meta_achievements_looting"
	},
	{
		"MetaAchievementCategoryId": "Achievements",
		"Index": 45,
		"Title": "@ui_meta_achievements_achievements"
	},
	{
		"MetaAchievementCategoryId": "Titles",
		"Index": 46,
		"Title": "@ui_meta_achievements_titles"
	},
	{
		"MetaAchievementCategoryId": "Places_Discovered",
		"Index": 47,
		"Title": "@ui_meta_achievements_places_discovered"
	},
	{
		"MetaAchievementCategoryId": "Specific_Named_Places",
		"Index": 48,
		"Title": "@ui_meta_achievements_specific_named_places"
	},
	{
		"MetaAchievementCategoryId": "Per_Territory",
		"Index": 49,
		"Title": "@ui_meta_achievements_per_territory"
	},
	{
		"MetaAchievementCategoryId": "Hamlets",
		"Index": 50,
		"Title": "@ui_meta_achievements_hamlets"
	},
	{
		"MetaAchievementCategoryId": "Test_Titles_Only",
		"Index": 51,
		"Title": "@ui_player_titles_section_label_test_only"
	},
	{
		"MetaAchievementCategoryId": "PvP_Arenas",
		"Index": 52,
		"Title": "@ui_meta_achievements_pvp_arenas"
	},
	{
		"MetaAchievementCategoryId": "PvP_Rewards_Track",
		"Index": 53,
		"Title": "@ui_meta_achievements_pvp_rewards_track"
	},
	{
		"MetaAchievementCategoryId": "Musical_Instruments",
		"Index": 54,
		"Title": "@ui_meta_achievements_musical_instruments"
	},
	{
		"MetaAchievementCategoryId": "Leaderboard",
		"Index": 55,
		"Title": "@ui_meta_achievements_leaderboards"
	},
	{
		"MetaAchievementCategoryId": "Seasons",
		"Index": 56,
		"Title": "@ui_player_titles_section_label_seasons"
	}
]