[
	{
		"LootTableID": "FishingLoot",
		"AND/OR": "OR",
		"RollBonusSetting": "AddToRoll",
		"Conditions": ["LootTableDiverted"],
		"MaxRoll": 0,
		"Item1": "[LTID]FishingLootRegular",
		"Item2": "[LTID]FishingLootDiverted"
	},
	{
		"LootTableID": "FishingLoot_Qty",
		"MaxRoll": 0,
		"Item1": "1",
		"Item2": "1"
	},
	{
		"LootTableID": "FishingLoot_Probs",
		"MaxRoll": 100000,
		"Item1": "0",
		"Item2": "100001"
	},
	{
		"LootTableID": "FishingLootRegular",
		"AND/OR": "AND",
		"RollBonusSetting": "AddToRoll",
		"MaxRoll": 0,
		"Item1": "[LTID]FreshwaterFishRarity",
		"Item2": "[LTID]SaltwaterFishRarity"
	},
	{
		"LootTableID": "FishingLootRegular_Qty",
		"MaxRoll": 0,
		"Item1": "1",
		"Item2": "1"
	},
	{
		"LootTableID": "FishingLootRegular_Probs",
		"MaxRoll": 0,
		"Item1": "0",
		"Item2": "0"
	},
	{
		"LootTableID": "FreshwaterFishRarity",
		"AND/OR": "OR",
		"RollBonusSetting": "ClampMax",
		"Conditions": ["Fresh", "FishRarity"],
		"MaxRoll": 0,
		"Item1": "[LBID]NonFishCommon",
		"Item2": "[LBID]NonFishUncommon",
		"Item3": "[LTID]FreshFishCommonSize",
		"Item4": "[LTID]FreshFishUncommonSize",
		"Item5": "[LTID]FreshFishRareSize",
		"Item6": "[LTID]FishingChestsFresh",
		"Item7": "[LBID]FishUltraRandom",
		"Item8": "[LBID]FishUltraFresh"
	},
	{
		"LootTableID": "FreshwaterFishRarity_Qty",
		"MaxRoll": 0,
		"Item1": "1",
		"Item2": "1",
		"Item3": "1",
		"Item4": "1",
		"Item5": "1",
		"Item6": "1",
		"Item7": "1",
		"Item8": "1"
	},
	{
		"LootTableID": "FreshwaterFishRarity_Probs",
		"MaxRoll": 100000,
		"Item1": "0",
		"Item2": "4700",
		"Item3": "17000",
		"Item4": "84900",
		"Item5": "96900",
		"Item6": "98900",
		"Item7": "99900",
		"Item8": "99990"
	},
	{
		"LootTableID": "FreshFishCommonSize",
		"AND/OR": "OR",
		"RollBonusSetting": "ClampMax",
		"Conditions": ["FishSize"],
		"MaxRoll": 0,
		"Item1": "[LBID]FishCommonSmallFresh",
		"Item2": "[LBID]FishCommonMedFresh",
		"Item3": "[LBID]FishCommonLargeFresh"
	},
	{
		"LootTableID": "FreshFishCommonSize_Qty",
		"MaxRoll": 0,
		"Item1": "1",
		"Item2": "1",
		"Item3": "1"
	},
	{
		"LootTableID": "FreshFishCommonSize_Probs",
		"MaxRoll": 100000,
		"Item1": "0",
		"Item2": "60000",
		"Item3": "90000"
	},
	{
		"LootTableID": "FreshFishUncommonSize",
		"AND/OR": "OR",
		"RollBonusSetting": "ClampMax",
		"Conditions": ["FishSize"],
		"MaxRoll": 0,
		"Item1": "[LBID]FishUncommonSmallFresh",
		"Item2": "[LBID]FishUncommonMedFresh",
		"Item3": "[LBID]FishUncommonLargeFresh"
	},
	{
		"LootTableID": "FreshFishUncommonSize_Qty",
		"MaxRoll": 0,
		"Item1": "1",
		"Item2": "1",
		"Item3": "1"
	},
	{
		"LootTableID": "FreshFishUncommonSize_Probs",
		"MaxRoll": 100000,
		"Item1": "0",
		"Item2": "60000",
		"Item3": "90000"
	},
	{
		"LootTableID": "FreshFishRareSize",
		"AND/OR": "OR",
		"RollBonusSetting": "ClampMax",
		"Conditions": ["FishSize"],
		"MaxRoll": 0,
		"Item1": "[LBID]FishRareSmallFresh",
		"Item2": "[LBID]FishRareMedFresh",
		"Item3": "[LBID]FishRareLargeFresh"
	},
	{
		"LootTableID": "FreshFishRareSize_Qty",
		"MaxRoll": 0,
		"Item1": "1",
		"Item2": "1",
		"Item3": "1"
	},
	{
		"LootTableID": "FreshFishRareSize_Probs",
		"MaxRoll": 100000,
		"Item1": "0",
		"Item2": "60000",
		"Item3": "90000"
	},
	{
		"LootTableID": "SaltwaterFishRarity",
		"AND/OR": "OR",
		"RollBonusSetting": "ClampMax",
		"Conditions": ["Salt", "FishRarity"],
		"MaxRoll": 0,
		"Item1": "[LBID]NonFishCommon",
		"Item2": "[LBID]NonFishUncommon",
		"Item3": "[LTID]SaltFishCommonSize",
		"Item4": "[LTID]SaltFishUncommonSize",
		"Item5": "[LTID]SaltFishRareSize",
		"Item6": "[LTID]FishingChestsSalt",
		"Item7": "[LBID]FishUltraRandom",
		"Item8": "[LBID]FishUltraSalt"
	},
	{
		"LootTableID": "SaltwaterFishRarity_Qty",
		"MaxRoll": 0,
		"Item1": "1",
		"Item2": "1",
		"Item3": "1",
		"Item4": "1",
		"Item5": "1",
		"Item6": "1",
		"Item7": "1",
		"Item8": "1"
	},
	{
		"LootTableID": "SaltwaterFishRarity_Probs",
		"MaxRoll": 100000,
		"Item1": "0",
		"Item2": "4700",
		"Item3": "17000",
		"Item4": "84900",
		"Item5": "96900",
		"Item6": "98900",
		"Item7": "99900",
		"Item8": "99990"
	},
	{
		"LootTableID": "SaltFishCommonSize",
		"AND/OR": "OR",
		"RollBonusSetting": "ClampMax",
		"Conditions": ["FishSize"],
		"MaxRoll": 0,
		"Item1": "[LBID]FishCommonSmallSalt",
		"Item2": "[LBID]FishCommonMedSalt",
		"Item3": "[LBID]FishCommonLargeSalt"
	},
	{
		"LootTableID": "SaltFishCommonSize_Qty",
		"MaxRoll": 0,
		"Item1": "1",
		"Item2": "1",
		"Item3": "1"
	},
	{
		"LootTableID": "SaltFishCommonSize_Probs",
		"MaxRoll": 100000,
		"Item1": "0",
		"Item2": "60000",
		"Item3": "90000"
	},
	{
		"LootTableID": "SaltFishUncommonSize",
		"AND/OR": "OR",
		"RollBonusSetting": "ClampMax",
		"Conditions": ["FishSize"],
		"MaxRoll": 0,
		"Item1": "[LBID]FishUncommonSmallSalt",
		"Item2": "[LBID]FishUncommonMedSalt",
		"Item3": "[LBID]FishUncommonLargeSalt"
	},
	{
		"LootTableID": "SaltFishUncommonSize_Qty",
		"MaxRoll": 0,
		"Item1": "1",
		"Item2": "1",
		"Item3": "1"
	},
	{
		"LootTableID": "SaltFishUncommonSize_Probs",
		"MaxRoll": 100000,
		"Item1": "0",
		"Item2": "60000",
		"Item3": "90000"
	},
	{
		"LootTableID": "SaltFishRareSize",
		"AND/OR": "OR",
		"RollBonusSetting": "ClampMax",
		"Conditions": ["FishSize"],
		"MaxRoll": 0,
		"Item1": "[LBID]FishRareSmallSalt",
		"Item2": "[LBID]FishRareMedSalt",
		"Item3": "[LBID]FishRareLargeSalt"
	},
	{
		"LootTableID": "SaltFishRareSize_Qty",
		"MaxRoll": 0,
		"Item1": "1",
		"Item2": "1",
		"Item3": "1"
	},
	{
		"LootTableID": "SaltFishRareSize_Probs",
		"MaxRoll": 100000,
		"Item1": "0",
		"Item2": "60000",
		"Item3": "90000"
	},
	{
		"LootTableID": "FishingChestsFresh",
		"AND/OR": "OR",
		"RollBonusSetting": "AddToRoll",
		"Conditions": ["Fresh"],
		"MaxRoll": 0,
		"Item1": "[LBID]NonFishRare",
		"Item2": "[LBID]NonFishRareFreshOnly"
	},
	{
		"LootTableID": "FishingChestsFresh_Qty",
		"MaxRoll": 0,
		"Item1": "1",
		"Item2": "1"
	},
	{
		"LootTableID": "FishingChestsFresh_Probs",
		"MaxRoll": 10,
		"Item1": "0",
		"Item2": "6"
	},
	{
		"LootTableID": "FishingChestsSalt",
		"AND/OR": "OR",
		"RollBonusSetting": "AddToRoll",
		"Conditions": ["Salt"],
		"MaxRoll": 0,
		"Item1": "[LBID]NonFishRare",
		"Item2": "[LBID]NonFishRareSaltOnly",
		"Item3": "FishingTreasureBigAnchorT3"
	},
	{
		"LootTableID": "FishingChestsSalt_Qty",
		"MaxRoll": 0,
		"Item1": "1",
		"Item2": "1",
		"Item3": "1"
	},
	{
		"LootTableID": "FishingChestsSalt_Probs",
		"MaxRoll": 100,
		"Item1": "0",
		"Item2": "60",
		"Item3": "91"
	},
	{
		"LootTableID": "FishingTestOnly_Qty",
		"MaxRoll": 0,
		"Item1": "1"
	},
	{
		"LootTableID": "FishingTestOnly_Probs",
		"MaxRoll": 0,
		"Item1": "0"
	},
	{
		"LootTableID": "FishingLootDiverted",
		"AND/OR": "OR",
		"RollBonusSetting": "AddToRoll",
		"MaxRoll": 0,
		"Item1": "[LBID]NonFishCommon",
		"Item2": "[LBID]NonFishCommon"
	},
	{
		"LootTableID": "FishingLootDiverted_Qty",
		"MaxRoll": 0,
		"Item1": "1",
		"Item2": "1"
	},
	{
		"LootTableID": "FishingLootDiverted_Probs",
		"MaxRoll": 0,
		"Item1": "0",
		"Item2": "0"
	},
	{
		"LootTableID": "FishingHotspotLoot",
		"AND/OR": "AND",
		"RollBonusSetting": "AddToRoll",
		"MaxRoll": 0,
		"Item1": "[LTID]FreshwaterFishHotspotRarity",
		"Item2": "[LTID]SaltwaterFishHotspotRarity"
	},
	{
		"LootTableID": "FishingHotspotLoot_Qty",
		"MaxRoll": 0,
		"Item1": "1",
		"Item2": "1"
	},
	{
		"LootTableID": "FishingHotspotLoot_Probs",
		"MaxRoll": 0,
		"Item1": "0",
		"Item2": "0"
	},
	{
		"LootTableID": "FreshwaterFishHotspotRarity",
		"AND/OR": "OR",
		"RollBonusSetting": "ClampMax",
		"Conditions": ["Fresh", "FishRarity"],
		"MaxRoll": 0,
		"Item1": "[LBID]NonFishCommon",
		"Item2": "[LBID]NonFishUncommon",
		"Item3": "[LTID]FreshFishHotspotCommonSize",
		"Item4": "[LTID]FreshFishHotspotUncommonSize",
		"Item5": "[LTID]FreshFishHotspotRareSize",
		"Item6": "[LTID]FishingChestsFresh",
		"Item7": "[LBID]FishUltraRandom",
		"Item8": "[LBID]FishUltraFresh"
	},
	{
		"LootTableID": "FreshwaterFishHotspotRarity_Qty",
		"MaxRoll": 0,
		"Item1": "1",
		"Item2": "1",
		"Item3": "1",
		"Item4": "1",
		"Item5": "1",
		"Item6": "1",
		"Item7": "1",
		"Item8": "1"
	},
	{
		"LootTableID": "FreshwaterFishHotspotRarity_Probs",
		"MaxRoll": 400000,
		"Item1": "1",
		"Item2": "90000",
		"Item3": "105000",
		"Item4": "250000",
		"Item5": "315000",
		"Item6": "359000",
		"Item7": "375000",
		"Item8": "380000"
	},
	{
		"LootTableID": "FreshFishHotspotCommonSize",
		"AND/OR": "OR",
		"RollBonusSetting": "ClampMax",
		"Conditions": ["FishSize"],
		"MaxRoll": 0,
		"Item1": "[LBID]FishCommonSmallFresh",
		"Item2": "[LBID]FishCommonMedFresh",
		"Item3": "[LBID]FishCommonLargeFresh"
	},
	{
		"LootTableID": "FreshFishHotspotCommonSize_Qty",
		"MaxRoll": 0,
		"Item1": "1",
		"Item2": "1",
		"Item3": "1"
	},
	{
		"LootTableID": "FreshFishHotspotCommonSize_Probs",
		"MaxRoll": 100000,
		"Item1": "0",
		"Item2": "40000",
		"Item3": "75000"
	},
	{
		"LootTableID": "FreshFishHotspotUncommonSize",
		"AND/OR": "OR",
		"RollBonusSetting": "ClampMax",
		"Conditions": ["FishSize"],
		"MaxRoll": 0,
		"Item1": "[LBID]FishUncommonSmallFresh",
		"Item2": "[LBID]FishUncommonMedFresh",
		"Item3": "[LBID]FishUncommonLargeFresh"
	},
	{
		"LootTableID": "FreshFishHotspotUncommonSize_Qty",
		"MaxRoll": 0,
		"Item1": "1",
		"Item2": "1",
		"Item3": "1"
	},
	{
		"LootTableID": "FreshFishHotspotUncommonSize_Probs",
		"MaxRoll": 100000,
		"Item1": "0",
		"Item2": "40000",
		"Item3": "75000"
	},
	{
		"LootTableID": "FreshFishHotspotRareSize",
		"AND/OR": "OR",
		"RollBonusSetting": "ClampMax",
		"Conditions": ["FishSize"],
		"MaxRoll": 0,
		"Item1": "[LBID]FishRareSmallFresh",
		"Item2": "[LBID]FishRareMedFresh",
		"Item3": "[LBID]FishRareLargeFresh"
	},
	{
		"LootTableID": "FreshFishHotspotRareSize_Qty",
		"MaxRoll": 0,
		"Item1": "1",
		"Item2": "1",
		"Item3": "1"
	},
	{
		"LootTableID": "FreshFishHotspotRareSize_Probs",
		"MaxRoll": 100000,
		"Item1": "0",
		"Item2": "40000",
		"Item3": "75000"
	},
	{
		"LootTableID": "SaltwaterFishHotspotRarity",
		"AND/OR": "OR",
		"RollBonusSetting": "ClampMax",
		"Conditions": ["Salt", "FishRarity"],
		"MaxRoll": 0,
		"Item1": "[LBID]NonFishCommon",
		"Item2": "[LBID]NonFishUncommon",
		"Item3": "[LTID]SaltFishHotspotCommonSize",
		"Item4": "[LTID]SaltFishHotspotUncommonSize",
		"Item5": "[LTID]SaltFishHotspotRareSize",
		"Item6": "[LTID]FishingChestsSalt",
		"Item7": "[LBID]FishUltraRandom",
		"Item8": "[LBID]FishUltraSalt"
	},
	{
		"LootTableID": "SaltwaterFishHotspotRarity_Qty",
		"MaxRoll": 0,
		"Item1": "1",
		"Item2": "1",
		"Item3": "1",
		"Item4": "1",
		"Item5": "1",
		"Item6": "1",
		"Item7": "1",
		"Item8": "1"
	},
	{
		"LootTableID": "SaltwaterFishHotspotRarity_Probs",
		"MaxRoll": 400000,
		"Item1": "1",
		"Item2": "90000",
		"Item3": "105000",
		"Item4": "250000",
		"Item5": "315000",
		"Item6": "359000",
		"Item7": "375000",
		"Item8": "380000"
	},
	{
		"LootTableID": "SaltFishHotspotCommonSize",
		"AND/OR": "OR",
		"RollBonusSetting": "ClampMax",
		"Conditions": ["FishSize"],
		"MaxRoll": 0,
		"Item1": "[LBID]FishCommonSmallSalt",
		"Item2": "[LBID]FishCommonMedSalt",
		"Item3": "[LBID]FishCommonLargeSalt"
	},
	{
		"LootTableID": "SaltFishHotspotCommonSize_Qty",
		"MaxRoll": 0,
		"Item1": "1",
		"Item2": "1",
		"Item3": "1"
	},
	{
		"LootTableID": "SaltFishHotspotCommonSize_Probs",
		"MaxRoll": 100000,
		"Item1": "0",
		"Item2": "40000",
		"Item3": "75000"
	},
	{
		"LootTableID": "SaltFishHotspotUncommonSize",
		"AND/OR": "OR",
		"RollBonusSetting": "ClampMax",
		"Conditions": ["FishSize"],
		"MaxRoll": 0,
		"Item1": "[LBID]FishUncommonSmallSalt",
		"Item2": "[LBID]FishUncommonMedSalt",
		"Item3": "[LBID]FishUncommonLargeSalt"
	},
	{
		"LootTableID": "SaltFishHotspotUncommonSize_Qty",
		"MaxRoll": 0,
		"Item1": "1",
		"Item2": "1",
		"Item3": "1"
	},
	{
		"LootTableID": "SaltFishHotspotUncommonSize_Probs",
		"MaxRoll": 100000,
		"Item1": "0",
		"Item2": "40000",
		"Item3": "75000"
	},
	{
		"LootTableID": "SaltFishHotspotRareSize",
		"AND/OR": "OR",
		"RollBonusSetting": "ClampMax",
		"Conditions": ["FishSize"],
		"MaxRoll": 0,
		"Item1": "[LBID]FishRareSmallSalt",
		"Item2": "[LBID]FishRareMedSalt",
		"Item3": "[LBID]FishRareLargeSalt"
	},
	{
		"LootTableID": "SaltFishHotspotRareSize_Qty",
		"MaxRoll": 0,
		"Item1": "1",
		"Item2": "1",
		"Item3": "1"
	},
	{
		"LootTableID": "SaltFishHotspotRareSize_Probs",
		"MaxRoll": 100000,
		"Item1": "0",
		"Item2": "40000",
		"Item3": "75000"
	},
	{
		"LootTableID": "FishingSalmonSpecial",
		"AND/OR": "OR",
		"RollBonusSetting": "ClampMax",
		"MaxRoll": 0,
		"Item1": "FishingSalmonMediumT1",
		"Item2": "FishingSalmonLargeT1",
		"Item3": "FishingSalmonFatT1"
	},
	{
		"LootTableID": "FishingSalmonSpecial_Qty",
		"MaxRoll": 0,
		"Item1": "1",
		"Item2": "1",
		"Item3": "1"
	},
	{
		"LootTableID": "FishingSalmonSpecial_Probs",
		"MaxRoll": 100,
		"Item1": "0",
		"Item2": "40",
		"Item3": "96"
	},
	{
		"LootTableID": "FishingSummerMedleyHotspot",
		"AND/OR": "OR",
		"RollBonusSetting": "ClampMax",
		"Conditions": ["SummerFishRarity"],
		"MaxRoll": 0,
		"Item1": "FishingSummerMedleyCacheT3",
		"Item2": "FishingSummerMedleySturgeonSmallT3",
		"Item3": "FishingSummerMedleySturgeonMediumT3",
		"Item4": "FishingSummerMedleySturgeonLargeT3"
	},
	{
		"LootTableID": "FishingSummerMedleyHotspot_Qty",
		"MaxRoll": 0,
		"Item1": "1",
		"Item2": "1",
		"Item3": "1",
		"Item4": "1"
	},
	{
		"LootTableID": "FishingSummerMedleyHotspot_Probs",
		"MaxRoll": 100000,
		"Item1": "0",
		"Item2": "30000",
		"Item3": "60000",
		"Item4": "85000"
	},
	{
		"LootTableID": "FishingSummerMedley",
		"AND/OR": "OR",
		"RollBonusSetting": "ClampMax",
		"Conditions": ["SummerFishRarity"],
		"MaxRoll": 0,
		"Item1": "[LTID]FishingSummerMedleyTrash",
		"Item2": "FishingSummerMedleyCacheT3",
		"Item3": "FishingSummerMedleySturgeonSmallT3",
		"Item4": "FishingSummerMedleySturgeonMediumT3",
		"Item5": "FishingSummerMedleySturgeonLargeT3"
	},
	{
		"LootTableID": "FishingSummerMedley_Qty",
		"MaxRoll": 0,
		"Item1": "1",
		"Item2": "1",
		"Item3": "1",
		"Item4": "1",
		"Item5": "1"
	},
	{
		"LootTableID": "FishingSummerMedley_Probs",
		"MaxRoll": 120000,
		"Item1": "0",
		"Item2": "65000",
		"Item3": "85000",
		"Item4": "105000",
		"Item5": "115000"
	},
	{
		"LootTableID": "FishingSummerMedleyTrash",
		"AND/OR": "OR",
		"RollBonusSetting": "ClampMax",
		"MaxRoll": 0,
		"Item1": "SummerMedley_PristineSoakedWood",
		"Item2": "SummerMedley_AssortedCoral",
		"Item3": "SummerMedley_CautiouslyWrappedStuffing"
	},
	{
		"LootTableID": "FishingSummerMedleyTrash_Qty",
		"MaxRoll": 0,
		"Item1": "1-4",
		"Item2": "1-4",
		"Item3": "1-4"
	},
	{
		"LootTableID": "FishingSummerMedleyTrash_Probs",
		"MaxRoll": 0,
		"Item1": "0",
		"Item2": "0",
		"Item3": "0"
	},
	{
		"LootTableID": "FishSalvageSmallCommon",
		"AND/OR": "AND",
		"RollBonusSetting": "AddToRoll",
		"MaxRoll": 0,
		"Item1": "FishT1",
		"Item2": "FishOilT1",
		"Item3": "FishT2"
	},
	{
		"LootTableID": "FishSalvageSmallCommon_Qty",
		"MaxRoll": 0,
		"Item1": "1",
		"Item2": "1",
		"Item3": "1"
	},
	{
		"LootTableID": "FishSalvageSmallCommon_Probs",
		"MaxRoll": 100000,
		"Item1": "0",
		"Item2": "80000",
		"Item3": "90000"
	},
	{
		"LootTableID": "FishSalvageMediumCommon",
		"AND/OR": "AND",
		"RollBonusSetting": "AddToRoll",
		"MaxRoll": 0,
		"Item1": "FishT1",
		"Item2": "FishOilT1",
		"Item3": "FishT2"
	},
	{
		"LootTableID": "FishSalvageMediumCommon_Qty",
		"MaxRoll": 0,
		"Item1": "2-3",
		"Item2": "3",
		"Item3": "1-2"
	},
	{
		"LootTableID": "FishSalvageMediumCommon_Probs",
		"MaxRoll": 100000,
		"Item1": "0",
		"Item2": "75000",
		"Item3": "85000"
	},
	{
		"LootTableID": "FishSalvageLargeCommon",
		"AND/OR": "AND",
		"RollBonusSetting": "AddToRoll",
		"MaxRoll": 0,
		"Item1": "FishT1",
		"Item2": "FishOilT1",
		"Item3": "FishT2"
	},
	{
		"LootTableID": "FishSalvageLargeCommon_Qty",
		"MaxRoll": 0,
		"Item1": "3-4",
		"Item2": "4-5",
		"Item3": "2-3"
	},
	{
		"LootTableID": "FishSalvageLargeCommon_Probs",
		"MaxRoll": 100000,
		"Item1": "0",
		"Item2": "60000",
		"Item3": "80000"
	},
	{
		"LootTableID": "FishSalvageSmallUncommon",
		"AND/OR": "AND",
		"RollBonusSetting": "AddToRoll",
		"MaxRoll": 0,
		"Item1": "FishT2",
		"Item2": "FishOilT1"
	},
	{
		"LootTableID": "FishSalvageSmallUncommon_Qty",
		"MaxRoll": 0,
		"Item1": "1",
		"Item2": "1"
	},
	{
		"LootTableID": "FishSalvageSmallUncommon_Probs",
		"MaxRoll": 100000,
		"Item1": "0",
		"Item2": "90000"
	},
	{
		"LootTableID": "FishSalvageMediumUncommon",
		"AND/OR": "AND",
		"RollBonusSetting": "AddToRoll",
		"MaxRoll": 0,
		"Item1": "FishT2",
		"Item2": "FishOilT1"
	},
	{
		"LootTableID": "FishSalvageMediumUncommon_Qty",
		"MaxRoll": 0,
		"Item1": "2-3",
		"Item2": "3"
	},
	{
		"LootTableID": "FishSalvageMediumUncommon_Probs",
		"MaxRoll": 100000,
		"Item1": "0",
		"Item2": "85000"
	},
	{
		"LootTableID": "FishSalvageLargeUncommon",
		"AND/OR": "AND",
		"RollBonusSetting": "AddToRoll",
		"MaxRoll": 0,
		"Item1": "FishT2",
		"Item2": "FishOilT1"
	},
	{
		"LootTableID": "FishSalvageLargeUncommon_Qty",
		"MaxRoll": 0,
		"Item1": "3-4",
		"Item2": "4-5"
	},
	{
		"LootTableID": "FishSalvageLargeUncommon_Probs",
		"MaxRoll": 100000,
		"Item1": "0",
		"Item2": "60000"
	},
	{
		"LootTableID": "FishSalvageSmallRare",
		"AND/OR": "AND",
		"RollBonusSetting": "AddToRoll",
		"MaxRoll": 0,
		"Item1": "FishT1",
		"Item2": "FishOilT1"
	},
	{
		"LootTableID": "FishSalvageSmallRare_Qty",
		"MaxRoll": 0,
		"Item1": "1",
		"Item2": "1"
	},
	{
		"LootTableID": "FishSalvageSmallRare_Probs",
		"MaxRoll": 100000,
		"Item1": "0",
		"Item2": "90000"
	},
	{
		"LootTableID": "FishSalvageMediumRare",
		"AND/OR": "AND",
		"RollBonusSetting": "AddToRoll",
		"MaxRoll": 0,
		"Item1": "FishT1",
		"Item2": "FishOilT1"
	},
	{
		"LootTableID": "FishSalvageMediumRare_Qty",
		"MaxRoll": 0,
		"Item1": "2-3",
		"Item2": "2"
	},
	{
		"LootTableID": "FishSalvageMediumRare_Probs",
		"MaxRoll": 100000,
		"Item1": "0",
		"Item2": "85000"
	},
	{
		"LootTableID": "FishSalvageLargeRare",
		"AND/OR": "AND",
		"RollBonusSetting": "AddToRoll",
		"MaxRoll": 0,
		"Item1": "FishT1",
		"Item2": "FishOilT1"
	},
	{
		"LootTableID": "FishSalvageLargeRare_Qty",
		"MaxRoll": 0,
		"Item1": "3-4",
		"Item2": "3-4"
	},
	{
		"LootTableID": "FishSalvageLargeRare_Probs",
		"MaxRoll": 100000,
		"Item1": "0",
		"Item2": "60000"
	},
	{
		"LootTableID": "FishSalvageUltra",
		"AND/OR": "AND",
		"RollBonusSetting": "AddToRoll",
		"MaxRoll": 0,
		"Item1": "FishT1"
	},
	{
		"LootTableID": "FishSalvageUltra_Qty",
		"MaxRoll": 0,
		"Item1": "3-4"
	},
	{
		"LootTableID": "FishSalvageUltra_Probs",
		"MaxRoll": 100000,
		"Item1": "0"
	},
	{
		"LootTableID": "FishSalvageClam",
		"AND/OR": "AND",
		"RollBonusSetting": "AddToRoll",
		"MaxRoll": 0,
		"Item1": "BaitFishT4",
		"Item2": "PearlT2",
		"Item3": "[LTID]FishSalvagePearlsLow"
	},
	{
		"LootTableID": "FishSalvageClam_Qty",
		"MaxRoll": 0,
		"Item1": "1-2",
		"Item2": "0",
		"Item3": "1"
	},
	{
		"LootTableID": "FishSalvageClam_Probs",
		"MaxRoll": 100000,
		"Item1": "0",
		"Item2": "0",
		"Item3": "50000"
	},
	{
		"LootTableID": "FishSalvagePearlsLow",
		"AND/OR": "OR",
		"RollBonusSetting": "AddToRoll",
		"MaxRoll": 0,
		"Item1": "PearlT1",
		"Item2": "PearlT2"
	},
	{
		"LootTableID": "FishSalvagePearlsLow_Qty",
		"MaxRoll": 0,
		"Item1": "1",
		"Item2": "1"
	},
	{
		"LootTableID": "FishSalvagePearlsLow_Probs",
		"MaxRoll": 100000,
		"Item1": "0",
		"Item2": "0"
	},
	{
		"LootTableID": "FishSalvageOyster",
		"AND/OR": "AND",
		"RollBonusSetting": "AddToRoll",
		"MaxRoll": 0,
		"Item1": "BaitFishT4",
		"Item2": "PearlT2",
		"Item3": "[LTID]FishSalvagePearlsHigh"
	},
	{
		"LootTableID": "FishSalvageOyster_Qty",
		"MaxRoll": 0,
		"Item1": "1-2",
		"Item2": "0",
		"Item3": "1"
	},
	{
		"LootTableID": "FishSalvageOyster_Probs",
		"MaxRoll": 100000,
		"Item1": "0",
		"Item2": "0",
		"Item3": "0"
	},
	{
		"LootTableID": "FishSalvagePearlsHigh",
		"AND/OR": "OR",
		"RollBonusSetting": "AddToRoll",
		"MaxRoll": 0,
		"Item1": "PearlT3",
		"Item2": "PearlT4"
	},
	{
		"LootTableID": "FishSalvagePearlsHigh_Qty",
		"MaxRoll": 0,
		"Item1": "1",
		"Item2": "1"
	},
	{
		"LootTableID": "FishSalvagePearlsHigh_Probs",
		"MaxRoll": 100000,
		"Item1": "0",
		"Item2": "0"
	},
	{
		"LootTableID": "FishSalvageElectricEelSmall",
		"AND/OR": "AND",
		"RollBonusSetting": "AddToRoll",
		"MaxRoll": 0,
		"Item1": "BaitFishT4",
		"Item2": "FishT4"
	},
	{
		"LootTableID": "FishSalvageElectricEelSmall_Qty",
		"MaxRoll": 0,
		"Item1": "1-2",
		"Item2": "1"
	},
	{
		"LootTableID": "FishSalvageElectricEelSmall_Probs",
		"MaxRoll": 100000,
		"Item1": "0",
		"Item2": "0"
	},
	{
		"LootTableID": "FishSalvageElectricEelMedium",
		"AND/OR": "AND",
		"RollBonusSetting": "AddToRoll",
		"MaxRoll": 0,
		"Item1": "BaitFishT4",
		"Item2": "FishT4"
	},
	{
		"LootTableID": "FishSalvageElectricEelMedium_Qty",
		"MaxRoll": 0,
		"Item1": "1-2",
		"Item2": "2-3"
	},
	{
		"LootTableID": "FishSalvageElectricEelMedium_Probs",
		"MaxRoll": 100000,
		"Item1": "0",
		"Item2": "0"
	},
	{
		"LootTableID": "FishSalvageElectricEelLarge",
		"AND/OR": "AND",
		"RollBonusSetting": "AddToRoll",
		"MaxRoll": 0,
		"Item1": "BaitFishT4",
		"Item2": "FishT4"
	},
	{
		"LootTableID": "FishSalvageElectricEelLarge_Qty",
		"MaxRoll": 0,
		"Item1": "1-2",
		"Item2": "3-4"
	},
	{
		"LootTableID": "FishSalvageElectricEelLarge_Probs",
		"MaxRoll": 100000,
		"Item1": "0",
		"Item2": "0"
	},
	{
		"LootTableID": "FishSalvageSquidSmall",
		"AND/OR": "AND",
		"RollBonusSetting": "AddToRoll",
		"MaxRoll": 0,
		"Item1": "MeatSquidT1",
		"Item2": "SquidInkT1"
	},
	{
		"LootTableID": "FishSalvageSquidSmall_Qty",
		"MaxRoll": 0,
		"Item1": "1-2",
		"Item2": "1"
	},
	{
		"LootTableID": "FishSalvageSquidSmall_Probs",
		"MaxRoll": 100000,
		"Item1": "0",
		"Item2": "90000"
	},
	{
		"LootTableID": "FishSalvageSquidMedium",
		"AND/OR": "AND",
		"RollBonusSetting": "AddToRoll",
		"MaxRoll": 0,
		"Item1": "MeatSquidT1",
		"Item2": "SquidInkT1"
	},
	{
		"LootTableID": "FishSalvageSquidMedium_Qty",
		"MaxRoll": 0,
		"Item1": "3-4",
		"Item2": "1"
	},
	{
		"LootTableID": "FishSalvageSquidMedium_Probs",
		"MaxRoll": 100000,
		"Item1": "0",
		"Item2": "90000"
	},
	{
		"LootTableID": "FishSalvageSquidLarge",
		"AND/OR": "AND",
		"RollBonusSetting": "AddToRoll",
		"MaxRoll": 0,
		"Item1": "MeatSquidT1",
		"Item2": "SquidInkT1"
	},
	{
		"LootTableID": "FishSalvageSquidLarge_Qty",
		"MaxRoll": 0,
		"Item1": "5-6",
		"Item2": "1"
	},
	{
		"LootTableID": "FishSalvageSquidLarge_Probs",
		"MaxRoll": 100000,
		"Item1": "0",
		"Item2": "90000"
	},
	{
		"LootTableID": "FishSalvageSnail",
		"AND/OR": "AND",
		"RollBonusSetting": "AddToRoll",
		"MaxRoll": 0,
		"Item1": "BaitFishT4",
		"Item2": "SnailSlimeT1"
	},
	{
		"LootTableID": "FishSalvageSnail_Qty",
		"MaxRoll": 0,
		"Item1": "1-2",
		"Item2": "1"
	},
	{
		"LootTableID": "FishSalvageSnail_Probs",
		"MaxRoll": 100000,
		"Item1": "0",
		"Item2": "0"
	},
	{
		"LootTableID": "FishSalvageTreasure",
		"AND/OR": "AND",
		"RollBonusSetting": "AddToRoll",
		"MaxRoll": 0,
		"Item1": "[LTID]FishSalvageTreasureIngots",
		"Item2": "[LTID]MasterGems",
		"Item3": "[LBID]SE_Music_Fishing_Bucket"
	},
	{
		"LootTableID": "FishSalvageTreasure_Qty",
		"MaxRoll": 0,
		"Item1": "1-2",
		"Item2": "1-3",
		"Item3": "1"
	},
	{
		"LootTableID": "FishSalvageTreasure_Probs",
		"MaxRoll": 100000,
		"Item1": "0",
		"Item2": "0",
		"Item3": "50000"
	},
	{
		"LootTableID": "FishSalvageTreasureIngots",
		"AND/OR": "OR",
		"RollBonusSetting": "AddToRoll",
		"MaxRoll": 0,
		"Item1": "IngotPreciousT1",
		"Item2": "IngotPreciousT2",
		"Item3": "IngotPreciousT3"
	},
	{
		"LootTableID": "FishSalvageTreasureIngots_Qty",
		"MaxRoll": 0,
		"Item1": "2-5",
		"Item2": "2-4",
		"Item3": "2-3"
	},
	{
		"LootTableID": "FishSalvageTreasureIngots_Probs",
		"MaxRoll": 100000,
		"Item1": "0",
		"Item2": "0",
		"Item3": "0"
	},
	{
		"LootTableID": "FishSalvageTreasureGoodProvisions",
		"AND/OR": "AND",
		"RollBonusSetting": "AddToRoll",
		"MaxRoll": 0,
		"Item1": "[LBID]SE_Music_Fishing_Bucket",
		"Item2": "[LBID]CookingRecipes",
		"Item3": "[LBID]FishingTreasureProvisionsHerbs",
		"Item4": "[LBID]FishingTreasureProvisionsIngredients",
		"Item5": "[LBID]FishingTreasureProvisionsMeat",
		"Item6": "fishsaucet1",
		"Item7": "FishPheromonesT1",
		"Item8": "[LTID]GatherableResearchBait"
	},
	{
		"LootTableID": "FishSalvageTreasureGoodProvisions_Qty",
		"MaxRoll": 0,
		"Item1": "1",
		"Item2": "1",
		"Item3": "1-2",
		"Item4": "2-3",
		"Item5": "1",
		"Item6": "1-2",
		"Item7": "1",
		"Item8": "1"
	},
	{
		"LootTableID": "FishSalvageTreasureGoodProvisions_Probs",
		"MaxRoll": 100000,
		"Item1": "50000",
		"Item2": "75000",
		"Item3": "0",
		"Item4": "0",
		"Item5": "0",
		"Item6": "90000",
		"Item7": "95000",
		"Item8": "0"
	},
	{
		"LootTableID": "FishSalvageTreasurePigment",
		"AND/OR": "AND",
		"RollBonusSetting": "AddToRoll",
		"MaxRoll": 0,
		"Item1": "[LBID]SE_Music_Fishing_Bucket",
		"Item2": "[LBID]FishingTreasurePigments",
		"Item3": "[LBID]DyeRandomRoll",
		"Item4": "[LTID]GatherableResearchBait"
	},
	{
		"LootTableID": "FishSalvageTreasurePigment_Qty",
		"MaxRoll": 0,
		"Item1": "1",
		"Item2": "3-5",
		"Item3": "1",
		"Item4": "1"
	},
	{
		"LootTableID": "FishSalvageTreasurePigment_Probs",
		"MaxRoll": 100000,
		"Item1": "50000",
		"Item2": "0",
		"Item3": "90000",
		"Item4": "0"
	},
	{
		"LootTableID": "FishSalvageTreasureFishingGear",
		"AND/OR": "AND",
		"RollBonusSetting": "AddToRoll",
		"MaxRoll": 0,
		"Item1": "[LBID]SE_Music_Fishing_Bucket",
		"Item2": "[LTID]FishSalvageTreasureFishingGearQuality",
		"Item3": "[LBID]RareBait",
		"Item4": "[LTID]GatherableResearchBait"
	},
	{
		"LootTableID": "FishSalvageTreasureFishingGear_Qty",
		"MaxRoll": 0,
		"Item1": "1",
		"Item2": "1",
		"Item3": "1",
		"Item4": "1"
	},
	{
		"LootTableID": "FishSalvageTreasureFishingGear_Probs",
		"MaxRoll": 100000,
		"Item1": "50000",
		"Item2": "0",
		"Item3": "90000",
		"Item4": "0"
	},
	{
		"LootTableID": "FishSalvageTreasureFishingGearQuality",
		"AND/OR": "OR",
		"RollBonusSetting": "AddToRoll",
		"MaxRoll": 0,
		"Item1": "[LBID]FishingTreasureGearT3",
		"Item2": "[LBID]FishingTreasureGearT4",
		"Item3": "[LBID]FishingTreasureGearT5"
	},
	{
		"LootTableID": "FishSalvageTreasureFishingGearQuality_Qty",
		"MaxRoll": 0,
		"Item1": "1",
		"Item2": "1",
		"Item3": "1"
	},
	{
		"LootTableID": "FishSalvageTreasureFishingGearQuality_Probs",
		"MaxRoll": 100000,
		"Item1": "0",
		"Item2": "70000",
		"Item3": "90000"
	},
	{
		"LootTableID": "FishSalvageTreasureMote",
		"AND/OR": "AND",
		"RollBonusSetting": "AddToRoll",
		"MaxRoll": 0,
		"Item1": "[LBID]SE_Music_Fishing_Bucket",
		"Item2": "[LBID]FishingTreasureMotes",
		"Item3": "[LBID]FishingTreasureCreatures",
		"Item4": "[LTID]GatherableResearchBait"
	},
	{
		"LootTableID": "FishSalvageTreasureMote_Qty",
		"MaxRoll": 0,
		"Item1": "1",
		"Item2": "3",
		"Item3": "1",
		"Item4": "1"
	},
	{
		"LootTableID": "FishSalvageTreasureMote_Probs",
		"MaxRoll": 100000,
		"Item1": "50000",
		"Item2": "0",
		"Item3": "90000",
		"Item4": "0"
	},
	{
		"LootTableID": "FishSalvageTreasureSeaweed",
		"AND/OR": "AND",
		"RollBonusSetting": "AddToRoll",
		"MaxRoll": 0,
		"Item1": "[LBID]SE_Music_Fishing_Bucket",
		"Item2": "FiberT1",
		"Item3": "FishPheromonesT1"
	},
	{
		"LootTableID": "FishSalvageTreasureSeaweed_Qty",
		"MaxRoll": 0,
		"Item1": "1",
		"Item2": "100-140",
		"Item3": "1"
	},
	{
		"LootTableID": "FishSalvageTreasureSeaweed_Probs",
		"MaxRoll": 100000,
		"Item1": "50000",
		"Item2": "0",
		"Item3": "75000"
	},
	{
		"LootTableID": "FishSalvageTreasureBoot",
		"AND/OR": "AND",
		"RollBonusSetting": "AddToRoll",
		"MaxRoll": 0,
		"Item1": "[LBID]SE_Music_Fishing_Bucket",
		"Item2": "RawhideT1",
		"Item3": "FishPheromonesT1"
	},
	{
		"LootTableID": "FishSalvageTreasureBoot_Qty",
		"MaxRoll": 0,
		"Item1": "1",
		"Item2": "180-220",
		"Item3": "1"
	},
	{
		"LootTableID": "FishSalvageTreasureBoot_Probs",
		"MaxRoll": 100000,
		"Item1": "50000",
		"Item2": "0",
		"Item3": "75000"
	},
	{
		"LootTableID": "FishSalvageTreasureOar",
		"AND/OR": "AND",
		"RollBonusSetting": "AddToRoll",
		"MaxRoll": 0,
		"Item1": "[LBID]SE_Music_Fishing_Bucket",
		"Item2": "WoodT1",
		"Item3": "FishPheromonesT1"
	},
	{
		"LootTableID": "FishSalvageTreasureOar_Qty",
		"MaxRoll": 0,
		"Item1": "1",
		"Item2": "250-350",
		"Item3": "1"
	},
	{
		"LootTableID": "FishSalvageTreasureOar_Probs",
		"MaxRoll": 100000,
		"Item1": "50000",
		"Item2": "0",
		"Item3": "75000"
	},
	{
		"LootTableID": "FishSalvageTreasureSword",
		"AND/OR": "AND",
		"RollBonusSetting": "AddToRoll",
		"MaxRoll": 0,
		"Item1": "[LBID]SE_Music_Fishing_Bucket",
		"Item2": "OreT1",
		"Item3": "FishPheromonesT1"
	},
	{
		"LootTableID": "FishSalvageTreasureSword_Qty",
		"MaxRoll": 0,
		"Item1": "1",
		"Item2": "100-140",
		"Item3": "1"
	},
	{
		"LootTableID": "FishSalvageTreasureSword_Probs",
		"MaxRoll": 100000,
		"Item1": "50000",
		"Item2": "0",
		"Item3": "75000"
	},
	{
		"LootTableID": "FishSalvageTreasureHammer",
		"AND/OR": "AND",
		"RollBonusSetting": "AddToRoll",
		"MaxRoll": 0,
		"Item1": "[LBID]SE_Music_Fishing_Bucket",
		"Item2": "OreT1",
		"Item3": "FishPheromonesT1"
	},
	{
		"LootTableID": "FishSalvageTreasureHammer_Qty",
		"MaxRoll": 0,
		"Item1": "1",
		"Item2": "100-140",
		"Item3": "1"
	},
	{
		"LootTableID": "FishSalvageTreasureHammer_Probs",
		"MaxRoll": 100000,
		"Item1": "50000",
		"Item2": "0",
		"Item3": "75000"
	},
	{
		"LootTableID": "GatherableResearchBait",
		"AND/OR": "OR",
		"RollBonusSetting": "AddToRoll",
		"MaxRoll": 0,
		"Item1": "Gatherable_Research_Strange_Bait_T2",
		"Item2": "Gatherable_Research_Unusual_Bait_T3",
		"Item3": "Gatherable_Research_Abnormal_Bait_T4",
		"Item4": "Gatherable_Research_Bizzare_Bait_T5"
	},
	{
		"LootTableID": "GatherableResearchBait_Qty",
		"MaxRoll": 0,
		"Item1": "1",
		"Item2": "1",
		"Item3": "1",
		"Item4": "1"
	},
	{
		"LootTableID": "GatherableResearchBait_Probs",
		"MaxRoll": 100000,
		"Item1": "95000",
		"Item2": "97000",
		"Item3": "98500",
		"Item4": "99500"
	},
	{
		"LootTableID": "FishSalvageSeaweed",
		"AND/OR": "AND",
		"RollBonusSetting": "AddToRoll",
		"MaxRoll": 0,
		"Item1": "FiberT1"
	},
	{
		"LootTableID": "FishSalvageSeaweed_Qty",
		"MaxRoll": 0,
		"Item1": "3-4"
	},
	{
		"LootTableID": "FishSalvageSeaweed_Probs",
		"MaxRoll": 100000,
		"Item1": "0"
	},
	{
		"LootTableID": "FishSalvageBoot",
		"AND/OR": "AND",
		"RollBonusSetting": "AddToRoll",
		"MaxRoll": 0,
		"Item1": "LeatherT2"
	},
	{
		"LootTableID": "FishSalvageBoot_Qty",
		"MaxRoll": 0,
		"Item1": "3-4"
	},
	{
		"LootTableID": "FishSalvageBoot_Probs",
		"MaxRoll": 100000,
		"Item1": "0"
	},
	{
		"LootTableID": "FishSalvageAnchor",
		"AND/OR": "AND",
		"RollBonusSetting": "AddToRoll",
		"MaxRoll": 0,
		"Item1": "IngotT2"
	},
	{
		"LootTableID": "FishSalvageAnchor_Qty",
		"MaxRoll": 0,
		"Item1": "3-4"
	},
	{
		"LootTableID": "FishSalvageAnchor_Probs",
		"MaxRoll": 100000,
		"Item1": "0"
	},
	{
		"LootTableID": "FishSalvageBigAnchor",
		"AND/OR": "AND",
		"RollBonusSetting": "AddToRoll",
		"MaxRoll": 0,
		"Item1": "IngotT3"
	},
	{
		"LootTableID": "FishSalvageBigAnchor_Qty",
		"MaxRoll": 0,
		"Item1": "6-8"
	},
	{
		"LootTableID": "FishSalvageBigAnchor_Probs",
		"MaxRoll": 100000,
		"Item1": "0"
	},
	{
		"LootTableID": "FishSalvageOar",
		"AND/OR": "AND",
		"RollBonusSetting": "AddToRoll",
		"MaxRoll": 0,
		"Item1": "WoodT1"
	},
	{
		"LootTableID": "FishSalvageOar_Qty",
		"MaxRoll": 0,
		"Item1": "3-4"
	},
	{
		"LootTableID": "FishSalvageOar_Probs",
		"MaxRoll": 100000,
		"Item1": "0"
	},
	{
		"LootTableID": "FishSalvageTadpoles",
		"AND/OR": "AND",
		"RollBonusSetting": "AddToRoll",
		"MaxRoll": 0,
		"Item1": "AlchemyLifeT1"
	},
	{
		"LootTableID": "FishSalvageTadpoles_Qty",
		"MaxRoll": 0,
		"Item1": "1"
	},
	{
		"LootTableID": "FishSalvageTadpoles_Probs",
		"MaxRoll": 100000,
		"Item1": "0"
	},
	{
		"LootTableID": "FishSalvageSturgeonSmall",
		"AND/OR": "AND",
		"RollBonusSetting": "AddToRoll",
		"MaxRoll": 0,
		"Item1": "FishT2",
		"Item2": "FishOilT1",
		"Item3": "FishRoeT1"
	},
	{
		"LootTableID": "FishSalvageSturgeonSmall_Qty",
		"MaxRoll": 0,
		"Item1": "1",
		"Item2": "1",
		"Item3": "1"
	},
	{
		"LootTableID": "FishSalvageSturgeonSmall_Probs",
		"MaxRoll": 100000,
		"Item1": "0",
		"Item2": "0",
		"Item3": "90000"
	},
	{
		"LootTableID": "FishSalvageSturgeonMedium",
		"AND/OR": "AND",
		"RollBonusSetting": "AddToRoll",
		"MaxRoll": 0,
		"Item1": "FishT2",
		"Item2": "FishOilT1",
		"Item3": "FishRoeT1"
	},
	{
		"LootTableID": "FishSalvageSturgeonMedium_Qty",
		"MaxRoll": 0,
		"Item1": "2-3",
		"Item2": "2",
		"Item3": "2"
	},
	{
		"LootTableID": "FishSalvageSturgeonMedium_Probs",
		"MaxRoll": 100000,
		"Item1": "0",
		"Item2": "0",
		"Item3": "90000"
	},
	{
		"LootTableID": "FishSalvageSturgeonLarge",
		"AND/OR": "AND",
		"RollBonusSetting": "AddToRoll",
		"MaxRoll": 0,
		"Item1": "FishT2",
		"Item2": "FishOilT1",
		"Item3": "FishRoeT1"
	},
	{
		"LootTableID": "FishSalvageSturgeonLarge_Qty",
		"MaxRoll": 0,
		"Item1": "3-4",
		"Item2": "3-4",
		"Item3": "3-4"
	},
	{
		"LootTableID": "FishSalvageSturgeonLarge_Probs",
		"MaxRoll": 100000,
		"Item1": "0",
		"Item2": "0",
		"Item3": "90000"
	},
	{
		"LootTableID": "FishSalvagePaddlefishSmall",
		"AND/OR": "AND",
		"RollBonusSetting": "AddToRoll",
		"MaxRoll": 0,
		"Item1": "PaddlefishGillsT1",
		"Item2": "FishT3",
		"Item3": "FishRoeT1"
	},
	{
		"LootTableID": "FishSalvagePaddlefishSmall_Qty",
		"MaxRoll": 0,
		"Item1": "1",
		"Item2": "1",
		"Item3": "1"
	},
	{
		"LootTableID": "FishSalvagePaddlefishSmall_Probs",
		"MaxRoll": 100000,
		"Item1": "0",
		"Item2": "0",
		"Item3": "90000"
	},
	{
		"LootTableID": "FishSalvagePaddlefishMedium",
		"AND/OR": "AND",
		"RollBonusSetting": "AddToRoll",
		"MaxRoll": 0,
		"Item1": "PaddlefishGillsT1",
		"Item2": "FishT3",
		"Item3": "FishRoeT1"
	},
	{
		"LootTableID": "FishSalvagePaddlefishMedium_Qty",
		"MaxRoll": 0,
		"Item1": "2",
		"Item2": "2-3",
		"Item3": "2"
	},
	{
		"LootTableID": "FishSalvagePaddlefishMedium_Probs",
		"MaxRoll": 100000,
		"Item1": "0",
		"Item2": "0",
		"Item3": "90000"
	},
	{
		"LootTableID": "FishSalvagePaddlefishLarge",
		"AND/OR": "AND",
		"RollBonusSetting": "AddToRoll",
		"MaxRoll": 0,
		"Item1": "PaddlefishGillsT1",
		"Item2": "FishT3",
		"Item3": "FishRoeT1"
	},
	{
		"LootTableID": "FishSalvagePaddlefishLarge_Qty",
		"MaxRoll": 0,
		"Item1": "3-4",
		"Item2": "3-4",
		"Item3": "3-4"
	},
	{
		"LootTableID": "FishSalvagePaddlefishLarge_Probs",
		"MaxRoll": 100000,
		"Item1": "0",
		"Item2": "0",
		"Item3": "90000"
	},
	{
		"LootTableID": "FishSalvageCodSmall",
		"AND/OR": "AND",
		"RollBonusSetting": "AddToRoll",
		"MaxRoll": 0,
		"Item1": "CodEyeT1",
		"Item2": "FishT2",
		"Item3": "FishT3"
	},
	{
		"LootTableID": "FishSalvageCodSmall_Qty",
		"MaxRoll": 0,
		"Item1": "1",
		"Item2": "1",
		"Item3": "1"
	},
	{
		"LootTableID": "FishSalvageCodSmall_Probs",
		"MaxRoll": 100000,
		"Item1": "0",
		"Item2": "0",
		"Item3": "90000"
	},
	{
		"LootTableID": "FishSalvageCodMedium",
		"AND/OR": "AND",
		"RollBonusSetting": "AddToRoll",
		"MaxRoll": 0,
		"Item1": "CodEyeT1",
		"Item2": "FishT2",
		"Item3": "FishT3"
	},
	{
		"LootTableID": "FishSalvageCodMedium_Qty",
		"MaxRoll": 0,
		"Item1": "1-2",
		"Item2": "2-3",
		"Item3": "2"
	},
	{
		"LootTableID": "FishSalvageCodMedium_Probs",
		"MaxRoll": 100000,
		"Item1": "0",
		"Item2": "0",
		"Item3": "90000"
	},
	{
		"LootTableID": "FishSalvageCodLarge",
		"AND/OR": "AND",
		"RollBonusSetting": "AddToRoll",
		"MaxRoll": 0,
		"Item1": "CodEyeT1",
		"Item2": "FishT2",
		"Item3": "FishT3"
	},
	{
		"LootTableID": "FishSalvageCodLarge_Qty",
		"MaxRoll": 0,
		"Item1": "2",
		"Item2": "3-4",
		"Item3": "3-4"
	},
	{
		"LootTableID": "FishSalvageCodLarge_Probs",
		"MaxRoll": 100000,
		"Item1": "0",
		"Item2": "0",
		"Item3": "90000"
	},
	{
		"LootTableID": "FishSalvageHalibutSmall",
		"AND/OR": "AND",
		"RollBonusSetting": "AddToRoll",
		"MaxRoll": 0,
		"Item1": "HalibutVisceraT1",
		"Item2": "FishT2",
		"Item3": "FishT3"
	},
	{
		"LootTableID": "FishSalvageHalibutSmall_Qty",
		"MaxRoll": 0,
		"Item1": "1",
		"Item2": "1",
		"Item3": "1"
	},
	{
		"LootTableID": "FishSalvageHalibutSmall_Probs",
		"MaxRoll": 100000,
		"Item1": "0",
		"Item2": "0",
		"Item3": "90000"
	},
	{
		"LootTableID": "FishSalvageHalibutMedium",
		"AND/OR": "AND",
		"RollBonusSetting": "AddToRoll",
		"MaxRoll": 0,
		"Item1": "HalibutVisceraT1",
		"Item2": "FishT2",
		"Item3": "FishT3"
	},
	{
		"LootTableID": "FishSalvageHalibutMedium_Qty",
		"MaxRoll": 0,
		"Item1": "1-2",
		"Item2": "2-3",
		"Item3": "2"
	},
	{
		"LootTableID": "FishSalvageHalibutMedium_Probs",
		"MaxRoll": 100000,
		"Item1": "0",
		"Item2": "0",
		"Item3": "90000"
	},
	{
		"LootTableID": "FishSalvageHalibutLarge",
		"AND/OR": "AND",
		"RollBonusSetting": "AddToRoll",
		"MaxRoll": 0,
		"Item1": "HalibutVisceraT1",
		"Item2": "FishT2",
		"Item3": "FishT3"
	},
	{
		"LootTableID": "FishSalvageHalibutLarge_Qty",
		"MaxRoll": 0,
		"Item1": "2",
		"Item2": "3-4",
		"Item3": "3-4"
	},
	{
		"LootTableID": "FishSalvageHalibutLarge_Probs",
		"MaxRoll": 100000,
		"Item1": "0",
		"Item2": "0",
		"Item3": "90000"
	},
	{
		"LootTableID": "FishSalvageCatfishSmall",
		"AND/OR": "AND",
		"RollBonusSetting": "AddToRoll",
		"MaxRoll": 0,
		"Item1": "CatfishWhiskersT1",
		"Item2": "FishT2",
		"Item3": "FishT3"
	},
	{
		"LootTableID": "FishSalvageCatfishSmall_Qty",
		"MaxRoll": 0,
		"Item1": "1",
		"Item2": "1",
		"Item3": "1"
	},
	{
		"LootTableID": "FishSalvageCatfishSmall_Probs",
		"MaxRoll": 100000,
		"Item1": "0",
		"Item2": "0",
		"Item3": "90000"
	},
	{
		"LootTableID": "FishSalvageCatfishMedium",
		"AND/OR": "AND",
		"RollBonusSetting": "AddToRoll",
		"MaxRoll": 0,
		"Item1": "CatfishWhiskersT1",
		"Item2": "FishT2",
		"Item3": "FishT3"
	},
	{
		"LootTableID": "FishSalvageCatfishMedium_Qty",
		"MaxRoll": 0,
		"Item1": "2",
		"Item2": "2-3",
		"Item3": "2"
	},
	{
		"LootTableID": "FishSalvageCatfishMedium_Probs",
		"MaxRoll": 100000,
		"Item1": "0",
		"Item2": "0",
		"Item3": "90000"
	},
	{
		"LootTableID": "FishSalvageCatfishLarge",
		"AND/OR": "AND",
		"RollBonusSetting": "AddToRoll",
		"MaxRoll": 0,
		"Item1": "CatfishWhiskersT1",
		"Item2": "FishT2",
		"Item3": "FishT3"
	},
	{
		"LootTableID": "FishSalvageCatfishLarge_Qty",
		"MaxRoll": 0,
		"Item1": "3-4",
		"Item2": "3-4",
		"Item3": "3-4"
	},
	{
		"LootTableID": "FishSalvageCatfishLarge_Probs",
		"MaxRoll": 100000,
		"Item1": "0",
		"Item2": "0",
		"Item3": "90000"
	},
	{
		"LootTableID": "FishSalvageSculpinSmall",
		"AND/OR": "AND",
		"RollBonusSetting": "AddToRoll",
		"MaxRoll": 0,
		"Item1": "SculpinScalesT1"
	},
	{
		"LootTableID": "FishSalvageSculpinSmall_Qty",
		"MaxRoll": 0,
		"Item1": "1"
	},
	{
		"LootTableID": "FishSalvageSculpinSmall_Probs",
		"MaxRoll": 100000,
		"Item1": "0"
	},
	{
		"LootTableID": "FishSalvageSculpinMedium",
		"AND/OR": "AND",
		"RollBonusSetting": "AddToRoll",
		"MaxRoll": 0,
		"Item1": "SculpinScalesT1"
	},
	{
		"LootTableID": "FishSalvageSculpinMedium_Qty",
		"MaxRoll": 0,
		"Item1": "2"
	},
	{
		"LootTableID": "FishSalvageSculpinMedium_Probs",
		"MaxRoll": 100000,
		"Item1": "0"
	},
	{
		"LootTableID": "FishSalvageSculpinLarge",
		"AND/OR": "AND",
		"RollBonusSetting": "AddToRoll",
		"MaxRoll": 0,
		"Item1": "SculpinScalesT1"
	},
	{
		"LootTableID": "FishSalvageSculpinLarge_Qty",
		"MaxRoll": 0,
		"Item1": "3-4"
	},
	{
		"LootTableID": "FishSalvageSculpinLarge_Probs",
		"MaxRoll": 100000,
		"Item1": "0"
	},
	{
		"LootTableID": "FishSalvageSwordfishSmall",
		"AND/OR": "AND",
		"RollBonusSetting": "AddToRoll",
		"MaxRoll": 0,
		"Item1": "FishT4",
		"Item2": "FishOilT1",
		"Item3": "FishT3"
	},
	{
		"LootTableID": "FishSalvageSwordfishSmall_Qty",
		"MaxRoll": 0,
		"Item1": "1",
		"Item2": "5",
		"Item3": "1"
	},
	{
		"LootTableID": "FishSalvageSwordfishSmall_Probs",
		"MaxRoll": 100000,
		"Item1": "0",
		"Item2": "0",
		"Item3": "0"
	},
	{
		"LootTableID": "FishSalvageSwordfishMedium",
		"AND/OR": "AND",
		"RollBonusSetting": "AddToRoll",
		"MaxRoll": 0,
		"Item1": "FishT4",
		"Item2": "FishOilT1",
		"Item3": "FishT3"
	},
	{
		"LootTableID": "FishSalvageSwordfishMedium_Qty",
		"MaxRoll": 0,
		"Item1": "2-3",
		"Item2": "10",
		"Item3": "2-3"
	},
	{
		"LootTableID": "FishSalvageSwordfishMedium_Probs",
		"MaxRoll": 100000,
		"Item1": "0",
		"Item2": "0",
		"Item3": "0"
	},
	{
		"LootTableID": "FishSalvageSwordfishLarge",
		"AND/OR": "AND",
		"RollBonusSetting": "AddToRoll",
		"MaxRoll": 0,
		"Item1": "FishT4",
		"Item2": "FishOilT1",
		"Item3": "FishT3"
	},
	{
		"LootTableID": "FishSalvageSwordfishLarge_Qty",
		"MaxRoll": 0,
		"Item1": "3-4",
		"Item2": "15",
		"Item3": "3-4"
	},
	{
		"LootTableID": "FishSalvageSwordfishLarge_Probs",
		"MaxRoll": 100000,
		"Item1": "0",
		"Item2": "0",
		"Item3": "0"
	},
	{
		"LootTableID": "FishSalvageFrogfishSmall",
		"AND/OR": "AND",
		"RollBonusSetting": "AddToRoll",
		"MaxRoll": 0,
		"Item1": "FrogfishTailT1"
	},
	{
		"LootTableID": "FishSalvageFrogfishSmall_Qty",
		"MaxRoll": 0,
		"Item1": "1"
	},
	{
		"LootTableID": "FishSalvageFrogfishSmall_Probs",
		"MaxRoll": 100000,
		"Item1": "0"
	},
	{
		"LootTableID": "FishSalvageFrogfishMedium",
		"AND/OR": "AND",
		"RollBonusSetting": "AddToRoll",
		"MaxRoll": 0,
		"Item1": "FrogfishTailT1"
	},
	{
		"LootTableID": "FishSalvageFrogfishMedium_Qty",
		"MaxRoll": 0,
		"Item1": "1-2"
	},
	{
		"LootTableID": "FishSalvageFrogfishMedium_Probs",
		"MaxRoll": 100000,
		"Item1": "0"
	},
	{
		"LootTableID": "FishSalvageFrogfishLarge",
		"AND/OR": "AND",
		"RollBonusSetting": "AddToRoll",
		"MaxRoll": 0,
		"Item1": "FrogfishTailT1"
	},
	{
		"LootTableID": "FishSalvageFrogfishLarge_Qty",
		"MaxRoll": 0,
		"Item1": "2"
	},
	{
		"LootTableID": "FishSalvageFrogfishLarge_Probs",
		"MaxRoll": 100000,
		"Item1": "0"
	},
	{
		"LootTableID": "FishSalvageMadtomSmall",
		"AND/OR": "AND",
		"RollBonusSetting": "AddToRoll",
		"MaxRoll": 0,
		"Item1": "MadtomToxinT1",
		"Item2": "FishOilT1"
	},
	{
		"LootTableID": "FishSalvageMadtomSmall_Qty",
		"MaxRoll": 0,
		"Item1": "1-2",
		"Item2": "2"
	},
	{
		"LootTableID": "FishSalvageMadtomSmall_Probs",
		"MaxRoll": 100000,
		"Item1": "0",
		"Item2": "60000"
	},
	{
		"LootTableID": "FishSalvageMadtomMedium",
		"AND/OR": "AND",
		"RollBonusSetting": "AddToRoll",
		"MaxRoll": 0,
		"Item1": "MadtomToxinT1",
		"Item2": "FishOilT1"
	},
	{
		"LootTableID": "FishSalvageMadtomMedium_Qty",
		"MaxRoll": 0,
		"Item1": "2-3",
		"Item2": "3"
	},
	{
		"LootTableID": "FishSalvageMadtomMedium_Probs",
		"MaxRoll": 100000,
		"Item1": "0",
		"Item2": "60000"
	},
	{
		"LootTableID": "FishSalvageMadtomLarge",
		"AND/OR": "AND",
		"RollBonusSetting": "AddToRoll",
		"MaxRoll": 0,
		"Item1": "MadtomToxinT1",
		"Item2": "FishOilT1"
	},
	{
		"LootTableID": "FishSalvageMadtomLarge_Qty",
		"MaxRoll": 0,
		"Item1": "3-4",
		"Item2": "3-5"
	},
	{
		"LootTableID": "FishSalvageMadtomLarge_Probs",
		"MaxRoll": 100000,
		"Item1": "0",
		"Item2": "60000"
	},
	{
		"LootTableID": "FishSalvageDragonfishSmall",
		"AND/OR": "AND",
		"RollBonusSetting": "AddToRoll",
		"MaxRoll": 0,
		"Item1": "DEXINTBonusT1",
		"Item2": "DragonFishJawT5"
	},
	{
		"LootTableID": "FishSalvageDragonfishSmall_Qty",
		"MaxRoll": 0,
		"Item1": "1",
		"Item2": "1"
	},
	{
		"LootTableID": "FishSalvageDragonfishSmall_Probs",
		"MaxRoll": 100000,
		"Item1": "0",
		"Item2": "50000"
	},
	{
		"LootTableID": "FishSalvageDragonfishMedium",
		"AND/OR": "AND",
		"RollBonusSetting": "AddToRoll",
		"MaxRoll": 0,
		"Item1": "DEXINTBonusT1",
		"Item2": "DragonFishJawT5"
	},
	{
		"LootTableID": "FishSalvageDragonfishMedium_Qty",
		"MaxRoll": 0,
		"Item1": "1",
		"Item2": "2-3"
	},
	{
		"LootTableID": "FishSalvageDragonfishMedium_Probs",
		"MaxRoll": 100000,
		"Item1": "0",
		"Item2": "50000"
	},
	{
		"LootTableID": "FishSalvageDragonfishLarge",
		"AND/OR": "AND",
		"RollBonusSetting": "AddToRoll",
		"MaxRoll": 0,
		"Item1": "DEXINTBonusT1",
		"Item2": "DragonFishJawT5"
	},
	{
		"LootTableID": "FishSalvageDragonfishLarge_Qty",
		"MaxRoll": 0,
		"Item1": "1",
		"Item2": "3-4"
	},
	{
		"LootTableID": "FishSalvageDragonfishLarge_Probs",
		"MaxRoll": 100000,
		"Item1": "0",
		"Item2": "50000"
	},
	{
		"LootTableID": "FishSalvagePiranhaSmall",
		"AND/OR": "AND",
		"RollBonusSetting": "AddToRoll",
		"MaxRoll": 0,
		"Item1": "DEXINTBonusT1",
		"Item2": "PiranhaToothT5"
	},
	{
		"LootTableID": "FishSalvagePiranhaSmall_Qty",
		"MaxRoll": 0,
		"Item1": "1",
		"Item2": "1-2"
	},
	{
		"LootTableID": "FishSalvagePiranhaSmall_Probs",
		"MaxRoll": 100000,
		"Item1": "0",
		"Item2": "50000"
	},
	{
		"LootTableID": "FishSalvagePiranhaMedium",
		"AND/OR": "AND",
		"RollBonusSetting": "AddToRoll",
		"MaxRoll": 0,
		"Item1": "DEXINTBonusT1",
		"Item2": "PiranhaToothT5"
	},
	{
		"LootTableID": "FishSalvagePiranhaMedium_Qty",
		"MaxRoll": 0,
		"Item1": "1",
		"Item2": "2-3"
	},
	{
		"LootTableID": "FishSalvagePiranhaMedium_Probs",
		"MaxRoll": 100000,
		"Item1": "0",
		"Item2": "50000"
	},
	{
		"LootTableID": "FishSalvagePiranhaLarge",
		"AND/OR": "AND",
		"RollBonusSetting": "AddToRoll",
		"MaxRoll": 0,
		"Item1": "DEXINTBonusT1",
		"Item2": "PiranhaToothT5"
	},
	{
		"LootTableID": "FishSalvagePiranhaLarge_Qty",
		"MaxRoll": 0,
		"Item1": "1",
		"Item2": "3-4"
	},
	{
		"LootTableID": "FishSalvagePiranhaLarge_Probs",
		"MaxRoll": 100000,
		"Item1": "0",
		"Item2": "50000"
	},
	{
		"LootTableID": "FishSalvageSpeartoothSmall",
		"AND/OR": "AND",
		"RollBonusSetting": "AddToRoll",
		"MaxRoll": 0,
		"Item1": "DEXINTBonusT1",
		"Item2": "FishT3",
		"Item3": "FishT4"
	},
	{
		"LootTableID": "FishSalvageSpeartoothSmall_Qty",
		"MaxRoll": 0,
		"Item1": "1",
		"Item2": "1",
		"Item3": "1"
	},
	{
		"LootTableID": "FishSalvageSpeartoothSmall_Probs",
		"MaxRoll": 100000,
		"Item1": "0",
		"Item2": "0",
		"Item3": "60000"
	},
	{
		"LootTableID": "FishSalvageSpeartoothMedium",
		"AND/OR": "AND",
		"RollBonusSetting": "AddToRoll",
		"MaxRoll": 0,
		"Item1": "DEXINTBonusT1",
		"Item2": "FishT3",
		"Item3": "FishT4"
	},
	{
		"LootTableID": "FishSalvageSpeartoothMedium_Qty",
		"MaxRoll": 0,
		"Item1": "1",
		"Item2": "2-3",
		"Item3": "2-3"
	},
	{
		"LootTableID": "FishSalvageSpeartoothMedium_Probs",
		"MaxRoll": 100000,
		"Item1": "0",
		"Item2": "0",
		"Item3": "60000"
	},
	{
		"LootTableID": "FishSalvageSpeartoothLarge",
		"AND/OR": "AND",
		"RollBonusSetting": "AddToRoll",
		"MaxRoll": 0,
		"Item1": "DEXINTBonusT1",
		"Item2": "FishT3",
		"Item3": "FishT4"
	},
	{
		"LootTableID": "FishSalvageSpeartoothLarge_Qty",
		"MaxRoll": 0,
		"Item1": "1",
		"Item2": "3-4",
		"Item3": "3-4"
	},
	{
		"LootTableID": "FishSalvageSpeartoothLarge_Probs",
		"MaxRoll": 100000,
		"Item1": "0",
		"Item2": "0",
		"Item3": "60000"
	},
	{
		"LootTableID": "FishSalvageStingraySmall",
		"AND/OR": "AND",
		"RollBonusSetting": "AddToRoll",
		"MaxRoll": 0,
		"Item1": "DEXINTBonusT1",
		"Item2": "PoisonStingerT5",
		"Item3": "FishT4"
	},
	{
		"LootTableID": "FishSalvageStingraySmall_Qty",
		"MaxRoll": 0,
		"Item1": "1",
		"Item2": "1-2",
		"Item3": "1"
	},
	{
		"LootTableID": "FishSalvageStingraySmall_Probs",
		"MaxRoll": 100000,
		"Item1": "0",
		"Item2": "50000",
		"Item3": "60000"
	},
	{
		"LootTableID": "FishSalvageStingrayMedium",
		"AND/OR": "AND",
		"RollBonusSetting": "AddToRoll",
		"MaxRoll": 0,
		"Item1": "DEXINTBonusT1",
		"Item2": "PoisonStingerT5",
		"Item3": "FishT4"
	},
	{
		"LootTableID": "FishSalvageStingrayMedium_Qty",
		"MaxRoll": 0,
		"Item1": "1",
		"Item2": "2-3",
		"Item3": "2-3"
	},
	{
		"LootTableID": "FishSalvageStingrayMedium_Probs",
		"MaxRoll": 100000,
		"Item1": "0",
		"Item2": "50000",
		"Item3": "60000"
	},
	{
		"LootTableID": "FishSalvageStingrayLarge",
		"AND/OR": "AND",
		"RollBonusSetting": "AddToRoll",
		"MaxRoll": 0,
		"Item1": "DEXINTBonusT1",
		"Item2": "PoisonStingerT5",
		"Item3": "FishT4"
	},
	{
		"LootTableID": "FishSalvageStingrayLarge_Qty",
		"MaxRoll": 0,
		"Item1": "1",
		"Item2": "3-4",
		"Item3": "3-4"
	},
	{
		"LootTableID": "FishSalvageStingrayLarge_Probs",
		"MaxRoll": 100000,
		"Item1": "0",
		"Item2": "50000",
		"Item3": "60000"
	},
	{
		"LootTableID": "FishSalvageFatSalmon",
		"AND/OR": "AND",
		"RollBonusSetting": "AddToRoll",
		"MaxRoll": 0,
		"Item1": "FishT1",
		"Item2": "FishOilT1",
		"Item3": "FishT2",
		"Item4": "fishroet1"
	},
	{
		"LootTableID": "FishSalvageFatSalmon_Qty",
		"MaxRoll": 0,
		"Item1": "3-4",
		"Item2": "4-5",
		"Item3": "2-3",
		"Item4": "4-6"
	},
	{
		"LootTableID": "FishSalvageFatSalmon_Probs",
		"MaxRoll": 100000,
		"Item1": "0",
		"Item2": "60000",
		"Item3": "80000",
		"Item4": "0"
	},
	{
		"LootTableID": "FishSalvageMissionItemCatfish",
		"AND/OR": "AND",
		"RollBonusSetting": "AddToRoll",
		"MaxRoll": 0,
		"Item1": "CatfishWhiskersT1"
	},
	{
		"LootTableID": "FishSalvageMissionItemCatfish_Qty",
		"MaxRoll": 0,
		"Item1": "1"
	},
	{
		"LootTableID": "FishSalvageMissionItemCatfish_Probs",
		"MaxRoll": 100000,
		"Item1": "0"
	},
	{
		"LootTableID": "FishSalvageMissionItemSquid",
		"AND/OR": "AND",
		"RollBonusSetting": "AddToRoll",
		"MaxRoll": 0,
		"Item1": "SquidInkT1"
	},
	{
		"LootTableID": "FishSalvageMissionItemSquid_Qty",
		"MaxRoll": 0,
		"Item1": "1"
	},
	{
		"LootTableID": "FishSalvageMissionItemSquid_Probs",
		"MaxRoll": 100000,
		"Item1": "0"
	},
	{
		"LootTableID": "FishSalvageNamazu",
		"AND/OR": "AND",
		"RollBonusSetting": "AddToRoll",
		"MaxRoll": 0,
		"Item1": "House_HousingItem_Fishing_VeryRareFish_D3"
	},
	{
		"LootTableID": "FishSalvageNamazu_Qty",
		"MaxRoll": 0,
		"Item1": "1"
	},
	{
		"LootTableID": "FishSalvageNamazu_Probs",
		"MaxRoll": 100000,
		"Item1": "0"
	},
	{
		"LootTableID": "FishSalvageOgopogo",
		"AND/OR": "AND",
		"RollBonusSetting": "AddToRoll",
		"MaxRoll": 0,
		"Item1": "House_HousingItem_Fishing_VeryRareFish_B1"
	},
	{
		"LootTableID": "FishSalvageOgopogo_Qty",
		"MaxRoll": 0,
		"Item1": "1"
	},
	{
		"LootTableID": "FishSalvageOgopogo_Probs",
		"MaxRoll": 100000,
		"Item1": "0"
	},
	{
		"LootTableID": "FishSalvageTessie",
		"AND/OR": "AND",
		"RollBonusSetting": "AddToRoll",
		"MaxRoll": 0,
		"Item1": "House_HousingItem_Fishing_VeryRareFish_A3"
	},
	{
		"LootTableID": "FishSalvageTessie_Qty",
		"MaxRoll": 0,
		"Item1": "1"
	},
	{
		"LootTableID": "FishSalvageTessie_Probs",
		"MaxRoll": 100000,
		"Item1": "0"
	},
	{
		"LootTableID": "FishSalvageHafgufa",
		"AND/OR": "AND",
		"RollBonusSetting": "AddToRoll",
		"MaxRoll": 0,
		"Item1": "House_HousingItem_Fishing_VeryRareFish_C1"
	},
	{
		"LootTableID": "FishSalvageHafgufa_Qty",
		"MaxRoll": 0,
		"Item1": "1"
	},
	{
		"LootTableID": "FishSalvageHafgufa_Probs",
		"MaxRoll": 100000,
		"Item1": "0"
	},
	{
		"LootTableID": "FishSalvageAnmisema",
		"AND/OR": "AND",
		"RollBonusSetting": "AddToRoll",
		"MaxRoll": 0,
		"Item1": "BaitFishT5"
	},
	{
		"LootTableID": "FishSalvageAnmisema_Qty",
		"MaxRoll": 0,
		"Item1": "5"
	},
	{
		"LootTableID": "FishSalvageAnmisema_Probs",
		"MaxRoll": 100000,
		"Item1": "0"
	},
	{
		"LootTableID": "FishSalvageSummerMedleySturgeonSmall",
		"AND/OR": "AND",
		"RollBonusSetting": "AddToRoll",
		"MaxRoll": 0,
		"Item1": "SummerMedley_AeternumSturgeonBundle",
		"Item2": "SummerMedley_BrilliantAeternumSturgeonScale"
	},
	{
		"LootTableID": "FishSalvageSummerMedleySturgeonSmall_Qty",
		"MaxRoll": 0,
		"Item1": "3",
		"Item2": "1"
	},
	{
		"LootTableID": "FishSalvageSummerMedleySturgeonSmall_Probs",
		"MaxRoll": 100000,
		"Item1": "0",
		"Item2": "50000"
	},
	{
		"LootTableID": "FishSalvageSummerMedleySturgeonMedium",
		"AND/OR": "AND",
		"RollBonusSetting": "AddToRoll",
		"MaxRoll": 0,
		"Item1": "SummerMedley_AeternumSturgeonBundle",
		"Item2": "SummerMedley_BrilliantAeternumSturgeonScale",
		"Item3": "SummerMedley_IntactAeternumSturgeonGland"
	},
	{
		"LootTableID": "FishSalvageSummerMedleySturgeonMedium_Qty",
		"MaxRoll": 0,
		"Item1": "5",
		"Item2": "1",
		"Item3": "1"
	},
	{
		"LootTableID": "FishSalvageSummerMedleySturgeonMedium_Probs",
		"MaxRoll": 100000,
		"Item1": "0",
		"Item2": "0",
		"Item3": "90000"
	},
	{
		"LootTableID": "FishSalvageSummerMedleySturgeonLarge",
		"AND/OR": "AND",
		"RollBonusSetting": "AddToRoll",
		"MaxRoll": 0,
		"Item1": "SummerMedley_AeternumSturgeonBundle",
		"Item2": "SummerMedley_BrilliantAeternumSturgeonScale",
		"Item3": "SummerMedley_IntactAeternumSturgeonGland"
	},
	{
		"LootTableID": "FishSalvageSummerMedleySturgeonLarge_Qty",
		"MaxRoll": 0,
		"Item1": "10",
		"Item2": "2-3",
		"Item3": "1"
	},
	{
		"LootTableID": "FishSalvageSummerMedleySturgeonLarge_Probs",
		"MaxRoll": 100000,
		"Item1": "0",
		"Item2": "0",
		"Item3": "75000"
	},
	{
		"LootTableID": "FishSalvageSummerMedleyCacheT3",
		"AND/OR": "AND",
		"RollBonusSetting": "AddToRoll",
		"MaxRoll": 0,
		"Item1": "SummerMedley_PristineSoakedWood",
		"Item2": "SummerMedley_AssortedCoral",
		"Item3": "SummerMedley_PotentEtherVial",
		"Item4": "SummerMedley_CautiouslyWrappedStuffing"
	},
	{
		"LootTableID": "FishSalvageSummerMedleyCacheT3_Qty",
		"MaxRoll": 0,
		"Item1": "1-4",
		"Item2": "1-4",
		"Item3": "1-4",
		"Item4": "1-4"
	},
	{
		"LootTableID": "FishSalvageSummerMedleyCacheT3_Probs",
		"MaxRoll": 100000,
		"Item1": "0",
		"Item2": "50000",
		"Item3": "50000",
		"Item4": "75000"
	}
]