[
	{
		"Rank": 0,
		"DisplayName": "@owg_rank_merchant_1",
		"MaximumInfluence": 15000
	},
	{
		"Rank": 1,
		"DisplayName": "@owg_rank_merchant_2",
		"MaximumInfluence": 30000
	},
	{
		"Rank": 2,
		"DisplayName": "@owg_rank_merchant_3",
		"MaximumInfluence": 45000
	},
	{
		"Rank": 3,
		"DisplayName": "@owg_rank_merchant_4",
		"MaximumInfluence": 75000
	},
	{
		"Rank": 4,
		"DisplayName": "@owg_rank_merchant_5",
		"MaximumInfluence": 150000
	},
	{
		"Rank": 5,
		"DisplayName": "@owg_rank_merchant_6",
		"MaximumInfluence": 300000
	}
]