[
	{
		"CampSkinID": "CampSkin_Winter01_A",
		"ItemId": "CampSkin_Winter01_A",
		"RequiredAchievementId": "CampSkin_Unlock_CampSkin_Winter01_A",
		"IsEntitlement": false,
		"IsEnabled": true
	},
	{
		"CampSkinID": "CampSkin_Winter02_A",
		"ItemId": "CampSkin_Winter02_A",
		"IsEntitlement": true,
		"IsEnabled": true
	},
	{
		"CampSkinID": "CampSkin_Winter03_A",
		"ItemId": "CampSkin_Winter03_A",
		"IsEntitlement": true,
		"IsEnabled": true
	},
	{
		"CampSkinID": "CampSkin_Floral01_A",
		"ItemId": "CampSkin_Floral01_A",
		"IsEntitlement": true,
		"IsEnabled": true
	},
	{
		"CampSkinID": "CampSkin_Love01_A",
		"ItemId": "CampSkin_Love01_A",
		"IsEntitlement": true,
		"IsEnabled": true
	},
	{
		"CampSkinID": "CampSkin_Fortune01_A",
		"ItemId": "CampSkin_Fortune01_A",
		"IsEntitlement": true,
		"IsEnabled": true
	},
	{
		"CampSkinID": "CampSkin_Fortune02_A",
		"ItemId": "CampSkin_Fortune02_A",
		"IsEntitlement": true,
		"IsEnabled": true
	},
	{
		"CampSkinID": "CampSkin_RPG01_A",
		"ItemId": "CampSkin_RPG01_A",
		"IsEntitlement": true,
		"IsEnabled": true
	},
	{
		"CampSkinID": "CampSkin_SilentDeath01_A",
		"ItemId": "CampSkin_SilentDeath01_A",
		"IsEntitlement": true,
		"IsEnabled": true
	},
	{
		"CampSkinID": "CampSkin_SummerMedley01_A",
		"ItemId": "CampSkin_SummerMedley01_A",
		"IsEntitlement": true,
		"IsEnabled": true
	},
	{
		"CampSkinID": "CampSkin_MetalFest01_A",
		"ItemId": "CampSkin_MetalFest01_A",
		"IsEntitlement": true,
		"IsEnabled": true
	},
	{
		"CampSkinID": "CampSkin_MetalFest02_A",
		"ItemId": "CampSkin_MetalFest02_A",
		"IsEntitlement": true,
		"IsEnabled": true
	},
	{
		"CampSkinID": "CampSkin_Phoenix01_A",
		"ItemId": "CampSkin_Phoenix01_A",
		"IsEntitlement": true,
		"IsEnabled": true
	},
	{
		"CampSkinID": "CampSkin_Egyptian01_A",
		"ItemId": "CampSkin_Egyptian01_A",
		"IsEntitlement": true,
		"IsEnabled": true
	},
	{
		"CampSkinID": "CampSkin_Egyptian02_A",
		"ItemId": "CampSkin_Egyptian02_A",
		"IsEntitlement": true,
		"IsEnabled": true
	},
	{
		"CampSkinID": "CampSkin_Nightmare01_A",
		"ItemId": "CampSkin_Nightmare01_A",
		"IsEntitlement": true,
		"IsEnabled": true
	},
	{
		"CampSkinID": "CampSkin_Nightmare02_A",
		"ItemId": "CampSkin_Nightmare02_A",
		"IsEntitlement": true,
		"IsEnabled": true
	},
	{
		"CampSkinID": "CampSkin_Nightmare03_A",
		"ItemId": "CampSkin_Nightmare03_A",
		"IsEntitlement": true,
		"IsEnabled": true
	},
	{
		"CampSkinID": "CampSkin_DarkFae01_A",
		"ItemId": "CampSkin_DarkFae01_A",
		"IsEntitlement": true,
		"IsEnabled": true
	},
	{
		"CampSkinID": "CampSkin_DarkFae02_A",
		"ItemId": "CampSkin_DarkFae02_A",
		"IsEntitlement": true,
		"IsEnabled": true
	},
	{
		"CampSkinID": "CampSkin_Winter04_A",
		"ItemId": "CampSkin_Winter04_A",
		"IsEntitlement": true,
		"IsEnabled": true
	},
	{
		"CampSkinID": "CampSkin_Winter05_A",
		"ItemId": "CampSkin_Winter05_A",
		"IsEntitlement": true,
		"IsEnabled": true
	},
	{
		"CampSkinID": "CampSkin_SilverCrowsFire01_A",
		"ItemId": "CampSkin_SilverCrowsFire01_A",
		"IsEntitlement": true,
		"IsEnabled": true
	},
	{
		"CampSkinID": "CampSkin_Firelight01_A",
		"ItemId": "CampSkin_Firelight01_A",
		"IsEntitlement": true,
		"IsEnabled": true
	},
	{
		"CampSkinID": "CampSkin_Firelight01_B",
		"ItemId": "CampSkin_Firelight01_B",
		"IsEntitlement": true,
		"IsEnabled": true
	},
	{
		"CampSkinID": "CampSkin_FrontierWaste01_A",
		"ItemId": "CampSkin_FrontierWaste01_A",
		"IsEntitlement": true,
		"IsEnabled": true
	},
	{
		"CampSkinID": "CampSkin_BloodSand01_A",
		"ItemId": "CampSkin_BloodSand01_A",
		"IsEntitlement": true,
		"IsEnabled": true
	},
	{
		"CampSkinID": "CampSkin_Seance01_A",
		"ItemId": "CampSkin_Seance01_A",
		"IsEntitlement": true,
		"IsEnabled": true
	},
	{
		"CampSkinID": "CampSkin_FirstLight01_A",
		"ItemId": "CampSkin_FirstLight01_A",
		"IsEntitlement": true,
		"IsEnabled": true
	},
	{
		"CampSkinID": "CampSkin_FirstLightElven_A",
		"ItemId": "CampSkin_FirstLightElven_A",
		"IsEntitlement": true,
		"IsEnabled": true
	},
	{
		"CampSkinID": "CampSkin_FirstLightTwitch_A",
		"ItemId": "CampSkin_FirstLightTwitch_A",
		"IsEntitlement": true,
		"IsEnabled": true
	},
	{
		"CampSkinID": "CampSkin_SovereignsRest_A",
		"ItemId": "CampSkin_SovereignsRest_A",
		"IsEntitlement": true,
		"IsEnabled": true
	},
	{
		"CampSkinID": "CampSkin_HexedCanopy_A",
		"ItemId": "CampSkin_HexedCanopy_A",
		"IsEntitlement": true,
		"IsEnabled": true
	},
	{
		"CampSkinID": "CampSkin_FirstLightElven_02",
		"ItemId": "CampSkin_FirstLightElven_02",
		"IsEntitlement": true,
		"IsEnabled": true
	},
	{
		"CampSkinID": "CampSkin_Igloo_A",
		"ItemId": "CampSkin_Igloo_A",
		"IsEntitlement": true,
		"IsEnabled": true
	},
	{
		"CampSkinID": "CampSkin_TheTower_A",
		"ItemId": "CampSkin_TheTower_A",
		"IsEntitlement": true,
		"IsEnabled": true
	},
	{
		"CampSkinID": "CampSkin_Ronin_01",
		"ItemId": "CampSkin_Ronin_01",
		"IsEntitlement": true,
		"IsEnabled": true
	},
	{
		"CampSkinID": "CampSkin_Reaper01_A",
		"ItemId": "CampSkin_Reaper01_A",
		"IsEntitlement": true,
		"IsEnabled": true
	},
	{
		"CampSkinID": "CampSkin_Spring01_A",
		"ItemId": "CampSkin_Spring01_A",
		"IsEntitlement": true,
		"IsEnabled": true
	},
	{
		"CampSkinID": "CampSkin_Hecate01_A",
		"ItemId": "CampSkin_Hecate01_A",
		"IsEntitlement": true,
		"IsEnabled": true
	},
	{
		"CampSkinID": "CampSkin_Season6_A",
		"ItemId": "CampSkin_Season6_A",
		"IsEntitlement": true,
		"IsEnabled": true
	},
	{
		"CampSkinID": "CampSkin_Season7_A",
		"ItemId": "CampSkin_Season7_A",
		"IsEntitlement": true,
		"IsEnabled": true
	},
	{
		"CampSkinID": "CampSkin_Season7_B",
		"ItemId": "CampSkin_Season7_B",
		"IsEntitlement": true,
		"IsEnabled": true
	},
	{
		"CampSkinID": "CampSkin_Valkyrie_A",
		"ItemId": "CampSkin_Valkyrie_A",
		"IsEntitlement": true,
		"IsEnabled": true
	},
	{
		"CampSkinID": "CampSkin_Season8_A",
		"ItemId": "CampSkin_Season8_A",
		"IsEntitlement": true,
		"IsEnabled": true
	}
]