[
	{
		"StructureID": "Structure_Spring",
		"Tickrate": 60,
		"OutputItem": "WaterT1",
		"OutputQty": 1,
		"TooltipText": "Use Charcoal to generate purified water.",
		"FuelCategory": "FuelCharcoal",
		"TickrateProximityFactor": 0.2
	},
	{
		"StructureID": "Structure_Well",
		"Tickrate": 30,
		"OutputItem": "WaterT1",
		"OutputQty": 1,
		"TooltipText": "Use Charcoal to generate purified water.",
		"FuelCategory": "FuelCharcoal",
		"TickrateProximityFactor": 0.2
	},
	{
		"StructureID": "Structure_Altar",
		"Tickrate": 60,
		"OutputQty": 1,
		"TooltipText": "Provide offerings of meat or incense to generate Soul Essence.",
		"FuelCategory": "FuelSacrifice",
		"TickrateProximityFactor": 0.2
	},
	{
		"StructureID": "Structure_Shrine",
		"Tickrate": 60,
		"OutputQty": 1,
		"TooltipText": "Provide offerings of meat or incense to generate Life Essence.",
		"FuelCategory": "FuelSacrifice",
		"TickrateProximityFactor": 0.2
	},
	{
		"StructureID": "Structure_TorchPost",
		"Tickrate": 600,
		"OutputQty": 10,
		"TooltipText": "Place a torch in the Torch Post to provide light to an area.",
		"FuelCategory": "FuelTorch",
		"TickrateProximityFactor": 0.2
	},
	{
		"StructureID": "Structure_LampPost",
		"Tickrate": 180,
		"OutputQty": 0,
		"TooltipText": "Burn animal fat to provide light to an area.",
		"FuelCategory": "FuelAnimalFat",
		"TickrateProximityFactor": 0.2
	},
	{
		"StructureID": "Structure_Outhouse",
		"Tickrate": 60,
		"OutputItem": "CompostT2",
		"OutputQty": 1,
		"TooltipText": "Place food in the outhouse to generate compost.",
		"FuelCategory": "FuelOuthouse",
		"TickrateProximityFactor": 0.2
	},
	{
		"StructureID": "Structure_SaplingSnare",
		"Tickrate": 300,
		"OutputQty": 1,
		"TooltipText": "Catches small game after a time.",
		"FuelCategory": "FuelCharcoal",
		"TickrateProximityFactor": 0.2
	},
	{
		"StructureID": "TurkeyCoop",
		"Tickrate": 480,
		"OutputItem": "TurkeyItemT2",
		"OutputQty": 1,
		"TooltipText": "Generates a Turkey.",
		"TickrateProximityFactor": 0
	},
	{
		"StructureID": "AnimalPen",
		"Tickrate": 480,
		"OutputItem": "PigItemT2",
		"OutputQty": 1,
		"TooltipText": "Generates a Pig.",
		"TickrateProximityFactor": 0
	},
	{
		"StructureID": "Structure_Azure",
		"Tickrate": 5,
		"OutputItem": "AzureT1",
		"OutputQty": 1,
		"TooltipText": "Use  harvest Azure.",
		"TickrateProximityFactor": 0.2
	},
	{
		"StructureID": "SiegeSupplyGeneratorT1",
		"Tickrate": 10,
		"OutputItem": "SiegeSupply",
		"OutputQty": 5,
		"TooltipText": "Generates Siege Supplies.",
		"TickrateProximityFactor": 0.2
	},
	{
		"StructureID": "SiegeSupplyGeneratorT2",
		"Tickrate": 10,
		"OutputItem": "SiegeSupply",
		"OutputQty": 10,
		"TooltipText": "Generates Siege Supplies.",
		"TickrateProximityFactor": 0.2
	},
	{
		"StructureID": "SiegeSupplyGeneratorT3",
		"Tickrate": 10,
		"OutputItem": "SiegeSupply",
		"OutputQty": 15,
		"TooltipText": "Generates Siege Supplies.",
		"TickrateProximityFactor": 0.2
	}
]