[
	{
		"Rank": 0,
		"DisplayName": "@ui_event_spring_rank_0",
		"MaximumInfluence": 1000,
		"RequiredLevel": 0,
		"InfluenceCost": 0,
		"CurrencyCost": 0,
		"AzothCost": 0,
		"SanityCheck": false,
		"EntitlementId": 0
	},
	{
		"Rank": 1,
		"DisplayName": "@ui_event_spring_rank_1",
		"MaximumInfluence": 3000,
		"RequiredLevel": 0,
		"InfluenceCost": 0,
		"CurrencyCost": 0,
		"AzothCost": 0,
		"SanityCheck": true,
		"EntitlementId": 0
	},
	{
		"Rank": 2,
		"DisplayName": "@ui_event_spring_rank_2",
		"MaximumInfluence": 7000,
		"RequiredLevel": 0,
		"InfluenceCost": 0,
		"CurrencyCost": 0,
		"AzothCost": 0,
		"SanityCheck": true,
		"EntitlementId": 0
	}
]