[
	{
		"AbilityID": "Ability_Sword_ReverseStab",
		"Time": 20,
		"MinTime": 0,
		"WeaponTag": "Sword"
	},
	{
		"AbilityID": "Ability_Sword_WhirlingBlade",
		"Time": 15,
		"MinTime": 0,
		"WeaponTag": "Sword"
	},
	{
		"AbilityID": "Ability_Sword_Rush",
		"Time": 20,
		"MinTime": 0,
		"WeaponTag": "Sword"
	},
	{
		"AbilityID": "Ability_Sword_Bash",
		"Time": 25,
		"MinTime": 0,
		"WeaponTag": "Sword"
	},
	{
		"AbilityID": "Ability_Sword_FinalStand",
		"Time": 35,
		"MinTime": 0,
		"WeaponTag": "Sword"
	},
	{
		"AbilityID": "Ability_Sword_LeapingStrike",
		"Time": 18,
		"MinTime": 0,
		"WeaponTag": "Sword"
	},
	{
		"AbilityID": "Ability_Greataxe_Whirlwind",
		"Time": 30,
		"MinTime": 0,
		"WeaponTag": "GreatAxe"
	},
	{
		"AbilityID": "Ability_Greataxe_Charge",
		"Time": 20,
		"MinTime": 0,
		"WeaponTag": "GreatAxe"
	},
	{
		"AbilityID": "Ability_Greataxe_Executioner",
		"Time": 20,
		"MinTime": 0,
		"WeaponTag": "GreatAxe"
	},
	{
		"AbilityID": "Ability_Greataxe_Reap",
		"Time": 18,
		"MinTime": 0,
		"WeaponTag": "GreatAxe"
	},
	{
		"AbilityID": "Ability_Greataxe_Maelstorm",
		"Time": 20,
		"MinTime": 0,
		"WeaponTag": "GreatAxe"
	},
	{
		"AbilityID": "Ability_Greataxe_GravityWell",
		"Time": 30,
		"MinTime": 0,
		"WeaponTag": "GreatAxe"
	},
	{
		"AbilityID": "Ability_WarHammer_ArmorBreaker",
		"Time": 12,
		"MinTime": 0,
		"WeaponTag": "Warhammer"
	},
	{
		"AbilityID": "Ability_WarHammer_MightyGavel",
		"Time": 20,
		"MinTime": 0,
		"WeaponTag": "Warhammer"
	},
	{
		"AbilityID": "Ability_WarHammer_WreckingBall",
		"Time": 15,
		"MinTime": 0,
		"WeaponTag": "Warhammer"
	},
	{
		"AbilityID": "Ability_WarHammer_ClearOut",
		"Time": 15,
		"MinTime": 0,
		"WeaponTag": "Warhammer"
	},
	{
		"AbilityID": "Ability_WarHammer_Shockwave",
		"Time": 20,
		"MinTime": 0,
		"WeaponTag": "Warhammer"
	},
	{
		"AbilityID": "Ability_WarHammer_PathOfDestiny",
		"Time": 22,
		"MinTime": 0,
		"WeaponTag": "Warhammer"
	},
	{
		"AbilityID": "Ability_Hatchet_SocialDistancing",
		"Time": 18,
		"MinTime": 0,
		"WeaponTag": "Axe"
	},
	{
		"AbilityID": "Ability_Hatchet_RendingThrow",
		"Time": 8,
		"MinTime": 0,
		"WeaponTag": "Axe"
	},
	{
		"AbilityID": "Ability_Hatchet_InfectedThrow",
		"Time": 15,
		"MinTime": 0,
		"WeaponTag": "Axe"
	},
	{
		"AbilityID": "Ability_Hatchet_Berserk",
		"Time": 18,
		"MinTime": 0,
		"WeaponTag": "Axe"
	},
	{
		"AbilityID": "Ability_Hatchet_FeralRush",
		"Time": 12,
		"MinTime": 0,
		"WeaponTag": "Axe"
	},
	{
		"AbilityID": "Ability_Hatchet_RagingTorrent",
		"Time": 15,
		"MinTime": 0,
		"WeaponTag": "Axe"
	},
	{
		"AbilityID": "Ability_Musket_PowerShot",
		"Time": 12,
		"MinTime": 0,
		"WeaponTag": "Rifle"
	},
	{
		"AbilityID": "Ability_Musket_ShootersStance",
		"Time": 18,
		"MinTime": 0,
		"WeaponTag": "Rifle"
	},
	{
		"AbilityID": "Ability_Musket_PowderBurn",
		"Time": 15,
		"MinTime": 0,
		"WeaponTag": "Rifle"
	},
	{
		"AbilityID": "Ability_Musket_Traps",
		"Time": 20,
		"MinTime": 0,
		"WeaponTag": "Rifle"
	},
	{
		"AbilityID": "Ability_Musket_StoppingPower",
		"Time": 20,
		"MinTime": 0,
		"WeaponTag": "Rifle"
	},
	{
		"AbilityID": "Ability_Musket_StickyBomb",
		"Time": 12,
		"MinTime": 0,
		"WeaponTag": "Rifle"
	},
	{
		"AbilityID": "Ability_Bow_RapidShot",
		"Time": 14,
		"MinTime": 0,
		"WeaponTag": "Bow"
	},
	{
		"AbilityID": "Ability_Bow_EvadeShot",
		"Time": 15,
		"MinTime": 0,
		"WeaponTag": "Bow"
	},
	{
		"AbilityID": "Ability_Bow_PenetratingShot",
		"Time": 18,
		"MinTime": 0,
		"WeaponTag": "Bow"
	},
	{
		"AbilityID": "Ability_Bow_SplinterShot",
		"Time": 22,
		"MinTime": 0,
		"WeaponTag": "Bow"
	},
	{
		"AbilityID": "Ability_Bow_PoisonShot",
		"Time": 20,
		"MinTime": 0,
		"WeaponTag": "Bow"
	},
	{
		"AbilityID": "Ability_Bow_RainofArrows",
		"Time": 20,
		"MinTime": 0,
		"WeaponTag": "Bow"
	},
	{
		"AbilityID": "Ability_Lifestaff_DivineEmbrace",
		"Time": 6,
		"MinTime": 0,
		"WeaponTag": "MagicStaff"
	},
	{
		"AbilityID": "Ability_Lifestaff_SacredGround",
		"Time": 20,
		"MinTime": 0,
		"WeaponTag": "MagicStaff"
	},
	{
		"AbilityID": "Ability_Lifestaff_SplashofLight",
		"Time": 15,
		"MinTime": 0,
		"WeaponTag": "MagicStaff"
	},
	{
		"AbilityID": "Ability_Lifestaff_OrbofProtection",
		"Time": 10,
		"MinTime": 0,
		"WeaponTag": "MagicStaff"
	},
	{
		"AbilityID": "Ability_Lifestaff_LightsEmbrace",
		"Time": 4,
		"MinTime": 0,
		"WeaponTag": "MagicStaff"
	},
	{
		"AbilityID": "Ability_Lifestaff_Beacon",
		"Time": 35,
		"MinTime": 0,
		"WeaponTag": "MagicStaff"
	},
	{
		"AbilityID": "Ability_Firestaff_Fireball",
		"Time": 15,
		"MinTime": 0,
		"WeaponTag": "MagicStaff"
	},
	{
		"AbilityID": "Ability_Firestaff_PillarofFire",
		"Time": 15,
		"MinTime": 0,
		"WeaponTag": "MagicStaff"
	},
	{
		"AbilityID": "Ability_Firestaff_MeteorShower",
		"Time": 18,
		"MinTime": 0,
		"WeaponTag": "MagicStaff"
	},
	{
		"AbilityID": "Ability_Firestaff_BurnOut",
		"Time": 20,
		"MinTime": 0,
		"WeaponTag": "MagicStaff"
	},
	{
		"AbilityID": "Ability_Firestaff_Incinerate",
		"Time": 12,
		"MinTime": 0,
		"WeaponTag": "MagicStaff"
	},
	{
		"AbilityID": "Ability_Firestaff_FlameThrower",
		"Time": 8,
		"MinTime": 0,
		"WeaponTag": "MagicStaff"
	},
	{
		"AbilityID": "Ability_Spear_Javelin",
		"Time": 15,
		"MinTime": 0,
		"WeaponTag": "Spear"
	},
	{
		"AbilityID": "Ability_Spear_Skewer",
		"Time": 15,
		"MinTime": 0,
		"WeaponTag": "Spear"
	},
	{
		"AbilityID": "Ability_Spear_Perforate",
		"Time": 12,
		"MinTime": 0,
		"WeaponTag": "Spear"
	},
	{
		"AbilityID": "Ability_Spear_Sweep",
		"Time": 10,
		"MinTime": 0,
		"WeaponTag": "Spear"
	},
	{
		"AbilityID": "Ability_Spear_Cyclone",
		"Time": 12,
		"MinTime": 0,
		"WeaponTag": "Spear"
	},
	{
		"AbilityID": "Ability_Spear_VaultKick",
		"Time": 15,
		"MinTime": 0,
		"WeaponTag": "Spear"
	},
	{
		"AbilityID": "Ability_Rapier_Slash",
		"Time": 6,
		"MinTime": 0,
		"WeaponTag": "Rapier"
	},
	{
		"AbilityID": "Ability_Rapier_Flurry",
		"Time": 16,
		"MinTime": 0,
		"WeaponTag": "Rapier"
	},
	{
		"AbilityID": "Ability_Rapier_Flourish",
		"Time": 20,
		"MinTime": 0,
		"WeaponTag": "Rapier"
	},
	{
		"AbilityID": "Ability_Rapier_Riposte",
		"Time": 18,
		"MinTime": 0,
		"WeaponTag": "Rapier"
	},
	{
		"AbilityID": "Ability_Rapier_Lunge",
		"Time": 16,
		"MinTime": 0,
		"WeaponTag": "Rapier"
	},
	{
		"AbilityID": "Ability_Rapier_Evasion",
		"Time": 12,
		"MinTime": 0,
		"WeaponTag": "Rapier"
	},
	{
		"AbilityID": "Ability_Rapier_Aerial_Lunge_Intro",
		"Time": 20,
		"MinTime": 0,
		"WeaponTag": "Rapier"
	},
	{
		"AbilityID": "IceMagic_Spikes",
		"Time": 10,
		"MinTime": 0,
		"WeaponTag": "MagicGauntlet"
	},
	{
		"AbilityID": "IceMagic_IceStorm",
		"Time": 20,
		"MinTime": 0,
		"WeaponTag": "MagicGauntlet"
	},
	{
		"AbilityID": "IceMagic_WindChill",
		"Time": 15,
		"MinTime": 0,
		"WeaponTag": "MagicGauntlet"
	},
	{
		"AbilityID": "IceMagic_Entombed",
		"Time": 30,
		"MinTime": 0,
		"WeaponTag": "MagicGauntlet"
	},
	{
		"AbilityID": "IceMagic_IceShower",
		"Time": 30,
		"MinTime": 0,
		"WeaponTag": "MagicGauntlet"
	},
	{
		"AbilityID": "IceMagic_IcePylon",
		"Time": 10,
		"MinTime": 0,
		"WeaponTag": "MagicGauntlet"
	},
	{
		"AbilityID": "Ability_VoidGauntlet_VoidBlade",
		"Time": 10,
		"MinTime": 0,
		"WeaponTag": "VoidGauntlet"
	},
	{
		"AbilityID": "Ability_VoidGauntlet_NullChamber",
		"Time": 20,
		"MinTime": 0,
		"WeaponTag": "VoidGauntlet"
	},
	{
		"AbilityID": "Ability_VoidGauntlet_Scream",
		"Time": 25,
		"MinTime": 0,
		"WeaponTag": "VoidGauntlet"
	},
	{
		"AbilityID": "Ability_VoidGauntlet_DecayingOrb",
		"Time": 15,
		"MinTime": 0,
		"WeaponTag": "VoidGauntlet"
	},
	{
		"AbilityID": "Ability_VoidGauntlet_DrainingTether",
		"Time": 25,
		"MinTime": 0,
		"WeaponTag": "VoidGauntlet"
	},
	{
		"AbilityID": "Ability_VoidGauntlet_EssenceRupture",
		"Time": 20,
		"MinTime": 0,
		"WeaponTag": "VoidGauntlet"
	},
	{
		"AbilityID": "Ability_Blunderbuss_ClawShot",
		"Time": 20,
		"MinTime": 0,
		"WeaponTag": "Blunderbuss"
	},
	{
		"AbilityID": "Ability_Blunderbuss_NetShot",
		"Time": 20,
		"MinTime": 0,
		"WeaponTag": "Blunderbuss"
	},
	{
		"AbilityID": "Ability_Blunderbuss_VortexShot",
		"Time": 30,
		"MinTime": 0,
		"WeaponTag": "Blunderbuss"
	},
	{
		"AbilityID": "Ability_Blunderbuss_SplittingGrenade",
		"Time": 30,
		"MinTime": 0,
		"WeaponTag": "Blunderbuss"
	},
	{
		"AbilityID": "Ability_Blunderbuss_AzothShrapnelBlast",
		"Time": 14,
		"MinTime": 0,
		"WeaponTag": "Blunderbuss"
	},
	{
		"AbilityID": "Ability_Blunderbuss_MortarShot",
		"Time": 18,
		"MinTime": 0,
		"WeaponTag": "Blunderbuss"
	},
	{
		"AbilityID": "Ability_Blunderbuss_Charge",
		"Time": 2,
		"MinTime": 0,
		"WeaponTag": "Blunderbuss"
	},
	{
		"AbilityID": "Ability_Greatsword_DashAttack",
		"Time": 20,
		"MinTime": 0,
		"WeaponTag": "Greatsword"
	},
	{
		"AbilityID": "Ability_Greatsword_Combo",
		"Time": 20,
		"MinTime": 0,
		"WeaponTag": "Greatsword"
	},
	{
		"AbilityID": "Ability_Greatsword_DefenseBreak",
		"Time": 18,
		"MinTime": 0,
		"WeaponTag": "Greatsword"
	},
	{
		"AbilityID": "Ability_Greatsword_Counter",
		"Time": 20,
		"MinTime": 0,
		"WeaponTag": "Greatsword"
	},
	{
		"AbilityID": "Ability_Greatsword_DrainAttack",
		"Time": 18,
		"MinTime": 0,
		"WeaponTag": "Greatsword"
	},
	{
		"AbilityID": "Ability_Greatsword_Burst",
		"Time": 20,
		"MinTime": 0,
		"WeaponTag": "Greatsword"
	},
	{
		"AbilityID": "Ability_Flail_Slam",
		"Time": 18,
		"MinTime": 0,
		"WeaponTag": "Flail"
	},
	{
		"AbilityID": "Ability_Flail_Blast",
		"Time": 20,
		"MinTime": 0,
		"WeaponTag": "Flail"
	},
	{
		"AbilityID": "Ability_Flail_Burst",
		"Time": 16,
		"MinTime": 0,
		"WeaponTag": "Flail"
	},
	{
		"AbilityID": "Ability_Flail_Charge",
		"Time": 25,
		"MinTime": 0,
		"WeaponTag": "Flail"
	},
	{
		"AbilityID": "Ability_Flail_Trip",
		"Time": 18,
		"MinTime": 0,
		"WeaponTag": "Flail"
	},
	{
		"AbilityID": "Ability_Flail_DefensiveStrike",
		"Time": 22,
		"MinTime": 0,
		"WeaponTag": "Flail"
	}
]