[
	{
		"UniqueTagID": "Emote_Sit",
		"FragmentName": "Emote_Sit",
		"DisplayName": "ui_emote_sit",
		"DisplayDescription": "ui_emote_sit_description",
		"DisplayGroup": "Default",
		"ChatBoxText": "@emote_sit",
		"SlashCommand": "sit",
		"IsEntitlement": 0,
		"IsPremiumEmote": 0,
		"IsEnabled": 1,
		"HasCooldown": 0,
		"DisplayPriority": 1,
		"UiImage": "lyshineui/images/icons/emotes/emote_sit.webp",
		"EmoteDuration": 0
	},
	{
		"UniqueTagID": "Emote_Flex1",
		"FragmentName": "Emote_Flex1",
		"DisplayName": "ui_emote_flex",
		"DisplayDescription": "ui_emote_flex_description",
		"DisplayGroup": "Default",
		"ChatBoxText": "@emote_flex1",
		"IsEntitlement": 0,
		"IsPremiumEmote": 0,
		"IsEnabled": 0,
		"HasCooldown": 0,
		"DisplayPriority": 1,
		"UiImage": "lyshineui/images/icons/emotes/emote_flex.webp",
		"EmoteDuration": 0
	},
	{
		"UniqueTagID": "Emote_Flex2",
		"FragmentName": "Emote_Flex2",
		"DisplayName": "ui_emote_flex2",
		"DisplayDescription": "ui_emote_flex2_description",
		"DisplayGroup": "Default",
		"ChatBoxText": "@emote_flex2",
		"SlashCommand": "flex",
		"IsEntitlement": 0,
		"IsPremiumEmote": 0,
		"IsEnabled": 1,
		"HasCooldown": 0,
		"DisplayPriority": 1,
		"UiImage": "lyshineui/images/icons/emotes/emote_flex2.webp",
		"EmoteDuration": 0
	},
	{
		"UniqueTagID": "Emote_LoudPoint",
		"FragmentName": "Emote_LoudPoint",
		"DisplayName": "ui_emote_go",
		"DisplayDescription": "ui_emote_go_description",
		"DisplayGroup": "Default",
		"ChatBoxText": "@emote_loudpoint",
		"SlashCommand": "go",
		"SecondarySlashCommand": "point",
		"IsEntitlement": 0,
		"IsPremiumEmote": 0,
		"IsEnabled": 1,
		"HasCooldown": 0,
		"DisplayPriority": 1,
		"UiImage": "lyshineui/images/icons/emotes/emote_go.webp",
		"EmoteDuration": 0
	},
	{
		"UniqueTagID": "Emote_OverHere",
		"FragmentName": "Emote_OverHere",
		"DisplayName": "ui_emote_here",
		"DisplayDescription": "ui_emote_here_description",
		"DisplayGroup": "Default",
		"ChatBoxText": "@emote_overhere",
		"SlashCommand": "here",
		"SecondarySlashCommand": "come",
		"IsEntitlement": 0,
		"IsPremiumEmote": 0,
		"IsEnabled": 1,
		"HasCooldown": 0,
		"DisplayPriority": 1,
		"UiImage": "lyshineui/images/icons/emotes/emote_here.webp",
		"EmoteDuration": 0
	},
	{
		"UniqueTagID": "Emote_Wave",
		"FragmentName": "Emote_Wave",
		"DisplayName": "ui_emote_wave",
		"DisplayDescription": "ui_emote_wave_description",
		"DisplayGroup": "Default",
		"ChatBoxText": "@emote_wave",
		"SlashCommand": "wave",
		"IsEntitlement": 0,
		"IsPremiumEmote": 0,
		"IsEnabled": 1,
		"HasCooldown": 0,
		"DisplayPriority": 1,
		"UiImage": "lyshineui/images/icons/emotes/emote_wave.webp",
		"EmoteDuration": 0
	},
	{
		"UniqueTagID": "Emote_NoDeal",
		"FragmentName": "Emote_NoDeal",
		"DisplayName": "ui_emote_nono",
		"DisplayDescription": "ui_emote_nono_description",
		"DisplayGroup": "Default",
		"ChatBoxText": "@emote_nodeal",
		"SlashCommand": "no",
		"SecondarySlashCommand": "notlikethis",
		"IsEntitlement": 0,
		"IsPremiumEmote": 0,
		"IsEnabled": 1,
		"HasCooldown": 0,
		"DisplayPriority": 1,
		"UiImage": "lyshineui/images/icons/emotes/emote_no.webp",
		"EmoteDuration": 0
	},
	{
		"UniqueTagID": "Emote_Cheer",
		"FragmentName": "Emote_Cheer",
		"DisplayName": "ui_emote_cheer",
		"DisplayDescription": "ui_emote_cheer_description",
		"DisplayGroup": "Default",
		"ChatBoxText": "@emote_cheer",
		"SlashCommand": "cheer",
		"IsEntitlement": 0,
		"IsPremiumEmote": 0,
		"IsEnabled": 1,
		"HasCooldown": 0,
		"DisplayPriority": 1,
		"UiImage": "lyshineui/images/icons/emotes/emote_cheer.webp",
		"EmoteDuration": 0
	},
	{
		"UniqueTagID": "Emote_DiceRoll",
		"FragmentName": "Emote_DiceRoll",
		"DisplayName": "ui_emote_Dice",
		"DisplayDescription": "ui_emote_Dice_description",
		"DisplayGroup": "Default",
		"ChatBoxText": "@emote_diceroll",
		"SlashCommand": "dice",
		"SecondarySlashCommand": "roll",
		"IsEntitlement": 0,
		"IsPremiumEmote": 0,
		"IsEnabled": 1,
		"HasCooldown": 0,
		"DisplayPriority": 1,
		"UiImage": "lyshineui/images/icons/emotes/emote_diceroll.webp",
		"EmoteDuration": 0
	},
	{
		"UniqueTagID": "Emote_2ThumbsUp",
		"FragmentName": "Emote_2ThumbsUp",
		"DisplayName": "ui_emote_thumbs",
		"DisplayDescription": "ui_emote_thumbs_description",
		"DisplayGroup": "Default",
		"ChatBoxText": "@emote_2thumbsup",
		"SlashCommand": "thumbs",
		"SecondarySlashCommand": "gg",
		"IsEntitlement": 0,
		"IsPremiumEmote": 0,
		"IsEnabled": 1,
		"HasCooldown": 0,
		"DisplayPriority": 1,
		"UiImage": "lyshineui/images/icons/emotes/emote_thumbs.webp",
		"EmoteDuration": 0
	},
	{
		"UniqueTagID": "Emote_IrishDance",
		"FragmentName": "Emote_IrishDance",
		"DisplayName": "ui_emote_dance1",
		"DisplayDescription": "ui_emote_dance1_description",
		"DisplayGroup": "Default",
		"ChatBoxText": "@emote_dance1",
		"SlashCommand": "dance",
		"IsEntitlement": 0,
		"IsPremiumEmote": 0,
		"IsEnabled": 1,
		"HasCooldown": 0,
		"DisplayPriority": 1,
		"UiImage": "lyshineui/images/icons/emotes/emote_dance01.webp",
		"GatherableTags": "dance",
		"EmoteDuration": 7
	},
	{
		"UniqueTagID": "Emote_ThroatSlit",
		"FragmentName": "Emote_ThroatSlit",
		"DisplayName": "ui_emote_kill",
		"DisplayDescription": "ui_emote_kill_description",
		"DisplayGroup": "Default",
		"ChatBoxText": "@emote_throatslit",
		"SlashCommand": "kill",
		"SecondarySlashCommand": "threaten",
		"IsEntitlement": 1,
		"IsPremiumEmote": 0,
		"IsEnabled": 1,
		"HasCooldown": 0,
		"DisplayPriority": 2,
		"UiImage": "lyshineui/images/icons/emotes/emote_throatslit.webp",
		"EmoteDuration": 0
	},
	{
		"UniqueTagID": "Emote_Bow",
		"FragmentName": "Emote_Bow",
		"DisplayName": "ui_emote_Bow",
		"DisplayDescription": "ui_emote_Bow_description",
		"DisplayGroup": "Friendly",
		"ChatBoxText": "@emote_bow",
		"SlashCommand": "bow",
		"IsEntitlement": 1,
		"IsPremiumEmote": 0,
		"IsEnabled": 1,
		"HasCooldown": 0,
		"DisplayPriority": 1,
		"UiImage": "lyshineui/images/icons/emotes/emote_bow.webp",
		"EmoteDuration": 0
	},
	{
		"UniqueTagID": "Emote_EyesOnYou",
		"FragmentName": "Emote_EyesOnYou",
		"DisplayName": "ui_emote_Watching",
		"DisplayDescription": "ui_emote_Watching_description",
		"DisplayGroup": "Taunt",
		"ChatBoxText": "@emote_eyesonyou",
		"SlashCommand": "eyes",
		"IsEntitlement": 1,
		"IsPremiumEmote": 0,
		"IsEnabled": 1,
		"HasCooldown": 0,
		"DisplayPriority": 1,
		"UiImage": "lyshineui/images/icons/emotes/emote_eyesonyou.webp",
		"EmoteDuration": 0
	},
	{
		"UniqueTagID": "Emote_Pray",
		"FragmentName": "Emote_Pray",
		"DisplayName": "ui_emote_pray",
		"DisplayDescription": "ui_emote_pray_description",
		"DisplayGroup": "Other",
		"ChatBoxText": "@emote_pray",
		"SlashCommand": "pray",
		"IsEntitlement": 1,
		"IsPremiumEmote": 0,
		"IsEnabled": 1,
		"HasCooldown": 0,
		"DisplayPriority": 1,
		"UiImage": "lyshineui/images/icons/emotes/emote_pray.webp",
		"EmoteDuration": 0
	},
	{
		"UniqueTagID": "Emote_Shhh",
		"FragmentName": "Emote_Shhh",
		"DisplayName": "ui_emote_shhh",
		"DisplayDescription": "ui_emote_shhh_description",
		"DisplayGroup": "Direction",
		"ChatBoxText": "@emote_shhh",
		"SlashCommand": "shhh",
		"SecondarySlashCommand": "hush",
		"IsEntitlement": 1,
		"IsPremiumEmote": 0,
		"IsEnabled": 1,
		"HasCooldown": 0,
		"DisplayPriority": 1,
		"UiImage": "lyshineui/images/icons/emotes/emote_shhh.webp",
		"EmoteDuration": 0
	},
	{
		"UniqueTagID": "Emote_FingerWag",
		"FragmentName": "Emote_FingerWag",
		"DisplayName": "ui_emote_FingerWag",
		"DisplayDescription": "ui_emote_FingerWag_description",
		"DisplayGroup": "Answer",
		"ChatBoxText": "@emote_fingerwag",
		"SlashCommand": "nope",
		"SecondarySlashCommand": "stop",
		"IsEntitlement": 1,
		"IsPremiumEmote": 0,
		"IsEnabled": 1,
		"HasCooldown": 0,
		"DisplayPriority": 1,
		"UiImage": "lyshineui/images/icons/emotes/emote_fingerwag.webp",
		"EmoteDuration": 0
	},
	{
		"UniqueTagID": "Emote_FarmerBlow",
		"FragmentName": "Emote_FarmerBlow",
		"DisplayName": "ui_emote_Noseblow",
		"DisplayDescription": "ui_emote_Noseblow_description",
		"DisplayGroup": "Other",
		"ChatBoxText": "@emote_farmerblow",
		"SlashCommand": "noseblow",
		"IsEntitlement": 1,
		"IsPremiumEmote": 0,
		"IsEnabled": 1,
		"HasCooldown": 0,
		"DisplayPriority": 1,
		"UiImage": "lyshineui/images/icons/emotes/emote_noseblow.webp",
		"EmoteDuration": 0
	},
	{
		"UniqueTagID": "Emote_RockPaperScissors",
		"FragmentName": "Emote_RockPaperScissors",
		"DisplayName": "ui_emote_RockPaperScissors",
		"DisplayDescription": "ui_emote_RockPaperScissors_description",
		"DisplayGroup": "Other",
		"ChatBoxText": "@emote_rockpaperscissors",
		"SlashCommand": "rockpaperscissors",
		"IsEntitlement": 1,
		"IsPremiumEmote": 0,
		"IsEnabled": 1,
		"HasCooldown": 0,
		"DisplayPriority": 1,
		"UiImage": "lyshineui/images/icons/emotes/emote_scissors.webp",
		"EmoteDuration": 0
	},
	{
		"UniqueTagID": "Emote_FistBump",
		"FragmentName": "Emote_FistBump",
		"DisplayName": "ui_emote_FistBump",
		"DisplayDescription": "ui_emote_FistBump_description",
		"DisplayGroup": "Default",
		"ChatBoxText": "@emote_fistbump",
		"SlashCommand": "fistbump",
		"IsEntitlement": 1,
		"IsPremiumEmote": 0,
		"IsEnabled": 1,
		"HasCooldown": 0,
		"DisplayPriority": 2,
		"UiImage": "lyshineui/images/icons/emotes/emote_fistbump.webp",
		"EmoteDuration": 0
	},
	{
		"UniqueTagID": "Emote_Whistle",
		"FragmentName": "Emote_Whistle",
		"DisplayName": "ui_emote_Whistle",
		"DisplayDescription": "ui_emote_Whistle_description",
		"DisplayGroup": "Friendly",
		"ChatBoxText": "@emote_whistle",
		"SlashCommand": "whistle",
		"IsEntitlement": 1,
		"IsPremiumEmote": 0,
		"IsEnabled": 1,
		"HasCooldown": 0,
		"DisplayPriority": 1,
		"UiImage": "lyshineui/images/icons/emotes/emote_whistle.webp",
		"EmoteDuration": 0
	},
	{
		"UniqueTagID": "Emote_ThumbsSide",
		"FragmentName": "Emote_ThumbsSide",
		"DisplayName": "ui_emote_Thumbs_Sideways",
		"DisplayDescription": "ui_emote_Thumbs_Sideways_description",
		"DisplayGroup": "Decisions",
		"ChatBoxText": "@emote_thumbsside",
		"SlashCommand": "undecided",
		"IsEntitlement": 1,
		"IsPremiumEmote": 0,
		"IsEnabled": 1,
		"HasCooldown": 0,
		"DisplayPriority": 1,
		"UiImage": "lyshineui/images/icons/emotes/emote_thumbsside.webp",
		"EmoteDuration": 0
	},
	{
		"UniqueTagID": "Emote_ThumbsUp",
		"FragmentName": "Emote_ThumbsUp",
		"DisplayName": "ui_emote_Thumbs_Up",
		"DisplayDescription": "ui_emote_Thumbs_Up_description",
		"DisplayGroup": "Decisions",
		"ChatBoxText": "@emote_thumbsup",
		"SlashCommand": "thumbsup",
		"IsEntitlement": 1,
		"IsPremiumEmote": 0,
		"IsEnabled": 1,
		"HasCooldown": 0,
		"DisplayPriority": 1,
		"UiImage": "lyshineui/images/icons/emotes/emote_thumbsup.webp",
		"EmoteDuration": 0
	},
	{
		"UniqueTagID": "Emote_ThumbsDown",
		"FragmentName": "Emote_ThumbsDown",
		"DisplayName": "ui_emote_Thumbs_Down",
		"DisplayDescription": "ui_emote_Thumbs_Down_description",
		"DisplayGroup": "Decisions",
		"ChatBoxText": "@emote_thumbsdown",
		"SlashCommand": "thumbsdown",
		"IsEntitlement": 1,
		"IsPremiumEmote": 0,
		"IsEnabled": 1,
		"HasCooldown": 0,
		"DisplayPriority": 1,
		"UiImage": "lyshineui/images/icons/emotes/emote_thumbsdown.webp",
		"EmoteDuration": 0
	},
	{
		"UniqueTagID": "Emote_Cry1",
		"FragmentName": "Emote_Cry1",
		"DisplayName": "ui_emote_Cry_1",
		"DisplayDescription": "ui_emote_Cry_1_description",
		"DisplayGroup": "Emotion",
		"ChatBoxText": "@emote_cry1",
		"SlashCommand": "cry",
		"IsEntitlement": 1,
		"IsPremiumEmote": 0,
		"IsEnabled": 1,
		"HasCooldown": 0,
		"DisplayPriority": 1,
		"UiImage": "lyshineui/images/icons/emotes/emote_cry1.webp",
		"EmoteDuration": 0
	},
	{
		"UniqueTagID": "Emote_Impatient",
		"FragmentName": "Emote_Impatient",
		"DisplayName": "ui_emote_Impatient",
		"DisplayDescription": "ui_emote_Impatient_description",
		"DisplayGroup": "Direction",
		"ChatBoxText": "@emote_impatient",
		"SlashCommand": "waiting",
		"SecondarySlashCommand": "wait",
		"IsEntitlement": 1,
		"IsPremiumEmote": 0,
		"IsEnabled": 1,
		"HasCooldown": 0,
		"DisplayPriority": 1,
		"UiImage": "lyshineui/images/icons/emotes/emote_impatient.webp",
		"EmoteDuration": 0
	},
	{
		"UniqueTagID": "Emote_CoinToss",
		"FragmentName": "Emote_CoinToss",
		"DisplayName": "ui_emote_Coin_Toss",
		"DisplayDescription": "ui_emote_Coin_Toss_description",
		"DisplayGroup": "Decisions",
		"ChatBoxText": "@emote_cointoss",
		"SlashCommand": "cointoss",
		"SecondarySlashCommand": "coinflip",
		"IsEntitlement": 1,
		"IsPremiumEmote": 0,
		"IsEnabled": 1,
		"HasCooldown": 0,
		"DisplayPriority": 1,
		"UiImage": "lyshineui/images/icons/emotes/emote_cointoss.webp",
		"EmoteDuration": 0
	},
	{
		"UniqueTagID": "Emote_ChestPound",
		"FragmentName": "Emote_ChestPound",
		"DisplayName": "ui_emote_Chest_Pound",
		"DisplayDescription": "ui_emote_Chest_Pound_description",
		"DisplayGroup": "Taunt",
		"ChatBoxText": "@emote_chestpound",
		"SlashCommand": "chestpound",
		"IsEntitlement": 1,
		"IsPremiumEmote": 0,
		"IsEnabled": 1,
		"HasCooldown": 0,
		"DisplayPriority": 1,
		"UiImage": "lyshineui/images/icons/emotes/emote_chestpound.webp",
		"EmoteDuration": 0
	},
	{
		"UniqueTagID": "Emote_FistShake",
		"FragmentName": "Emote_FistShake",
		"DisplayName": "ui_emote_Fist_Shake",
		"DisplayDescription": "ui_emote_Fist_Shake_description",
		"DisplayGroup": "Taunt",
		"ChatBoxText": "@emote_fistshake",
		"SlashCommand": "fistshake",
		"IsEntitlement": 1,
		"IsPremiumEmote": 0,
		"IsEnabled": 1,
		"HasCooldown": 0,
		"DisplayPriority": 1,
		"UiImage": "lyshineui/images/icons/emotes/emote_fistshake.webp",
		"EmoteDuration": 0
	},
	{
		"UniqueTagID": "Emote_PushUps",
		"FragmentName": "Emote_PushUps",
		"DisplayName": "ui_emote_Push_Ups",
		"DisplayDescription": "ui_emote_Push_Ups_description",
		"DisplayGroup": "Other",
		"ChatBoxText": "@emote_pushups",
		"SlashCommand": "pushups",
		"IsEntitlement": 1,
		"IsPremiumEmote": 0,
		"IsEnabled": 1,
		"HasCooldown": 0,
		"DisplayPriority": 1,
		"UiImage": "lyshineui/images/icons/emotes/emote_pushup.webp",
		"EmoteDuration": 0
	},
	{
		"UniqueTagID": "Emote_Flex3",
		"FragmentName": "Emote_Flex3",
		"DisplayName": "ui_emote_Flex_3",
		"DisplayDescription": "ui_emote_Flex_3_description",
		"DisplayGroup": "Other",
		"ChatBoxText": "@emote_flex3",
		"SlashCommand": "armflex",
		"IsEntitlement": 1,
		"IsPremiumEmote": 0,
		"IsEnabled": 1,
		"HasCooldown": 0,
		"DisplayPriority": 1,
		"UiImage": "lyshineui/images/icons/emotes/emote_flex3.webp",
		"EmoteDuration": 0
	},
	{
		"UniqueTagID": "Emote_GolfClap",
		"FragmentName": "Emote_GolfClap",
		"DisplayName": "ui_emote_Golf_Clap",
		"DisplayDescription": "ui_emote_Golf_Clap_description",
		"DisplayGroup": "Friendly",
		"ChatBoxText": "@emote_golfclap",
		"SlashCommand": "applaud",
		"IsEntitlement": 1,
		"IsPremiumEmote": 0,
		"IsEnabled": 1,
		"HasCooldown": 0,
		"DisplayPriority": 1,
		"UiImage": "lyshineui/images/icons/emotes/emote_golfclap.webp",
		"EmoteDuration": 0
	},
	{
		"UniqueTagID": "Emote_Firework1",
		"FragmentName": "Emote_Firework1",
		"DisplayName": "ui_emote_Firework1",
		"DisplayDescription": "ui_emote_Firework1_description",
		"DisplayGroup": "Default",
		"ChatBoxText": "@emote_firework1",
		"SlashCommand": "fwcolors",
		"IsEntitlement": 1,
		"IsPremiumEmote": 1,
		"IsEnabled": 1,
		"HasCooldown": 1,
		"StatusEffectTimer": "PremiumEmote_Firework1",
		"DisplayPriority": 1,
		"UiImage": "lyshineui/images/icons/emotes/emote_firework1.webp",
		"EmoteDuration": 0
	},
	{
		"UniqueTagID": "Emote_Firework2",
		"FragmentName": "Emote_Firework2",
		"DisplayName": "ui_emote_Firework2",
		"DisplayDescription": "ui_Emote_Firework2_description",
		"DisplayGroup": "Default",
		"ChatBoxText": "@emote_firework2",
		"SlashCommand": "fwdynasty",
		"IsEntitlement": 1,
		"IsPremiumEmote": 1,
		"IsEnabled": 1,
		"HasCooldown": 1,
		"StatusEffectTimer": "PremiumEmote_Firework2",
		"DisplayPriority": 1,
		"UiImage": "lyshineui/images/icons/emotes/emote_firework2.webp",
		"EmoteDuration": 0
	},
	{
		"UniqueTagID": "Emote_Firework3",
		"FragmentName": "Emote_Firework3",
		"DisplayName": "ui_emote_Firework3",
		"DisplayDescription": "ui_Emote_Firework3_description",
		"DisplayGroup": "Default",
		"ChatBoxText": "@emote_firework3",
		"SlashCommand": "fwdryad",
		"IsEntitlement": 1,
		"IsPremiumEmote": 1,
		"IsEnabled": 1,
		"HasCooldown": 1,
		"StatusEffectTimer": "PremiumEmote_Firework3",
		"DisplayPriority": 1,
		"UiImage": "lyshineui/images/icons/emotes/emote_firework3.webp",
		"EmoteDuration": 0
	},
	{
		"UniqueTagID": "Emote_Firework4",
		"FragmentName": "Emote_Firework4",
		"DisplayName": "ui_emote_Firework4",
		"DisplayDescription": "ui_Emote_Firework4_description",
		"DisplayGroup": "Default",
		"ChatBoxText": "@emote_firework4",
		"SlashCommand": "fwancient",
		"IsEntitlement": 1,
		"IsPremiumEmote": 1,
		"IsEnabled": 1,
		"HasCooldown": 1,
		"StatusEffectTimer": "PremiumEmote_Firework4",
		"DisplayPriority": 1,
		"UiImage": "lyshineui/images/icons/emotes/emote_firework4.webp",
		"EmoteDuration": 0
	},
	{
		"UniqueTagID": "Emote_Firework5",
		"FragmentName": "Emote_Firework5",
		"DisplayName": "ui_emote_Firework5",
		"DisplayDescription": "ui_Emote_Firework5_description",
		"DisplayGroup": "Default",
		"ChatBoxText": "@emote_firework5",
		"SlashCommand": "fwstar",
		"IsEntitlement": 1,
		"IsPremiumEmote": 1,
		"IsEnabled": 1,
		"HasCooldown": 1,
		"StatusEffectTimer": "PremiumEmote_Firework5",
		"DisplayPriority": 1,
		"UiImage": "lyshineui/images/icons/emotes/emote_firework5.webp",
		"EmoteDuration": 0
	},
	{
		"UniqueTagID": "Emote_BlowKiss",
		"FragmentName": "Emote_BlowKiss",
		"DisplayName": "ui_emote_BlowKiss",
		"DisplayDescription": "ui_emote_BlowKiss_description",
		"DisplayGroup": "Friendly",
		"ChatBoxText": "@emote_blowkiss",
		"SlashCommand": "kiss",
		"IsEntitlement": 1,
		"IsPremiumEmote": 0,
		"IsEnabled": 1,
		"HasCooldown": 0,
		"DisplayPriority": 1,
		"UiImage": "lyshineui/images/icons/emotes/emote_blowkiss.webp",
		"EmoteDuration": 0
	},
	{
		"UniqueTagID": "Emote_PiratePose",
		"FragmentName": "Emote_PiratePose",
		"DisplayName": "ui_emote_PiratePose",
		"DisplayDescription": "ui_emote_PiratePose_description",
		"DisplayGroup": "Friendly",
		"ChatBoxText": "@emote_ahoy",
		"SlashCommand": "ahoy",
		"IsEntitlement": 1,
		"IsPremiumEmote": 0,
		"IsEnabled": 1,
		"HasCooldown": 0,
		"DisplayPriority": 1,
		"UiImage": "lyshineui/images/icons/emotes/emote_piratepose.webp",
		"EmoteDuration": 0
	},
	{
		"UniqueTagID": "Emote_RussianDance",
		"FragmentName": "Emote_RussianDance",
		"DisplayName": "UI_emote_RussianDance_name",
		"DisplayDescription": "UI_emote_RussianDance_description",
		"DisplayGroup": "Default",
		"ChatBoxText": "@emote_RussianDance",
		"SlashCommand": "legdance",
		"IsEntitlement": 1,
		"IsPremiumEmote": 0,
		"IsEnabled": 1,
		"HasCooldown": 0,
		"DisplayPriority": 1,
		"UiImage": "lyshineui/images/icons/emotes/emote_russiandance.webp",
		"GatherableTags": "dance",
		"EmoteDuration": 7
	},
	{
		"UniqueTagID": "Emote_Shiver",
		"FragmentName": "Emote_Shiver",
		"DisplayName": "ui_emote_Shiver_name",
		"DisplayDescription": "ui_emote_Shiver_description",
		"DisplayGroup": "Emotion",
		"ChatBoxText": "@emote_Shiver",
		"SlashCommand": "cold",
		"IsEntitlement": 1,
		"IsPremiumEmote": 0,
		"IsEnabled": 1,
		"HasCooldown": 0,
		"DisplayPriority": 1,
		"UiImage": "lyshineui/images/icons/emotes/emote_shiver.webp",
		"EmoteDuration": 0
	},
	{
		"UniqueTagID": "Emote_BellyLaugh",
		"FragmentName": "Emote_BellyLaugh",
		"DisplayName": "ui_emote_BellyLaugh_name",
		"DisplayDescription": "ui_emote_BellyLaugh_description",
		"DisplayGroup": "Emotion",
		"ChatBoxText": "@emote_BellyLaugh",
		"SlashCommand": "bellylaugh",
		"IsEntitlement": 1,
		"IsPremiumEmote": 0,
		"IsEnabled": 1,
		"HasCooldown": 0,
		"DisplayPriority": 1,
		"UiImage": "lyshineui/images/icons/emotes/emote_bellylaugh.webp",
		"EmoteDuration": 0
	},
	{
		"UniqueTagID": "Emote_GivePresent",
		"FragmentName": "Emote_GivePresent",
		"DisplayName": "ui_emote_GivePresent_name",
		"DisplayDescription": "ui_emote_GivePresent_description",
		"DisplayGroup": "Friendly",
		"ChatBoxText": "@emote_GivePresent",
		"SlashCommand": "gift",
		"IsEntitlement": 1,
		"IsPremiumEmote": 0,
		"IsEnabled": 1,
		"HasCooldown": 0,
		"DisplayPriority": 1,
		"UiImage": "lyshineui/images/icons/emotes/emote_givepresent.webp",
		"EmoteDuration": 0,
		"AttributionId": "WinterConvergence_2021"
	},
	{
		"UniqueTagID": "Emote_RoyalWave",
		"FragmentName": "Emote_RoyalWave",
		"DisplayName": "ui_emote_RoyalWave_name",
		"DisplayDescription": "ui_emote_RoyalWave_description",
		"DisplayGroup": "Friendly",
		"ChatBoxText": "@emote_RoyalWave",
		"SlashCommand": "queenwave",
		"IsEntitlement": 1,
		"IsPremiumEmote": 0,
		"IsEnabled": 1,
		"HasCooldown": 0,
		"DisplayPriority": 1,
		"UiImage": "lyshineui/images/icons/emotes/emote_queenwave.webp",
		"EmoteDuration": 0
	},
	{
		"UniqueTagID": "Emote_SnowAngel",
		"FragmentName": "Emote_SnowAngel",
		"DisplayName": "ui_emote_SnowAngel_name",
		"DisplayDescription": "ui_emote_SnowAngel_description",
		"DisplayGroup": "Other",
		"ChatBoxText": "@emote_SnowAngel",
		"SlashCommand": "snowangel",
		"IsEntitlement": 1,
		"IsPremiumEmote": 0,
		"IsEnabled": 1,
		"HasCooldown": 0,
		"DisplayPriority": 1,
		"UiImage": "lyshineui/images/icons/emotes/emote_snowangel.webp",
		"EmoteDuration": 0
	},
	{
		"UniqueTagID": "Emote_Autograph",
		"FragmentName": "Emote_Autograph",
		"DisplayName": "ui_emote_Autograph_name",
		"DisplayDescription": "ui_emote_Autograph_description",
		"DisplayGroup": "Other",
		"ChatBoxText": "@emote_Autograph",
		"SlashCommand": "autograph",
		"IsEntitlement": 1,
		"IsPremiumEmote": 0,
		"IsEnabled": 1,
		"HasCooldown": 0,
		"DisplayPriority": 1,
		"UiImage": "lyshineui/images/icons/emotes/emote_autograph.webp",
		"EmoteDuration": 0
	},
	{
		"UniqueTagID": "Emote_Coconut_Horse",
		"FragmentName": "Emote_Coconut_Horse",
		"DisplayName": "ui_emote_Coconut_Horse_name",
		"DisplayDescription": "ui_emote_Coconut_Horse_description",
		"DisplayGroup": "Other",
		"ChatBoxText": "@emote_Coconut_Horse",
		"SlashCommand": "gallop",
		"IsEntitlement": 1,
		"IsPremiumEmote": 0,
		"IsEnabled": 1,
		"HasCooldown": 0,
		"DisplayPriority": 1,
		"UiImage": "lyshineui/images/icons/emotes/emote_gallop.webp",
		"EmoteDuration": 0
	},
	{
		"UniqueTagID": "Emote_Swoon",
		"FragmentName": "Emote_Swoon",
		"DisplayName": "ui_emote_Swoon_name",
		"DisplayDescription": "ui_emote_Swoon_description",
		"DisplayGroup": "Other",
		"ChatBoxText": "@emote_Swoon",
		"SlashCommand": "swoon",
		"IsEntitlement": 1,
		"IsPremiumEmote": 0,
		"IsEnabled": 1,
		"HasCooldown": 0,
		"DisplayPriority": 1,
		"UiImage": "lyshineui/images/icons/emotes/emote_swoon.webp",
		"EmoteDuration": 0
	},
	{
		"UniqueTagID": "Emote_GiveFlower",
		"FragmentName": "Emote_GiveFlower",
		"DisplayName": "ui_emote_GiveFlower_name",
		"DisplayDescription": "ui_emote_GiveFlower_description",
		"DisplayGroup": "Friendly",
		"ChatBoxText": "@emote_GiveFlower",
		"SlashCommand": "flower",
		"IsEntitlement": 1,
		"IsPremiumEmote": 0,
		"IsEnabled": 1,
		"HasCooldown": 0,
		"DisplayPriority": 1,
		"UiImage": "lyshineui/images/icons/emotes/emote_giveflower.webp",
		"EmoteDuration": 0
	},
	{
		"UniqueTagID": "Emote_Disco",
		"FragmentName": "Emote_Disco",
		"DisplayName": "ui_emote_Disco_name",
		"DisplayDescription": "ui_emote_Disco_description",
		"DisplayGroup": "Default",
		"ChatBoxText": "@emote_Disco",
		"SlashCommand": "disco",
		"IsEntitlement": 1,
		"IsPremiumEmote": 0,
		"IsEnabled": 1,
		"HasCooldown": 0,
		"DisplayPriority": 1,
		"UiImage": "lyshineui/images/icons/emotes/emote_discodance.webp",
		"GatherableTags": "dance",
		"EmoteDuration": 7
	},
	{
		"UniqueTagID": "Emote_Curtsy",
		"FragmentName": "Emote_Curtsy",
		"DisplayName": "ui_emote_Curtsy_name",
		"DisplayDescription": "ui_emote_Curtsy_description",
		"DisplayGroup": "Friendly",
		"ChatBoxText": "@emote_Curtsy",
		"SlashCommand": "curtsy",
		"IsEntitlement": 1,
		"IsPremiumEmote": 0,
		"IsEnabled": 1,
		"HasCooldown": 0,
		"DisplayPriority": 1,
		"UiImage": "lyshineui/images/icons/emotes/emote_curtsy.webp",
		"EmoteDuration": 0
	},
	{
		"UniqueTagID": "Emote_Yoga_TreePose",
		"FragmentName": "Emote_Yoga_TreePose",
		"DisplayName": "ui_emote_Yoga_TreePose_name",
		"DisplayDescription": "ui_emote_Yoga_TreePose_description",
		"DisplayGroup": "Other",
		"ChatBoxText": "@emote_Yoga_TreePose",
		"SlashCommand": "Tpose",
		"IsEntitlement": 1,
		"IsPremiumEmote": 0,
		"IsEnabled": 1,
		"HasCooldown": 0,
		"DisplayPriority": 1,
		"UiImage": "lyshineui/images/icons/emotes/emote_yoga_treepose.webp",
		"EmoteDuration": 0
	},
	{
		"UniqueTagID": "Emote_RoastMarshmallow",
		"FragmentName": "Emote_RoastMarshmallow",
		"DisplayName": "ui_emote_RoastMarshmallow_name",
		"DisplayDescription": "ui_emote_RoastMarshmallow_description",
		"DisplayGroup": "Other",
		"ChatBoxText": "@emote_RoastMarshmallow",
		"SlashCommand": "marshmallow",
		"IsEntitlement": 1,
		"IsPremiumEmote": 0,
		"IsEnabled": 1,
		"HasCooldown": 0,
		"DisplayPriority": 1,
		"UiImage": "lyshineui/images/icons/emotes/emote_roastingmarshmallow.webp",
		"EmoteDuration": 0
	},
	{
		"UniqueTagID": "Emote_HotFan",
		"FragmentName": "Emote_HotFan",
		"DisplayName": "ui_emote_HotFan_name",
		"DisplayDescription": "ui_emote_HotFan_description",
		"DisplayGroup": "Other",
		"ChatBoxText": "@emote_HotFan",
		"SlashCommand": "fan",
		"IsEntitlement": 1,
		"IsPremiumEmote": 0,
		"IsEnabled": 1,
		"HasCooldown": 0,
		"DisplayPriority": 1,
		"UiImage": "lyshineui/images/icons/emotes/emote_fan.webp",
		"EmoteDuration": 0
	},
	{
		"UniqueTagID": "Emote_RightBackAtYa",
		"FragmentName": "Emote_RightBackAtYa",
		"DisplayName": "ui_emote_RightBackAtYa_name",
		"DisplayDescription": "ui_emote_RightBackAtYa_description",
		"DisplayGroup": "Friendly",
		"ChatBoxText": "@emote_RightBackAtYa",
		"SlashCommand": "backatya",
		"IsEntitlement": 1,
		"IsPremiumEmote": 0,
		"IsEnabled": 1,
		"HasCooldown": 0,
		"DisplayPriority": 1,
		"UiImage": "lyshineui/images/icons/emotes/emote_fingerguns.webp",
		"EmoteDuration": 0
	},
	{
		"UniqueTagID": "Emote_Ballerina",
		"FragmentName": "Emote_Ballerina",
		"DisplayName": "ui_emote_Ballerina_name",
		"DisplayDescription": "ui_emote_Ballerina_description",
		"DisplayGroup": "Other",
		"ChatBoxText": "@emote_Ballerina",
		"SlashCommand": "ballerina",
		"IsEntitlement": 1,
		"IsPremiumEmote": 0,
		"IsEnabled": 1,
		"HasCooldown": 0,
		"DisplayPriority": 1,
		"UiImage": "lyshineui/images/icons/emotes/emote_ballerina.webp",
		"GatherableTags": "dance",
		"EmoteDuration": 7
	},
	{
		"UniqueTagID": "Emote_BreakItUp",
		"FragmentName": "Emote_BreakItUp",
		"DisplayName": "ui_emote_BreakItUp_name",
		"DisplayDescription": "ui_emote_BreakItUp_description",
		"DisplayGroup": "Other",
		"ChatBoxText": "@emote_BreakItUp",
		"SlashCommand": "breakitup",
		"IsEntitlement": 1,
		"IsPremiumEmote": 0,
		"IsEnabled": 1,
		"HasCooldown": 0,
		"DisplayPriority": 1,
		"UiImage": "lyshineui/images/icons/emotes/emote_woahsettledown.webp",
		"EmoteDuration": 0
	},
	{
		"UniqueTagID": "Emote_Frustrated",
		"FragmentName": "Emote_Frustrated",
		"DisplayName": "ui_emote_Frustrated_name",
		"DisplayDescription": "ui_emote_Frustrated_description",
		"DisplayGroup": "Emotion",
		"ChatBoxText": "@emote_Frustrated",
		"SlashCommand": "grr",
		"IsEntitlement": 1,
		"IsPremiumEmote": 0,
		"IsEnabled": 1,
		"HasCooldown": 0,
		"DisplayPriority": 1,
		"UiImage": "lyshineui/images/icons/emotes/emote_workingwithmorons.webp",
		"EmoteDuration": 0
	},
	{
		"UniqueTagID": "Emote_ImmatureTaunt",
		"FragmentName": "Emote_ImmatureTaunt",
		"DisplayName": "ui_emote_ImmatureTaunt_name",
		"DisplayDescription": "ui_emote_ImmatureTaunt_description",
		"DisplayGroup": "Taunt",
		"ChatBoxText": "@emote_ImmatureTaunt",
		"SlashCommand": "taunt",
		"IsEntitlement": 1,
		"IsPremiumEmote": 0,
		"IsEnabled": 1,
		"HasCooldown": 0,
		"DisplayPriority": 1,
		"UiImage": "lyshineui/images/icons/emotes/emote_childishtaunt.webp",
		"EmoteDuration": 0
	},
	{
		"UniqueTagID": "Emote_MimeInBox",
		"FragmentName": "Emote_MimeInBox",
		"DisplayName": "ui_emote_MimeInBox_name",
		"DisplayDescription": "ui_emote_MimeInBox_description",
		"DisplayGroup": "Other",
		"ChatBoxText": "@emote_MimeInBox",
		"SlashCommand": "mime",
		"IsEntitlement": 1,
		"IsPremiumEmote": 0,
		"IsEnabled": 1,
		"HasCooldown": 0,
		"DisplayPriority": 1,
		"UiImage": "lyshineui/images/icons/emotes/emote_mimetrapedinbox.webp",
		"EmoteDuration": 0
	},
	{
		"UniqueTagID": "Emote_Pondering",
		"FragmentName": "Emote_Pondering",
		"DisplayName": "ui_emote_Pondering_name",
		"DisplayDescription": "ui_emote_Pondering_description",
		"DisplayGroup": "Emotion",
		"ChatBoxText": "@emote_Pondering",
		"SlashCommand": "ponder",
		"IsEntitlement": 1,
		"IsPremiumEmote": 0,
		"IsEnabled": 1,
		"HasCooldown": 0,
		"DisplayPriority": 1,
		"UiImage": "lyshineui/images/icons/emotes/emote_pondering.webp",
		"EmoteDuration": 0
	},
	{
		"UniqueTagID": "Emote_PutUpDukes",
		"FragmentName": "Emote_PutUpDukes",
		"DisplayName": "ui_emote_PutUpDukes_name",
		"DisplayDescription": "ui_emote_PutUpDukes_description",
		"DisplayGroup": "Taunt",
		"ChatBoxText": "@emote_PutUpDukes",
		"SlashCommand": "putemup",
		"IsEntitlement": 1,
		"IsPremiumEmote": 0,
		"IsEnabled": 1,
		"HasCooldown": 0,
		"DisplayPriority": 1,
		"UiImage": "lyshineui/images/icons/emotes/emote_putupyourdukes.webp",
		"EmoteDuration": 0
	},
	{
		"UniqueTagID": "Emote_Umpire",
		"FragmentName": "Emote_Umpire",
		"DisplayName": "ui_emote_Umpire_name",
		"DisplayDescription": "ui_emote_Umpire_description",
		"DisplayGroup": "Other",
		"ChatBoxText": "@emote_Umpire",
		"SlashCommand": "umpire",
		"IsEntitlement": 1,
		"IsPremiumEmote": 0,
		"IsEnabled": 1,
		"HasCooldown": 0,
		"DisplayPriority": 1,
		"UiImage": "lyshineui/images/icons/emotes/emote_youareouttahere.webp",
		"EmoteDuration": 0
	},
	{
		"UniqueTagID": "Emote_TalkToHand",
		"FragmentName": "Emote_TalkToHand",
		"DisplayName": "ui_emote_TalkToHand_name",
		"DisplayDescription": "ui_emote_TalkToHand_description",
		"DisplayGroup": "Answer",
		"ChatBoxText": "@emote_TalkToHand",
		"SlashCommand": "hand",
		"IsEntitlement": 1,
		"IsPremiumEmote": 0,
		"IsEnabled": 1,
		"HasCooldown": 0,
		"DisplayPriority": 1,
		"UiImage": "lyshineui/images/icons/emotes/emote_talktothehand.webp",
		"EmoteDuration": 0
	},
	{
		"UniqueTagID": "Emote_Panic",
		"FragmentName": "Emote_Panic",
		"DisplayName": "ui_emote_Panic_name",
		"DisplayDescription": "ui_emote_Panic_description",
		"DisplayGroup": "Emotion",
		"ChatBoxText": "@emote_Panic",
		"SlashCommand": "panic",
		"IsEntitlement": 1,
		"IsPremiumEmote": 0,
		"IsEnabled": 1,
		"HasCooldown": 0,
		"DisplayPriority": 1,
		"UiImage": "lyshineui/images/icons/emotes/emote_panic.webp",
		"EmoteDuration": 0
	},
	{
		"UniqueTagID": "Emote_BaladiDance",
		"FragmentName": "Emote_BaladiDance",
		"DisplayName": "ui_emote_BaladiDance_name",
		"DisplayDescription": "ui_emote_BaladiDance_description",
		"DisplayGroup": "Default",
		"ChatBoxText": "@emote_BaladiDance",
		"SlashCommand": "baladi",
		"IsEntitlement": 1,
		"IsPremiumEmote": 0,
		"IsEnabled": 1,
		"HasCooldown": 0,
		"DisplayPriority": 1,
		"UiImage": "lyshineui/images/icons/emotes/emote_baladidance.webp",
		"GatherableTags": "dance",
		"EmoteDuration": 7
	},
	{
		"UniqueTagID": "Emote_PinCount",
		"FragmentName": "Emote_PinCount",
		"DisplayName": "ui_emote_PinCount_name",
		"DisplayDescription": "ui_emote_PinCount_description",
		"DisplayGroup": "Taunt",
		"ChatBoxText": "@emote_PinCount",
		"SlashCommand": "pin",
		"IsEntitlement": 1,
		"IsPremiumEmote": 0,
		"IsEnabled": 1,
		"HasCooldown": 0,
		"DisplayPriority": 1,
		"UiImage": "lyshineui/images/icons/emotes/emote_wrestlingrefereethreecount.webp",
		"EmoteDuration": 0
	},
	{
		"UniqueTagID": "Emote_Plotting",
		"FragmentName": "Emote_Plotting",
		"DisplayName": "ui_emote_Plotting_name",
		"DisplayDescription": "ui_emote_Plotting_description",
		"DisplayGroup": "Other",
		"ChatBoxText": "@emote_Plotting",
		"SlashCommand": "plot",
		"IsEntitlement": 1,
		"IsPremiumEmote": 0,
		"IsEnabled": 1,
		"HasCooldown": 0,
		"DisplayPriority": 1,
		"UiImage": "lyshineui/images/icons/emotes/emote_sinisterplotting.webp",
		"EmoteDuration": 0
	},
	{
		"UniqueTagID": "Emote_RobotDance",
		"FragmentName": "Emote_RobotDance",
		"DisplayName": "ui_emote_RobotDance_name",
		"DisplayDescription": "ui_emote_RobotDance_description",
		"DisplayGroup": "Default",
		"ChatBoxText": "@emote_RobotDance",
		"SlashCommand": "robot",
		"IsEntitlement": 1,
		"IsPremiumEmote": 0,
		"IsEnabled": 1,
		"HasCooldown": 0,
		"DisplayPriority": 1,
		"UiImage": "lyshineui/images/icons/emotes/emote_robotdance.webp",
		"GatherableTags": "dance",
		"EmoteDuration": 7
	},
	{
		"UniqueTagID": "Emote_Headbang",
		"FragmentName": "Emote_Headbang",
		"DisplayName": "ui_emote_Headbang_name",
		"DisplayDescription": "ui_emote_Headbang_description",
		"DisplayGroup": "Other",
		"ChatBoxText": "@emote_Headbang",
		"SlashCommand": "headbang",
		"IsEntitlement": 1,
		"IsPremiumEmote": 0,
		"IsEnabled": 1,
		"HasCooldown": 0,
		"DisplayPriority": 1,
		"UiImage": "lyshineui/images/icons/emotes/emote_headbanging.webp",
		"GatherableTags": "dance",
		"EmoteDuration": 7
	},
	{
		"UniqueTagID": "Emote_SparklerDance",
		"FragmentName": "Emote_SparklerDance",
		"DisplayName": "ui_emote_SparklerDance_name",
		"DisplayDescription": "ui_emote_SparklerDance_description",
		"DisplayGroup": "Default",
		"ChatBoxText": "@emote_SparklerDance",
		"SlashCommand": "sparklers",
		"IsEntitlement": 1,
		"IsPremiumEmote": 0,
		"IsEnabled": 1,
		"HasCooldown": 0,
		"DisplayPriority": 1,
		"UiImage": "lyshineui/images/icons/emotes/emote_dancingsparklers.webp",
		"GatherableTags": "dance",
		"EmoteDuration": 7
	},
	{
		"UniqueTagID": "Emote_TugOfWar",
		"FragmentName": "Emote_TugOfWar",
		"DisplayName": "ui_emote_TugOfWar_name",
		"DisplayDescription": "ui_emote_TugOfWar_description",
		"DisplayGroup": "Other",
		"ChatBoxText": "@emote_TugOfWar",
		"SlashCommand": "tug",
		"IsEntitlement": 1,
		"IsPremiumEmote": 0,
		"IsEnabled": 1,
		"HasCooldown": 0,
		"DisplayPriority": 1,
		"UiImage": "lyshineui/images/icons/emotes/emote_lassotug.webp",
		"EmoteDuration": 0
	},
	{
		"UniqueTagID": "Emote_FingerGun",
		"FragmentName": "Emote_FingerGun",
		"DisplayName": "ui_emote_FingerGun_name",
		"DisplayDescription": "ui_emote_FingerGun_description",
		"DisplayGroup": "Other",
		"ChatBoxText": "@emote_FingerGun",
		"SlashCommand": "shoot",
		"IsEntitlement": 1,
		"IsPremiumEmote": 0,
		"IsEnabled": 1,
		"HasCooldown": 0,
		"DisplayPriority": 1,
		"UiImage": "lyshineui/images/icons/emotes/emote_fingerguns2.webp",
		"EmoteDuration": 0
	},
	{
		"UniqueTagID": "Emote_AirGuitar",
		"FragmentName": "Emote_AirGuitar",
		"DisplayName": "ui_emote_AirGuitar_name",
		"DisplayDescription": "ui_emote_AirGuitar_description",
		"DisplayGroup": "Other",
		"ChatBoxText": "@emote_AirGuitar",
		"SlashCommand": "guitar",
		"IsEntitlement": 1,
		"IsPremiumEmote": 0,
		"IsEnabled": 1,
		"HasCooldown": 0,
		"DisplayPriority": 1,
		"UiImage": "lyshineui/images/icons/emotes/emote_airguitar.webp",
		"EmoteDuration": 0,
		"AttributionId": "SummerMedleyfaire_2022"
	},
	{
		"UniqueTagID": "Emote_AirViolin",
		"FragmentName": "Emote_AirViolin",
		"DisplayName": "ui_emote_AirViolin_name",
		"DisplayDescription": "ui_emote_AirViolin_description",
		"DisplayGroup": "Other",
		"ChatBoxText": "@emote_AirViolin",
		"SlashCommand": "violin",
		"IsEntitlement": 1,
		"IsPremiumEmote": 0,
		"IsEnabled": 1,
		"HasCooldown": 0,
		"DisplayPriority": 1,
		"UiImage": "lyshineui/images/icons/emotes/emote_airminiatureviolin.webp",
		"EmoteDuration": 0,
		"AttributionId": "SummerMedleyfaire_2022"
	},
	{
		"UniqueTagID": "Emote_WiggleArms",
		"FragmentName": "Emote_WiggleArms",
		"DisplayName": "ui_emote_WiggleArms_name",
		"DisplayDescription": "ui_emote_WiggleArms_description",
		"DisplayGroup": "Other",
		"ChatBoxText": "@emote_WiggleArms",
		"SlashCommand": "wiggle",
		"IsEntitlement": 1,
		"IsPremiumEmote": 0,
		"IsEnabled": 1,
		"HasCooldown": 0,
		"DisplayPriority": 1,
		"UiImage": "lyshineui/images/icons/emotes/emote_wigglearm.webp",
		"GatherableTags": "dance",
		"EmoteDuration": 7,
		"AttributionId": "SummerMedleyfaire_2022"
	},
	{
		"UniqueTagID": "Emote_RunningMan",
		"FragmentName": "Emote_RunningMan",
		"DisplayName": "ui_emote_RunningMan_name",
		"DisplayDescription": "ui_emote_RunningMan_description",
		"DisplayGroup": "Other",
		"ChatBoxText": "@emote_RunningMan",
		"SlashCommand": "shuffle",
		"IsEntitlement": 1,
		"IsPremiumEmote": 0,
		"IsEnabled": 1,
		"HasCooldown": 0,
		"DisplayPriority": 1,
		"UiImage": "lyshineui/images/icons/emotes/emote_runningman.webp",
		"GatherableTags": "dance",
		"EmoteDuration": 7,
		"AttributionId": "SummerMedleyfaire_2022"
	},
	{
		"UniqueTagID": "Emote_Stab",
		"FragmentName": "Emote_Stab",
		"DisplayName": "ui_emote_Stab_name",
		"DisplayDescription": "ui_emote_Stab_description",
		"DisplayGroup": "Other",
		"ChatBoxText": "@emote_Stab",
		"SlashCommand": "stab",
		"IsEntitlement": 1,
		"IsPremiumEmote": 0,
		"IsEnabled": 1,
		"HasCooldown": 0,
		"DisplayPriority": 1,
		"UiImage": "lyshineui/images/icons/emotes/emote_creepystabbingpsycho.webp",
		"EmoteDuration": 0
	},
	{
		"UniqueTagID": "Emote_MicDrop",
		"FragmentName": "Emote_MicDrop",
		"DisplayName": "ui_emote_MicDrop_name",
		"DisplayDescription": "ui_emote_MicDrop_description",
		"DisplayGroup": "Other",
		"ChatBoxText": "@emote_MicDrop",
		"SlashCommand": "micdrop",
		"IsEntitlement": 1,
		"IsPremiumEmote": 0,
		"IsEnabled": 1,
		"HasCooldown": 0,
		"DisplayPriority": 1,
		"UiImage": "lyshineui/images/icons/emotes/emote_micdrop.webp",
		"EmoteDuration": 0
	},
	{
		"UniqueTagID": "Emote_DrinkCheer",
		"FragmentName": "Emote_DrinkCheer",
		"DisplayName": "ui_emote_DrinkCheer_name",
		"DisplayDescription": "ui_emote_DrinkCheer_description",
		"DisplayGroup": "Friendly",
		"ChatBoxText": "@emote_DrinkCheer",
		"SlashCommand": "cheers",
		"IsEntitlement": 1,
		"IsPremiumEmote": 0,
		"IsEnabled": 1,
		"HasCooldown": 0,
		"DisplayPriority": 1,
		"UiImage": "lyshineui/images/icons/emotes/emote_cheers.webp",
		"EmoteDuration": 0
	},
	{
		"UniqueTagID": "Emote_HearNoEvil",
		"FragmentName": "Emote_HearNoEvil",
		"DisplayName": "ui_emote_HearNoEvil_name",
		"DisplayDescription": "ui_emote_HearNoEvil_description",
		"DisplayGroup": "Other",
		"ChatBoxText": "@emote_HearNoEvil",
		"SlashCommand": "hearnoevil",
		"IsEntitlement": 1,
		"IsPremiumEmote": 0,
		"IsEnabled": 1,
		"HasCooldown": 0,
		"DisplayPriority": 1,
		"UiImage": "lyshineui/images/icons/emotes/emote_hearnoevil.webp",
		"EmoteDuration": 0
	},
	{
		"UniqueTagID": "Emote_SeeNoEvil",
		"FragmentName": "Emote_SeeNoEvil",
		"DisplayName": "ui_emote_SeeNoEvil_name",
		"DisplayDescription": "ui_emote_SeeNoEvil_description",
		"DisplayGroup": "Other",
		"ChatBoxText": "@emote_SeeNoEvil",
		"SlashCommand": "seenoevil",
		"IsEntitlement": 1,
		"IsPremiumEmote": 0,
		"IsEnabled": 1,
		"HasCooldown": 0,
		"DisplayPriority": 1,
		"UiImage": "lyshineui/images/icons/emotes/emote_seenoevil.webp",
		"EmoteDuration": 0
	},
	{
		"UniqueTagID": "Emote_SpeakNoEvil",
		"FragmentName": "Emote_SpeakNoEvil",
		"DisplayName": "ui_emote_SpeakNoEvil_name",
		"DisplayDescription": "ui_emote_SpeakNoEvil_description",
		"DisplayGroup": "Other",
		"ChatBoxText": "@emote_SpeakNoEvil",
		"SlashCommand": "speaknoevil",
		"IsEntitlement": 1,
		"IsPremiumEmote": 0,
		"IsEnabled": 1,
		"HasCooldown": 0,
		"DisplayPriority": 1,
		"UiImage": "lyshineui/images/icons/emotes/emote_speaknoevil.webp",
		"EmoteDuration": 0
	},
	{
		"UniqueTagID": "Emote_DigGrave",
		"FragmentName": "Emote_DigGrave",
		"DisplayName": "ui_emote_DigGrave_name",
		"DisplayDescription": "ui_emote_DigGrave_description",
		"DisplayGroup": "Taunt",
		"ChatBoxText": "@emote_DigGrave",
		"SlashCommand": "diggrave",
		"IsEntitlement": 1,
		"IsPremiumEmote": 0,
		"IsEnabled": 1,
		"HasCooldown": 0,
		"DisplayPriority": 1,
		"UiImage": "lyshineui/images/icons/emotes/emote_diggrave.webp",
		"EmoteDuration": 0
	},
	{
		"UniqueTagID": "Emote_TableFlip",
		"FragmentName": "Emote_TableFlip",
		"DisplayName": "ui_emote_TableFlip_name",
		"DisplayDescription": "ui_emote_TableFlip_description",
		"DisplayGroup": "Emotion",
		"ChatBoxText": "@emote_TableFlip",
		"SlashCommand": "tableflip",
		"IsEntitlement": 1,
		"IsPremiumEmote": 0,
		"IsEnabled": 1,
		"HasCooldown": 0,
		"DisplayPriority": 1,
		"UiImage": "lyshineui/images/icons/emotes/emote_tableflip.webp",
		"EmoteDuration": 0
	},
	{
		"UniqueTagID": "Emote_Vanity",
		"FragmentName": "Emote_Vanity",
		"DisplayName": "ui_emote_Vanity_name",
		"DisplayDescription": "ui_emote_Vanity_description",
		"DisplayGroup": "Other",
		"ChatBoxText": "@emote_Vanity",
		"SlashCommand": "vanity",
		"IsEntitlement": 1,
		"IsPremiumEmote": 0,
		"IsEnabled": 1,
		"HasCooldown": 0,
		"DisplayPriority": 1,
		"UiImage": "lyshineui/images/icons/emotes/emote_vanitymirror.webp",
		"EmoteDuration": 0
	},
	{
		"UniqueTagID": "Emote_KnightThee",
		"FragmentName": "Emote_KnightThee",
		"DisplayName": "ui_emote_KnightThee_name",
		"DisplayDescription": "ui_emote_KnightThee_description",
		"DisplayGroup": "Other",
		"ChatBoxText": "@emote_KnightThee",
		"SlashCommand": "knight",
		"IsEntitlement": 1,
		"IsPremiumEmote": 0,
		"IsEnabled": 1,
		"HasCooldown": 0,
		"DisplayPriority": 1,
		"UiImage": "lyshineui/images/icons/emotes/emote_knightthee.webp",
		"EmoteDuration": 0
	},
	{
		"UniqueTagID": "Emote_CrazyTapDance",
		"FragmentName": "Emote_CrazyTapDance",
		"DisplayName": "ui_emote_CrazyTapDance_name",
		"DisplayDescription": "ui_emote_CrazyTapDance_description",
		"DisplayGroup": "Other",
		"ChatBoxText": "@emote_CrazyTapDance",
		"SlashCommand": "tapdance",
		"IsEntitlement": 1,
		"IsPremiumEmote": 0,
		"IsEnabled": 1,
		"HasCooldown": 0,
		"DisplayPriority": 1,
		"UiImage": "lyshineui/images/icons/emotes/emote_crazytapdance.webp",
		"GatherableTags": "dance",
		"EmoteDuration": 7
	},
	{
		"UniqueTagID": "Emote_ChaplinWalk",
		"FragmentName": "Emote_ChaplinWalk",
		"DisplayName": "ui_emote_ChaplinWalk_name",
		"DisplayDescription": "ui_emote_ChaplinWalk_description",
		"DisplayGroup": "Other",
		"ChatBoxText": "@emote_ChaplinWalk",
		"SlashCommand": "trampwalk",
		"IsEntitlement": 1,
		"IsPremiumEmote": 0,
		"IsEnabled": 1,
		"HasCooldown": 0,
		"DisplayPriority": 1,
		"UiImage": "lyshineui/images/icons/emotes/emote_trampwalk.webp",
		"EmoteDuration": 0
	},
	{
		"UniqueTagID": "Emote_TwirlDance",
		"FragmentName": "Emote_TwirlDance",
		"DisplayName": "ui_emote_TwirlDance_name",
		"DisplayDescription": "ui_mote_TwirlDance_description",
		"DisplayGroup": "Other",
		"ChatBoxText": "@emote_TwirlDance",
		"SlashCommand": "skeletontwirl",
		"IsEntitlement": 1,
		"IsPremiumEmote": 0,
		"IsEnabled": 1,
		"HasCooldown": 0,
		"DisplayPriority": 1,
		"UiImage": "lyshineui/images/icons/emotes/emote_dancetwirl.webp",
		"GatherableTags": "dance",
		"EmoteDuration": 7,
		"AttributionId": "NightveilHallow_2022"
	},
	{
		"UniqueTagID": "Emote_Alas",
		"FragmentName": "Emote_Alas",
		"DisplayName": "ui_emote_Alas_name",
		"DisplayDescription": "ui_emote_Alas_description",
		"DisplayGroup": "Other",
		"ChatBoxText": "@emote_Alas",
		"SlashCommand": "alas",
		"IsEntitlement": 1,
		"IsPremiumEmote": 0,
		"IsEnabled": 1,
		"HasCooldown": 0,
		"DisplayPriority": 1,
		"UiImage": "lyshineui/images/icons/emotes/emote_alas.webp",
		"EmoteDuration": 0
	},
	{
		"UniqueTagID": "Emote_WarHorn",
		"FragmentName": "Emote_WarHorn",
		"DisplayName": "ui_emote_WarHorn_name",
		"DisplayDescription": "ui_emote_WarHorn_description",
		"DisplayGroup": "Other",
		"ChatBoxText": "@emote_WarHorn",
		"SlashCommand": "warhorn",
		"IsEntitlement": 1,
		"IsPremiumEmote": 0,
		"IsEnabled": 1,
		"HasCooldown": 0,
		"DisplayPriority": 1,
		"UiImage": "lyshineui/images/icons/emotes/emote_warhorn.webp",
		"EmoteDuration": 0
	},
	{
		"UniqueTagID": "Emote_FingerHeart",
		"FragmentName": "Emote_FingerHeart",
		"DisplayName": "ui_emote_FingerHeart_name",
		"DisplayDescription": "ui_emote_FingerHeart_description",
		"DisplayGroup": "Emotion",
		"ChatBoxText": "@emote_FingerHeart",
		"SlashCommand": "heart",
		"IsEntitlement": 1,
		"IsPremiumEmote": 0,
		"IsEnabled": 1,
		"HasCooldown": 0,
		"DisplayPriority": 1,
		"UiImage": "lyshineui/images/icons/emotes/emote_omensofwinter_fingerhearts.webp",
		"EmoteDuration": 0
	},
	{
		"UniqueTagID": "Emote_Walk_FrankenMummy",
		"FragmentName": "Emote_Walk_FrankenMummy",
		"DisplayName": "ui_emote_Walk_FrankenMummy_name",
		"DisplayDescription": "ui_emote_Walk_FrankenMummy_description",
		"DisplayGroup": "Other",
		"ChatBoxText": "@emote_Walk_FrankenMummy",
		"SlashCommand": "zombie",
		"IsEntitlement": 1,
		"IsPremiumEmote": 0,
		"IsEnabled": 1,
		"HasCooldown": 0,
		"DisplayPriority": 1,
		"UiImage": "lyshineui/images/icons/emotes/emote_frankenmummy.webp",
		"EmoteDuration": 0
	},
	{
		"UniqueTagID": "Emote_MilitarySalute",
		"FragmentName": "Emote_MilitarySalute",
		"DisplayName": "ui_emote_MilitarySalute_name",
		"DisplayDescription": "ui_emote_MilitarySalute_description",
		"DisplayGroup": "Other",
		"ChatBoxText": "@emote_MilitarySalute",
		"SlashCommand": "salute",
		"IsEntitlement": 1,
		"IsPremiumEmote": 0,
		"IsEnabled": 1,
		"HasCooldown": 0,
		"DisplayPriority": 1,
		"UiImage": "lyshineui/images/icons/emotes/emote_militarysalute.webp",
		"EmoteDuration": 0
	},
	{
		"UniqueTagID": "Emote_Pout",
		"FragmentName": "Emote_Pout",
		"DisplayName": "ui_emote_Pout_name",
		"DisplayDescription": "ui_emote_Pout_description",
		"DisplayGroup": "Emotion",
		"ChatBoxText": "@emote_Pout",
		"SlashCommand": "pout",
		"IsEntitlement": 1,
		"IsPremiumEmote": 0,
		"IsEnabled": 1,
		"HasCooldown": 0,
		"DisplayPriority": 1,
		"UiImage": "lyshineui/images/icons/emotes/emote_pout.webp",
		"EmoteDuration": 0
	},
	{
		"UniqueTagID": "Emote_DevilHornRock",
		"FragmentName": "Emote_DevilHornRock",
		"DisplayName": "ui_emote_DevilHornRock_name",
		"DisplayDescription": "ui_emote_DevilHornRock_description",
		"DisplayGroup": "Other",
		"ChatBoxText": "@emote_DevilHornRock",
		"SlashCommand": "rock",
		"IsEntitlement": 1,
		"IsPremiumEmote": 0,
		"IsEnabled": 1,
		"HasCooldown": 0,
		"DisplayPriority": 1,
		"UiImage": "lyshineui/images/icons/emotes/emote_devilhorns.webp",
		"EmoteDuration": 0
	},
	{
		"UniqueTagID": "Emote_Walk_Skip",
		"FragmentName": "Emote_Walk_Skip",
		"DisplayName": "ui_emote_Walk_Skip_name",
		"DisplayDescription": "ui_emote_Walk_Skip_description",
		"DisplayGroup": "Other",
		"ChatBoxText": "@emote_Walk_Skip",
		"SlashCommand": "skip",
		"IsEntitlement": 1,
		"IsPremiumEmote": 0,
		"IsEnabled": 1,
		"HasCooldown": 0,
		"DisplayPriority": 1,
		"UiImage": "lyshineui/images/icons/emotes/emote_skip.webp",
		"EmoteDuration": 0
	},
	{
		"UniqueTagID": "Emote_Walk_TipToe",
		"FragmentName": "Emote_Walk_TipToe",
		"DisplayName": "ui_emote_Walk_TipToe_name",
		"DisplayDescription": "ui_emote_Walk_TipToe_description",
		"DisplayGroup": "Other",
		"ChatBoxText": "@emote_Walk_TipToe",
		"SlashCommand": "tiptoe",
		"IsEntitlement": 1,
		"IsPremiumEmote": 0,
		"IsEnabled": 1,
		"HasCooldown": 0,
		"DisplayPriority": 1,
		"UiImage": "lyshineui/images/icons/emotes/emote_tiptoewalk.webp",
		"EmoteDuration": 0
	},
	{
		"UniqueTagID": "Emote_ShruggyDance",
		"FragmentName": "Emote_ShruggyDance",
		"DisplayName": "ui_emote_ShruggyDance_name",
		"DisplayDescription": "ui_emote_ShruggyDance_description",
		"DisplayGroup": "Other",
		"ChatBoxText": "@emote_ShruggyDance",
		"SlashCommand": "shruggydance",
		"IsEntitlement": 1,
		"IsPremiumEmote": 0,
		"IsEnabled": 1,
		"HasCooldown": 0,
		"DisplayPriority": 1,
		"UiImage": "lyshineui/images/icons/emotes/emote_shruggydance.webp",
		"GatherableTags": "dance",
		"EmoteDuration": 7,
		"AttributionId": "WinterConvergence_2022"
	},
	{
		"UniqueTagID": "Emote_DoffCap",
		"FragmentName": "Emote_DoffCap",
		"DisplayName": "ui_emote_DoffCap_name",
		"DisplayDescription": "ui_emote_DoffCap_description",
		"DisplayGroup": "Friendly",
		"ChatBoxText": "@emote_DoffCap",
		"SlashCommand": "doffcap",
		"IsEntitlement": 1,
		"IsPremiumEmote": 0,
		"IsEnabled": 1,
		"HasCooldown": 0,
		"DisplayPriority": 1,
		"UiImage": "lyshineui/images/icons/emotes/emote_doffcap.webp",
		"EmoteDuration": 0
	},
	{
		"UniqueTagID": "Emote_HeelClick",
		"FragmentName": "Emote_HeelClick",
		"DisplayName": "ui_emote_HeelClick_name",
		"DisplayDescription": "ui_emote_HeelClick_description",
		"DisplayGroup": "Other",
		"ChatBoxText": "@emote_HeelClick",
		"SlashCommand": "heelclick",
		"IsEntitlement": 1,
		"IsPremiumEmote": 0,
		"IsEnabled": 1,
		"HasCooldown": 0,
		"DisplayPriority": 1,
		"UiImage": "lyshineui/images/icons/emotes/emote_heelclick.webp",
		"EmoteDuration": 0
	},
	{
		"UniqueTagID": "Emote_SnowPileThrow",
		"FragmentName": "Emote_SnowPileThrow",
		"DisplayName": "ui_emote_SnowPileThrow_name",
		"DisplayDescription": "ui_emote_SnowPileThrow_description",
		"DisplayGroup": "Other",
		"ChatBoxText": "@emote_SnowPileThrow",
		"SlashCommand": "snowball",
		"IsEntitlement": 1,
		"IsPremiumEmote": 0,
		"IsEnabled": 1,
		"HasCooldown": 0,
		"DisplayPriority": 1,
		"UiImage": "lyshineui/images/icons/emotes/emote_snowpilethrow.webp",
		"EmoteDuration": 0,
		"AttributionId": "WinterConvergence_2022"
	},
	{
		"UniqueTagID": "Emote_GleamiteSkip",
		"FragmentName": "Emote_GleamiteSkip",
		"DisplayName": "ui_emote_GleamiteSkip_name",
		"DisplayDescription": "ui_emote_GleamiteSkip_description",
		"DisplayGroup": "Other",
		"ChatBoxText": "@emote_GleamiteSkip",
		"SlashCommand": "gleamiteskip",
		"IsEntitlement": 1,
		"IsPremiumEmote": 0,
		"IsEnabled": 1,
		"HasCooldown": 0,
		"DisplayPriority": 1,
		"UiImage": "lyshineui/images/icons/emotes/emote_gleamiteskip.webp",
		"EmoteDuration": 0
	},
	{
		"UniqueTagID": "Emote_FootballJuggle",
		"FragmentName": "Emote_FootballJuggle",
		"DisplayName": "ui_emote_FootballJuggle_name",
		"DisplayDescription": "ui_emote_FootballJuggle_description",
		"DisplayGroup": "Other",
		"ChatBoxText": "@emote_FootballJuggle",
		"SlashCommand": "keepieuppie",
		"IsEntitlement": 1,
		"IsPremiumEmote": 0,
		"IsEnabled": 1,
		"HasCooldown": 0,
		"DisplayPriority": 1,
		"UiImage": "lyshineui/images/icons/emotes/emote_jugglingsoccerball.webp",
		"EmoteDuration": 0
	},
	{
		"UniqueTagID": "Emote_KneeSlide",
		"FragmentName": "Emote_KneeSlide",
		"DisplayName": "ui_emote_KneeSlide_name",
		"DisplayDescription": "ui_emote_KneeSlide_description",
		"DisplayGroup": "Other",
		"ChatBoxText": "@emote_KneeSlide",
		"SlashCommand": "kneeslide",
		"IsEntitlement": 1,
		"IsPremiumEmote": 0,
		"IsEnabled": 1,
		"HasCooldown": 0,
		"DisplayPriority": 1,
		"UiImage": "lyshineui/images/icons/emotes/emote_kneeslide.webp",
		"EmoteDuration": 0
	},
	{
		"UniqueTagID": "Emote_DramaticDeath",
		"FragmentName": "Emote_DramaticDeath",
		"DisplayName": "ui_emote_DramaticDeath_name",
		"DisplayDescription": "ui_emote_DramaticDeath_description",
		"DisplayGroup": "Other",
		"ChatBoxText": "@emote_DramaticDeath",
		"SlashCommand": "alasidie",
		"IsEntitlement": 1,
		"IsPremiumEmote": 0,
		"IsEnabled": 1,
		"HasCooldown": 0,
		"DisplayPriority": 1,
		"UiImage": "lyshineui/images/icons/emotes/emote_overlydramaticdeath.webp",
		"EmoteDuration": 0
	},
	{
		"UniqueTagID": "Emote_GleamiteJuggle",
		"FragmentName": "Emote_GleamiteJuggle",
		"DisplayName": "ui_emote_GleamiteJuggle_name",
		"DisplayDescription": "ui_emote_GleamiteJuggle_description",
		"DisplayGroup": "Other",
		"ChatBoxText": "@emote_GleamiteJuggle",
		"SlashCommand": "gleamitejuggle",
		"IsEntitlement": 1,
		"IsPremiumEmote": 0,
		"IsEnabled": 1,
		"HasCooldown": 0,
		"DisplayPriority": 1,
		"UiImage": "lyshineui/images/icons/emotes/emote_gleamitejuggling.webp",
		"EmoteDuration": 0,
		"AttributionId": "WinterConvergence_2022"
	},
	{
		"UniqueTagID": "Emote_SlapFight",
		"FragmentName": "Emote_SlapFight",
		"DisplayName": "ui_emote_SlapFight_name",
		"DisplayDescription": "ui_emote_SlapFight_description",
		"DisplayGroup": "Other",
		"ChatBoxText": "@emote_SlapFight",
		"SlashCommand": "slapfight",
		"IsEntitlement": 1,
		"IsPremiumEmote": 0,
		"IsEnabled": 1,
		"HasCooldown": 0,
		"DisplayPriority": 1,
		"UiImage": "lyshineui/images/icons/emotes/emote_slapfight.webp",
		"EmoteDuration": 0
	},
	{
		"UniqueTagID": "Emote_GleamiteThrow",
		"FragmentName": "Emote_GleamiteThrow",
		"DisplayName": "ui_emote_GleamiteThrow_name",
		"DisplayDescription": "ui_emote_GleamiteThrow_description",
		"DisplayGroup": "Other",
		"ChatBoxText": "@emote_GleamiteThrow",
		"SlashCommand": "gleamitethrow",
		"IsEntitlement": 1,
		"IsPremiumEmote": 0,
		"IsEnabled": 1,
		"HasCooldown": 0,
		"DisplayPriority": 1,
		"UiImage": "lyshineui/images/icons/emotes/emote_trampwalk.webp",
		"EmoteDuration": 0
	},
	{
		"UniqueTagID": "Emote_TrafficCop",
		"FragmentName": "Emote_TrafficCop",
		"DisplayName": "ui_emote_TrafficCop_name",
		"DisplayDescription": "ui_emote_TrafficCop_description",
		"DisplayGroup": "Other",
		"ChatBoxText": "@emote_TrafficCop",
		"SlashCommand": "traffic",
		"IsEntitlement": 1,
		"IsPremiumEmote": 0,
		"IsEnabled": 1,
		"HasCooldown": 0,
		"DisplayPriority": 1,
		"UiImage": "lyshineui/images/icons/emotes/emote_trampwalk.webp",
		"EmoteDuration": 0
	},
	{
		"UniqueTagID": "Emote_FlowerChildDance",
		"FragmentName": "Emote_FlowerChildDance",
		"DisplayName": "ui_emote_FlowerChildDance_name",
		"DisplayDescription": "ui_emote_FlowerChildDance_description",
		"DisplayGroup": "Other",
		"ChatBoxText": "@Emote_FlowerChildDance",
		"SlashCommand": "flowerdance",
		"IsEntitlement": 1,
		"IsPremiumEmote": 0,
		"IsEnabled": 1,
		"HasCooldown": 0,
		"DisplayPriority": 1,
		"UiImage": "lyshineui/images/icons/emotes/emote_spring2023_flowerchilddance.webp",
		"GatherableTags": "dance",
		"EmoteDuration": 0,
		"AttributionId": "SpringtideBloom_2023"
	},
	{
		"UniqueTagID": "Emote_FrolicDance",
		"FragmentName": "Emote_FrolicDance",
		"DisplayName": "ui_emote_FrolicDance_name",
		"DisplayDescription": "ui_emote_FrolicDance_description",
		"DisplayGroup": "Other",
		"ChatBoxText": "@Emote_FrolicDance",
		"SlashCommand": "frolic",
		"IsEntitlement": 1,
		"IsPremiumEmote": 0,
		"IsEnabled": 1,
		"HasCooldown": 0,
		"DisplayPriority": 1,
		"UiImage": "lyshineui/images/icons/emotes/emote_spring2023_jovialfrolic.webp",
		"GatherableTags": "dance",
		"EmoteDuration": 0,
		"AttributionId": "SpringtideBloom_2023"
	},
	{
		"UniqueTagID": "Emote_TeaBag",
		"FragmentName": "Emote_TeaBag",
		"DisplayName": "ui_emote_TeaBag_name",
		"DisplayDescription": "ui_emote_TeaBag_description",
		"DisplayGroup": "Taunt",
		"ChatBoxText": "@Emote_TeaBag",
		"SlashCommand": "teabag",
		"IsEntitlement": 1,
		"IsPremiumEmote": 0,
		"IsEnabled": 1,
		"HasCooldown": 0,
		"DisplayPriority": 1,
		"UiImage": "lyshineui/images/icons/emotes/emote_teabag.webp",
		"EmoteDuration": 0
	},
	{
		"UniqueTagID": "Emote_ParticipationTrophy",
		"FragmentName": "Emote_ParticipationTrophy",
		"DisplayName": "ui_emote_ParticipationTrophy_name",
		"DisplayDescription": "ui_emote_ParticipationTrophy_description",
		"DisplayGroup": "Other",
		"ChatBoxText": "@Emote_ParticipationTrophy",
		"SlashCommand": "trophy",
		"IsEntitlement": 1,
		"IsPremiumEmote": 0,
		"IsEnabled": 1,
		"HasCooldown": 0,
		"DisplayPriority": 1,
		"UiImage": "lyshineui/images/icons/emotes/emote_givetrophy.webp",
		"EmoteDuration": 0
	},
	{
		"UniqueTagID": "Emote_RockyCelebration",
		"FragmentName": "Emote_RockyCelebration",
		"DisplayName": "ui_emote_RockyCelebration_name",
		"DisplayDescription": "ui_emote_RockyCelebration_description",
		"DisplayGroup": "Emotion",
		"ChatBoxText": "@Emote_RockyCelebration",
		"SlashCommand": "champion",
		"IsEntitlement": 1,
		"IsPremiumEmote": 0,
		"IsEnabled": 1,
		"HasCooldown": 0,
		"DisplayPriority": 1,
		"UiImage": "lyshineui/images/icons/emotes/emote_rockycelebration.webp",
		"EmoteDuration": 0
	},
	{
		"UniqueTagID": "Emote_BlowFire",
		"FragmentName": "Emote_BlowFire",
		"DisplayName": "ui_emote_BlowFire_name",
		"DisplayDescription": "ui_emote_BlowFire_description",
		"DisplayGroup": "Other",
		"ChatBoxText": "@Emote_BlowFire",
		"SlashCommand": "blowfire",
		"IsEntitlement": 1,
		"IsPremiumEmote": 0,
		"IsEnabled": 1,
		"HasCooldown": 0,
		"DisplayPriority": 1,
		"UiImage": "lyshineui/images/icons/emotes/emote_season1_blowfire.webp",
		"EmoteDuration": 0
	},
	{
		"UniqueTagID": "Emote_FishingDance",
		"FragmentName": "Emote_FishingDance",
		"DisplayName": "ui_Emote_FishingDance_name",
		"DisplayDescription": "ui_Emote_FishingDance_description",
		"DisplayGroup": "Other",
		"ChatBoxText": "@Emote_FishingDance",
		"SlashCommand": "reelitin",
		"IsEntitlement": 1,
		"IsPremiumEmote": 0,
		"IsEnabled": 1,
		"HasCooldown": 0,
		"DisplayPriority": 1,
		"UiImage": "lyshineui/images/icons/emotes/emote_omensofwinter_fishingdance.webp",
		"GatherableTags": "dance",
		"EmoteDuration": 0
	},
	{
		"UniqueTagID": "Emote_SloshDance",
		"FragmentName": "Emote_SloshDance",
		"DisplayName": "ui_Emote_SloshDance_name",
		"DisplayDescription": "ui_Emote_SloshDance_description",
		"DisplayGroup": "Other",
		"ChatBoxText": "@Emote_SloshDance",
		"SlashCommand": "sloshdance",
		"SecondarySlashCommand": "4",
		"IsEntitlement": 1,
		"IsPremiumEmote": 0,
		"IsEnabled": 1,
		"HasCooldown": 0,
		"DisplayPriority": 1,
		"UiImage": "lyshineui/images/icons/emotes/emote_omensofwinter_sloshdance.webp",
		"GatherableTags": "dance",
		"EmoteDuration": 0
	},
	{
		"UniqueTagID": "Emote_HandHeart",
		"FragmentName": "Emote_HandHeart",
		"DisplayName": "ui_Emote_HandHeart_name",
		"DisplayDescription": "ui_Emote_HandHeart_description",
		"DisplayGroup": "Emotion",
		"ChatBoxText": "@Emote_HandHeart",
		"SlashCommand": "hearthand",
		"IsEntitlement": 1,
		"IsPremiumEmote": 0,
		"IsEnabled": 1,
		"HasCooldown": 0,
		"DisplayPriority": 1,
		"UiImage": "lyshineui/images/icons/emotes/emote_omensofwinter_handheart.webp",
		"EmoteDuration": 0
	},
	{
		"UniqueTagID": "Emote_ArmWaveDance",
		"FragmentName": "Emote_ArmWaveDance",
		"DisplayName": "ui_emote_ArmWaveDance_name",
		"DisplayDescription": "ui_emote_ArmWaveDance_description",
		"DisplayGroup": "Other",
		"ChatBoxText": "@Emote_ArmWaveDance",
		"SlashCommand": "armwave",
		"IsEntitlement": 1,
		"IsPremiumEmote": 0,
		"IsEnabled": 1,
		"HasCooldown": 0,
		"DisplayPriority": 1,
		"UiImage": "lyshineui/images/icons/emotes/emote_breakdancearmwave.webp",
		"GatherableTags": "dance",
		"EmoteDuration": 0
	},
	{
		"UniqueTagID": "Emote_Walk_Drunk",
		"FragmentName": "Emote_Walk_Drunk",
		"DisplayName": "ui_emote_Walk_Drunk_name",
		"DisplayDescription": "ui_emote_Walk_Drunk_description",
		"DisplayGroup": "Other",
		"ChatBoxText": "@Emote_Walk_Drunk",
		"SlashCommand": "stumble",
		"IsEntitlement": 1,
		"IsPremiumEmote": 0,
		"IsEnabled": 1,
		"HasCooldown": 0,
		"DisplayPriority": 1,
		"UiImage": "lyshineui/images/icons/emotes/emote_drunkwalk.webp",
		"EmoteDuration": 0
	},
	{
		"UniqueTagID": "Emote_HipTwistDance",
		"FragmentName": "Emote_HipTwistDance",
		"DisplayName": "ui_emote_HipTwistDance_name",
		"DisplayDescription": "ui_emote_HipTwistDance_description",
		"DisplayGroup": "Other",
		"ChatBoxText": "@Emote_HipTwistDance",
		"SlashCommand": "hiptwist",
		"IsEntitlement": 1,
		"IsPremiumEmote": 0,
		"IsEnabled": 1,
		"HasCooldown": 0,
		"DisplayPriority": 1,
		"UiImage": "lyshineui/images/icons/emotes/emote_hipdance.webp",
		"GatherableTags": "dance",
		"EmoteDuration": 0
	},
	{
		"UniqueTagID": "Emote_Walk_Fashion",
		"FragmentName": "Emote_Walk_Fashion",
		"DisplayName": "ui_emote_Walk_Fashion_name",
		"DisplayDescription": "ui_emote_Walk_Fashion_description",
		"DisplayGroup": "Other",
		"ChatBoxText": "@Emote_Walk_Fashion",
		"SlashCommand": "runway",
		"IsEntitlement": 1,
		"IsPremiumEmote": 0,
		"IsEnabled": 1,
		"HasCooldown": 0,
		"DisplayPriority": 1,
		"UiImage": "lyshineui/images/icons/emotes/emote_fashionwalk.webp",
		"EmoteDuration": 0
	},
	{
		"UniqueTagID": "Emote_PointLaugh",
		"FragmentName": "Emote_PointLaugh",
		"DisplayName": "ui_emote_PointLaugh_name",
		"DisplayDescription": "ui_emote_PointLaugh_description",
		"DisplayGroup": "Taunt",
		"ChatBoxText": "@Emote_PointLaugh",
		"SlashCommand": "haha",
		"IsEntitlement": 1,
		"IsPremiumEmote": 0,
		"IsEnabled": 1,
		"HasCooldown": 0,
		"DisplayPriority": 1,
		"UiImage": "lyshineui/images/icons/emotes/emote_pointlaugh.webp",
		"EmoteDuration": 0
	},
	{
		"UniqueTagID": "Emote_PiedPiper",
		"FragmentName": "Emote_PiedPiper",
		"DisplayName": "ui_emote_PiedPiper_name",
		"DisplayDescription": "ui_emote_PiedPiper_description",
		"DisplayGroup": "Other",
		"ChatBoxText": "@Emote_PiedPiper",
		"SlashCommand": "piper",
		"IsEntitlement": 1,
		"IsPremiumEmote": 0,
		"IsEnabled": 1,
		"HasCooldown": 0,
		"DisplayPriority": 1,
		"UiImage": "lyshineui/images/icons/emotes/emote_piedpiper.webp",
		"EmoteDuration": 0
	},
	{
		"UniqueTagID": "Emote_BugJar",
		"FragmentName": "Emote_BugJar",
		"DisplayName": "ui_emote_BugJar_name",
		"DisplayDescription": "ui_emote_BugJar_description",
		"DisplayGroup": "Other",
		"ChatBoxText": "@Emote_BugJar",
		"SlashCommand": "bugjar",
		"IsEntitlement": 1,
		"IsPremiumEmote": 0,
		"IsEnabled": 1,
		"HasCooldown": 0,
		"DisplayPriority": 1,
		"UiImage": "lyshineui/images/icons/emotes/emote_bugjar.webp",
		"EmoteDuration": 0,
		"AttributionId": "SummerMedleyfaire_2022"
	},
	{
		"UniqueTagID": "Emote_WormDance",
		"FragmentName": "Emote_WormDance",
		"DisplayName": "ui_emote_WormDance_name",
		"DisplayDescription": "ui_emote_WormDance_description",
		"DisplayGroup": "Other",
		"ChatBoxText": "@Emote_WormDance",
		"SlashCommand": "worm",
		"IsEntitlement": 1,
		"IsPremiumEmote": 0,
		"IsEnabled": 1,
		"HasCooldown": 0,
		"DisplayPriority": 1,
		"UiImage": "lyshineui/images/icons/emotes/emote_worm.webp",
		"EmoteDuration": 0
	},
	{
		"UniqueTagID": "Emote_PocketSand",
		"FragmentName": "Emote_PocketSand",
		"DisplayName": "ui_emote_PocketSand_name",
		"DisplayDescription": "ui_emote_PocketSand_description",
		"DisplayGroup": "Other",
		"ChatBoxText": "@Emote_PocketSand",
		"SlashCommand": "pocketsand",
		"IsEntitlement": 1,
		"IsPremiumEmote": 0,
		"IsEnabled": 1,
		"HasCooldown": 0,
		"DisplayPriority": 1,
		"UiImage": "lyshineui/images/icons/emotes/emote_pocketsand.webp",
		"EmoteDuration": 0
	},
	{
		"UniqueTagID": "Emote_CallMe",
		"FragmentName": "Emote_CallMe",
		"DisplayName": "ui_emote_CallMe_name",
		"DisplayDescription": "ui_emote_CallMe_description",
		"DisplayGroup": "Friendly",
		"ChatBoxText": "@Emote_CallMe",
		"SlashCommand": "callme",
		"IsEntitlement": 1,
		"IsPremiumEmote": 0,
		"IsEnabled": 1,
		"HasCooldown": 0,
		"DisplayPriority": 1,
		"UiImage": "lyshineui/images/icons/emotes/emote_callme.webp",
		"EmoteDuration": 0
	},
	{
		"UniqueTagID": "Emote_FacePalm",
		"FragmentName": "Emote_FacePalm",
		"DisplayName": "ui_emote_FacePalm_name",
		"DisplayDescription": "ui_emote_FacePalm_description",
		"DisplayGroup": "Emotion",
		"ChatBoxText": "@Emote_FacePalm",
		"SlashCommand": "facepalm",
		"IsEntitlement": 1,
		"IsPremiumEmote": 0,
		"IsEnabled": 1,
		"HasCooldown": 0,
		"DisplayPriority": 1,
		"UiImage": "lyshineui/images/icons/emotes/emote_facepalm.webp",
		"EmoteDuration": 0
	},
	{
		"UniqueTagID": "Emote_BadSmell",
		"FragmentName": "Emote_BadSmell",
		"DisplayName": "ui_emote_BadSmell_name",
		"DisplayDescription": "ui_emote_BadSmell_description",
		"DisplayGroup": "Taunt",
		"ChatBoxText": "@Emote_BadSmell",
		"SlashCommand": "stinks",
		"IsEntitlement": 1,
		"IsPremiumEmote": 0,
		"IsEnabled": 1,
		"HasCooldown": 0,
		"DisplayPriority": 1,
		"UiImage": "lyshineui/images/icons/emotes/emote_badsmell.webp",
		"EmoteDuration": 0
	},
	{
		"UniqueTagID": "Emote_ChefKiss",
		"FragmentName": "Emote_ChefKiss",
		"DisplayName": "ui_emote_ChefKiss_name",
		"DisplayDescription": "ui_emote_ChefKiss_description",
		"DisplayGroup": "Other",
		"ChatBoxText": "@Emote_ChefKiss",
		"SlashCommand": "chefkiss",
		"IsEntitlement": 1,
		"IsPremiumEmote": 0,
		"IsEnabled": 1,
		"HasCooldown": 0,
		"DisplayPriority": 1,
		"UiImage": "lyshineui/images/icons/emotes/emote_chefkiss.webp",
		"EmoteDuration": 0
	},
	{
		"UniqueTagID": "Emote_DeathDrop",
		"FragmentName": "Emote_DeathDrop",
		"DisplayName": "ui_emote_DeathDrop_name",
		"DisplayDescription": "ui_emote_DeathDrop_description",
		"DisplayGroup": "Other",
		"ChatBoxText": "@Emote_DeathDrop",
		"SlashCommand": "deathdrop",
		"IsEntitlement": 1,
		"IsPremiumEmote": 0,
		"IsEnabled": 1,
		"HasCooldown": 0,
		"DisplayPriority": 1,
		"UiImage": "lyshineui/images/icons/emotes/emote_deathdrop.webp",
		"EmoteDuration": 0
	},
	{
		"UniqueTagID": "Emote_Thanks",
		"FragmentName": "Emote_Thanks",
		"DisplayName": "ui_emote_Thanks_name",
		"DisplayDescription": "ui_emote_Thanks_description",
		"DisplayGroup": "Friendly",
		"ChatBoxText": "@Emote_Thanks",
		"SlashCommand": "thanks",
		"IsEntitlement": 0,
		"IsPremiumEmote": 0,
		"IsEnabled": 1,
		"HasCooldown": 0,
		"DisplayPriority": 1,
		"UiImage": "lyshineui/images/icons/emotes/emote_thanks.webp",
		"EmoteDuration": 0
	},
	{
		"UniqueTagID": "Emote_BlowBubbles",
		"FragmentName": "Emote_BlowBubbles",
		"DisplayName": "ui_Emote_BlowBubbles_name",
		"DisplayDescription": "ui_Emote_BlowBubbles_description",
		"DisplayGroup": "Other",
		"ChatBoxText": "@Emote_BlowBubbles",
		"SlashCommand": "bubbles",
		"IsEntitlement": 1,
		"IsPremiumEmote": 0,
		"IsEnabled": 1,
		"HasCooldown": 0,
		"DisplayPriority": 1,
		"UiImage": "lyshineui/images/icons/emotes/emote_blowbubbles.webp",
		"EmoteDuration": 0
	},
	{
		"UniqueTagID": "Emote_Walk_Viking",
		"FragmentName": "Emote_Walk_Viking",
		"DisplayName": "ui_Emote_Walk_Viking_name",
		"DisplayDescription": "ui_Emote_Walk_Viking_description",
		"DisplayGroup": "Other",
		"ChatBoxText": "@Emote_Walk_Viking",
		"SlashCommand": "viking",
		"IsEntitlement": 1,
		"IsPremiumEmote": 0,
		"IsEnabled": 1,
		"HasCooldown": 0,
		"DisplayPriority": 1,
		"UiImage": "lyshineui/images/icons/emotes/emote_vikingwalk.webp",
		"EmoteDuration": 0
	},
	{
		"UniqueTagID": "Emote_MashedPotatoDance",
		"FragmentName": "Emote_MashedPotatoDance",
		"DisplayName": "ui_Emote_MashedPotatoDance_name",
		"DisplayDescription": "ui_Emote_MashedPotatoDance_description",
		"DisplayGroup": "Other",
		"ChatBoxText": "@Emote_MashedPotatoDance",
		"SlashCommand": "mashedpotato",
		"IsEntitlement": 1,
		"IsPremiumEmote": 0,
		"IsEnabled": 1,
		"HasCooldown": 0,
		"DisplayPriority": 1,
		"UiImage": "lyshineui/images/icons/emotes/emote_mashedpotatodance.webp",
		"EmoteDuration": 0
	},
	{
		"UniqueTagID": "Emote_SpyGlass",
		"FragmentName": "Emote_SpyGlass",
		"DisplayName": "ui_Emote_SpyGlass_name",
		"DisplayDescription": "ui_Emote_SpyGlass_description",
		"DisplayGroup": "Other",
		"ChatBoxText": "@Emote_SpyGlass",
		"SlashCommand": "spyglass",
		"IsEntitlement": 1,
		"IsPremiumEmote": 0,
		"IsEnabled": 1,
		"HasCooldown": 0,
		"DisplayPriority": 1,
		"UiImage": "lyshineui/images/icons/emotes/emote_spyglass.webp",
		"EmoteDuration": 0
	},
	{
		"UniqueTagID": "Emote_FireSpinDance",
		"FragmentName": "Emote_FireSpinDance",
		"DisplayName": "ui_Emote_FireSpinDance_name",
		"DisplayDescription": "ui_Emote_FireSpinDance_description",
		"DisplayGroup": "Other",
		"ChatBoxText": "@Emote_FireSpinDance",
		"SlashCommand": "firespin",
		"IsEntitlement": 1,
		"IsPremiumEmote": 0,
		"IsEnabled": 1,
		"HasCooldown": 0,
		"DisplayPriority": 1,
		"UiImage": "lyshineui/images/icons/emotes/emote_firespinning.webp",
		"EmoteDuration": 0
	},
	{
		"UniqueTagID": "Emote_SuperHyped",
		"FragmentName": "Emote_SuperHyped",
		"DisplayName": "ui_Emote_SuperHyped_name",
		"DisplayDescription": "ui_Emote_SuperHyped_description",
		"DisplayGroup": "Other",
		"ChatBoxText": "@Emote_SuperHyped",
		"SlashCommand": "hype",
		"IsEntitlement": 1,
		"IsPremiumEmote": 0,
		"IsEnabled": 1,
		"HasCooldown": 0,
		"DisplayPriority": 1,
		"UiImage": "lyshineui/images/icons/emotes/emote_superhyped.webp",
		"EmoteDuration": 0
	},
	{
		"UniqueTagID": "Emote_Tremble",
		"FragmentName": "Emote_JumpScare",
		"DisplayName": "ui_Emote_Tremble_name",
		"DisplayDescription": "ui_Emote_Tremble_description",
		"DisplayGroup": "Other",
		"ChatBoxText": "@Emote_Tremble",
		"SlashCommand": "tremble",
		"IsEntitlement": 1,
		"IsPremiumEmote": 0,
		"IsEnabled": 1,
		"HasCooldown": 0,
		"DisplayPriority": 1,
		"UiImage": "lyshineui/images/icons/emotes/emote_nightveil2023_tremble.webp",
		"EmoteDuration": 0,
		"AttributionId": "NightveilHallow_2023"
	},
	{
		"UniqueTagID": "Emote_Walk_Possessed",
		"FragmentName": "Emote_Walk_Evil",
		"DisplayName": "ui_Emote_Walk_Possessed_name",
		"DisplayDescription": "ui_Emote_Walk_Possessed_description",
		"DisplayGroup": "Other",
		"ChatBoxText": "@Emote_Walk_Possessed",
		"SlashCommand": "possessed",
		"IsEntitlement": 1,
		"IsPremiumEmote": 0,
		"IsEnabled": 1,
		"HasCooldown": 0,
		"DisplayPriority": 1,
		"UiImage": "lyshineui/images/icons/emotes/emote_nightveil2023_evilwalk.webp",
		"EmoteDuration": 0,
		"AttributionId": "NightveilHallow_2023"
	},
	{
		"UniqueTagID": "Emote_WitchBroom",
		"FragmentName": "Emote_WitchBroom",
		"DisplayName": "ui_emote_WitchBroom",
		"DisplayDescription": "ui_emote_WitchBroom_description",
		"DisplayGroup": "Default",
		"ChatBoxText": "@emote_WitchBroom",
		"SlashCommand": "witchbroom",
		"IsEntitlement": 1,
		"IsPremiumEmote": 1,
		"IsEnabled": 1,
		"HasCooldown": 1,
		"StatusEffectTimer": "PremiumEmote_WitchBroom",
		"DisplayPriority": 1,
		"UiImage": "lyshineui/images/icons/emotes/emote_seance_witchesbroom.webp",
		"EmoteDuration": 0,
		"EmoteStoreCameraOverride": "UI_StorePreview"
	},
	{
		"UniqueTagID": "Emote_Walk_Trex",
		"FragmentName": "Emote_Walk_Trex",
		"DisplayName": "ui_Emote_Walk_Trex_name",
		"DisplayDescription": "ui_Emote_Walk_Trex_description",
		"DisplayGroup": "Other",
		"ChatBoxText": "@Emote_Walk_Trex",
		"SlashCommand": "trex",
		"IsEntitlement": 1,
		"IsPremiumEmote": 0,
		"IsEnabled": 1,
		"HasCooldown": 0,
		"DisplayPriority": 1,
		"UiImage": "lyshineui/images/icons/emotes/emote_seance_trexwalk.webp",
		"EmoteDuration": 0
	},
	{
		"UniqueTagID": "Emote_GravePeaceSign",
		"FragmentName": "Emote_GravePeaceSign",
		"DisplayName": "ui_Emote_GravePeaceSign_name",
		"DisplayDescription": "ui_Emote_GravePeaceSign_description",
		"DisplayGroup": "Taunt",
		"ChatBoxText": "@Emote_GravePeaceSign",
		"SlashCommand": "grave",
		"IsEntitlement": 1,
		"IsPremiumEmote": 0,
		"IsEnabled": 1,
		"HasCooldown": 0,
		"DisplayPriority": 1,
		"UiImage": "lyshineui/images/icons/emotes/emote_seance_gravepeacesign.webp",
		"EmoteDuration": 0
	},
	{
		"UniqueTagID": "Emote_YouMeNow",
		"FragmentName": "Emote_YouMeNow",
		"DisplayName": "ui_Emote_YouMeNow",
		"DisplayDescription": "ui_Emote_YouMeNow_description",
		"DisplayGroup": "Other",
		"ChatBoxText": "@Emote_YouMeNow",
		"SlashCommand": "youmenow",
		"IsEntitlement": 1,
		"IsPremiumEmote": 0,
		"IsEnabled": 1,
		"HasCooldown": 0,
		"DisplayPriority": 1,
		"UiImage": "lyshineui/images/icons/emotes/emote_youmenow.webp",
		"EmoteDuration": 0,
		"AttributionId": "Season_3"
	},
	{
		"UniqueTagID": "Emote_CraneKick",
		"FragmentName": "Emote_CraneKick",
		"DisplayName": "ui_Emote_CraneKick",
		"DisplayDescription": "ui_Emote_CraneKick_description",
		"DisplayGroup": "Other",
		"ChatBoxText": "@Emote_CraneKick",
		"SlashCommand": "cranekick",
		"IsEntitlement": 1,
		"IsPremiumEmote": 0,
		"IsEnabled": 1,
		"HasCooldown": 0,
		"DisplayPriority": 1,
		"UiImage": "lyshineui/images/icons/emotes/emote_cranekick.webp",
		"EmoteDuration": 0
	},
	{
		"UniqueTagID": "Emote_PopTheBottle",
		"FragmentName": "Emote_PopTheBottle",
		"DisplayName": "ui_Emote_PopTheBottle_name",
		"DisplayDescription": "ui_Emote_PopTheBottle_description",
		"DisplayGroup": "Other",
		"ChatBoxText": "@Emote_PopTheBottle",
		"SlashCommand": "popthebottle",
		"IsEntitlement": 1,
		"IsPremiumEmote": 0,
		"IsEnabled": 1,
		"HasCooldown": 0,
		"DisplayPriority": 1,
		"UiImage": "lyshineui/images/icons/emotes/emote_popthejuice.webp",
		"EmoteDuration": 0,
		"AttributionId": "WinterConvergence_2022"
	},
	{
		"UniqueTagID": "Emote_Walk_IceSkate",
		"FragmentName": "Emote_Walk_IceSkate",
		"DisplayName": "ui_Emote_Walk_IceSkate_name",
		"DisplayDescription": "ui_Emote_Walk_IceSkate_description",
		"DisplayGroup": "Other",
		"ChatBoxText": "@Emote_Walk_IceSkate",
		"SlashCommand": "iceskate",
		"IsEntitlement": 1,
		"IsPremiumEmote": 0,
		"IsEnabled": 1,
		"HasCooldown": 0,
		"DisplayPriority": 1,
		"UiImage": "lyshineui/images/icons/emotes/emote_iceskating.webp",
		"EmoteDuration": 0,
		"AttributionId": "WinterConvergence_2022"
	},
	{
		"UniqueTagID": "Emote_JingleBell",
		"FragmentName": "Emote_JingleBell",
		"DisplayName": "ui_Emote_JingleBell_name",
		"DisplayDescription": "ui_Emote_JingleBell_description",
		"DisplayGroup": "Other",
		"ChatBoxText": "@Emote_JingleBell",
		"SlashCommand": "jinglebell",
		"IsEntitlement": 1,
		"IsPremiumEmote": 0,
		"IsEnabled": 1,
		"HasCooldown": 0,
		"DisplayPriority": 1,
		"UiImage": "lyshineui/images/icons/emotes/emote_jinglebell.webp",
		"EmoteDuration": 0,
		"AttributionId": "WinterConvergence_2022"
	},
	{
		"UniqueTagID": "Emote_SnowballThrow",
		"FragmentName": "Emote_SnowballThrow",
		"DisplayName": "ui_emote_SnowballThrow",
		"DisplayDescription": "ui_emote_SnowballThrow_description",
		"DisplayGroup": "Default",
		"ChatBoxText": "@emote_SnowballThrow",
		"SlashCommand": "snowthrow",
		"IsEntitlement": 1,
		"IsPremiumEmote": 0,
		"IsEnabled": 1,
		"HasCooldown": 1,
		"DisplayPriority": 1,
		"UiImage": "lyshineui/images/icons/emotes/emote_snowballfight.webp",
		"EmoteDuration": 0
	},
	{
		"UniqueTagID": "Emote_CanCanDance",
		"FragmentName": "Emote_CanCanDance",
		"DisplayName": "ui_Emote_CanCanDance_name",
		"DisplayDescription": "ui_Emote_CanCanDance_description",
		"DisplayGroup": "Other",
		"ChatBoxText": "@Emote_CanCanDance",
		"SlashCommand": "cancan",
		"IsEntitlement": 1,
		"IsPremiumEmote": 0,
		"IsEnabled": 1,
		"HasCooldown": 0,
		"DisplayPriority": 1,
		"UiImage": "lyshineui/images/icons/emotes/emote_cancan.webp",
		"GatherableTags": "dance",
		"EmoteDuration": 0
	},
	{
		"UniqueTagID": "Emote_KneelingPraise",
		"FragmentName": "Emote_KneelingPraise",
		"DisplayName": "ui_Emote_KneelingPraise_name",
		"DisplayDescription": "ui_Emote_KneelingPraise_description",
		"DisplayGroup": "Friendly",
		"ChatBoxText": "@Emote_KneelingPraise",
		"SlashCommand": "kneelingpraise",
		"IsEntitlement": 1,
		"IsPremiumEmote": 0,
		"IsEnabled": 1,
		"HasCooldown": 0,
		"DisplayPriority": 1,
		"UiImage": "lyshineui/images/icons/emotes/emote_kneelingpraise.webp",
		"EmoteDuration": 0
	},
	{
		"UniqueTagID": "Emote_DanceSwing1",
		"FragmentName": "Emote_SwingDance_1",
		"DisplayName": "ui_Emote_DanceSwing1_name",
		"DisplayDescription": "ui_Emote_DanceSwing1_description",
		"DisplayGroup": "Other",
		"ChatBoxText": "@Emote_DanceSwing1",
		"SlashCommand": "swing1",
		"SecondarySlashCommand": "aeternumkick",
		"IsEntitlement": 1,
		"IsPremiumEmote": 0,
		"IsEnabled": 1,
		"HasCooldown": 0,
		"DisplayPriority": 1,
		"UiImage": "lyshineui/images/icons/emotes/emote_swingdance_1.webp",
		"GatherableTags": "dance",
		"EmoteDuration": 0
	},
	{
		"UniqueTagID": "Emote_DanceSwing2",
		"FragmentName": "Emote_SwingDance_2",
		"DisplayName": "ui_Emote_DanceSwing2_name",
		"DisplayDescription": "ui_Emote_DanceSwing2_description",
		"DisplayGroup": "Other",
		"ChatBoxText": "@Emote_DanceSwing2",
		"SlashCommand": "swing2",
		"SecondarySlashCommand": "oxborostep",
		"IsEntitlement": 1,
		"IsPremiumEmote": 0,
		"IsEnabled": 1,
		"HasCooldown": 0,
		"DisplayPriority": 1,
		"UiImage": "lyshineui/images/icons/emotes/emote_swingdance_2.webp",
		"GatherableTags": "dance",
		"EmoteDuration": 0
	},
	{
		"UniqueTagID": "Emote_DanceSwing3",
		"FragmentName": "Emote_SwingDance_3",
		"DisplayName": "ui_Emote_DanceSwing3_name",
		"DisplayDescription": "ui_Emote_DanceSwing3_description",
		"DisplayGroup": "Other",
		"ChatBoxText": "@Emote_DanceSwing3",
		"SlashCommand": "swing3",
		"SecondarySlashCommand": "azothhop",
		"IsEntitlement": 1,
		"IsPremiumEmote": 0,
		"IsEnabled": 1,
		"HasCooldown": 0,
		"DisplayPriority": 1,
		"UiImage": "lyshineui/images/icons/emotes/emote_swingdance_3.webp",
		"GatherableTags": "dance",
		"EmoteDuration": 0
	},
	{
		"UniqueTagID": "Emote_PlayDead",
		"FragmentName": "Emote_PlayDead",
		"DisplayName": "ui_Emote_PlayDead_name",
		"DisplayDescription": "ui_Emote_PlayDead_description",
		"DisplayGroup": "Other",
		"ChatBoxText": "@Emote_PlayDead",
		"SlashCommand": "playdead",
		"IsEntitlement": 1,
		"IsPremiumEmote": 0,
		"IsEnabled": 1,
		"HasCooldown": 0,
		"DisplayPriority": 1,
		"UiImage": "lyshineui/images/icons/emotes/emote_playdead.webp",
		"EmoteDuration": 0,
		"AttributionId": "Season_4"
	},
	{
		"UniqueTagID": "Emote_LolNo",
		"FragmentName": "Emote_LolNo",
		"DisplayName": "ui_Emote_LolNo_name",
		"DisplayDescription": "ui_Emote_LolNo_description",
		"DisplayGroup": "Other",
		"ChatBoxText": "@Emote_LolNo",
		"SlashCommand": "LolNo",
		"IsEntitlement": 1,
		"IsPremiumEmote": 0,
		"IsEnabled": 1,
		"HasCooldown": 0,
		"DisplayPriority": 1,
		"UiImage": "lyshineui/images/icons/emotes/emote_lolno.webp",
		"EmoteDuration": 0
	},
	{
		"UniqueTagID": "Emote_RabbitPet",
		"FragmentName": "Emote_RabbitPet",
		"DisplayName": "ui_Emote_RabbitPet_name",
		"DisplayDescription": "ui_Emote_RabbitPet_description",
		"DisplayGroup": "Other",
		"ChatBoxText": "@Emote_RabbitPet",
		"SlashCommand": "petrabbit",
		"IsEntitlement": 1,
		"IsPremiumEmote": 0,
		"IsEnabled": 1,
		"HasCooldown": 0,
		"DisplayPriority": 1,
		"UiImage": "lyshineui/images/icons/emotes/emote_corruptedrabbitpetting.webp",
		"EmoteDuration": 0
	},
	{
		"UniqueTagID": "Emote_BopDance",
		"FragmentName": "Emote_BopDance",
		"DisplayName": "ui_Emote_BopDance_name",
		"DisplayDescription": "ui_Emote_BopDance_description",
		"DisplayGroup": "Other",
		"ChatBoxText": "@Emote_BopDance",
		"SlashCommand": "bopdance",
		"IsEntitlement": 1,
		"IsPremiumEmote": 0,
		"IsEnabled": 1,
		"HasCooldown": 0,
		"DisplayPriority": 1,
		"UiImage": "lyshineui/images/icons/emotes/emote_bopdance.webp",
		"EmoteDuration": 0,
		"AttributionId": "SpringtideBloom_2023"
	},
	{
		"UniqueTagID": "Emote_Shadowbox",
		"FragmentName": "Emote_ShadowBoxing",
		"DisplayName": "ui_Emote_Shadowbox_name",
		"DisplayDescription": "ui_Emote_Shadowbox_description",
		"DisplayGroup": "Other",
		"ChatBoxText": "@Emote_Shadowbox",
		"SlashCommand": "shadowbox",
		"IsEntitlement": 1,
		"IsPremiumEmote": 0,
		"IsEnabled": 1,
		"HasCooldown": 0,
		"DisplayPriority": 1,
		"UiImage": "lyshineui/images/icons/emotes/emote_shadowboxing.webp",
		"EmoteDuration": 0,
		"AttributionId": "Season_5"
	},
	{
		"UniqueTagID": "Emote_GauntletThrow",
		"FragmentName": "Emote_GauntletThrow",
		"DisplayName": "ui_Emote_GauntletThrow_name",
		"DisplayDescription": "ui_Emote_GauntletThrow_description",
		"DisplayGroup": "Other",
		"ChatBoxText": "@Emote_GauntletThrow",
		"SlashCommand": "gauntlet",
		"IsEntitlement": 1,
		"IsPremiumEmote": 0,
		"IsEnabled": 1,
		"HasCooldown": 0,
		"DisplayPriority": 1,
		"UiImage": "lyshineui/images/icons/emotes/emote_gauntletthrow.webp",
		"EmoteDuration": 0
	},
	{
		"UniqueTagID": "Emote_Walk_Torch",
		"FragmentName": "Emote_Walk_Torch",
		"DisplayName": "ui_emote_Walk_Torch_name",
		"DisplayDescription": "ui_emote_Walk_Torch_description",
		"DisplayGroup": "Default",
		"ChatBoxText": "@emote_Walk_Torch",
		"SlashCommand": "torchwalk",
		"IsEntitlement": 1,
		"IsPremiumEmote": 1,
		"IsEnabled": 1,
		"HasCooldown": 0,
		"DisplayPriority": 1,
		"UiImage": "lyshineui/images/icons/emotes/emote_grimreaper_torchwalk.webp",
		"EmoteDuration": 0
	},
	{
		"UniqueTagID": "Emote_Walk_Wave",
		"FragmentName": "Emote_Walk_Wave",
		"DisplayName": "ui_Emote_Walk_Wave_name",
		"DisplayDescription": "ui_Emote_Walk_Wave_description",
		"DisplayGroup": "Other",
		"ChatBoxText": "@Emote_Walk_Wave",
		"SlashCommand": "walkwave",
		"IsEntitlement": 1,
		"IsPremiumEmote": 0,
		"IsEnabled": 1,
		"HasCooldown": 0,
		"DisplayPriority": 1,
		"UiImage": "lyshineui/images/icons/emotes/emote_celebrationwavewalk.webp",
		"EmoteDuration": 0,
		"AttributionId": "Season_5"
	},
	{
		"UniqueTagID": "Emote_Walk_FingerGuns",
		"FragmentName": "Emote_Walk_FingerGuns",
		"DisplayName": "ui_Emote_Walk_FingerGuns_name",
		"DisplayDescription": "ui_Emote_Walk_FingerGuns_description",
		"DisplayGroup": "Other",
		"ChatBoxText": "@Emote_Walk_FingerGuns",
		"SlashCommand": "fingerguns",
		"IsEntitlement": 1,
		"IsPremiumEmote": 0,
		"IsEnabled": 1,
		"HasCooldown": 0,
		"DisplayPriority": 1,
		"UiImage": "lyshineui/images/icons/emotes/emote_fingergunswalk.webp",
		"EmoteDuration": 0,
		"AttributionId": "Season_6"
	},
	{
		"UniqueTagID": "Emote_BiteMedal",
		"FragmentName": "Emote_BiteMedal",
		"DisplayName": "ui_Emote_BiteMedal_name",
		"DisplayDescription": "ui_Emote_BiteMedal_description",
		"DisplayGroup": "Other",
		"ChatBoxText": "@Emote_BiteMedal",
		"SlashCommand": "bitemedal",
		"IsEntitlement": 1,
		"IsPremiumEmote": 0,
		"IsEnabled": 1,
		"HasCooldown": 0,
		"DisplayPriority": 1,
		"UiImage": "lyshineui/images/icons/emotes/emote_bitemedal.webp",
		"EmoteDuration": 0,
		"AttributionId": "Season_6"
	},
	{
		"UniqueTagID": "Emote_NailFile",
		"FragmentName": "Emote_NailFile",
		"DisplayName": "ui_Emote_NailFile_name",
		"DisplayDescription": "ui_Emote_NailFile_description",
		"DisplayGroup": "Other",
		"ChatBoxText": "@Emote_NailFile",
		"SlashCommand": "nails",
		"SecondarySlashCommand": "preen",
		"IsEntitlement": 1,
		"IsPremiumEmote": 0,
		"IsEnabled": 1,
		"HasCooldown": 0,
		"DisplayPriority": 1,
		"UiImage": "lyshineui/images/icons/emotes/emote_nailfile.webp",
		"EmoteDuration": 0,
		"AttributionId": "Season_7"
	},
	{
		"UniqueTagID": "Emote_LizardRun",
		"FragmentName": "Emote_Walk_Lizard",
		"DisplayName": "ui_Emote_LizardRun_name",
		"DisplayDescription": "ui_Emote_LizardRun_description",
		"DisplayGroup": "Other",
		"ChatBoxText": "@Emote_LizardRun",
		"SlashCommand": "lizardrun",
		"IsEntitlement": 1,
		"IsPremiumEmote": 0,
		"IsEnabled": 1,
		"HasCooldown": 0,
		"DisplayPriority": 1,
		"UiImage": "lyshineui/images/icons/emotes/emote_lizardrun.webp",
		"EmoteDuration": 0,
		"AttributionId": "Season_7"
	},
	{
		"UniqueTagID": "Emote_Wings",
		"FragmentName": "Emote_Wings",
		"DisplayName": "ui_Emote_Wings_name",
		"DisplayDescription": "ui_Emote_Wings_description",
		"DisplayGroup": "Other",
		"ChatBoxText": "@Emote_Wings",
		"SlashCommand": "ascend",
		"SecondarySlashCommand": "wings",
		"IsEntitlement": 1,
		"IsPremiumEmote": 0,
		"IsEnabled": 1,
		"HasCooldown": 0,
		"DisplayPriority": 1,
		"UiImage": "lyshineui/images/icons/emotes/emote_celebrationwavewalk.webp",
		"EmoteDuration": 0
	},
	{
		"UniqueTagID": "Emote_CrabWalk",
		"FragmentName": "Emote_Walk_Crab",
		"DisplayName": "ui_Emote_CrabWalk_name",
		"DisplayDescription": "ui_Emote_CrabWalk_description",
		"DisplayGroup": "Other",
		"ChatBoxText": "@Emote_CrabWalk",
		"SlashCommand": "turtle",
		"IsEntitlement": 1,
		"IsPremiumEmote": 0,
		"IsEnabled": 1,
		"HasCooldown": 0,
		"DisplayPriority": 1,
		"UiImage": "lyshineui/images/icons/emotes/emote_breakdancingcrabwalk.webp",
		"EmoteDuration": 0
	},
	{
		"UniqueTagID": "Emote_Mantrum",
		"FragmentName": "Emote_Mantrum",
		"DisplayName": "ui_Emote_Mantrum_name",
		"DisplayDescription": "ui_Emote_Mantrum_description",
		"DisplayGroup": "Other",
		"ChatBoxText": "@Emote_Mantrum",
		"SlashCommand": "groundbrawl",
		"SecondarySlashCommand": "brawl",
		"IsEntitlement": 1,
		"IsPremiumEmote": 0,
		"IsEnabled": 1,
		"HasCooldown": 0,
		"DisplayPriority": 1,
		"UiImage": "lyshineui/images/icons/emotes/emote_mantrum.webp",
		"EmoteDuration": 0
	},
	{
		"UniqueTagID": "Emote_BarbershopExit",
		"FragmentName": "Emote_No",
		"DisplayName": "ui_none",
		"DisplayDescription": "ui_none",
		"DisplayGroup": "None",
		"ChatBoxText": "@Emote_BarbershopExit",
		"IsEntitlement": 0,
		"IsPremiumEmote": 0,
		"IsEnabled": 1,
		"HasCooldown": 0,
		"DisplayPriority": 1,
		"EmoteDuration": 0
	},
	{
		"UniqueTagID": "Emote_BrushShoulder",
		"FragmentName": "Emote_BrushShoulder",
		"DisplayName": "ui_Emote_BrushShoulder_name",
		"DisplayDescription": "ui_Emote_BrushShoulder_description",
		"DisplayGroup": "Other",
		"ChatBoxText": "@Emote_BrushShoulder",
		"SlashCommand": "brushshoulder",
		"IsEntitlement": 1,
		"IsPremiumEmote": 0,
		"IsEnabled": 1,
		"HasCooldown": 0,
		"DisplayPriority": 1,
		"UiImage": "lyshineui/images/icons/emotes/emote_unarmed_brushshoulder.webp",
		"EmoteDuration": 0,
		"AttributionId": "Season_7"
	},
	{
		"UniqueTagID": "Emote_Walk_MyrkMarch",
		"FragmentName": "Emote_Walk_MyrkMarch",
		"DisplayName": "ui_Emote_Walk_MyrkMarch_name",
		"DisplayDescription": "ui_Emote_Walk_MyrkMarch_description",
		"DisplayGroup": "Other",
		"ChatBoxText": "@Emote_Walk_MyrkMarch",
		"SlashCommand": "walkmarch",
		"SecondarySlashCommand": "march",
		"IsEntitlement": 1,
		"IsPremiumEmote": 0,
		"IsEnabled": 1,
		"HasCooldown": 0,
		"DisplayPriority": 1,
		"UiImage": "lyshineui/images/icons/emotes/emote_myrkmarch.webp",
		"EmoteDuration": 0,
		"AttributionId": "Season_7"
	},
	{
		"UniqueTagID": "Emote_Walk_NinjaRun",
		"FragmentName": "Emote_Walk_NinjaRun",
		"DisplayName": "ui_Emote_Walk_NinjaRun_name",
		"DisplayDescription": "ui_Emote_Walk_NinjaRun_description",
		"DisplayGroup": "Other",
		"ChatBoxText": "@Emote_Walk_NinjaRun",
		"SlashCommand": "walkninja",
		"SecondarySlashCommand": "ninja",
		"IsEntitlement": 1,
		"IsPremiumEmote": 0,
		"IsEnabled": 1,
		"HasCooldown": 0,
		"DisplayPriority": 1,
		"UiImage": "lyshineui/images/icons/emotes/emote_unarmed_ninjarun.webp",
		"EmoteDuration": 0
	},
	{
		"UniqueTagID": "Emote_TouchGrass",
		"FragmentName": "Emote_TouchGrass",
		"DisplayName": "ui_Emote_TouchGrass_name",
		"DisplayDescription": "ui_Emote_TouchGrass_description",
		"DisplayGroup": "Other",
		"ChatBoxText": "@Emote_TouchGrass",
		"SlashCommand": "touchgrass",
		"IsEntitlement": 1,
		"IsPremiumEmote": 0,
		"IsEnabled": 1,
		"HasCooldown": 0,
		"DisplayPriority": 1,
		"UiImage": "lyshineui/images/icons/emotes/emote_touchgrass.webp",
		"EmoteDuration": 0,
		"AttributionId": "Season_7"
	},
	{
		"UniqueTagID": "Emote_CatPaw",
		"FragmentName": "Emote_CatPaw",
		"DisplayName": "ui_Emote_CatPaw_name",
		"DisplayDescription": "ui_Emote_CatPaw_description",
		"DisplayGroup": "Other",
		"ChatBoxText": "@Emote_CatPaw",
		"SlashCommand": "catpaw",
		"IsEntitlement": 1,
		"IsPremiumEmote": 0,
		"IsEnabled": 1,
		"HasCooldown": 0,
		"DisplayPriority": 1,
		"UiImage": "lyshineui/images/icons/emotes/emote_catpaw.webp",
		"EmoteDuration": 0,
		"AttributionId": "Season_7"
	},
	{
		"UniqueTagID": "Emote_NewspaperBonk",
		"FragmentName": "Emote_NewspaperBonk",
		"DisplayName": "ui_Emote_NewspaperBonk_name",
		"DisplayDescription": "ui_Emote_NewspaperBonk_description",
		"DisplayGroup": "Other",
		"ChatBoxText": "@Emote_NewspaperBonk",
		"SlashCommand": "newspaperbonk",
		"SecondarySlashCommand": "newspaper",
		"IsEntitlement": 1,
		"IsPremiumEmote": 0,
		"IsEnabled": 1,
		"HasCooldown": 0,
		"DisplayPriority": 1,
		"UiImage": "lyshineui/images/icons/emotes/emote_newspaperbonk.webp",
		"EmoteDuration": 0,
		"AttributionId": "Season_7"
	}
]