[
	{
		"BeamID": "Test_Entry_Beam",
		"StartDelayMS": 0,
		"BeamAttackAimMode": "StraightForward",
		"BeamEffectName": "ENV_Dungeon_Everfall.Laserbeam_beam",
		"SourceEffectName": "ENV_Dungeon_Everfall.Laserbeam_source",
		"DestinationEffectName": "ENV_Dungeon_Everfall.Laserbeam_target",
		"KillBeamEffectOnDeactivate": true,
		"KillSourceEffectOnDeactivate": true,
		"KillDestinationEffectOnDeactivate": true,
		"InterpolationSmoothTimeSeconds": 0.2,
		"MaxLength": 40,
		"Radius": 0.4,
		"BeamSpeed": 0,
		"CirclePatternPitchSpawnAngle": 0,
		"CirclePatternYawSpawnAngle": 0,
		"DealDamageOnHit": true,
		"DisablePhysics": false,
		"DamageDataTable": "AdianaAIDamageTable",
		"DamageDataTableEntry": "DamageTable_Structures",
		"BaseDamage": 100,
		"DamageRate": 2.5,
		"Affliction": "AfflictionCurse",
		"AfflictionValue": 0,
		"BlockStaminaDamage": 100,
		"ForcePvPFlag": false,
		"DamageGuildAndGroup": false,
		"InheritVitalsBaseDamage": false,
		"InheritSourceBaseDamage": false,
		"InheritSourceDamageTableRow": false,
		"InheritSourceAmmoId": false,
		"DoNotKillDoNotKillOnDeathsDoor": false,
		"CollisionFilter": "HazardLaser",
		"LineStartPointOffset": "0,0",
		"LineDestinationPointOffset": "0,0",
		"UseBone": false,
		"BonePositionOffset": "0,0,0",
		"BoneRotationOffset": "0,0,0",
		"UseBoneDestination": false,
		"UsePaperdollDestination": false,
		"DestinationBonePosOffset": "0,0,0",
		"IgnoresTriggerBasedToggles": false
	}
]