[
	{
		"EffectName": "dungeon_arcaneshield.Arcane_Shield_Core",
		"PriorityOverride": "High"
	},
	{
		"EffectName": "wFX_azothstaff.CarryFlame",
		"PriorityOverride": "High"
	},
	{
		"EffectName": "Siege.CapturePoint.Beam_Neutral",
		"PriorityOverride": "Required"
	},
	{
		"EffectName": "Siege.CapturePoint.Beam_Friendly",
		"PriorityOverride": "Required"
	},
	{
		"EffectName": "Siege.CapturePoint.Beam_Enemy",
		"PriorityOverride": "Required"
	},
	{
		"EffectName": "Siege.CapturePoint.Beam_Contested_Blue",
		"PriorityOverride": "Required"
	},
	{
		"EffectName": "Siege.CapturePoint.Beam_Contested_Red",
		"PriorityOverride": "Required"
	},
	{
		"EffectName": "Siege.CapturePoint.Beam_Contested_Neutral",
		"PriorityOverride": "Required"
	},
	{
		"EffectName": "FactionControl.Neutral.Beam",
		"PriorityOverride": "Required"
	},
	{
		"EffectName": "FactionControl.Faction1.Beam",
		"PriorityOverride": "Required"
	},
	{
		"EffectName": "FactionControl.Faction2.Beam",
		"PriorityOverride": "Required"
	},
	{
		"EffectName": "FactionControl.Faction3.Beam",
		"PriorityOverride": "Required"
	},
	{
		"EffectName": "FactionControl.Neutral.Contested",
		"PriorityOverride": "Required"
	},
	{
		"EffectName": "FactionControl.Faction1.Contested",
		"PriorityOverride": "Required"
	},
	{
		"EffectName": "FactionControl.Faction2.Contested",
		"PriorityOverride": "Required"
	},
	{
		"EffectName": "FactionControl.Faction3.Contested",
		"PriorityOverride": "Required"
	},
	{
		"EffectName": "Event_Gleamite.Supernova_01",
		"PriorityOverride": "Normal"
	},
	{
		"EffectName": "Event_Gleamite.Supernova_Trail_01",
		"PriorityOverride": "Normal"
	},
	{
		"EffectName": "Event_Gleamite.Gleamite_Chunk_Trail01",
		"PriorityOverride": "Normal"
	},
	{
		"EffectName": "Event_Gleamite.Gleamite_Shard_Trail01",
		"PriorityOverride": "Normal"
	},
	{
		"EffectName": "wFX_Default_Range.Aim_Post",
		"PriorityOverride": "Required"
	},
	{
		"EffectName": "ENV_Dungeon_Ancient_Gate.Seal_break_large",
		"PriorityOverride": "Required"
	},
	{
		"EffectName": "wFX_rune_ability_cannon_blast.DominatorExplosion",
		"PriorityOverride": "High"
	},
	{
		"EffectName": "wfx_rune_ability_heretic.hit",
		"PriorityOverride": "High"
	},
	{
		"EffectName": "wfx_rune_ability_detonate.denotation_end",
		"PriorityOverride": "High"
	},
	{
		"EffectName": "wfx_GreatSword.Onslaught.Combo.Default.Impact",
		"PriorityOverride": "High"
	},
	{
		"EffectName": "wfx_GreatSword.Onslaught.DefenseBreak.Default.Impact_Align",
		"PriorityOverride": "High"
	},
	{
		"EffectName": "wfx_GreatSword.Defiance.Burst.Upgrades.Pull",
		"PriorityOverride": "High"
	},
	{
		"EffectName": "wfx_GreatSword.Defiance.Burst.Default.Neutral",
		"PriorityOverride": "High"
	},
	{
		"EffectName": "wfx_GreatSword.Defiance.Burst.Upgrades.Push",
		"PriorityOverride": "High"
	},
	{
		"EffectName": "wfx_GreatSword.Defiance.Counter.Default.End",
		"PriorityOverride": "High"
	},
	{
		"EffectName": "wfx_GreatSword.Gems.Fire.Combo.Impact",
		"PriorityOverride": "High"
	},
	{
		"EffectName": "wfx_GreatSword.Gems.Ice.Combo.impact",
		"PriorityOverride": "High"
	},
	{
		"EffectName": "wfx_GreatSword.Gems.Void.Combo.Impact",
		"PriorityOverride": "High"
	},
	{
		"EffectName": "wfx_GreatSword.Gems.Lightning.Combo.Impact",
		"PriorityOverride": "High"
	},
	{
		"EffectName": "wfx_GreatSword.Gems.Magic.Combo.Impact",
		"PriorityOverride": "High"
	},
	{
		"EffectName": "wfx_GreatSword.Gems.Nature.Combo.Impact",
		"PriorityOverride": "High"
	},
	{
		"EffectName": "wfx_GreatSword.Gems.Lightning.DefenseBreak.Impact_Align",
		"PriorityOverride": "High"
	},
	{
		"EffectName": "wfx_GreatSword.Gems.Ice.DefenseBreak.Impact_Align",
		"PriorityOverride": "High"
	},
	{
		"EffectName": "wfx_GreatSword.Gems.Void.DefenseBreak.Impact_Align",
		"PriorityOverride": "High"
	},
	{
		"EffectName": "wfx_GreatSword.Gems.Magic.DefenseBreak.Impact_Align",
		"PriorityOverride": "High"
	},
	{
		"EffectName": "wfx_GreatSword.Gems.Nature.DefenseBreak.Impact_Align",
		"PriorityOverride": "High"
	},
	{
		"EffectName": "wfx_GreatSword.Onslaught.DefenseBreak.Default.Impact_Align_upgrade",
		"PriorityOverride": "High"
	},
	{
		"EffectName": "wfx_GreatSword.Gems.Fire.DefenseBreak.Impact_Align_upgrade",
		"PriorityOverride": "High"
	},
	{
		"EffectName": "wfx_GreatSword.Gems.Ice.DefenseBreak.Impact_Align_upgrade",
		"PriorityOverride": "High"
	},
	{
		"EffectName": "wfx_GreatSword.Gems.Lightning.DefenseBreak.Impact_Align_upgrade",
		"PriorityOverride": "High"
	},
	{
		"EffectName": "wfx_GreatSword.Gems.Magic.DefenseBreak.Impact_Align_upgrade",
		"PriorityOverride": "High"
	},
	{
		"EffectName": "wfx_GreatSword.Gems.Nature.DefenseBreak.Impact_Align_upgrade",
		"PriorityOverride": "High"
	},
	{
		"EffectName": "wfx_GreatSword.Gems.Void.DefenseBreak.Impact_Align_upgrade",
		"PriorityOverride": "High"
	},
	{
		"EffectName": "wfx_GreatSword.Gems.Fire.Counter.End",
		"PriorityOverride": "High"
	},
	{
		"EffectName": "wfx_GreatSword.Gems.Ice.Counter.End",
		"PriorityOverride": "High"
	},
	{
		"EffectName": "wfx_GreatSword.Gems.Lightning.Counter.End",
		"PriorityOverride": "High"
	},
	{
		"EffectName": "wfx_GreatSword.Gems.Magic.Counter.End",
		"PriorityOverride": "High"
	},
	{
		"EffectName": "wfx_GreatSword.Gems.Nature.Counter.End",
		"PriorityOverride": "High"
	},
	{
		"EffectName": "wfx_GreatSword.Gems.Void.Counter.End",
		"PriorityOverride": "High"
	},
	{
		"EffectName": "cFX_npc_AngryEarthNaga.Pool_Idle",
		"PriorityOverride": "Required"
	},
	{
		"EffectName": "cFX_npc_FireNaga.Flame_Disk",
		"PriorityOverride": "Required"
	},
	{
		"EffectName": "cFX_npc_FireNaga_JK.LavaPool",
		"PriorityOverride": "Required"
	},
	{
		"EffectName": "cFX_npc_FireNaga.FlameThrower",
		"PriorityOverride": "Required"
	},
	{
		"EffectName": "cFX_npc_FireNaga.LavaSpawn_Glyph",
		"PriorityOverride": "Required"
	},
	{
		"EffectName": "cFX_npc_FireNaga.Linear_Tell",
		"PriorityOverride": "Required"
	},
	{
		"EffectName": "cFX_npc_SandwormBoss.Fog_Lower",
		"PriorityOverride": "Required"
	},
	{
		"EffectName": "cFX_npc_SandwormBoss.Glimpse",
		"PriorityOverride": "Required"
	},
	{
		"EffectName": "cFX_npc_SandwormBoss.Shield_Layer",
		"PriorityOverride": "Required"
	},
	{
		"EffectName": "cFX_npc_SandwormBoss.Melee_AOE_Earthy",
		"PriorityOverride": "Required"
	},
	{
		"EffectName": "cFX_npc_SandwormBoss.Top_Of_Arena_AOE",
		"PriorityOverride": "Required"
	},
	{
		"EffectName": "env_SandwormArena_PressurePlate.ButtonPress_Idle",
		"PriorityOverride": "Required"
	},
	{
		"EffectName": "env_SandwormArena_PressurePlate.ButtonPress_Activate",
		"PriorityOverride": "Required"
	},
	{
		"EffectName": "env_SandwormArena_PressurePlate.ButtonPress_Fail",
		"PriorityOverride": "Required"
	},
	{
		"EffectName": "env_SandwormArena_PressurePlate.Pillar_Gold",
		"PriorityOverride": "Required"
	},
	{
		"EffectName": "env_SandwormArena_PressurePlate.Pillar_Blue",
		"PriorityOverride": "Required"
	},
	{
		"EffectName": "env_SandwormArena_PressurePlate.Pillar_Red",
		"PriorityOverride": "Required"
	},
	{
		"EffectName": "env_SandwormArena_PressurePlate.Pillar_White",
		"PriorityOverride": "Required"
	},
	{
		"EffectName": "Env_BrimstoneDungeon.Forge_Active_02",
		"PriorityOverride": "Required"
	},
	{
		"EffectName": "cfx_npc_scorpion.AOE_Puddle",
		"PriorityOverride": "Required"
	},
	{
		"EffectName": "cFX_npc_SandwormBoss.Acid_Spew_Seq",
		"PriorityOverride": "Required"
	},
	{
		"EffectName": "cFX_npc_SandwormBoss.Chomp_AOE",
		"PriorityOverride": "Required"
	},
	{
		"EffectName": "env_quickcourse.checkpoint",
		"PriorityOverride": "High"
	},
	{
		"EffectName": "wfxo_LifeStaff.shared.targeting",
		"PriorityOverride": "Required"
	},
	{
		"EffectName": "wfxo_Firestaff.shared.Targeting",
		"PriorityOverride": "Required"
	},
	{
		"EffectName": "Hercyne_Expedition.Water_Ball_Hand.magic_water_in_hand",
		"PriorityOverride": "Required"
	},
	{
		"EffectName": "cFX_npc_Hercyne_Typhon.Typhon_BuffingHowl_KillMinions",
		"PriorityOverride": "Normal"
	},
	{
		"EffectName": "cFX_npc_Hercyne_Typhon.Typhon_BuffingHowl_Leech",
		"PriorityOverride": "High"
	},
	{
		"EffectName": "cfx_npc_Broodmother_Medusa.Sleep_AOE",
		"PriorityOverride": "Required"
	},
	{
		"EffectName": "Hercyne_Expedition.Water_Impact_AOE",
		"PriorityOverride": "High"
	},
	{
		"EffectName": "wfx_rune_ability_detonate.denotation_warning",
		"PriorityOverride": "High"
	},
	{
		"EffectName": "wfx_rune_ability_stone_skin.stoneskin_01",
		"PriorityOverride": "High"
	},
	{
		"EffectName": "wfx_rune_ability_stone_skin.stoneskin_02",
		"PriorityOverride": "High"
	},
	{
		"EffectName": "wfx_rune_ability_stone_skin.stoneskin_03",
		"PriorityOverride": "High"
	}
]