[
	{
		"TerritoryID": 8001,
		"NameLocalizationKey": "@ui_minor_monolith",
		"IsPOI": true,
		"MapIcon": "lyshineui/images/map/icon/pois/damned_compass.webp",
		"CompassIcon": "lyshineui/images/map/icon/pois/damned_compass.webp",
		"TooltipBackground": "lyshineui/images/map/tooltipimages/poi/maptooltip_darkness_minor_monolith.webp",
		"GroupSize": 0,
		"POITag": ["DarknessMinor"],
		"RequiredItemId": "Darkness_AzothStaff_T1",
		"RecommendedLevel": 0,
		"PulseColor": "1 0 0",
		"AudioGroup": "POI_State",
		"AudioState": "darkness_minor"
	},
	{
		"TerritoryID": 8002,
		"NameLocalizationKey": "@ui_minor_grove",
		"IsPOI": true,
		"MapIcon": "lyshineui/images/map/icon/pois/damned_compass.webp",
		"CompassIcon": "lyshineui/images/map/icon/pois/damned_compass.webp",
		"TooltipBackground": "lyshineui/images/map/tooltipimages/poi/maptooltip_darkness_minor_grove.webp",
		"GroupSize": 0,
		"POITag": ["DarknessMinor"],
		"RequiredItemId": "Darkness_AzothStaff_T1",
		"RecommendedLevel": 0,
		"PulseColor": "1 0 0",
		"AudioGroup": "POI_State",
		"AudioState": "darkness_minor"
	},
	{
		"TerritoryID": 8003,
		"NameLocalizationKey": "@ui_minor_ritual",
		"IsPOI": true,
		"MapIcon": "lyshineui/images/map/icon/pois/damned_compass.webp",
		"CompassIcon": "lyshineui/images/map/icon/pois/damned_compass.webp",
		"TooltipBackground": "lyshineui/images/map/tooltipimages/poi/maptooltip_darkness_minor_monolith.webp",
		"GroupSize": 0,
		"POITag": ["DarknessMinor"],
		"RequiredItemId": "Darkness_AzothStaff_T1",
		"RecommendedLevel": 0,
		"PulseColor": "1 0 0",
		"AudioGroup": "POI_State",
		"AudioState": "darkness_minor"
	},
	{
		"TerritoryID": 8004,
		"NameLocalizationKey": "@ui_minor_portal",
		"IsPOI": true,
		"MapIcon": "lyshineui/images/map/icon/pois/damned_compass.webp",
		"CompassIcon": "lyshineui/images/map/icon/pois/damned_compass.webp",
		"TooltipBackground": "lyshineui/images/map/tooltipimages/poi/maptooltip_darkness_minor_portal.webp",
		"GroupSize": 0,
		"POITag": ["DarknessMinor"],
		"RequiredItemId": "Darkness_AzothStaff_T1",
		"RecommendedLevel": 0,
		"PulseColor": "1 0 0",
		"AudioGroup": "POI_State",
		"AudioState": "darkness_minor"
	},
	{
		"TerritoryID": 8005,
		"NameLocalizationKey": "@ui_major_monolith",
		"IsPOI": true,
		"MapIcon": "lyshineui/images/map/icon/pois/damned_major_compass.webp",
		"CompassIcon": "lyshineui/images/map/icon/pois/damned_major_compass.webp",
		"TooltipBackground": "lyshineui/images/map/tooltipimages/poi/maptooltip_darkness_major_monolith.webp",
		"GroupSize": 3,
		"POITag": ["DarknessMajor"],
		"RequiredItemId": "Darkness_AzothStaff_T1",
		"RecommendedLevel": 0,
		"PulseColor": "1 0 0",
		"AudioGroup": "POI_State",
		"AudioState": "darkness_major"
	},
	{
		"TerritoryID": 8006,
		"NameLocalizationKey": "@ui_major_portal",
		"IsPOI": true,
		"MapIcon": "lyshineui/images/map/icon/pois/damned_major_compass.webp",
		"CompassIcon": "lyshineui/images/map/icon/pois/damned_major_compass.webp",
		"TooltipBackground": "lyshineui/images/map/tooltipimages/poi/maptooltip_darkness_major_portal.webp",
		"GroupSize": 3,
		"POITag": ["DarknessMajor"],
		"RequiredItemId": "Darkness_AzothStaff_T1",
		"RecommendedLevel": 0,
		"PulseColor": "1 0 0",
		"AudioGroup": "POI_State",
		"AudioState": "darkness_major"
	},
	{
		"TerritoryID": 8007,
		"NameLocalizationKey": "@ui_minor_hive",
		"IsPOI": true,
		"MapIcon": "lyshineui/images/map/icon/pois/damned_compass.webp",
		"CompassIcon": "lyshineui/images/map/icon/pois/damned_compass.webp",
		"TooltipBackground": "lyshineui/images/map/tooltipimages/poi/maptooltip_darkness_minor_hive.webp",
		"GroupSize": 0,
		"POITag": ["DarknessMinor"],
		"RequiredItemId": "Darkness_AzothStaff_T1",
		"RecommendedLevel": 0,
		"PulseColor": "1 0 0",
		"AudioGroup": "POI_State",
		"AudioState": "darkness_minor"
	},
	{
		"TerritoryID": 8008,
		"NameLocalizationKey": "@ui_major_monolith",
		"IsPOI": true,
		"MapIcon": "lyshineui/images/map/icon/pois/damned_major_compass.webp",
		"CompassIcon": "lyshineui/images/map/icon/pois/damned_major_compass.webp",
		"TooltipBackground": "lyshineui/images/map/tooltipimages/poi/maptooltip_darkness_major_monolith.webp",
		"GroupSize": 3,
		"POITag": ["DarknessMajor"],
		"RequiredItemId": "Darkness_AzothStaff_T1",
		"RecommendedLevel": 65,
		"PulseColor": "1 0 0",
		"AudioGroup": "POI_State",
		"AudioState": "darkness_major"
	},
	{
		"TerritoryID": 8009,
		"NameLocalizationKey": "@ui_major_portal",
		"IsPOI": true,
		"MapIcon": "lyshineui/images/map/icon/pois/damned_major_compass.webp",
		"CompassIcon": "lyshineui/images/map/icon/pois/damned_major_compass.webp",
		"TooltipBackground": "lyshineui/images/map/tooltipimages/poi/maptooltip_darkness_major_portal.webp",
		"GroupSize": 3,
		"POITag": ["DarknessMajor"],
		"RequiredItemId": "Darkness_AzothStaff_T1",
		"RecommendedLevel": 65,
		"PulseColor": "1 0 0",
		"AudioGroup": "POI_State",
		"AudioState": "darkness_major"
	},
	{
		"TerritoryID": 8010,
		"NameLocalizationKey": "@ui_summermedley_maudlinbugwaltz",
		"IsPOI": true,
		"MapIcon": "lyshineui/images/map/icon/pois/maudlinbug.webp",
		"CompassIcon": "lyshineui/images/map/icon/pois/maudlinbug.webp",
		"TooltipBackground": "lyshineui/images/map/tooltipimages/poi/maptooltip_summermedley_maudlinbugwaltz.webp",
		"GroupSize": 0,
		"POITag": ["MaudlinbugWaltz"],
		"RequiredItemId": "2hInstrumentGuitarT2",
		"RecommendedLevel": 0,
		"PulseColor": "0 128 255",
		"AudioGroup": "POI_State",
		"AudioState": "maudlinbugwaltz"
	},
	{
		"TerritoryID": 8011,
		"NameLocalizationKey": "@ui_preddieu_farm_attack",
		"IsPOI": true,
		"MapIcon": "lyshineui/images/map/icon/pois/damned_compass_danger.webp",
		"CompassIcon": "lyshineui/images/map/icon/pois/damned_compass_danger.webp",
		"TooltipBackground": "lyshineui/images/map/tooltipimages/poi/maptooltip_darkness_minor_monolith.webp",
		"GroupSize": 0,
		"POITag": ["DefendObject"],
		"RecommendedLevel": 15,
		"PulseColor": "1 0 0",
		"AudioGroup": "POI_State"
	},
	{
		"TerritoryID": 8012,
		"NameLocalizationKey": "@ui_boatencounter_scallywag",
		"IsPOI": true,
		"MapIcon": "lyshineui/images/map/icon/pois/damned_compass_danger.webp",
		"CompassIcon": "lyshineui/images/map/icon/pois/damned_compass_danger.webp",
		"TooltipBackground": "lyshineui/images/map/tooltipimages/poi/maptooltip_darkness_minor_monolith.webp",
		"GroupSize": 0,
		"POITag": ["DefendObject"],
		"RecommendedLevel": 17,
		"PulseColor": "1 0 0",
		"AudioGroup": "POI_State"
	},
	{
		"TerritoryID": 8013,
		"NameLocalizationKey": "@ui_boatencounter_brysedd",
		"IsPOI": true,
		"MapIcon": "lyshineui/images/map/icon/pois/damned_compass_danger.webp",
		"CompassIcon": "lyshineui/images/map/icon/pois/damned_compass_danger.webp",
		"TooltipBackground": "lyshineui/images/map/tooltipimages/poi/maptooltip_darkness_minor_monolith.webp",
		"GroupSize": 0,
		"POITag": ["DefendObject"],
		"RecommendedLevel": 10,
		"PulseColor": "1 0 0",
		"AudioGroup": "POI_State"
	},
	{
		"TerritoryID": 8014,
		"NameLocalizationKey": "@ui_holdout_chamber",
		"IsPOI": true,
		"MapIcon": "lyshineui/images/map/icon/pois/damned_compass_danger.webp",
		"CompassIcon": "lyshineui/images/map/icon/pois/damned_compass_danger.webp",
		"TooltipBackground": "lyshineui/images/map/tooltipimages/poi/maptooltip_darkness_minor_monolith.webp",
		"GroupSize": 0,
		"POITag": ["DefendObject"],
		"RecommendedLevel": 15,
		"PulseColor": "1 0 0",
		"AudioGroup": "POI_State"
	},
	{
		"TerritoryID": 8015,
		"NameLocalizationKey": "@ui_nightveil_worldboss_baalphazu",
		"IsPOI": true,
		"MapIcon": "lyshineui/images/map/icon/pois/baalphazu.webp",
		"CompassIcon": "lyshineui/images/map/icon/pois/baalphazu.webp",
		"TooltipBackground": "lyshineui/images/map/tooltipimages/poi/maptooltip_nightveil_baalphazu.webp",
		"GroupSize": 0,
		"POITag": ["EventEncounter", "AlwaysVisible", "LargeIcon"],
		"RecommendedLevel": 65,
		"PulseColor": "110 116 240",
		"AudioGroup": "POI_State",
		"AudioState": "worldboss"
	},
	{
		"TerritoryID": 8016,
		"NameLocalizationKey": "@objective_msq_beach_chaplain",
		"IsPOI": true,
		"MapIcon": "lyshineui/images/map/icon/pois/damned_compass_danger.webp",
		"CompassIcon": "lyshineui/images/map/icon/pois/damned_compass_danger.webp",
		"GroupSize": 0,
		"POITag": ["ChaplainEncounter"],
		"RecommendedLevel": 5,
		"AudioGroup": "POI_State"
	},
	{
		"TerritoryID": 8017,
		"NameLocalizationKey": "@objective_msq_heartforge_guardian",
		"IsPOI": true,
		"GroupSize": 0,
		"POITag": ["HeartforgeEncounter"],
		"RecommendedLevel": 0,
		"AudioGroup": "POI_State"
	},
	{
		"TerritoryID": 8018,
		"NameLocalizationKey": "@12A_Encounter_Captain_Boss_Obj_Enc_Title",
		"IsPOI": true,
		"MapIcon": "lyshineui/images/map/icon/pois/damned_compass_danger.webp",
		"CompassIcon": "lyshineui/images/map/icon/pois/damned_compass_danger.webp",
		"GroupSize": 0,
		"POITag": ["DefendObject"],
		"RecommendedLevel": 15,
		"PulseColor": "1 0 0",
		"AudioGroup": "POI_State"
	},
	{
		"TerritoryID": 8019,
		"NameLocalizationKey": "@12A_Encounter_Helvan_Boss_Obj_Enc_Title",
		"IsPOI": false,
		"MapIcon": "lyshineui/images/map/icon/pois/damned_compass_danger.webp",
		"CompassIcon": "lyshineui/images/map/icon/pois/damned_compass_danger.webp",
		"GroupSize": 0,
		"POITag": ["DefendObject"],
		"RecommendedLevel": 10,
		"PulseColor": "1 0 0",
		"AudioGroup": "POI_State",
		"AudioState": "pyramid"
	},
	{
		"TerritoryID": 8020,
		"NameLocalizationKey": "@12A_Encounter_SirGawain_Boss_Obj_Enc_Title",
		"IsPOI": true,
		"MapIcon": "lyshineui/images/map/icon/pois/damned_compass_danger.webp",
		"CompassIcon": "lyshineui/images/map/icon/pois/damned_compass_danger.webp",
		"GroupSize": 0,
		"POITag": ["DefendObject"],
		"RecommendedLevel": 17,
		"PulseColor": "1 0 0",
		"AudioGroup": "POI_State"
	},
	{
		"TerritoryID": 8021,
		"NameLocalizationKey": "@06A_Encounter_Medea_Boss_Obj_Enc_Title",
		"IsPOI": true,
		"MapIcon": "lyshineui/images/map/icon/pois/damned_compass_danger.webp",
		"CompassIcon": "lyshineui/images/map/icon/pois/damned_compass_danger.webp",
		"GroupSize": 0,
		"RecommendedLevel": 0,
		"AudioGroup": "POI_State"
	},
	{
		"TerritoryID": 8022,
		"NameLocalizationKey": "@ui_solariumkhepri_attack",
		"IsPOI": true,
		"MapIcon": "lyshineui/images/map/icon/pois/damned_compass_danger.webp",
		"CompassIcon": "lyshineui/images/map/icon/pois/damned_compass_danger.webp",
		"GroupSize": 3,
		"POITag": ["EliteOverlord"],
		"RecommendedLevel": 66,
		"PulseColor": "255 0 0",
		"AudioGroup": "POI_State"
	},
	{
		"TerritoryID": 8023,
		"NameLocalizationKey": "@ui_ordealscorpio_attack",
		"IsPOI": true,
		"MapIcon": "lyshineui/images/map/icon/pois/damned_compass_danger.webp",
		"CompassIcon": "lyshineui/images/map/icon/pois/damned_compass_danger.webp",
		"GroupSize": 3,
		"POITag": ["EliteOverlord"],
		"RecommendedLevel": 66,
		"PulseColor": "255 0 0",
		"AudioGroup": "POI_State"
	},
	{
		"TerritoryID": 8024,
		"NameLocalizationKey": "@ui_legion_outpost_attack",
		"IsPOI": true,
		"MapIcon": "lyshineui/images/map/icon/pois/damned_compass_danger.webp",
		"CompassIcon": "lyshineui/images/map/icon/pois/damned_compass_danger.webp",
		"GroupSize": 0,
		"POITag": ["BrimstoneSiegeEncounter"],
		"RecommendedLevel": 60,
		"PulseColor": "1 0 0",
		"AudioGroup": "POI_State"
	},
	{
		"TerritoryID": 8025,
		"NameLocalizationKey": "@ui_sulfurpool_attack",
		"IsPOI": true,
		"MapIcon": "lyshineui/images/map/icon/pois/damned_compass_danger.webp",
		"CompassIcon": "lyshineui/images/map/icon/pois/damned_compass_danger.webp",
		"GroupSize": 0,
		"POITag": ["BrimstoneSulfurEncounter"],
		"RecommendedLevel": 60,
		"PulseColor": "1 0 0",
		"AudioGroup": "POI_State"
	},
	{
		"TerritoryID": 8026,
		"NameLocalizationKey": "@04A_Encounter_Remnant_Boss_Obj_Enc_Title",
		"IsPOI": true,
		"MapIcon": "lyshineui/images/map/icon/pois/damned_compass_danger.webp",
		"CompassIcon": "lyshineui/images/map/icon/pois/damned_compass_danger.webp",
		"GroupSize": 0,
		"POITag": ["RemnantEncounter"],
		"RecommendedLevel": 17,
		"PulseColor": "1 0 0",
		"AudioGroup": "POI_State"
	},
	{
		"TerritoryID": 8027,
		"NameLocalizationKey": "@04A_Encounter_Zane_Boss_Obj_Enc_Title",
		"IsPOI": true,
		"MapIcon": "lyshineui/images/map/icon/pois/damned_compass_danger.webp",
		"CompassIcon": "lyshineui/images/map/icon/pois/damned_compass_danger.webp",
		"GroupSize": 0,
		"POITag": ["ZaneEncounter"],
		"RecommendedLevel": 21,
		"PulseColor": "1 0 0",
		"AudioGroup": "POI_State"
	},
	{
		"TerritoryID": 8028,
		"NameLocalizationKey": "@ui_winterconv_worldboss_winterwarrior",
		"IsPOI": true,
		"MapIcon": "lyshineui/images/map/icon/pois/winter_warrior.webp",
		"CompassIcon": "lyshineui/images/map/icon/pois/winter_warrior.webp",
		"TooltipBackground": "lyshineui/images/map/tooltipimages/maptooltip_convergence_yeti.webp",
		"GroupSize": 0,
		"POITag": ["EventEncounter", "AlwaysVisible", "LargeIcon"],
		"RecommendedLevel": 65,
		"PulseColor": "195 219 255",
		"AudioGroup": "POI_State",
		"AudioState": "worldboss"
	},
	{
		"TerritoryID": 8029,
		"NameLocalizationKey": "@ui_turkeyterror_worldboss_Turkulon",
		"IsPOI": true,
		"MapIcon": "lyshineui/images/map/icon/pois/turkey.webp",
		"CompassIcon": "lyshineui/images/map/icon/pois/turkey.webp",
		"TooltipBackground": "lyshineui/images/map/tooltipimages/poi/maptooltip_event_turkulon.webp",
		"GroupSize": 0,
		"POITag": ["EventEncounter", "AlwaysVisible", "LargeIcon"],
		"RecommendedLevel": 65,
		"PulseColor": "110 116 240",
		"AudioGroup": "POI_State",
		"AudioState": "worldboss"
	},
	{
		"TerritoryID": 8030,
		"NameLocalizationKey": "@ui_lostattack_swampwaterfishery",
		"IsPOI": true,
		"MapIcon": "lyshineui/images/map/icon/pois/damned_compass_danger.webp",
		"CompassIcon": "lyshineui/images/map/icon/pois/damned_compass_danger.webp",
		"TooltipBackground": "lyshineui/images/map/tooltipimages/poi/maptooltip_darkness_minor_monolith.webp",
		"GroupSize": 0,
		"POITag": ["EventEncounter"],
		"RecommendedLevel": 40,
		"PulseColor": "1 0 0",
		"AudioGroup": "POI_State"
	},
	{
		"TerritoryID": 8031,
		"NameLocalizationKey": "@ui_lostattack_piscarianfishery",
		"IsPOI": true,
		"MapIcon": "lyshineui/images/map/icon/pois/damned_compass_danger.webp",
		"CompassIcon": "lyshineui/images/map/icon/pois/damned_compass_danger.webp",
		"TooltipBackground": "lyshineui/images/map/tooltipimages/poi/maptooltip_darkness_minor_monolith.webp",
		"GroupSize": 0,
		"POITag": ["EventEncounter"],
		"RecommendedLevel": 40,
		"PulseColor": "1 0 0",
		"AudioGroup": "POI_State"
	},
	{
		"TerritoryID": 8032,
		"NameLocalizationKey": "@ui_worldboss_legacyofcrassus",
		"IsPOI": true,
		"MapIcon": "lyshineui/images/map/icon/pois/cyclops.webp",
		"CompassIcon": "lyshineui/images/map/icon/pois/cyclops.webp",
		"TooltipBackground": "lyshineui/images/map/tooltipimages/poi/maptooltip_event_legacyofcrassus.webp",
		"GroupSize": 4,
		"POITag": ["EventEncounter", "AlwaysVisible", "LargeIcon"],
		"RecommendedLevel": 65,
		"PulseColor": "110 116 240",
		"AudioGroup": "POI_State",
		"AudioState": "worldboss"
	},
	{
		"TerritoryID": 8033,
		"NameLocalizationKey": "@ui_worldboss_season_01_event",
		"IsPOI": true,
		"MapIcon": "lyshineui/images/map/icon/pois/furyspriggan.webp",
		"CompassIcon": "lyshineui/images/map/icon/pois/furyspriggan.webp",
		"TooltipBackground": "lyshineui/images/map/tooltipimages/poi/maptooltip_poi_furyspriggan.webp",
		"GroupSize": 4,
		"POITag": ["SeasonEncounter", "AlwaysVisible", "LargeIcon"],
		"RecommendedLevel": 65,
		"PulseColor": "235 52 52",
		"AudioGroup": "POI_State",
		"AudioState": "worldboss"
	},
	{
		"TerritoryID": 8036,
		"NameLocalizationKey": "@ui_worldboss_season_02_event",
		"IsPOI": true,
		"MapIcon": "lyshineui/images/map/icon/pois/event_eggsciting.webp",
		"CompassIcon": "lyshineui/images/map/icon/pois/event_eggsciting.webp",
		"TooltipBackground": "lyshineui/images/map/tooltipimages/maptooltip_eggciting.webp",
		"GroupSize": 0,
		"POITag": ["SeasonEncounter", "AlwaysVisible", "LargeIcon"],
		"RecommendedLevel": 65,
		"PulseColor": "235 52 52",
		"AudioGroup": "POI_State",
		"AudioState": "worldboss"
	},
	{
		"TerritoryID": 8037,
		"NameLocalizationKey": "@ui_worldboss_season_02_event",
		"IsPOI": true,
		"GroupSize": 0,
		"POITag": ["EventEncounter", "AlwaysVisible", "LargeIcon"],
		"RecommendedLevel": 60,
		"PulseColor": "235 52 52",
		"AudioGroup": "POI_State"
	},
	{
		"TerritoryID": 8038,
		"NameLocalizationKey": "@ui_fl_worldboss_beast_01_Obj_Enc_Title",
		"IsPOI": false,
		"MapIcon": "lyshineui/images/icons/dungeons/icon_dungeon_map_boss.webp",
		"CompassIcon": "lyshineui/images/map/icon/pois/damned_compass_danger.webp",
		"TooltipBackground": "lyshineui/images/map/tooltipimages/maptooltip_territory9.webp",
		"GroupSize": 0,
		"RecommendedLevel": 65,
		"AudioState": "worldboss"
	},
	{
		"TerritoryID": 8039,
		"NameLocalizationKey": "@ui_fl_worldboss_beast_02_Obj_Enc_Title",
		"IsPOI": false,
		"MapIcon": "lyshineui/images/icons/dungeons/icon_dungeon_map_boss.webp",
		"CompassIcon": "lyshineui/images/map/icon/pois/damned_compass_danger.webp",
		"TooltipBackground": "lyshineui/images/map/tooltipimages/maptooltip_territory9.webp",
		"GroupSize": 0,
		"RecommendedLevel": 65,
		"AudioState": "worldboss"
	},
	{
		"TerritoryID": 8040,
		"NameLocalizationKey": "@ui_fl_worldboss_beast_03_Obj_Enc_Title",
		"IsPOI": false,
		"MapIcon": "lyshineui/images/icons/dungeons/icon_dungeon_map_boss.webp",
		"CompassIcon": "lyshineui/images/map/icon/pois/damned_compass_danger.webp",
		"TooltipBackground": "lyshineui/images/map/tooltipimages/maptooltip_territory9.webp",
		"GroupSize": 0,
		"RecommendedLevel": 65,
		"AudioState": "worldboss"
	},
	{
		"TerritoryID": 8041,
		"NameLocalizationKey": "@ui_fl_worldboss_beast_04_Obj_Enc_Title",
		"IsPOI": false,
		"MapIcon": "lyshineui/images/icons/dungeons/icon_dungeon_map_boss.webp",
		"CompassIcon": "lyshineui/images/map/icon/pois/damned_compass_danger.webp",
		"TooltipBackground": "lyshineui/images/map/tooltipimages/maptooltip_territory9.webp",
		"GroupSize": 0,
		"RecommendedLevel": 65,
		"AudioState": "worldboss"
	},
	{
		"TerritoryID": 8042,
		"NameLocalizationKey": "@ui_fl_worldboss_beast_05_Obj_Enc_Title",
		"IsPOI": false,
		"MapIcon": "lyshineui/images/icons/dungeons/icon_dungeon_map_boss.webp",
		"CompassIcon": "lyshineui/images/map/icon/pois/damned_compass_danger.webp",
		"TooltipBackground": "lyshineui/images/map/tooltipimages/maptooltip_territory9.webp",
		"GroupSize": 0,
		"RecommendedLevel": 65,
		"AudioState": "worldboss"
	},
	{
		"TerritoryID": 8043,
		"NameLocalizationKey": "@ui_fl_worldboss_beast_06_Obj_Enc_Title",
		"IsPOI": false,
		"MapIcon": "lyshineui/images/icons/dungeons/icon_dungeon_map_boss.webp",
		"CompassIcon": "lyshineui/images/map/icon/pois/damned_compass_danger.webp",
		"TooltipBackground": "lyshineui/images/map/tooltipimages/maptooltip_territory9.webp",
		"GroupSize": 0,
		"RecommendedLevel": 65,
		"AudioState": "worldboss"
	},
	{
		"TerritoryID": 8044,
		"NameLocalizationKey": "@ui_fl_worldboss_beast_07_Obj_Enc_Title",
		"IsPOI": false,
		"MapIcon": "lyshineui/images/icons/dungeons/icon_dungeon_map_boss.webp",
		"CompassIcon": "lyshineui/images/map/icon/pois/damned_compass_danger.webp",
		"TooltipBackground": "lyshineui/images/map/tooltipimages/maptooltip_territory9.webp",
		"GroupSize": 0,
		"RecommendedLevel": 65,
		"AudioState": "worldboss"
	},
	{
		"TerritoryID": 8045,
		"NameLocalizationKey": "@fotb_rafflebones_portal",
		"IsPOI": true,
		"MapIcon": "lyshineui/images/map/icon/pois/icon_fotb_rafflebones_portal.webp",
		"CompassIcon": "lyshineui/images/map/icon/pois/icon_fotb_rafflebones_portal.webp",
		"TooltipBackground": "lyshineui/images/map/tooltipimages/poi/maptooltip_poi_rafflebones_portal.webp",
		"GroupSize": 0,
		"POITag": ["FortunesOfTheBold", "AlwaysVisible", "LargeIcon"],
		"RecommendedLevel": 60,
		"PulseColor": "215 185 75"
	},
	{
		"TerritoryID": 8046,
		"NameLocalizationKey": "@09A_M5_DefenseEncounter_Title0",
		"IsPOI": true,
		"MapIcon": "lyshineui/images/map/icon/pois/damned_compass_danger.webp",
		"CompassIcon": "lyshineui/images/map/icon/pois/damned_compass_danger.webp",
		"GroupSize": 2,
		"POITag": ["FLTavernEncounter"],
		"RecommendedLevel": 62,
		"PulseColor": "1 0 0",
		"AudioGroup": "POI_State"
	},
	{
		"TerritoryID": 8047,
		"NameLocalizationKey": "@FactionIntro_Syndicate_01_Title",
		"IsPOI": true,
		"MapIcon": "lyshineui/images/map/icon/pois/damned_compass_danger.webp",
		"CompassIcon": "lyshineui/images/map/icon/pois/damned_compass_danger.webp",
		"TooltipBackground": "lyshineui/images/map/tooltipimages/maptooltip_territory_default.webp",
		"GroupSize": 0,
		"RecommendedLevel": 17,
		"PulseColor": "1 0 0",
		"AudioGroup": "POI_State"
	},
	{
		"TerritoryID": 8048,
		"NameLocalizationKey": "@9901_0036_masterofthetempest_objective_solo_title",
		"IsPOI": true,
		"MapIcon": "lyshineui/images/map/icon/pois/damned_compass_danger.webp",
		"CompassIcon": "lyshineui/images/map/icon/pois/damned_compass_danger.webp",
		"GroupSize": 0,
		"POITag": ["ThorpeEncounter"],
		"RecommendedLevel": 57,
		"PulseColor": "1 0 0",
		"AudioGroup": "POI_State"
	},
	{
		"TerritoryID": 8049,
		"NameLocalizationKey": "@1434_0103_OutOfHisMisery_Title",
		"IsPOI": true,
		"MapIcon": "lyshineui/images/map/icon/pois/damned_compass_danger.webp",
		"CompassIcon": "lyshineui/images/map/icon/pois/damned_compass_danger.webp",
		"GroupSize": 0,
		"POITag": ["OutOfHisMiseryEncounter"],
		"RecommendedLevel": 57,
		"PulseColor": "1 0 0",
		"AudioGroup": "POI_State"
	},
	{
		"TerritoryID": 8050,
		"NameLocalizationKey": "@1434_0103_Pyre_Title",
		"IsPOI": true,
		"MapIcon": "lyshineui/images/map/icon/pois/damned_compass_danger.webp",
		"CompassIcon": "lyshineui/images/map/icon/pois/damned_compass_danger.webp",
		"GroupSize": 0,
		"POITag": ["PyreEncounter"],
		"RecommendedLevel": 57,
		"PulseColor": "1 0 0",
		"AudioGroup": "POI_State"
	},
	{
		"TerritoryID": 8051,
		"NameLocalizationKey": "@LNY_tribute_table",
		"IsPOI": true,
		"MapIcon": "lyshineui/images/map/icon/pois/event_lunarny.webp",
		"CompassIcon": "lyshineui/images/map/icon/npcs/lunarny_compass.webp",
		"TooltipBackground": "lyshineui/images/map/tooltipimages/poi/maptooltip_lunarnewyear_tribute.webp",
		"GroupSize": 0,
		"POITag": ["EventEncounter"],
		"RecommendedLevel": 60,
		"PulseColor": "230 135 75",
		"AudioGroup": "POI_State"
	},
	{
		"TerritoryID": 8052,
		"NameLocalizationKey": "@99F_Enc_Liang_Objective_Title",
		"IsPOI": true,
		"MapIcon": "lyshineui/images/map/icon/pois/damned_compass_danger.webp",
		"CompassIcon": "lyshineui/images/map/icon/pois/damned_compass_danger.webp",
		"GroupSize": 0,
		"RecommendedLevel": 62,
		"PulseColor": "1 0 0",
		"AudioGroup": "POI_State"
	},
	{
		"TerritoryID": 8053,
		"NameLocalizationKey": "@LNY_settlement_firework",
		"IsPOI": false,
		"MapIcon": "lyshineui/images/icons/objectives/icon_objective_quest.webp",
		"CompassIcon": "lyshineui/images/icons/objectives/icon_objective_quest.webp",
		"TooltipBackground": "lyshineui/images/map/tooltipimages/poi/maptooltip_lunarnewyear_firework.webp",
		"GroupSize": 0,
		"POITag": ["EventEncounter"],
		"RecommendedLevel": 62,
		"PulseColor": "220 180 150",
		"AudioGroup": "POI_State"
	},
	{
		"TerritoryID": 8054,
		"NameLocalizationKey": "@14AC_Edengrove_Malev3_01_Title",
		"IsPOI": true,
		"MapIcon": "lyshineui/images/map/icon/pois/damned_compass_danger.webp",
		"CompassIcon": "lyshineui/images/map/icon/pois/damned_compass_danger.webp",
		"GroupSize": 0,
		"POITag": ["EliteOverlord"],
		"RecommendedLevel": 66,
		"PulseColor": "255 0 0",
		"AudioGroup": "POI_State"
	},
	{
		"TerritoryID": 8055,
		"NameLocalizationKey": "@99A_MSQ_03_LastSoulwarden",
		"IsPOI": true,
		"MapIcon": "lyshineui/images/map/icon/pois/damned_compass_danger.webp",
		"CompassIcon": "lyshineui/images/map/icon/pois/damned_compass_danger.webp",
		"GroupSize": 0,
		"RecommendedLevel": 19,
		"PulseColor": "1 0 0",
		"AudioGroup": "POI_State"
	},
	{
		"TerritoryID": 8056,
		"NameLocalizationKey": "@C10A_Q4_Encounter_Title",
		"IsPOI": true,
		"MapIcon": "lyshineui/images/map/icon/pois/damned_compass_danger.webp",
		"CompassIcon": "lyshineui/images/map/icon/pois/damned_compass_danger.webp",
		"GroupSize": 0,
		"POITag": ["FLTavernEncounter"],
		"RecommendedLevel": 65,
		"PulseColor": "1 0 0",
		"AudioGroup": "POI_State"
	},
	{
		"TerritoryID": 8057,
		"NameLocalizationKey": "@ui_poi_ancient_ruins_40054",
		"IsPOI": true,
		"MapIcon": "lyshineui/images/map/icon/pois/damned_compass_danger.webp",
		"CompassIcon": "lyshineui/images/map/icon/pois/damned_compass_danger.webp",
		"GroupSize": 0,
		"POITag": ["FLTavernEncounter"],
		"RecommendedLevel": 65,
		"PulseColor": "1 0 0",
		"AudioGroup": "POI_State"
	},
	{
		"TerritoryID": 8058,
		"NameLocalizationKey": "@04A_Side02_02_Encounter_01",
		"IsPOI": true,
		"MapIcon": "lyshineui/images/map/icon/pois/damned_compass_danger.webp",
		"CompassIcon": "lyshineui/images/map/icon/pois/damned_compass_danger.webp",
		"GroupSize": 0,
		"RecommendedLevel": 18,
		"PulseColor": "1 0 0",
		"AudioGroup": "POI_State"
	},
	{
		"TerritoryID": 8059,
		"NameLocalizationKey": "@04A_Side02_02_Encounter_02",
		"IsPOI": true,
		"MapIcon": "lyshineui/images/map/icon/pois/damned_compass_danger.webp",
		"CompassIcon": "lyshineui/images/map/icon/pois/damned_compass_danger.webp",
		"GroupSize": 0,
		"RecommendedLevel": 18,
		"PulseColor": "1 0 0",
		"AudioGroup": "POI_State"
	},
	{
		"TerritoryID": 8060,
		"NameLocalizationKey": "@ui_worldboss_admiral",
		"IsPOI": true,
		"MapIcon": "lyshineui/images/map/icon/pois/boss.webp",
		"CompassIcon": "lyshineui/images/map/icon/pois/boss.webp",
		"TooltipBackground": "lyshineui/images/dungeons/dungeonimages/dungeonimages_dungeoncutlasskeys00.webp",
		"GroupSize": 4,
		"POITag": ["EventEncounter", "AlwaysVisible", "LargeIcon"],
		"RecommendedLevel": 65,
		"PulseColor": "235 52 52",
		"AudioGroup": "POI_State",
		"AudioState": "worldboss"
	},
	{
		"TerritoryID": 8061,
		"NameLocalizationKey": "@ui_worldboss_lotusscarab",
		"IsPOI": true,
		"MapIcon": "lyshineui/images/map/icon/pois/boss.webp",
		"CompassIcon": "lyshineui/images/map/icon/pois/boss.webp",
		"TooltipBackground": "lyshineui/images/map/tooltipimages/poi/maptooltip_elite_solariumkhepri.webp",
		"GroupSize": 4,
		"POITag": ["EventEncounter", "AlwaysVisible", "LargeIcon"],
		"RecommendedLevel": 65,
		"PulseColor": "235 52 52",
		"AudioGroup": "POI_State",
		"AudioState": "worldboss"
	},
	{
		"TerritoryID": 8062,
		"NameLocalizationKey": "@ui_worldboss_mammoth",
		"IsPOI": true,
		"MapIcon": "lyshineui/images/map/icon/pois/boss.webp",
		"CompassIcon": "lyshineui/images/map/icon/pois/boss.webp",
		"TooltipBackground": "lyshineui/images/dungeons/solotrialimages/dungeonimages_questmammoth.webp",
		"GroupSize": 4,
		"POITag": ["EventEncounter", "AlwaysVisible", "LargeIcon"],
		"RecommendedLevel": 65,
		"PulseColor": "235 52 52",
		"AudioGroup": "POI_State",
		"AudioState": "worldboss"
	},
	{
		"TerritoryID": 8063,
		"NameLocalizationKey": "@ui_worldboss_firenaga",
		"IsPOI": true,
		"MapIcon": "lyshineui/images/map/icon/pois/boss.webp",
		"CompassIcon": "lyshineui/images/map/icon/pois/boss.webp",
		"TooltipBackground": "lyshineui/images/map/tooltipimages/poi/maptooltip_elite_danceofthefireflies.webp",
		"GroupSize": 4,
		"POITag": ["EventEncounter", "AlwaysVisible", "LargeIcon"],
		"RecommendedLevel": 65,
		"PulseColor": "235 52 52",
		"AudioGroup": "POI_State",
		"AudioState": "worldboss"
	},
	{
		"TerritoryID": 8064,
		"NameLocalizationKey": "@ui_worldboss_empress",
		"IsPOI": true,
		"MapIcon": "lyshineui/images/map/icon/pois/boss.webp",
		"CompassIcon": "lyshineui/images/map/icon/pois/boss.webp",
		"TooltipBackground": "lyshineui/images/dungeons/solotrialimages/dungeonimages_questempresszhou.webp",
		"GroupSize": 4,
		"POITag": ["EventEncounter", "AlwaysVisible", "LargeIcon"],
		"RecommendedLevel": 65,
		"PulseColor": "235 52 52",
		"AudioGroup": "POI_State",
		"AudioState": "worldboss"
	}
]