[
	{
		"TimedRaceNodeTypeId": "Start",
		"DetectionRadius": 5,
		"UseTimeOverride": false,
		"AddTimeSeconds": 35,
		"VisualSlicePath": "slices/QuickCourses/QuickCourse_Start.dynamicslice",
		"SFX": "Play_UI_AcceptObjective"
	},
	{
		"TimedRaceNodeTypeId": "Finish",
		"DetectionRadius": 5,
		"UseTimeOverride": false,
		"AddTimeSeconds": 0,
		"VisualSlicePath": "slices/QuickCourses/QuickCourse_Finish.dynamicslice"
	},
	{
		"TimedRaceNodeTypeId": "Checkpoint10",
		"DetectionRadius": 5,
		"UseTimeOverride": false,
		"AddTimeSeconds": 10,
		"VisualSlicePath": "slices/QuickCourses/QuickCourse_Checkpoint.dynamicslice",
		"SFX": "Play_UI_AcceptObjective"
	},
	{
		"TimedRaceNodeTypeId": "Checkpoint15",
		"DetectionRadius": 5,
		"UseTimeOverride": false,
		"AddTimeSeconds": 15,
		"VisualSlicePath": "slices/QuickCourses/QuickCourse_Checkpoint.dynamicslice",
		"SFX": "Play_UI_AcceptObjective"
	},
	{
		"TimedRaceNodeTypeId": "Checkpoint20",
		"DetectionRadius": 5,
		"UseTimeOverride": false,
		"AddTimeSeconds": 20,
		"VisualSlicePath": "slices/QuickCourses/QuickCourse_Checkpoint.dynamicslice",
		"SFX": "Play_UI_AcceptObjective"
	},
	{
		"TimedRaceNodeTypeId": "Checkpoint25",
		"DetectionRadius": 5,
		"UseTimeOverride": false,
		"AddTimeSeconds": 25,
		"VisualSlicePath": "slices/QuickCourses/QuickCourse_Checkpoint.dynamicslice",
		"SFX": "Play_UI_AcceptObjective"
	},
	{
		"TimedRaceNodeTypeId": "Checkpoint30",
		"DetectionRadius": 5,
		"UseTimeOverride": false,
		"AddTimeSeconds": 30,
		"VisualSlicePath": "slices/QuickCourses/QuickCourse_Checkpoint.dynamicslice",
		"SFX": "Play_UI_AcceptObjective"
	},
	{
		"TimedRaceNodeTypeId": "Checkpoint35",
		"DetectionRadius": 5,
		"UseTimeOverride": false,
		"AddTimeSeconds": 35,
		"VisualSlicePath": "slices/QuickCourses/QuickCourse_Checkpoint.dynamicslice",
		"SFX": "Play_UI_AcceptObjective"
	},
	{
		"TimedRaceNodeTypeId": "Checkpoint45",
		"DetectionRadius": 5,
		"UseTimeOverride": false,
		"AddTimeSeconds": 45,
		"VisualSlicePath": "slices/QuickCourses/QuickCourse_Checkpoint.dynamicslice",
		"SFX": "Play_UI_AcceptObjective"
	},
	{
		"TimedRaceNodeTypeId": "Checkpoint60",
		"DetectionRadius": 5,
		"UseTimeOverride": false,
		"AddTimeSeconds": 60,
		"VisualSlicePath": "slices/QuickCourses/QuickCourse_Checkpoint.dynamicslice",
		"SFX": "Play_UI_AcceptObjective"
	},
	{
		"TimedRaceNodeTypeId": "Checkpoint75",
		"DetectionRadius": 5,
		"UseTimeOverride": false,
		"AddTimeSeconds": 75,
		"VisualSlicePath": "slices/QuickCourses/QuickCourse_Checkpoint.dynamicslice",
		"SFX": "Play_UI_AcceptObjective"
	},
	{
		"TimedRaceNodeTypeId": "Foot_Race_Start",
		"DetectionRadius": 5,
		"UseTimeOverride": true,
		"AddTimeSeconds": 0,
		"VisualSlicePath": "slices/QuickCourses/QuickCourse_Checkpoint.dynamicslice",
		"SFX": "Play_UI_AcceptObjective"
	},
	{
		"TimedRaceNodeTypeId": "Foot_Race_Finish",
		"DetectionRadius": 5,
		"UseTimeOverride": true,
		"AddTimeSeconds": 0,
		"VisualSlicePath": "slices/QuickCourses/QuickCourse_Checkpoint.dynamicslice"
	},
	{
		"TimedRaceNodeTypeId": "Foot_Race_Checkpoint2",
		"DetectionRadius": 5,
		"UseTimeOverride": true,
		"AddTimeSeconds": 2,
		"VisualSlicePath": "slices/QuickCourses/QuickCourse_Checkpoint.dynamicslice",
		"SFX": "Play_UI_AcceptObjective"
	},
	{
		"TimedRaceNodeTypeId": "Foot_Race_Checkpoint5",
		"DetectionRadius": 5,
		"UseTimeOverride": true,
		"AddTimeSeconds": 5,
		"VisualSlicePath": "slices/QuickCourses/QuickCourse_Checkpoint.dynamicslice",
		"SFX": "Play_UI_AcceptObjective"
	},
	{
		"TimedRaceNodeTypeId": "Foot_Race_Checkpoint10",
		"DetectionRadius": 5,
		"UseTimeOverride": true,
		"AddTimeSeconds": 10,
		"VisualSlicePath": "slices/QuickCourses/QuickCourse_Checkpoint.dynamicslice",
		"SFX": "Play_UI_AcceptObjective"
	},
	{
		"TimedRaceNodeTypeId": "Foot_Race_Checkpoint15",
		"DetectionRadius": 5,
		"UseTimeOverride": true,
		"AddTimeSeconds": 15,
		"VisualSlicePath": "slices/QuickCourses/QuickCourse_Checkpoint.dynamicslice",
		"SFX": "Play_UI_AcceptObjective"
	},
	{
		"TimedRaceNodeTypeId": "Foot_Race_Checkpoint20",
		"DetectionRadius": 5,
		"UseTimeOverride": true,
		"AddTimeSeconds": 20,
		"VisualSlicePath": "slices/QuickCourses/QuickCourse_Checkpoint.dynamicslice",
		"SFX": "Play_UI_AcceptObjective"
	},
	{
		"TimedRaceNodeTypeId": "Food_Race_Start",
		"DetectionRadius": 5,
		"UseTimeOverride": true,
		"AddTimeSeconds": 0,
		"VisualSlicePath": "slices/QuickCourses/Food_Course_Start.dynamicslice",
		"SFX": "Play_UI_AcceptObjective"
	},
	{
		"TimedRaceNodeTypeId": "Food_Race_Finish",
		"DetectionRadius": 5,
		"UseTimeOverride": true,
		"AddTimeSeconds": 0,
		"VisualSlicePath": "slices/QuickCourses/QuickCourse_Finish.dynamicslice"
	}
]