[
	{
		"DamageID": "Fall",
		"WeaponCategory": "Fall",
		"IgnoreInvulnerable": 1,
		"NoReaction": 1,
		"SurfaceImpactEffect": "Bullet",
		"DamageType": "Falling",
		"EffectOnlyOnDamage": false,
		"CanCrit": false,
		"DmgCoef": 1,
		"DmgCoefHead": 0,
		"PowerLevel": 2,
		"BlockPowerLevel": 2,
		"CritPowerLevel": 2,
		"HitStun": 0,
		"BlockHitStun": 0,
		"CritHitStun": 0,
		"ImpactDistanceX": 0,
		"ImpactDistanceY": 0,
		"ImpactDistanceZ": 0,
		"ImpactDecayRate": 0,
		"BlockImpactDistanceX": 0,
		"BlockImpactDistanceY": 0,
		"BlockImpactDistanceZ": 0,
		"BlockImpactDecayRate": 0,
		"CritImpactDistanceX": 0,
		"CritImpactDistanceY": 0,
		"CritImpactDistanceZ": 0,
		"CritImpactDecayRate": 0,
		"AddDmg": 0,
		"StaggerDmgModifier": 0,
		"StaggerResistModifier": 0,
		"TargetCameraShakeID": "Small",
		"BlockTargetCameraShakeID": "Small",
		"CritTargetCameraShakeID": "Small",
		"ImpactRating": 0,
		"BlockStaminaDmgMod": 0,
		"BlockAbsorptionModifier": 1,
		"StunBreakoutIncrement": 1,
		"UseAttackerPosForReaction": false
	},
	{
		"DamageID": "Reaction_Breakout",
		"WeaponCategory": "Fall",
		"IgnoreInvulnerable": 1,
		"NoReaction": 1,
		"SurfaceImpactEffect": "Bullet",
		"DamageType": "Falling",
		"EffectOnlyOnDamage": false,
		"CanCrit": false,
		"DmgCoef": 0,
		"DmgCoefHead": 0,
		"PowerLevel": 0,
		"BlockPowerLevel": 0,
		"CritPowerLevel": 0,
		"HitStun": 0,
		"BlockHitStun": 0,
		"CritHitStun": 0,
		"ImpactDistanceX": 0,
		"ImpactDistanceY": 0,
		"ImpactDistanceZ": 0,
		"ImpactDecayRate": 0,
		"BlockImpactDistanceX": 0,
		"BlockImpactDistanceY": 0,
		"BlockImpactDistanceZ": 0,
		"BlockImpactDecayRate": 0,
		"CritImpactDistanceX": 0,
		"CritImpactDistanceY": 0,
		"CritImpactDistanceZ": 0,
		"CritImpactDecayRate": 0,
		"AddDmg": 0,
		"StaggerDmgModifier": 0,
		"StaggerResistModifier": 10,
		"TargetCameraShakeID": "Small",
		"BlockTargetCameraShakeID": "Small",
		"CritTargetCameraShakeID": "Small",
		"ImpactRating": 1,
		"BlockStaminaDmgMod": 0,
		"BlockAbsorptionModifier": 0,
		"StunBreakoutIncrement": 1,
		"UseAttackerPosForReaction": false
	},
	{
		"DamageID": "Elite_GRIT",
		"WeaponCategory": "Sword+Fire",
		"IgnoreInvulnerable": 0,
		"NoReaction": 0,
		"SurfaceImpactEffect": "Bullet",
		"DamageType": "Standard",
		"EffectOnlyOnDamage": false,
		"DeflectDamageID": "Deflect_Default",
		"CanCrit": false,
		"DmgCoef": 0,
		"DmgCoefHead": 0,
		"PowerLevel": 1,
		"BlockPowerLevel": 1,
		"CritPowerLevel": 1,
		"HitStun": 20,
		"BlockHitStun": 15,
		"CritHitStun": 20,
		"ImpactDistanceX": 0,
		"ImpactDistanceY": 0,
		"ImpactDistanceZ": 0,
		"ImpactDecayRate": 0.8,
		"BlockImpactDistanceX": 0,
		"BlockImpactDistanceY": 0,
		"BlockImpactDistanceZ": 0,
		"BlockImpactDecayRate": 0.8,
		"CritImpactDistanceX": 0,
		"CritImpactDistanceY": 0,
		"CritImpactDistanceZ": 0,
		"CritImpactDecayRate": 0.8,
		"AddDmg": 0,
		"StaggerDmgModifier": 1.95,
		"StaggerResistModifier": 10,
		"TargetCameraShakeID": "Small",
		"BlockTargetCameraShakeID": "Small",
		"CritTargetCameraShakeID": "Small",
		"ImpactRating": 0,
		"BlockStaminaDmgMod": 0,
		"BlockAbsorptionModifier": 1,
		"StunBreakoutIncrement": 1,
		"UseAttackerPosForReaction": false
	},
	{
		"DamageID": "Attack_SwipeL_01_P1",
		"WeaponCategory": "Sword",
		"IgnoreInvulnerable": 0,
		"NoReaction": 0,
		"SurfaceImpactEffect": "Bullet",
		"AttackType": "Light",
		"DamageType": "Slash",
		"EffectOnlyOnDamage": false,
		"DeflectDamageID": "Deflect_Default",
		"CanCrit": false,
		"DmgCoef": 0.27,
		"DmgCoefHead": 1,
		"PowerLevel": 2,
		"BlockPowerLevel": 1,
		"CritPowerLevel": 0,
		"HitStun": 14,
		"BlockHitStun": 16,
		"CritHitStun": 14,
		"ImpactDistanceX": -0.35,
		"ImpactDistanceY": 1.65,
		"ImpactDistanceZ": 0,
		"ImpactDecayRate": 0.68,
		"BlockImpactDistanceX": 0,
		"BlockImpactDistanceY": 0,
		"BlockImpactDistanceZ": 0,
		"BlockImpactDecayRate": 0.66,
		"CritImpactDistanceX": -0.35,
		"CritImpactDistanceY": 1.65,
		"CritImpactDistanceZ": 0,
		"CritImpactDecayRate": 0.68,
		"AddDmg": 0,
		"StaggerDmgModifier": 0,
		"StaggerResistModifier": 0,
		"TargetCameraShakeID": "Small",
		"BlockTargetCameraShakeID": "Small",
		"CritTargetCameraShakeID": "Small",
		"ImpactRating": 1,
		"BlockStaminaDmgMod": 0.23,
		"BlockAbsorptionModifier": 1,
		"StunBreakoutIncrement": 0,
		"UseAttackerPosForReaction": false
	},
	{
		"DamageID": "Attack_SwipeL_01",
		"WeaponCategory": "Sword+Fire",
		"IgnoreInvulnerable": 0,
		"NoReaction": 0,
		"SurfaceImpactEffect": "Bullet",
		"AttackType": "Light",
		"DamageType": "Slash",
		"Affixes": "AI_FireDMG_25",
		"EffectOnlyOnDamage": false,
		"DeflectDamageID": "Deflect_Default",
		"CanCrit": false,
		"DmgCoef": 0.27,
		"DmgCoefHead": 1,
		"PowerLevel": 2,
		"BlockPowerLevel": 1,
		"CritPowerLevel": 0,
		"HitStun": 14,
		"BlockHitStun": 16,
		"CritHitStun": 14,
		"ImpactDistanceX": -0.35,
		"ImpactDistanceY": 1.65,
		"ImpactDistanceZ": 0,
		"ImpactDecayRate": 0.68,
		"BlockImpactDistanceX": 0,
		"BlockImpactDistanceY": 0,
		"BlockImpactDistanceZ": 0,
		"BlockImpactDecayRate": 0.66,
		"CritImpactDistanceX": -0.35,
		"CritImpactDistanceY": 1.65,
		"CritImpactDistanceZ": 0,
		"CritImpactDecayRate": 0.68,
		"AddDmg": 0,
		"StaggerDmgModifier": 0,
		"StaggerResistModifier": 0,
		"TargetCameraShakeID": "Small",
		"BlockTargetCameraShakeID": "Small",
		"CritTargetCameraShakeID": "Small",
		"ImpactRating": 1,
		"BlockStaminaDmgMod": 0.23,
		"BlockAbsorptionModifier": 1,
		"StunBreakoutIncrement": 0,
		"UseAttackerPosForReaction": false
	},
	{
		"DamageID": "Attack_SwipeL_02",
		"WeaponCategory": "Sword+Fire",
		"IgnoreInvulnerable": 0,
		"NoReaction": 0,
		"SurfaceImpactEffect": "Bullet",
		"AttackType": "Light",
		"DamageType": "Slash",
		"Affixes": "AI_FireDMG_25",
		"EffectOnlyOnDamage": false,
		"DeflectDamageID": "Deflect_Default",
		"CanCrit": false,
		"DmgCoef": 0.22,
		"DmgCoefHead": 1,
		"PowerLevel": 2,
		"BlockPowerLevel": 1,
		"CritPowerLevel": 0,
		"HitStun": 18,
		"BlockHitStun": 16,
		"CritHitStun": 18,
		"ImpactDistanceX": 0,
		"ImpactDistanceY": 1.5,
		"ImpactDistanceZ": 0,
		"ImpactDecayRate": 0.68,
		"BlockImpactDistanceX": 0,
		"BlockImpactDistanceY": 0,
		"BlockImpactDistanceZ": 0,
		"BlockImpactDecayRate": 0.68,
		"CritImpactDistanceX": 0,
		"CritImpactDistanceY": 1.5,
		"CritImpactDistanceZ": 0,
		"CritImpactDecayRate": 0.68,
		"AddDmg": 0,
		"StaggerDmgModifier": 0,
		"StaggerResistModifier": 0,
		"TargetCameraShakeID": "Small",
		"BlockTargetCameraShakeID": "Small",
		"CritTargetCameraShakeID": "Small",
		"ImpactRating": 1,
		"BlockStaminaDmgMod": 0.24,
		"BlockAbsorptionModifier": 1,
		"StunBreakoutIncrement": 0,
		"UseAttackerPosForReaction": false
	},
	{
		"DamageID": "Attack_SwipeR_01_P1",
		"WeaponCategory": "Sword",
		"IgnoreInvulnerable": 0,
		"NoReaction": 0,
		"SurfaceImpactEffect": "Bullet",
		"AttackType": "Light",
		"DamageType": "Slash",
		"EffectOnlyOnDamage": false,
		"DeflectDamageID": "Deflect_Default",
		"CanCrit": false,
		"DmgCoef": 0.27,
		"DmgCoefHead": 1,
		"PowerLevel": 2,
		"BlockPowerLevel": 1,
		"CritPowerLevel": 0,
		"HitStun": 16,
		"BlockHitStun": 18,
		"CritHitStun": 16,
		"ImpactDistanceX": 0.5,
		"ImpactDistanceY": 1.85,
		"ImpactDistanceZ": 0,
		"ImpactDecayRate": 0.69,
		"BlockImpactDistanceX": 0,
		"BlockImpactDistanceY": 0,
		"BlockImpactDistanceZ": 0,
		"BlockImpactDecayRate": 0.7,
		"CritImpactDistanceX": 0.5,
		"CritImpactDistanceY": 1.85,
		"CritImpactDistanceZ": 0,
		"CritImpactDecayRate": 0.69,
		"AddDmg": 0,
		"StaggerDmgModifier": 0,
		"StaggerResistModifier": 0,
		"TargetCameraShakeID": "Small",
		"BlockTargetCameraShakeID": "Small",
		"CritTargetCameraShakeID": "Small",
		"ImpactRating": 1,
		"BlockStaminaDmgMod": 0.29,
		"BlockAbsorptionModifier": 1,
		"StunBreakoutIncrement": 0,
		"UseAttackerPosForReaction": false
	},
	{
		"DamageID": "Attack_SwipeR_01",
		"WeaponCategory": "Sword+Fire",
		"IgnoreInvulnerable": 0,
		"NoReaction": 0,
		"SurfaceImpactEffect": "Bullet",
		"AttackType": "Light",
		"DamageType": "Slash",
		"Affixes": "AI_FireDMG_25",
		"EffectOnlyOnDamage": false,
		"DeflectDamageID": "Deflect_Default",
		"CanCrit": false,
		"DmgCoef": 0.27,
		"DmgCoefHead": 1,
		"PowerLevel": 2,
		"BlockPowerLevel": 1,
		"CritPowerLevel": 0,
		"HitStun": 16,
		"BlockHitStun": 18,
		"CritHitStun": 16,
		"ImpactDistanceX": 0.5,
		"ImpactDistanceY": 1.85,
		"ImpactDistanceZ": 0,
		"ImpactDecayRate": 0.69,
		"BlockImpactDistanceX": 0,
		"BlockImpactDistanceY": 0,
		"BlockImpactDistanceZ": 0,
		"BlockImpactDecayRate": 0.7,
		"CritImpactDistanceX": 0.5,
		"CritImpactDistanceY": 1.85,
		"CritImpactDistanceZ": 0,
		"CritImpactDecayRate": 0.69,
		"AddDmg": 0,
		"StaggerDmgModifier": 0,
		"StaggerResistModifier": 0,
		"TargetCameraShakeID": "Small",
		"BlockTargetCameraShakeID": "Small",
		"CritTargetCameraShakeID": "Small",
		"ImpactRating": 1,
		"BlockStaminaDmgMod": 0.29,
		"BlockAbsorptionModifier": 1,
		"StunBreakoutIncrement": 0,
		"UseAttackerPosForReaction": false
	},
	{
		"DamageID": "Attack_SwipeR_02",
		"WeaponCategory": "Sword+Fire",
		"IgnoreInvulnerable": 0,
		"NoReaction": 0,
		"SurfaceImpactEffect": "Bullet",
		"AttackType": "Light",
		"DamageType": "Slash",
		"Affixes": "AI_FireDMG_25",
		"EffectOnlyOnDamage": false,
		"DeflectDamageID": "Deflect_Default",
		"CanCrit": false,
		"DmgCoef": 0.23,
		"DmgCoefHead": 1,
		"PowerLevel": 2,
		"BlockPowerLevel": 1,
		"CritPowerLevel": 0,
		"HitStun": 18,
		"BlockHitStun": 17,
		"CritHitStun": 18,
		"ImpactDistanceX": 0,
		"ImpactDistanceY": 1.4,
		"ImpactDistanceZ": 0,
		"ImpactDecayRate": 0.67,
		"BlockImpactDistanceX": 0,
		"BlockImpactDistanceY": 0,
		"BlockImpactDistanceZ": 0,
		"BlockImpactDecayRate": 0.7,
		"CritImpactDistanceX": 0,
		"CritImpactDistanceY": 1.4,
		"CritImpactDistanceZ": 0,
		"CritImpactDecayRate": 0.67,
		"AddDmg": 0,
		"StaggerDmgModifier": 0,
		"StaggerResistModifier": 0,
		"TargetCameraShakeID": "Small",
		"BlockTargetCameraShakeID": "Small",
		"CritTargetCameraShakeID": "Small",
		"ImpactRating": 1,
		"BlockStaminaDmgMod": 0.25,
		"BlockAbsorptionModifier": 1,
		"StunBreakoutIncrement": 0,
		"UseAttackerPosForReaction": false
	},
	{
		"DamageID": "Attack_Stab_01_P1",
		"WeaponCategory": "Sword",
		"IgnoreInvulnerable": 0,
		"NoReaction": 0,
		"SurfaceImpactEffect": "Bullet",
		"AttackType": "Light",
		"DamageType": "Thrust",
		"EffectOnlyOnDamage": false,
		"DeflectDamageID": "Deflect_Default",
		"CanCrit": false,
		"DmgCoef": 0.27,
		"DmgCoefHead": 1,
		"PowerLevel": 2,
		"BlockPowerLevel": 2,
		"CritPowerLevel": 0,
		"HitStun": 16,
		"BlockHitStun": 26,
		"CritHitStun": 16,
		"ImpactDistanceX": 0,
		"ImpactDistanceY": 2.4,
		"ImpactDistanceZ": 0,
		"ImpactDecayRate": 0.7,
		"BlockImpactDistanceX": 0,
		"BlockImpactDistanceY": 0,
		"BlockImpactDistanceZ": 0,
		"BlockImpactDecayRate": 0.7,
		"CritImpactDistanceX": 0,
		"CritImpactDistanceY": 2.4,
		"CritImpactDistanceZ": 0,
		"CritImpactDecayRate": 0.7,
		"AddDmg": 0,
		"StaggerDmgModifier": 0,
		"StaggerResistModifier": 0,
		"TargetCameraShakeID": "Small",
		"BlockTargetCameraShakeID": "Small",
		"CritTargetCameraShakeID": "Small",
		"ImpactRating": 1,
		"BlockStaminaDmgMod": 0.28,
		"BlockAbsorptionModifier": 1,
		"StunBreakoutIncrement": 0,
		"UseAttackerPosForReaction": false
	},
	{
		"DamageID": "Attack_Stab_02_P1",
		"WeaponCategory": "Sword",
		"IgnoreInvulnerable": 0,
		"NoReaction": 0,
		"SurfaceImpactEffect": "Bullet",
		"AttackType": "Light",
		"DamageType": "Thrust",
		"EffectOnlyOnDamage": false,
		"DeflectDamageID": "Deflect_Default",
		"CanCrit": false,
		"DmgCoef": 0.28,
		"DmgCoefHead": 1,
		"PowerLevel": 2,
		"BlockPowerLevel": 2,
		"CritPowerLevel": 0,
		"HitStun": 19,
		"BlockHitStun": 26,
		"CritHitStun": 19,
		"ImpactDistanceX": 0,
		"ImpactDistanceY": 2.15,
		"ImpactDistanceZ": 0,
		"ImpactDecayRate": 0.68,
		"BlockImpactDistanceX": 0,
		"BlockImpactDistanceY": 0,
		"BlockImpactDistanceZ": 0,
		"BlockImpactDecayRate": 0.7,
		"CritImpactDistanceX": 0,
		"CritImpactDistanceY": 2.15,
		"CritImpactDistanceZ": 0,
		"CritImpactDecayRate": 0.68,
		"AddDmg": 0,
		"StaggerDmgModifier": 0,
		"StaggerResistModifier": 0,
		"TargetCameraShakeID": "Small",
		"BlockTargetCameraShakeID": "Small",
		"CritTargetCameraShakeID": "Small",
		"ImpactRating": 1,
		"BlockStaminaDmgMod": 0.28,
		"BlockAbsorptionModifier": 1,
		"StunBreakoutIncrement": 0,
		"UseAttackerPosForReaction": false
	},
	{
		"DamageID": "Attack_Stab_01",
		"WeaponCategory": "Sword+Fire",
		"IgnoreInvulnerable": 0,
		"NoReaction": 0,
		"SurfaceImpactEffect": "Bullet",
		"AttackType": "Light",
		"DamageType": "Thrust",
		"Affixes": "AI_FireDMG_25",
		"EffectOnlyOnDamage": false,
		"DeflectDamageID": "Deflect_Default",
		"CanCrit": false,
		"DmgCoef": 0.27,
		"DmgCoefHead": 1,
		"PowerLevel": 2,
		"BlockPowerLevel": 2,
		"CritPowerLevel": 0,
		"HitStun": 16,
		"BlockHitStun": 26,
		"CritHitStun": 16,
		"ImpactDistanceX": 0,
		"ImpactDistanceY": 2.4,
		"ImpactDistanceZ": 0,
		"ImpactDecayRate": 0.7,
		"BlockImpactDistanceX": 0,
		"BlockImpactDistanceY": 0,
		"BlockImpactDistanceZ": 0,
		"BlockImpactDecayRate": 0.7,
		"CritImpactDistanceX": 0,
		"CritImpactDistanceY": 2.4,
		"CritImpactDistanceZ": 0,
		"CritImpactDecayRate": 0.7,
		"AddDmg": 0,
		"StaggerDmgModifier": 0,
		"StaggerResistModifier": 0,
		"TargetCameraShakeID": "Small",
		"BlockTargetCameraShakeID": "Small",
		"CritTargetCameraShakeID": "Small",
		"ImpactRating": 1,
		"BlockStaminaDmgMod": 0.28,
		"BlockAbsorptionModifier": 1,
		"StunBreakoutIncrement": 0,
		"UseAttackerPosForReaction": false
	},
	{
		"DamageID": "Attack_Stab_02",
		"WeaponCategory": "Sword+Fire",
		"IgnoreInvulnerable": 0,
		"NoReaction": 0,
		"SurfaceImpactEffect": "Bullet",
		"AttackType": "Light",
		"DamageType": "Thrust",
		"Affixes": "AI_FireDMG_25",
		"EffectOnlyOnDamage": false,
		"DeflectDamageID": "Deflect_Default",
		"CanCrit": false,
		"DmgCoef": 0.28,
		"DmgCoefHead": 1,
		"PowerLevel": 2,
		"BlockPowerLevel": 2,
		"CritPowerLevel": 0,
		"HitStun": 19,
		"BlockHitStun": 26,
		"CritHitStun": 19,
		"ImpactDistanceX": 0,
		"ImpactDistanceY": 2.15,
		"ImpactDistanceZ": 0,
		"ImpactDecayRate": 0.68,
		"BlockImpactDistanceX": 0,
		"BlockImpactDistanceY": 0,
		"BlockImpactDistanceZ": 0,
		"BlockImpactDecayRate": 0.7,
		"CritImpactDistanceX": 0,
		"CritImpactDistanceY": 2.15,
		"CritImpactDistanceZ": 0,
		"CritImpactDecayRate": 0.68,
		"AddDmg": 0,
		"StaggerDmgModifier": 0,
		"StaggerResistModifier": 0,
		"TargetCameraShakeID": "Small",
		"BlockTargetCameraShakeID": "Small",
		"CritTargetCameraShakeID": "Small",
		"ImpactRating": 1,
		"BlockStaminaDmgMod": 0.28,
		"BlockAbsorptionModifier": 1,
		"StunBreakoutIncrement": 0,
		"UseAttackerPosForReaction": false
	},
	{
		"DamageID": "Attack_Double_Spin_Combo",
		"WeaponCategory": "Sword+Fire",
		"IgnoreInvulnerable": 0,
		"NoReaction": 0,
		"SurfaceImpactEffect": "Bullet",
		"AttackType": "Light",
		"DamageType": "Slash",
		"Affixes": "AI_FireDMG_50",
		"EffectOnlyOnDamage": false,
		"DeflectDamageID": "Deflect_Default",
		"CanCrit": false,
		"DmgCoef": 0.19,
		"DmgCoefHead": 1,
		"PowerLevel": 0,
		"BlockPowerLevel": 1,
		"CritPowerLevel": 0,
		"HitStun": 13,
		"BlockHitStun": 18,
		"CritHitStun": 13,
		"ImpactDistanceX": 0,
		"ImpactDistanceY": 1.15,
		"ImpactDistanceZ": 0,
		"ImpactDecayRate": 0.7,
		"BlockImpactDistanceX": 0,
		"BlockImpactDistanceY": 0,
		"BlockImpactDistanceZ": 0,
		"BlockImpactDecayRate": 0.71,
		"CritImpactDistanceX": 0,
		"CritImpactDistanceY": 1.15,
		"CritImpactDistanceZ": 0,
		"CritImpactDecayRate": 0.7,
		"AddDmg": 0,
		"StaggerDmgModifier": 0,
		"StaggerResistModifier": 0,
		"TargetCameraShakeID": "Small",
		"BlockTargetCameraShakeID": "Small",
		"CritTargetCameraShakeID": "Small",
		"ImpactRating": 1,
		"BlockStaminaDmgMod": 0.17,
		"BlockAbsorptionModifier": 1,
		"StunBreakoutIncrement": 0,
		"UseAttackerPosForReaction": false
	},
	{
		"DamageID": "Attack_Double_Spin_Finisher",
		"WeaponCategory": "Sword+Fire",
		"IgnoreInvulnerable": 0,
		"NoReaction": 0,
		"SurfaceImpactEffect": "Bullet",
		"AttackType": "Heavy",
		"DamageType": "Slash",
		"Affixes": "AI_FireDMG_75",
		"EffectOnlyOnDamage": true,
		"DeflectDamageID": "Deflect_Default",
		"CanCrit": false,
		"DmgCoef": 0.44,
		"DmgCoefHead": 1,
		"PowerLevel": 1,
		"BlockPowerLevel": 2,
		"CritPowerLevel": 1,
		"HitStun": 17,
		"BlockHitStun": 28,
		"CritHitStun": 17,
		"ImpactDistanceX": 0,
		"ImpactDistanceY": 2.4,
		"ImpactDistanceZ": 0,
		"ImpactDecayRate": 0.77,
		"BlockImpactDistanceX": 0,
		"BlockImpactDistanceY": 0,
		"BlockImpactDistanceZ": 0,
		"BlockImpactDecayRate": 0.76,
		"CritImpactDistanceX": 0,
		"CritImpactDistanceY": 2.4,
		"CritImpactDistanceZ": 0,
		"CritImpactDecayRate": 0.77,
		"AddDmg": 0,
		"StaggerDmgModifier": 0,
		"StaggerResistModifier": 0,
		"TargetCameraShakeID": "Large",
		"BlockTargetCameraShakeID": "Large",
		"CritTargetCameraShakeID": "Large",
		"ImpactRating": 3,
		"BlockStaminaDmgMod": 0.57,
		"BlockAbsorptionModifier": 1,
		"StunBreakoutIncrement": 1,
		"UseAttackerPosForReaction": false
	},
	{
		"DamageID": "Attack_Overhead_Slash",
		"WeaponCategory": "Sword+Fire",
		"IgnoreInvulnerable": 0,
		"NoReaction": 0,
		"SurfaceImpactEffect": "Bullet",
		"AttackType": "Heavy",
		"DamageType": "Slash",
		"Affixes": "AI_FireDMG_50",
		"EffectOnlyOnDamage": false,
		"DeflectDamageID": "Deflect_Default",
		"CanCrit": false,
		"DmgCoef": 0.42,
		"DmgCoefHead": 1,
		"PowerLevel": 5,
		"BlockPowerLevel": 3,
		"CritPowerLevel": 5,
		"HitStun": 20,
		"BlockHitStun": 36,
		"CritHitStun": 20,
		"ImpactDistanceX": 0,
		"ImpactDistanceY": 1.85,
		"ImpactDistanceZ": 0,
		"ImpactDecayRate": 0.73,
		"BlockImpactDistanceX": 0,
		"BlockImpactDistanceY": 0,
		"BlockImpactDistanceZ": 0,
		"BlockImpactDecayRate": 0.74,
		"CritImpactDistanceX": 0,
		"CritImpactDistanceY": 1.85,
		"CritImpactDistanceZ": 0,
		"CritImpactDecayRate": 0.73,
		"AddDmg": 0,
		"StaggerDmgModifier": 0,
		"StaggerResistModifier": 0,
		"TargetCameraShakeID": "Large",
		"BlockTargetCameraShakeID": "Large",
		"CritTargetCameraShakeID": "Large",
		"ImpactRating": 2,
		"BlockStaminaDmgMod": 0.6335,
		"BlockAbsorptionModifier": 1,
		"StunBreakoutIncrement": 1,
		"UseAttackerPosForReaction": false
	},
	{
		"DamageID": "Attack_Overhead_Slash_Fire",
		"WeaponCategory": "Sword+Fire",
		"IgnoreInvulnerable": 0,
		"NoReaction": 0,
		"SurfaceImpactEffect": "Bullet",
		"AttackType": "Heavy",
		"DamageType": "Fire",
		"EffectOnlyOnDamage": true,
		"DeflectDamageID": "Deflect_Default",
		"CanCrit": false,
		"DmgCoef": 0.42,
		"DmgCoefHead": 1,
		"PowerLevel": 2,
		"BlockPowerLevel": 3,
		"CritPowerLevel": 2,
		"HitStun": 27,
		"BlockHitStun": 30,
		"CritHitStun": 27,
		"ImpactDistanceX": 0,
		"ImpactDistanceY": 1.8,
		"ImpactDistanceZ": 0,
		"ImpactDecayRate": 0.8,
		"BlockImpactDistanceX": 0,
		"BlockImpactDistanceY": 0,
		"BlockImpactDistanceZ": 0,
		"BlockImpactDecayRate": 0.8,
		"CritImpactDistanceX": 0,
		"CritImpactDistanceY": 1.8,
		"CritImpactDistanceZ": 0,
		"CritImpactDecayRate": 0.8,
		"AddDmg": 0,
		"StaggerDmgModifier": 0,
		"StaggerResistModifier": 0,
		"TargetCameraShakeID": "Large",
		"BlockTargetCameraShakeID": "Large",
		"CritTargetCameraShakeID": "Large",
		"ImpactRating": 2,
		"BlockStaminaDmgMod": 0.8,
		"BlockAbsorptionModifier": 1,
		"StunBreakoutIncrement": 1,
		"UseAttackerPosForReaction": false
	},
	{
		"DamageID": "Attack_Flip_Overhead_Slash",
		"WeaponCategory": "Sword+Fire",
		"IgnoreInvulnerable": 0,
		"NoReaction": 0,
		"SurfaceImpactEffect": "Bullet",
		"AttackType": "Heavy",
		"DamageType": "Slash",
		"Affixes": "AI_FireDMG_75",
		"EffectOnlyOnDamage": false,
		"DeflectDamageID": "Deflect_Default",
		"CanCrit": false,
		"DmgCoef": 0.23,
		"DmgCoefHead": 1,
		"PowerLevel": 0,
		"BlockPowerLevel": 0,
		"CritPowerLevel": 0,
		"HitStun": 40,
		"BlockHitStun": 14,
		"CritHitStun": 40,
		"ImpactDistanceX": 0,
		"ImpactDistanceY": 1.3,
		"ImpactDistanceZ": 0,
		"ImpactDecayRate": 0.83,
		"BlockImpactDistanceX": 0,
		"BlockImpactDistanceY": 0,
		"BlockImpactDistanceZ": 0,
		"BlockImpactDecayRate": 0.87,
		"CritImpactDistanceX": 0,
		"CritImpactDistanceY": 1.3,
		"CritImpactDistanceZ": 0,
		"CritImpactDecayRate": 0.83,
		"AddDmg": 0,
		"StaggerDmgModifier": 0,
		"StaggerResistModifier": 0,
		"TargetCameraShakeID": "Large",
		"BlockTargetCameraShakeID": "Large",
		"CritTargetCameraShakeID": "Large",
		"ImpactRating": 3,
		"BlockStaminaDmgMod": 0.23,
		"BlockAbsorptionModifier": 1,
		"StunBreakoutIncrement": 1,
		"UseAttackerPosForReaction": false
	},
	{
		"DamageID": "Attack_Flip_Overhead_Fire",
		"WeaponCategory": "Sword+Fire",
		"IgnoreInvulnerable": 0,
		"NoReaction": 0,
		"SurfaceImpactEffect": "Bullet",
		"AttackType": "Heavy",
		"DamageType": "Fire",
		"EffectOnlyOnDamage": true,
		"DeflectDamageID": "Deflect_Default",
		"CanCrit": false,
		"DmgCoef": 0.22,
		"DmgCoefHead": 1,
		"PowerLevel": 4,
		"BlockPowerLevel": 4,
		"CritPowerLevel": 4,
		"HitStun": 32,
		"BlockHitStun": 48,
		"CritHitStun": 32,
		"ImpactDistanceX": 0,
		"ImpactDistanceY": 3.6,
		"ImpactDistanceZ": 0,
		"ImpactDecayRate": 0.7,
		"BlockImpactDistanceX": 0,
		"BlockImpactDistanceY": 0,
		"BlockImpactDistanceZ": 0,
		"BlockImpactDecayRate": 0.73,
		"CritImpactDistanceX": 0,
		"CritImpactDistanceY": 3.6,
		"CritImpactDistanceZ": 0,
		"CritImpactDecayRate": 0.7,
		"AddDmg": 0,
		"StaggerDmgModifier": 0,
		"StaggerResistModifier": 0,
		"TargetCameraShakeID": "Large",
		"BlockTargetCameraShakeID": "Large",
		"CritTargetCameraShakeID": "Large",
		"ImpactRating": 3,
		"BlockStaminaDmgMod": 0.57,
		"BlockAbsorptionModifier": 1,
		"StunBreakoutIncrement": 1,
		"UseAttackerPosForReaction": false
	},
	{
		"DamageID": "Attack_Flurry_Combo",
		"WeaponCategory": "Sword+Fire",
		"IgnoreInvulnerable": 0,
		"NoReaction": 0,
		"SurfaceImpactEffect": "Bullet",
		"AttackType": "Light",
		"DamageType": "Slash",
		"Affixes": "AI_FireDMG_25",
		"EffectOnlyOnDamage": false,
		"DeflectDamageID": "Deflect_Default",
		"CanCrit": false,
		"DmgCoef": 0.14,
		"DmgCoefHead": 1,
		"PowerLevel": 1,
		"BlockPowerLevel": 1,
		"CritPowerLevel": 0,
		"HitStun": 13,
		"BlockHitStun": 12,
		"CritHitStun": 13,
		"ImpactDistanceX": 0,
		"ImpactDistanceY": 1,
		"ImpactDistanceZ": 0,
		"ImpactDecayRate": 0.8,
		"BlockImpactDistanceX": 0,
		"BlockImpactDistanceY": 0,
		"BlockImpactDistanceZ": 0,
		"BlockImpactDecayRate": 0.8,
		"CritImpactDistanceX": 0,
		"CritImpactDistanceY": 1,
		"CritImpactDistanceZ": 0,
		"CritImpactDecayRate": 0.8,
		"AddDmg": 0,
		"StaggerDmgModifier": 0,
		"StaggerResistModifier": 0,
		"TargetCameraShakeID": "Small",
		"BlockTargetCameraShakeID": "Small",
		"CritTargetCameraShakeID": "Small",
		"ImpactRating": 1,
		"BlockStaminaDmgMod": 0.2,
		"BlockAbsorptionModifier": 1,
		"StunBreakoutIncrement": 0,
		"UseAttackerPosForReaction": false
	},
	{
		"DamageID": "Attack_Flurry_Finisher",
		"WeaponCategory": "Sword+Fire",
		"IgnoreInvulnerable": 0,
		"NoReaction": 0,
		"SurfaceImpactEffect": "Bullet",
		"AttackType": "Light",
		"DamageType": "Slash",
		"Affixes": "AI_FireDMG_50",
		"EffectOnlyOnDamage": false,
		"DeflectDamageID": "Deflect_Default",
		"CanCrit": false,
		"DmgCoef": 0.23,
		"DmgCoefHead": 1,
		"PowerLevel": 3,
		"BlockPowerLevel": 1,
		"CritPowerLevel": 1,
		"HitStun": 25,
		"BlockHitStun": 18,
		"CritHitStun": 16,
		"ImpactDistanceX": 0,
		"ImpactDistanceY": 3,
		"ImpactDistanceZ": 0,
		"ImpactDecayRate": 0.8,
		"BlockImpactDistanceX": 0,
		"BlockImpactDistanceY": 0,
		"BlockImpactDistanceZ": 0,
		"BlockImpactDecayRate": 0.8,
		"CritImpactDistanceX": 0,
		"CritImpactDistanceY": 1.4,
		"CritImpactDistanceZ": 0,
		"CritImpactDecayRate": 0.8,
		"AddDmg": 0,
		"StaggerDmgModifier": 0,
		"StaggerResistModifier": 0,
		"TargetCameraShakeID": "Small",
		"BlockTargetCameraShakeID": "Small",
		"CritTargetCameraShakeID": "Small",
		"ImpactRating": 2,
		"BlockStaminaDmgMod": 0.35,
		"BlockAbsorptionModifier": 1,
		"StunBreakoutIncrement": 1,
		"UseAttackerPosForReaction": false
	},
	{
		"DamageID": "Attack_Upwards_Slash",
		"WeaponCategory": "Sword+Fire",
		"IgnoreInvulnerable": 0,
		"NoReaction": 0,
		"SurfaceImpactEffect": "Bullet",
		"AttackType": "Heavy",
		"DamageType": "Slash",
		"Affixes": "AI_FireDMG_50",
		"EffectOnlyOnDamage": true,
		"DeflectDamageID": "Deflect_Default",
		"CanCrit": false,
		"DmgCoef": 0.38,
		"DmgCoefHead": 1,
		"PowerLevel": 4,
		"BlockPowerLevel": 4,
		"CritPowerLevel": 4,
		"HitStun": 44,
		"BlockHitStun": 46,
		"CritHitStun": 44,
		"ImpactDistanceX": 0,
		"ImpactDistanceY": 5,
		"ImpactDistanceZ": 0,
		"ImpactDecayRate": 0.82,
		"BlockImpactDistanceX": 0,
		"BlockImpactDistanceY": 0,
		"BlockImpactDistanceZ": 0,
		"BlockImpactDecayRate": 0.84,
		"CritImpactDistanceX": 0,
		"CritImpactDistanceY": 5,
		"CritImpactDistanceZ": 0,
		"CritImpactDecayRate": 0.82,
		"AddDmg": 0,
		"StaggerDmgModifier": 0,
		"StaggerResistModifier": 0,
		"TargetCameraShakeID": "Large",
		"BlockTargetCameraShakeID": "Large",
		"CritTargetCameraShakeID": "Large",
		"ImpactRating": 4,
		"BlockStaminaDmgMod": 1.1,
		"BlockAbsorptionModifier": 1,
		"StunBreakoutIncrement": 1,
		"UseAttackerPosForReaction": false
	},
	{
		"DamageID": "Attack_FTUE_Spawn",
		"WeaponCategory": "Sword+Fire",
		"IgnoreInvulnerable": 0,
		"NoReaction": 0,
		"SurfaceImpactEffect": "Bullet",
		"AttackType": "Magic",
		"DamageType": "Fire",
		"EffectOnlyOnDamage": false,
		"DeflectDamageID": "Deflect_Default",
		"CanCrit": false,
		"DmgCoef": 0,
		"DmgCoefHead": 0,
		"PowerLevel": 4,
		"BlockPowerLevel": 4,
		"CritPowerLevel": 4,
		"HitStun": 25,
		"BlockHitStun": 30,
		"CritHitStun": 25,
		"ImpactDistanceX": 0,
		"ImpactDistanceY": 3.8,
		"ImpactDistanceZ": 0,
		"ImpactDecayRate": 0.8,
		"BlockImpactDistanceX": 0,
		"BlockImpactDistanceY": 0,
		"BlockImpactDistanceZ": 0,
		"BlockImpactDecayRate": 0.8,
		"CritImpactDistanceX": 0,
		"CritImpactDistanceY": 3.8,
		"CritImpactDistanceZ": 0,
		"CritImpactDecayRate": 0.8,
		"AddDmg": 0,
		"StaggerDmgModifier": 0,
		"StaggerResistModifier": 5,
		"TargetCameraShakeID": "Small",
		"BlockTargetCameraShakeID": "Small",
		"CritTargetCameraShakeID": "Small",
		"ImpactRating": 4,
		"BlockStaminaDmgMod": 0,
		"BlockAbsorptionModifier": 1,
		"StunBreakoutIncrement": 1,
		"UseAttackerPosForReaction": false
	},
	{
		"DamageID": "Attack_Force_Grab",
		"WeaponCategory": "CorruptedMagic",
		"IgnoreInvulnerable": 0,
		"NoReaction": 0,
		"SurfaceImpactEffect": "Bullet",
		"AttackType": "Magic",
		"DamageType": "Corruption",
		"EffectOnlyOnDamage": false,
		"DeflectDamageID": "Deflect_Default",
		"CanCrit": false,
		"DmgCoef": 0,
		"DmgCoefHead": 1,
		"PowerLevel": 3,
		"BlockPowerLevel": 3,
		"CritPowerLevel": 3,
		"HitStun": 34,
		"BlockHitStun": 30,
		"CritHitStun": 34,
		"ImpactDistanceX": 0,
		"ImpactDistanceY": -1,
		"ImpactDistanceZ": -2,
		"ImpactDecayRate": 0.7,
		"BlockImpactDistanceX": 0,
		"BlockImpactDistanceY": -1,
		"BlockImpactDistanceZ": -2,
		"BlockImpactDecayRate": 0.7,
		"CritImpactDistanceX": 0,
		"CritImpactDistanceY": -1,
		"CritImpactDistanceZ": -2,
		"CritImpactDecayRate": 0.7,
		"AddDmg": 0,
		"StaggerDmgModifier": 0,
		"StaggerResistModifier": 0,
		"TargetCameraShakeID": "Large",
		"BlockTargetCameraShakeID": "Large",
		"CritTargetCameraShakeID": "Large",
		"ImpactRating": 4,
		"BlockStaminaDmgMod": 0,
		"BlockAbsorptionModifier": 0,
		"StunBreakoutIncrement": 0,
		"UseAttackerPosForReaction": true
	},
	{
		"DamageID": "Attack_Force_Grab_Attach",
		"WeaponCategory": "CorruptedMagic",
		"IgnoreInvulnerable": 0,
		"NoReaction": 1,
		"SurfaceImpactEffect": "Bullet",
		"AttackType": "Magic",
		"DamageType": "Corruption",
		"StatusEffect": ["AI_Thorpe_Force_Grab_Tracker"],
		"EffectOnlyOnDamage": false,
		"DeflectDamageID": "Deflect_Default",
		"CanCrit": false,
		"DmgCoef": 0,
		"DmgCoefHead": 1,
		"PowerLevel": 0,
		"BlockPowerLevel": 0,
		"CritPowerLevel": 0,
		"HitStun": 0,
		"BlockHitStun": 0,
		"CritHitStun": 0,
		"ImpactDistanceX": 0,
		"ImpactDistanceY": 0,
		"ImpactDistanceZ": 0,
		"ImpactDecayRate": 0,
		"BlockImpactDistanceX": 0,
		"BlockImpactDistanceY": 0,
		"BlockImpactDistanceZ": 0,
		"BlockImpactDecayRate": 0,
		"CritImpactDistanceX": 0,
		"CritImpactDistanceY": 0,
		"CritImpactDistanceZ": 0,
		"CritImpactDecayRate": 0,
		"AddDmg": 0,
		"StaggerDmgModifier": 0,
		"StaggerResistModifier": 0,
		"TargetCameraShakeID": "Small",
		"BlockTargetCameraShakeID": "Small",
		"CritTargetCameraShakeID": "Small",
		"ImpactRating": 0,
		"BlockStaminaDmgMod": 0,
		"BlockAbsorptionModifier": 0,
		"StunBreakoutIncrement": 0,
		"UseAttackerPosForReaction": false
	},
	{
		"DamageID": "Attack_Darkness_Calls",
		"WeaponCategory": "CorruptedMagic",
		"IgnoreInvulnerable": 0,
		"NoReaction": 0,
		"SurfaceImpactEffect": "Bullet",
		"AttackType": "Magic",
		"DamageType": "Corruption",
		"EffectOnlyOnDamage": false,
		"DeflectDamageID": "Deflect_Default",
		"CanCrit": false,
		"DmgCoef": 0.25,
		"DmgCoefHead": 1,
		"PowerLevel": 2,
		"BlockPowerLevel": 2,
		"CritPowerLevel": 2,
		"HitStun": 27,
		"BlockHitStun": 21,
		"CritHitStun": 27,
		"ImpactDistanceX": 0,
		"ImpactDistanceY": -2,
		"ImpactDistanceZ": 0,
		"ImpactDecayRate": 0.7,
		"BlockImpactDistanceX": 0,
		"BlockImpactDistanceY": -1.7,
		"BlockImpactDistanceZ": 0,
		"BlockImpactDecayRate": 0.7,
		"CritImpactDistanceX": 0,
		"CritImpactDistanceY": -2,
		"CritImpactDistanceZ": 0,
		"CritImpactDecayRate": 0.7,
		"AddDmg": 0,
		"StaggerDmgModifier": 0,
		"StaggerResistModifier": 0,
		"TargetCameraShakeID": "Large",
		"BlockTargetCameraShakeID": "Large",
		"CritTargetCameraShakeID": "Large",
		"ImpactRating": 3,
		"BlockStaminaDmgMod": 0.6,
		"BlockAbsorptionModifier": 0,
		"StunBreakoutIncrement": 0,
		"UseAttackerPosForReaction": false
	},
	{
		"DamageID": "Attack_Darkness_Calls_Affliction",
		"WeaponCategory": "CorruptedMagic",
		"IgnoreInvulnerable": 0,
		"NoReaction": 1,
		"SurfaceImpactEffect": "Bullet",
		"AttackType": "Magic",
		"DamageType": "Corruption",
		"StatusEffect": ["AI_Thorpe_Darkness_Calls_Corruption"],
		"EffectOnlyOnDamage": false,
		"DeflectDamageID": "Deflect_Default",
		"CanCrit": false,
		"DmgCoef": 0,
		"DmgCoefHead": 1,
		"PowerLevel": 0,
		"BlockPowerLevel": 0,
		"CritPowerLevel": 0,
		"HitStun": 0,
		"BlockHitStun": 0,
		"CritHitStun": 0,
		"ImpactDistanceX": 0,
		"ImpactDistanceY": 0,
		"ImpactDistanceZ": 0,
		"ImpactDecayRate": 0,
		"BlockImpactDistanceX": 0,
		"BlockImpactDistanceY": 0,
		"BlockImpactDistanceZ": 0,
		"BlockImpactDecayRate": 0,
		"CritImpactDistanceX": 0,
		"CritImpactDistanceY": 0,
		"CritImpactDistanceZ": 0,
		"CritImpactDecayRate": 0,
		"AddDmg": 0,
		"StaggerDmgModifier": 0,
		"StaggerResistModifier": 0,
		"TargetCameraShakeID": "Small",
		"BlockTargetCameraShakeID": "Small",
		"CritTargetCameraShakeID": "Small",
		"ImpactRating": 0,
		"BlockStaminaDmgMod": 0,
		"BlockAbsorptionModifier": 0,
		"StunBreakoutIncrement": 0,
		"UseAttackerPosForReaction": false
	},
	{
		"DamageID": "Attack_Flame_Wall",
		"WeaponCategory": "Fire",
		"IgnoreInvulnerable": 0,
		"NoReaction": 1,
		"SurfaceImpactEffect": "Bullet",
		"AttackType": "Magic",
		"DamageType": "Fire",
		"EffectOnlyOnDamage": false,
		"DeflectDamageID": "Deflect_Default",
		"CanCrit": false,
		"DmgCoef": 0.3,
		"DmgCoefHead": 1,
		"PowerLevel": 0,
		"BlockPowerLevel": 0,
		"CritPowerLevel": 0,
		"HitStun": 0,
		"BlockHitStun": 0,
		"CritHitStun": 0,
		"ImpactDistanceX": 0,
		"ImpactDistanceY": 0,
		"ImpactDistanceZ": 0,
		"ImpactDecayRate": 0,
		"BlockImpactDistanceX": 0,
		"BlockImpactDistanceY": 0,
		"BlockImpactDistanceZ": 0,
		"BlockImpactDecayRate": 0,
		"CritImpactDistanceX": 0,
		"CritImpactDistanceY": 0,
		"CritImpactDistanceZ": 0,
		"CritImpactDecayRate": 0,
		"AddDmg": 0,
		"StaggerDmgModifier": 0,
		"StaggerResistModifier": 0,
		"TargetCameraShakeID": "Small",
		"BlockTargetCameraShakeID": "Small",
		"CritTargetCameraShakeID": "Small",
		"ImpactRating": 0,
		"BlockStaminaDmgMod": 0,
		"BlockAbsorptionModifier": 0,
		"StunBreakoutIncrement": 0,
		"UseAttackerPosForReaction": false
	},
	{
		"DamageID": "Attack_Core_Explosion",
		"WeaponCategory": "CorruptedMagic",
		"IgnoreInvulnerable": 0,
		"NoReaction": 0,
		"SurfaceImpactEffect": "Bullet",
		"AttackType": "Magic",
		"DamageType": "Corruption",
		"EffectOnlyOnDamage": false,
		"DeflectDamageID": "Deflect_Default",
		"CanCrit": false,
		"DmgCoef": 0.25,
		"DmgCoefHead": 1,
		"PowerLevel": 4,
		"BlockPowerLevel": 4,
		"CritPowerLevel": 4,
		"HitStun": 40,
		"BlockHitStun": 48,
		"CritHitStun": 40,
		"ImpactDistanceX": 0,
		"ImpactDistanceY": 6.5,
		"ImpactDistanceZ": 0,
		"ImpactDecayRate": 0.75,
		"BlockImpactDistanceX": 0,
		"BlockImpactDistanceY": 5,
		"BlockImpactDistanceZ": 0,
		"BlockImpactDecayRate": 0.75,
		"CritImpactDistanceX": 0,
		"CritImpactDistanceY": 6.5,
		"CritImpactDistanceZ": 0,
		"CritImpactDecayRate": 0.75,
		"AddDmg": 0,
		"StaggerDmgModifier": 0,
		"StaggerResistModifier": 0,
		"TargetCameraShakeID": "Large",
		"BlockTargetCameraShakeID": "Large",
		"CritTargetCameraShakeID": "Large",
		"ImpactRating": 3,
		"BlockStaminaDmgMod": 1.65,
		"BlockAbsorptionModifier": 0,
		"StunBreakoutIncrement": 0,
		"UseAttackerPosForReaction": false
	},
	{
		"DamageID": "Attack_Core_Stab",
		"WeaponCategory": "Sword+Fire",
		"IgnoreInvulnerable": 0,
		"NoReaction": 0,
		"SurfaceImpactEffect": "Bullet",
		"AttackType": "Heavy",
		"DamageType": "Thrust",
		"EffectOnlyOnDamage": false,
		"DeflectDamageID": "Deflect_Default",
		"CanCrit": false,
		"DmgCoef": 0.25,
		"DmgCoefHead": 1,
		"PowerLevel": 5,
		"BlockPowerLevel": 5,
		"CritPowerLevel": 5,
		"HitStun": 40,
		"BlockHitStun": 48,
		"CritHitStun": 40,
		"ImpactDistanceX": 0,
		"ImpactDistanceY": 0.3,
		"ImpactDistanceZ": 0,
		"ImpactDecayRate": 0.75,
		"BlockImpactDistanceX": 0,
		"BlockImpactDistanceY": 0.6,
		"BlockImpactDistanceZ": 0,
		"BlockImpactDecayRate": 0.75,
		"CritImpactDistanceX": 0,
		"CritImpactDistanceY": 0.3,
		"CritImpactDistanceZ": 0,
		"CritImpactDecayRate": 0.75,
		"AddDmg": 0,
		"StaggerDmgModifier": 0,
		"StaggerResistModifier": 0,
		"TargetCameraShakeID": "Large",
		"BlockTargetCameraShakeID": "Large",
		"CritTargetCameraShakeID": "Large",
		"ImpactRating": 3,
		"BlockStaminaDmgMod": 0.65,
		"BlockAbsorptionModifier": 0,
		"StunBreakoutIncrement": 0,
		"UseAttackerPosForReaction": false
	},
	{
		"DamageID": "Attack_Hunger_Of_The_Void",
		"WeaponCategory": "CorruptedMagic",
		"IgnoreInvulnerable": 0,
		"NoReaction": 1,
		"SurfaceImpactEffect": "Bullet",
		"AttackType": "Magic",
		"DamageType": "Corruption",
		"EffectOnlyOnDamage": false,
		"DeflectDamageID": "Deflect_Default",
		"CanCrit": false,
		"DmgCoef": 0.75,
		"DmgCoefHead": 1,
		"PowerLevel": 0,
		"BlockPowerLevel": 0,
		"CritPowerLevel": 0,
		"HitStun": 0,
		"BlockHitStun": 0,
		"CritHitStun": 0,
		"ImpactDistanceX": 0,
		"ImpactDistanceY": 0,
		"ImpactDistanceZ": 0,
		"ImpactDecayRate": 0.8,
		"BlockImpactDistanceX": 0,
		"BlockImpactDistanceY": 0,
		"BlockImpactDistanceZ": 0,
		"BlockImpactDecayRate": 0.8,
		"CritImpactDistanceX": 0,
		"CritImpactDistanceY": 0,
		"CritImpactDistanceZ": 0,
		"CritImpactDecayRate": 0.8,
		"AddDmg": 0,
		"StaggerDmgModifier": 0,
		"StaggerResistModifier": 0,
		"TargetCameraShakeID": "Small",
		"BlockTargetCameraShakeID": "Small",
		"CritTargetCameraShakeID": "Small",
		"ImpactRating": 0,
		"BlockStaminaDmgMod": 0,
		"BlockAbsorptionModifier": 0,
		"StunBreakoutIncrement": 0,
		"UseAttackerPosForReaction": false
	},
	{
		"DamageID": "Intermission",
		"WeaponCategory": "CorruptedMagic",
		"IgnoreInvulnerable": 0,
		"NoReaction": 0,
		"SurfaceImpactEffect": "Bullet",
		"AttackType": "Magic",
		"DamageType": "Corruption",
		"EffectOnlyOnDamage": false,
		"DeflectDamageID": "Deflect_Default",
		"CanCrit": false,
		"DmgCoef": 0,
		"DmgCoefHead": 0,
		"PowerLevel": 4,
		"BlockPowerLevel": 4,
		"CritPowerLevel": 4,
		"HitStun": 40,
		"BlockHitStun": 48,
		"CritHitStun": 40,
		"ImpactDistanceX": 0,
		"ImpactDistanceY": 6.5,
		"ImpactDistanceZ": 0,
		"ImpactDecayRate": 0.75,
		"BlockImpactDistanceX": 0,
		"BlockImpactDistanceY": 5,
		"BlockImpactDistanceZ": 0,
		"BlockImpactDecayRate": 0.75,
		"CritImpactDistanceX": 0,
		"CritImpactDistanceY": 6.5,
		"CritImpactDistanceZ": 0,
		"CritImpactDecayRate": 0.75,
		"AddDmg": 0,
		"StaggerDmgModifier": 0,
		"StaggerResistModifier": 0,
		"TargetCameraShakeID": "Large",
		"BlockTargetCameraShakeID": "Large",
		"CritTargetCameraShakeID": "Large",
		"ImpactRating": 3,
		"BlockStaminaDmgMod": 1.65,
		"BlockAbsorptionModifier": 0,
		"StunBreakoutIncrement": 0,
		"UseAttackerPosForReaction": false
	}
]