[
	{
		"FactionControlBuffID": "InfluencePoints_Modifier",
		"IsTerritoryBuff": true,
		"Value": 0.2,
		"Name": "@ui_influencepoints_modifier_name",
		"Description": "@ui_influencepoints_modifier_desc"
	},
	{
		"FactionControlBuffID": "ExperiencePoints_Modifier",
		"IsTerritoryBuff": true,
		"Value": 0.05,
		"Name": "@ui_experiencepoints_modifier_name",
		"Description": "@ui_experiencepoints_modifier_desc"
	},
	{
		"FactionControlBuffID": "Progression_Global_Modifier",
		"IsTerritoryBuff": false,
		"Value": 0.05,
		"Name": "@ui_progression_global_modifier_name",
		"Description": "@ui_progression_global_modifier_desc",
		"Comments": "Percentageincreasetoglobalexperience(combat,tradeskill,mastery,territory)"
	},
	{
		"FactionControlBuffID": "Azoth_FastTravel_GeneralCost_Reduction",
		"IsTerritoryBuff": false,
		"Value": 1,
		"Name": "@ui_azoth_fasttravel_generalcost_reduction_name",
		"Description": "@ui_azoth_fasttravel_generalcost_reduction_desc",
		"Comments": "Implemented as a reduction of the azoth base travel cost used in calculating total cost (set by stack config 'javelin.housing.fast-travel-settlement-cost')"
	},
	{
		"FactionControlBuffID": "Azoth_FastTravel_Weight_Reduction",
		"IsTerritoryBuff": false,
		"Value": 3,
		"Name": "@ui_azoth_fasttravel_weight_reduction_name",
		"Description": "@ui_azoth_fasttravel_weight_reduction_desc",
		"Comments": "Implemented as a reduction of the azoth base travel cost used in calculating total cost (set by stack config 'javelin.housing.fast-travel-settlement-cost')"
	},
	{
		"FactionControlBuffID": "Azoth_FastTravel_Distance_Reduction",
		"IsTerritoryBuff": false,
		"Value": 5,
		"Name": "@ui_azoth_fasttravel_distance_reduction_name",
		"Description": "@ui_azoth_fasttravel_distance_reduction_desc",
		"Comments": "Implementedassubtractingthisvaluefromthebasecost,insteadofsettingitto1"
	},
	{
		"FactionControlBuffID": "Azoth_Crafting_Effectiveness_Modifer",
		"IsTerritoryBuff": false,
		"Value": 0.05,
		"Name": "@ui_azoth_crafting_effectiveness_modifer_name",
		"Description": "@ui_azoth_crafting_effectiveness_modifer_desc",
		"Comments": "These modifiers either increase or decrease based on their usage in code"
	},
	{
		"FactionControlBuffID": "Taxes_Crafting_Modifier",
		"IsTerritoryBuff": false,
		"Value": 0.05,
		"Name": "@ui_taxes_crafting_modifier_name",
		"Description": "@ui_taxes_crafting_modifier_desc"
	},
	{
		"FactionControlBuffID": "Taxes_Refining_Modifier",
		"IsTerritoryBuff": false,
		"Value": 0.05,
		"Name": "@ui_taxes_refining_modifier_name",
		"Description": "@ui_taxes_refining_modifier_desc"
	},
	{
		"FactionControlBuffID": "Taxes_Trading_Modifier",
		"IsTerritoryBuff": false,
		"Value": 0.05,
		"Name": "@ui_taxes_trading_modifier_name",
		"Description": "@ui_taxes_trading_modifier_desc"
	},
	{
		"FactionControlBuffID": "Taxes_Housing_Modifier",
		"IsTerritoryBuff": false,
		"Value": 0.05,
		"Name": "@ui_taxes_housing_modifier_name",
		"Description": "@ui_taxes_housing_modifier_desc"
	},
	{
		"FactionControlBuffID": "Taxes_Global_Modifier",
		"IsTerritoryBuff": false,
		"Value": 0.1,
		"Name": "@ui_taxes_global_modifier_name",
		"Description": "@ui_taxes_global_modifier_desc",
		"Comments": "Percentage decrease to global taxes for members of that faction."
	},
	{
		"FactionControlBuffID": "Rewards_FactionMission_Modifier",
		"IsTerritoryBuff": false,
		"Value": 0.05,
		"Name": "@ui_rewards_factionmission_modifier_name",
		"Description": "@ui_rewards_factionmission_modifier_desc"
	},
	{
		"FactionControlBuffID": "Rewards_DarknessEvent_Modifier",
		"IsTerritoryBuff": false,
		"Value": 0.05,
		"Name": "@ui_rewards_darknessevent_modifier_name",
		"Description": "@ui_rewards_darknessevent_modifier_desc"
	},
	{
		"FactionControlBuffID": "Rewards_Expedition_Modifier",
		"IsTerritoryBuff": false,
		"Value": 0.05,
		"Name": "@ui_rewards_expedition_modifier_name",
		"Description": "@ui_rewards_expedition_modifier_desc"
	},
	{
		"FactionControlBuffID": "Gathering_Speed_Modifier",
		"IsTerritoryBuff": false,
		"Value": 0.05,
		"Name": "@ui_gathering_speed_modifier_name",
		"Description": "@ui_gathering_speed_modifier_desc"
	},
	{
		"FactionControlBuffID": "Gathering_Volume_Modifier",
		"IsTerritoryBuff": false,
		"Value": 0.1,
		"Name": "@ui_gathering_volume_modifier_name",
		"Description": "@ui_gathering_volume_modifier_desc"
	},
	{
		"FactionControlBuffID": "Gathering_Luck_Roll_Bonus",
		"IsTerritoryBuff": false,
		"Value": 1000,
		"Name": "@ui_gathering_luck_roll_bonus_name",
		"Description": "@ui_gathering_luck_roll_bonus_desc",
		"Comments": "Percentage bonus to gathering luck"
	},
	{
		"FactionControlBuffID": "Crafting_Refining_Yield_Modifier",
		"IsTerritoryBuff": false,
		"Value": 0.1,
		"Name": "@ui_crafting_refining_yield_modifier_name",
		"Description": "@ui_crafting_refining_yield_modifier_desc",
		"Comments": "Percentage bonus to global refining yield"
	},
	{
		"FactionControlBuffID": "Crafting_Max_GS_Bonus",
		"IsTerritoryBuff": false,
		"Value": 5,
		"Name": "@ui_crafting_max_gs_bonus_name",
		"Description": "@ui_crafting_max_gs_bonus_desc",
		"Comments": "GSbonusforcraftingrolls(ceiling,notfloor.)"
	},
	{
		"FactionControlBuffID": "Azoth_Salt_Yield_Modifier",
		"IsTerritoryBuff": false,
		"Value": 0.1,
		"Name": "@ui_azoth_salt_yield_modifier_name",
		"Description": "@ui_azoth_salt_yield_modifier_desc",
		"Comments": "Percentage increase to yield from Azoth Salt gains"
	},
	{
		"FactionControlBuffID": "Pvp_Track_Exp_Modifier",
		"IsTerritoryBuff": false,
		"Value": 0.1,
		"Name": "@ui_pvp_track_exp_modifier_name",
		"Description": "@ui_pvp_track_exp_modifier_desc",
		"Comments": "Percentage increase to experience gained in PvP Rewards track"
	},
	{
		"FactionControlBuffID": "Chance_Consumable_Not_Used",
		"IsTerritoryBuff": false,
		"Value": 0.1,
		"Name": "@ui_chance_consumable_not_used_name",
		"Description": "@ui_chance_consumable_not_used_desc",
		"Comments": "Percentage chance to not consume a consumable on use."
	},
	{
		"FactionControlBuffID": "Road_Movement_Speed_Bonus",
		"IsTerritoryBuff": false,
		"Value": 0,
		"Comments": "Notapprovedforuse,considerremovingifwillnotbereworked"
	},
	{
		"FactionControlBuffID": "Faction_Store_Discount_Modifier",
		"IsTerritoryBuff": false,
		"Value": 0.05,
		"Name": "@ui_faction_store_discount_modifier_name",
		"Description": "@ui_faction_store_discount_modifier_desc",
		"Comments": "Percentage decrease to costs for objects in the faction store"
	},
	{
		"FactionControlBuffID": "Free_Camping",
		"IsTerritoryBuff": false,
		"Value": 1,
		"Name": "@ui_free_camping_name",
		"Description": "@ui_free_camping_desc",
		"Comments": "Enables free camping (no resource requirement)"
	}
]