[
	{
		"ProgressionPoolId": "TEMP_Crafting_Specialization_Blacksmithing",
		"Category": "Player",
		"PointCap": 20,
		"VersionNumber": 0
	},
	{
		"ProgressionPoolId": "TEMP_Crafting_Specialization_Alchemy",
		"Category": "Player",
		"PointCap": 20,
		"VersionNumber": 0
	},
	{
		"ProgressionPoolId": "TEMP_Crafting_Specialization_Outfitting",
		"Category": "Player",
		"PointCap": 20,
		"VersionNumber": 0
	},
	{
		"ProgressionPoolId": "TEMP_Crafting_Specialization_Cooking",
		"Category": "Player",
		"PointCap": 20,
		"VersionNumber": 0
	},
	{
		"ProgressionPoolId": "HatchetAbilityTable",
		"Category": "Player",
		"PointCap": 20,
		"VersionNumber": 5
	},
	{
		"ProgressionPoolId": "SwordAbilityTable",
		"Category": "Player",
		"PointCap": 20,
		"VersionNumber": 5
	},
	{
		"ProgressionPoolId": "BowAbilityTable",
		"Category": "Player",
		"PointCap": 20,
		"VersionNumber": 6
	},
	{
		"ProgressionPoolId": "SpearAbilityTable",
		"Category": "Player",
		"PointCap": 20,
		"VersionNumber": 3
	},
	{
		"ProgressionPoolId": "GreatAxeAbilityTable",
		"Category": "Player",
		"PointCap": 20,
		"VersionNumber": 4
	},
	{
		"ProgressionPoolId": "WarHammerAbilityTable",
		"Category": "Player",
		"PointCap": 20,
		"VersionNumber": 4
	},
	{
		"ProgressionPoolId": "MusketAbilityTable",
		"Category": "Player",
		"PointCap": 20,
		"VersionNumber": 4
	},
	{
		"ProgressionPoolId": "LifeMagicAbilityTable",
		"Category": "Player",
		"PointCap": 20,
		"VersionNumber": 5
	},
	{
		"ProgressionPoolId": "FireMagicAbilityTable",
		"Category": "Player",
		"PointCap": 20,
		"VersionNumber": 6
	},
	{
		"ProgressionPoolId": "RapierAbilityTable",
		"Category": "Player",
		"PointCap": 20,
		"VersionNumber": 4
	},
	{
		"ProgressionPoolId": "IceMagicAbilityTable",
		"Category": "Player",
		"PointCap": 20,
		"VersionNumber": 2
	},
	{
		"ProgressionPoolId": "VoidGauntletAbilityTable",
		"Category": "Player",
		"PointCap": 20,
		"VersionNumber": 0
	},
	{
		"ProgressionPoolId": "BlunderbussAbilityTable",
		"Category": "Player",
		"PointCap": 20,
		"VersionNumber": 1
	},
	{
		"ProgressionPoolId": "GreatSwordAbilityTable",
		"Category": "Player",
		"PointCap": 20,
		"VersionNumber": 1
	},
	{
		"ProgressionPoolId": "FlailAbilityTable",
		"Category": "Player",
		"PointCap": 20,
		"VersionNumber": 0
	},
	{
		"ProgressionPoolId": "TerritoryRankBonus_2",
		"Category": "Territory",
		"PointCap": 300,
		"VersionNumber": 0
	},
	{
		"ProgressionPoolId": "TerritoryRankBonus_4",
		"Category": "Territory",
		"PointCap": 300,
		"VersionNumber": 0
	},
	{
		"ProgressionPoolId": "TerritoryRankBonus_5",
		"Category": "Territory",
		"PointCap": 300,
		"VersionNumber": 0
	},
	{
		"ProgressionPoolId": "TerritoryRankBonus_6",
		"Category": "Territory",
		"PointCap": 300,
		"VersionNumber": 0
	},
	{
		"ProgressionPoolId": "TerritoryRankBonus_8",
		"Category": "Territory",
		"PointCap": 300,
		"VersionNumber": 0
	},
	{
		"ProgressionPoolId": "TerritoryRankBonus_9",
		"Category": "Territory",
		"PointCap": 300,
		"VersionNumber": 0
	},
	{
		"ProgressionPoolId": "TerritoryRankBonus_10",
		"Category": "Territory",
		"PointCap": 300,
		"VersionNumber": 0
	},
	{
		"ProgressionPoolId": "TerritoryRankBonus_11",
		"Category": "Territory",
		"PointCap": 300,
		"VersionNumber": 0
	},
	{
		"ProgressionPoolId": "TerritoryRankBonus_12",
		"Category": "Territory",
		"PointCap": 300,
		"VersionNumber": 0
	},
	{
		"ProgressionPoolId": "TerritoryRankBonus_13",
		"Category": "Territory",
		"PointCap": 300,
		"VersionNumber": 0
	},
	{
		"ProgressionPoolId": "TerritoryRankBonus_14",
		"Category": "Territory",
		"PointCap": 300,
		"VersionNumber": 0
	},
	{
		"ProgressionPoolId": "TerritoryRankBonus_15",
		"Category": "Territory",
		"PointCap": 300,
		"VersionNumber": 0
	},
	{
		"ProgressionPoolId": "TerritoryRankBonus_16",
		"Category": "Territory",
		"PointCap": 300,
		"VersionNumber": 0
	},
	{
		"ProgressionPoolId": "TerritoryRankBonus_74",
		"Category": "Territory",
		"PointCap": 300,
		"VersionNumber": 0
	},
	{
		"ProgressionPoolId": "TerritoryRankBonus_75",
		"Category": "Territory",
		"PointCap": 300,
		"VersionNumber": 0
	}
]