[
	{
		"CategoricalProgressionId": "Syndicate",
		"DisplayName": "@ui_faction_name1",
		"MaxLevel": 4,
		"Expansion01MaxLevel": 5,
		"Expansion02MaxLevel": 0,
		"ProgressionType": "FactionReputation",
		"ProgressionCurrencyId": "SyndicateTokens",
		"AutoRankUp": false,
		"InfiniteLevels": false,
		"RepeatMaxLevel": false,
		"AllowOverflow": false,
		"RankTableId": "MerchantGuild",
		"ShowAsObjectiveReward": true,
		"IconPath": "lyshineui/images/icons/objectives/reward_factionreputation1.webp",
		"UsesGlobalProgressionMod": true
	},
	{
		"CategoricalProgressionId": "Marauder",
		"DisplayName": "@ui_faction_name2",
		"MaxLevel": 4,
		"Expansion01MaxLevel": 5,
		"Expansion02MaxLevel": 0,
		"ProgressionType": "FactionReputation",
		"ProgressionCurrencyId": "MarauderTokens",
		"AutoRankUp": false,
		"InfiniteLevels": false,
		"RepeatMaxLevel": false,
		"AllowOverflow": false,
		"RankTableId": "ProcurerGuild",
		"ShowAsObjectiveReward": true,
		"IconPath": "lyshineui/images/icons/objectives/reward_factionreputation2.webp",
		"UsesGlobalProgressionMod": true
	},
	{
		"CategoricalProgressionId": "Covenant",
		"DisplayName": "@ui_faction_name3",
		"MaxLevel": 4,
		"Expansion01MaxLevel": 5,
		"Expansion02MaxLevel": 0,
		"ProgressionType": "FactionReputation",
		"ProgressionCurrencyId": "CovenantTokens",
		"AutoRankUp": false,
		"InfiniteLevels": false,
		"RepeatMaxLevel": false,
		"AllowOverflow": false,
		"RankTableId": "ExplorerGuild",
		"ShowAsObjectiveReward": true,
		"IconPath": "lyshineui/images/icons/objectives/reward_factionreputation3.webp",
		"UsesGlobalProgressionMod": true
	},
	{
		"CategoricalProgressionId": "Repair_T1",
		"DisplayName": "@ui_repairparts",
		"MaxLevel": 0,
		"Expansion01MaxLevel": 0,
		"Expansion02MaxLevel": 0,
		"AutoRankUp": false,
		"InfiniteLevels": false,
		"RepeatMaxLevel": false,
		"AllowOverflow": false,
		"RankTableId": "Repair_T1",
		"ShowAsObjectiveReward": false,
		"IconPath": "lyshineui/images/icons/items/resource/repairpartst1.webp",
		"UsesGlobalProgressionMod": false
	},
	{
		"CategoricalProgressionId": "2",
		"DisplayName": "@Brightwood",
		"MaxLevel": 300,
		"Expansion01MaxLevel": 0,
		"Expansion02MaxLevel": 0,
		"AutoRankUp": true,
		"InfiniteLevels": false,
		"RepeatMaxLevel": false,
		"AllowOverflow": false,
		"RankTableId": "Territory_Standing",
		"ProgressionPointPool": "TerritoryRankBonus_2",
		"ShowAsObjectiveReward": false,
		"UsesGlobalProgressionMod": true
	},
	{
		"CategoricalProgressionId": "4",
		"DisplayName": "@Everfall",
		"MaxLevel": 300,
		"Expansion01MaxLevel": 0,
		"Expansion02MaxLevel": 0,
		"AutoRankUp": true,
		"InfiniteLevels": false,
		"RepeatMaxLevel": false,
		"AllowOverflow": false,
		"RankTableId": "Territory_Standing",
		"ProgressionPointPool": "TerritoryRankBonus_4",
		"ShowAsObjectiveReward": false,
		"UsesGlobalProgressionMod": true
	},
	{
		"CategoricalProgressionId": "5",
		"DisplayName": "@Reekwater",
		"MaxLevel": 300,
		"Expansion01MaxLevel": 0,
		"Expansion02MaxLevel": 0,
		"AutoRankUp": true,
		"InfiniteLevels": false,
		"RepeatMaxLevel": false,
		"AllowOverflow": false,
		"RankTableId": "Territory_Standing",
		"ProgressionPointPool": "TerritoryRankBonus_5",
		"ShowAsObjectiveReward": false,
		"UsesGlobalProgressionMod": true
	},
	{
		"CategoricalProgressionId": "6",
		"DisplayName": "@Windsward",
		"MaxLevel": 300,
		"Expansion01MaxLevel": 0,
		"Expansion02MaxLevel": 0,
		"AutoRankUp": true,
		"InfiniteLevels": false,
		"RepeatMaxLevel": false,
		"AllowOverflow": false,
		"RankTableId": "Territory_Standing",
		"ProgressionPointPool": "TerritoryRankBonus_6",
		"ShowAsObjectiveReward": false,
		"UsesGlobalProgressionMod": true
	},
	{
		"CategoricalProgressionId": "8",
		"DisplayName": "@Queensport",
		"MaxLevel": 300,
		"Expansion01MaxLevel": 0,
		"Expansion02MaxLevel": 0,
		"AutoRankUp": true,
		"InfiniteLevels": false,
		"RepeatMaxLevel": false,
		"AllowOverflow": false,
		"RankTableId": "Territory_Standing",
		"ProgressionPointPool": "TerritoryRankBonus_8",
		"ShowAsObjectiveReward": false,
		"UsesGlobalProgressionMod": true
	},
	{
		"CategoricalProgressionId": "9",
		"DisplayName": "@FirstLight",
		"MaxLevel": 0,
		"Expansion01MaxLevel": 0,
		"Expansion02MaxLevel": 0,
		"AutoRankUp": false,
		"InfiniteLevels": false,
		"RepeatMaxLevel": false,
		"AllowOverflow": false,
		"ShowAsObjectiveReward": false,
		"UsesGlobalProgressionMod": true
	},
	{
		"CategoricalProgressionId": "10",
		"DisplayName": "@CutlassKeys",
		"MaxLevel": 300,
		"Expansion01MaxLevel": 0,
		"Expansion02MaxLevel": 0,
		"AutoRankUp": true,
		"InfiniteLevels": false,
		"RepeatMaxLevel": false,
		"AllowOverflow": false,
		"RankTableId": "Territory_Standing",
		"ProgressionPointPool": "TerritoryRankBonus_10",
		"ShowAsObjectiveReward": false,
		"UsesGlobalProgressionMod": true
	},
	{
		"CategoricalProgressionId": "11",
		"DisplayName": "@Mourningdale",
		"MaxLevel": 300,
		"Expansion01MaxLevel": 0,
		"Expansion02MaxLevel": 0,
		"AutoRankUp": true,
		"InfiniteLevels": false,
		"RepeatMaxLevel": false,
		"AllowOverflow": false,
		"RankTableId": "Territory_Standing",
		"ProgressionPointPool": "TerritoryRankBonus_11",
		"ShowAsObjectiveReward": false,
		"UsesGlobalProgressionMod": true
	},
	{
		"CategoricalProgressionId": "12",
		"DisplayName": "@MonarchsBluffs",
		"MaxLevel": 300,
		"Expansion01MaxLevel": 0,
		"Expansion02MaxLevel": 0,
		"AutoRankUp": true,
		"InfiniteLevels": false,
		"RepeatMaxLevel": false,
		"AllowOverflow": false,
		"RankTableId": "Territory_Standing",
		"ProgressionPointPool": "TerritoryRankBonus_12",
		"ShowAsObjectiveReward": false,
		"UsesGlobalProgressionMod": true
	},
	{
		"CategoricalProgressionId": "13",
		"DisplayName": "@WeaversFen",
		"MaxLevel": 300,
		"Expansion01MaxLevel": 0,
		"Expansion02MaxLevel": 0,
		"AutoRankUp": true,
		"InfiniteLevels": false,
		"RepeatMaxLevel": false,
		"AllowOverflow": false,
		"RankTableId": "Territory_Standing",
		"ProgressionPointPool": "TerritoryRankBonus_13",
		"ShowAsObjectiveReward": false,
		"UsesGlobalProgressionMod": true
	},
	{
		"CategoricalProgressionId": "14",
		"DisplayName": "@Edengrove",
		"MaxLevel": 300,
		"Expansion01MaxLevel": 0,
		"Expansion02MaxLevel": 0,
		"AutoRankUp": true,
		"InfiniteLevels": false,
		"RepeatMaxLevel": false,
		"AllowOverflow": false,
		"RankTableId": "Territory_Standing",
		"ProgressionPointPool": "TerritoryRankBonus_14",
		"ShowAsObjectiveReward": false,
		"UsesGlobalProgressionMod": true
	},
	{
		"CategoricalProgressionId": "15",
		"DisplayName": "@RestlessShore",
		"MaxLevel": 300,
		"Expansion01MaxLevel": 0,
		"Expansion02MaxLevel": 0,
		"AutoRankUp": true,
		"InfiniteLevels": false,
		"RepeatMaxLevel": false,
		"AllowOverflow": false,
		"RankTableId": "Territory_Standing",
		"ProgressionPointPool": "TerritoryRankBonus_15",
		"ShowAsObjectiveReward": false,
		"UsesGlobalProgressionMod": true
	},
	{
		"CategoricalProgressionId": "16",
		"DisplayName": "@BrimstoneSands",
		"MaxLevel": 300,
		"Expansion01MaxLevel": 0,
		"Expansion02MaxLevel": 0,
		"AutoRankUp": true,
		"InfiniteLevels": false,
		"RepeatMaxLevel": false,
		"AllowOverflow": false,
		"RankTableId": "Territory_Standing",
		"ProgressionPointPool": "TerritoryRankBonus_16",
		"ShowAsObjectiveReward": false,
		"UsesGlobalProgressionMod": true
	},
	{
		"CategoricalProgressionId": "Territory2_HouseBonusType0",
		"MaxLevel": 0,
		"Expansion01MaxLevel": 0,
		"Expansion02MaxLevel": 0,
		"AutoRankUp": false,
		"InfiniteLevels": false,
		"RepeatMaxLevel": false,
		"AllowOverflow": false,
		"RankTableId": "HouseBonus",
		"ShowAsObjectiveReward": false,
		"UsesGlobalProgressionMod": false
	},
	{
		"CategoricalProgressionId": "Territory4_HouseBonusType0",
		"MaxLevel": 0,
		"Expansion01MaxLevel": 0,
		"Expansion02MaxLevel": 0,
		"AutoRankUp": false,
		"InfiniteLevels": false,
		"RepeatMaxLevel": false,
		"AllowOverflow": false,
		"RankTableId": "HouseBonus",
		"ShowAsObjectiveReward": false,
		"UsesGlobalProgressionMod": false
	},
	{
		"CategoricalProgressionId": "Territory5_HouseBonusType0",
		"MaxLevel": 0,
		"Expansion01MaxLevel": 0,
		"Expansion02MaxLevel": 0,
		"AutoRankUp": false,
		"InfiniteLevels": false,
		"RepeatMaxLevel": false,
		"AllowOverflow": false,
		"RankTableId": "HouseBonus",
		"ShowAsObjectiveReward": false,
		"UsesGlobalProgressionMod": false
	},
	{
		"CategoricalProgressionId": "Territory6_HouseBonusType0",
		"MaxLevel": 0,
		"Expansion01MaxLevel": 0,
		"Expansion02MaxLevel": 0,
		"AutoRankUp": false,
		"InfiniteLevels": false,
		"RepeatMaxLevel": false,
		"AllowOverflow": false,
		"RankTableId": "HouseBonus",
		"ShowAsObjectiveReward": false,
		"UsesGlobalProgressionMod": false
	},
	{
		"CategoricalProgressionId": "Territory8_HouseBonusType0",
		"MaxLevel": 0,
		"Expansion01MaxLevel": 0,
		"Expansion02MaxLevel": 0,
		"AutoRankUp": false,
		"InfiniteLevels": false,
		"RepeatMaxLevel": false,
		"AllowOverflow": false,
		"RankTableId": "HouseBonus",
		"ShowAsObjectiveReward": false,
		"UsesGlobalProgressionMod": false
	},
	{
		"CategoricalProgressionId": "Territory9_HouseBonusType0",
		"MaxLevel": 0,
		"Expansion01MaxLevel": 0,
		"Expansion02MaxLevel": 0,
		"AutoRankUp": false,
		"InfiniteLevels": false,
		"RepeatMaxLevel": false,
		"AllowOverflow": false,
		"RankTableId": "HouseBonus",
		"ShowAsObjectiveReward": false,
		"UsesGlobalProgressionMod": false
	},
	{
		"CategoricalProgressionId": "Territory10_HouseBonusType0",
		"MaxLevel": 0,
		"Expansion01MaxLevel": 0,
		"Expansion02MaxLevel": 0,
		"AutoRankUp": false,
		"InfiniteLevels": false,
		"RepeatMaxLevel": false,
		"AllowOverflow": false,
		"RankTableId": "HouseBonus",
		"ShowAsObjectiveReward": false,
		"UsesGlobalProgressionMod": false
	},
	{
		"CategoricalProgressionId": "Territory11_HouseBonusType0",
		"MaxLevel": 0,
		"Expansion01MaxLevel": 0,
		"Expansion02MaxLevel": 0,
		"AutoRankUp": false,
		"InfiniteLevels": false,
		"RepeatMaxLevel": false,
		"AllowOverflow": false,
		"RankTableId": "HouseBonus",
		"ShowAsObjectiveReward": false,
		"UsesGlobalProgressionMod": false
	},
	{
		"CategoricalProgressionId": "Territory12_HouseBonusType0",
		"MaxLevel": 0,
		"Expansion01MaxLevel": 0,
		"Expansion02MaxLevel": 0,
		"AutoRankUp": false,
		"InfiniteLevels": false,
		"RepeatMaxLevel": false,
		"AllowOverflow": false,
		"RankTableId": "HouseBonus",
		"ShowAsObjectiveReward": false,
		"UsesGlobalProgressionMod": false
	},
	{
		"CategoricalProgressionId": "Territory13_HouseBonusType0",
		"MaxLevel": 0,
		"Expansion01MaxLevel": 0,
		"Expansion02MaxLevel": 0,
		"AutoRankUp": false,
		"InfiniteLevels": false,
		"RepeatMaxLevel": false,
		"AllowOverflow": false,
		"RankTableId": "HouseBonus",
		"ShowAsObjectiveReward": false,
		"UsesGlobalProgressionMod": false
	},
	{
		"CategoricalProgressionId": "Territory14_HouseBonusType0",
		"MaxLevel": 0,
		"Expansion01MaxLevel": 0,
		"Expansion02MaxLevel": 0,
		"AutoRankUp": false,
		"InfiniteLevels": false,
		"RepeatMaxLevel": false,
		"AllowOverflow": false,
		"RankTableId": "HouseBonus",
		"ShowAsObjectiveReward": false,
		"UsesGlobalProgressionMod": false
	},
	{
		"CategoricalProgressionId": "Territory15_HouseBonusType0",
		"MaxLevel": 0,
		"Expansion01MaxLevel": 0,
		"Expansion02MaxLevel": 0,
		"AutoRankUp": false,
		"InfiniteLevels": false,
		"RepeatMaxLevel": false,
		"AllowOverflow": false,
		"RankTableId": "HouseBonus",
		"ShowAsObjectiveReward": false,
		"UsesGlobalProgressionMod": false
	},
	{
		"CategoricalProgressionId": "Territory16_HouseBonusType0",
		"MaxLevel": 0,
		"Expansion01MaxLevel": 0,
		"Expansion02MaxLevel": 0,
		"AutoRankUp": false,
		"InfiniteLevels": false,
		"RepeatMaxLevel": false,
		"AllowOverflow": false,
		"RankTableId": "HouseBonus",
		"ShowAsObjectiveReward": false,
		"UsesGlobalProgressionMod": false
	},
	{
		"CategoricalProgressionId": "Battle_Token",
		"DisplayName": "@ui_siege_hud_battle_tokens",
		"MaxLevel": 0,
		"Expansion01MaxLevel": 0,
		"Expansion02MaxLevel": 0,
		"AutoRankUp": false,
		"InfiniteLevels": false,
		"RepeatMaxLevel": false,
		"AllowOverflow": false,
		"RankTableId": "BattleToken",
		"ShowAsObjectiveReward": false,
		"UsesGlobalProgressionMod": false
	},
	{
		"CategoricalProgressionId": "HatchetAbilityTable",
		"DisplayName": "@ui_hatchet_mastery",
		"MaxLevel": 19,
		"Expansion01MaxLevel": 0,
		"Expansion02MaxLevel": 0,
		"AutoRankUp": true,
		"InfiniteLevels": false,
		"RepeatMaxLevel": false,
		"AllowOverflow": false,
		"RankTableId": "WeaponMastery",
		"ProgressionPointPool": "HatchetAbilityTable",
		"ShowAsObjectiveReward": false,
		"UsesGlobalProgressionMod": true
	},
	{
		"CategoricalProgressionId": "SwordAbilityTable",
		"DisplayName": "@ui_straightsword_mastery",
		"MaxLevel": 19,
		"Expansion01MaxLevel": 0,
		"Expansion02MaxLevel": 0,
		"AutoRankUp": true,
		"InfiniteLevels": false,
		"RepeatMaxLevel": false,
		"AllowOverflow": false,
		"RankTableId": "WeaponMastery",
		"ProgressionPointPool": "SwordAbilityTable",
		"ShowAsObjectiveReward": false,
		"UsesGlobalProgressionMod": true
	},
	{
		"CategoricalProgressionId": "WarHammerAbilityTable",
		"DisplayName": "@ui_warhammer_mastery",
		"MaxLevel": 19,
		"Expansion01MaxLevel": 0,
		"Expansion02MaxLevel": 0,
		"AutoRankUp": true,
		"InfiniteLevels": false,
		"RepeatMaxLevel": false,
		"AllowOverflow": false,
		"RankTableId": "WeaponMastery",
		"ProgressionPointPool": "WarHammerAbilityTable",
		"ShowAsObjectiveReward": false,
		"UsesGlobalProgressionMod": true
	},
	{
		"CategoricalProgressionId": "BowAbilityTable",
		"DisplayName": "@ui_bow_mastery",
		"MaxLevel": 19,
		"Expansion01MaxLevel": 0,
		"Expansion02MaxLevel": 0,
		"AutoRankUp": true,
		"InfiniteLevels": false,
		"RepeatMaxLevel": false,
		"AllowOverflow": false,
		"RankTableId": "WeaponMastery",
		"ProgressionPointPool": "BowAbilityTable",
		"ShowAsObjectiveReward": false,
		"UsesGlobalProgressionMod": true
	},
	{
		"CategoricalProgressionId": "MusketAbilityTable",
		"DisplayName": "@ui_musket_mastery",
		"MaxLevel": 19,
		"Expansion01MaxLevel": 0,
		"Expansion02MaxLevel": 0,
		"AutoRankUp": true,
		"InfiniteLevels": false,
		"RepeatMaxLevel": false,
		"AllowOverflow": false,
		"RankTableId": "WeaponMastery",
		"ProgressionPointPool": "MusketAbilityTable",
		"ShowAsObjectiveReward": false,
		"UsesGlobalProgressionMod": true
	},
	{
		"CategoricalProgressionId": "BlunderbussAbilityTable",
		"DisplayName": "@ui_blunderbuss_mastery",
		"MaxLevel": 19,
		"Expansion01MaxLevel": 0,
		"Expansion02MaxLevel": 0,
		"AutoRankUp": true,
		"InfiniteLevels": false,
		"RepeatMaxLevel": false,
		"AllowOverflow": false,
		"RankTableId": "WeaponMastery",
		"ProgressionPointPool": "BlunderbussAbilityTable",
		"ShowAsObjectiveReward": false,
		"UsesGlobalProgressionMod": true
	},
	{
		"CategoricalProgressionId": "LifeMagicAbilityTable",
		"DisplayName": "@ui_lifemagic_mastery",
		"MaxLevel": 19,
		"Expansion01MaxLevel": 0,
		"Expansion02MaxLevel": 0,
		"AutoRankUp": true,
		"InfiniteLevels": false,
		"RepeatMaxLevel": false,
		"AllowOverflow": false,
		"RankTableId": "WeaponMastery",
		"ProgressionPointPool": "LifeMagicAbilityTable",
		"ShowAsObjectiveReward": false,
		"UsesGlobalProgressionMod": true
	},
	{
		"CategoricalProgressionId": "FireMagicAbilityTable",
		"DisplayName": "@ui_firemagic_mastery",
		"MaxLevel": 19,
		"Expansion01MaxLevel": 0,
		"Expansion02MaxLevel": 0,
		"AutoRankUp": true,
		"InfiniteLevels": false,
		"RepeatMaxLevel": false,
		"AllowOverflow": false,
		"RankTableId": "WeaponMastery",
		"ProgressionPointPool": "FireMagicAbilityTable",
		"ShowAsObjectiveReward": false,
		"UsesGlobalProgressionMod": true
	},
	{
		"CategoricalProgressionId": "GreatAxeAbilityTable",
		"DisplayName": "@ui_greataxe_mastery",
		"MaxLevel": 19,
		"Expansion01MaxLevel": 0,
		"Expansion02MaxLevel": 0,
		"AutoRankUp": true,
		"InfiniteLevels": false,
		"RepeatMaxLevel": false,
		"AllowOverflow": false,
		"RankTableId": "WeaponMastery",
		"ProgressionPointPool": "GreatAxeAbilityTable",
		"ShowAsObjectiveReward": false,
		"UsesGlobalProgressionMod": true
	},
	{
		"CategoricalProgressionId": "SpearAbilityTable",
		"DisplayName": "@ui_spear_mastery",
		"MaxLevel": 19,
		"Expansion01MaxLevel": 0,
		"Expansion02MaxLevel": 0,
		"AutoRankUp": true,
		"InfiniteLevels": false,
		"RepeatMaxLevel": false,
		"AllowOverflow": false,
		"RankTableId": "WeaponMastery",
		"ProgressionPointPool": "SpearAbilityTable",
		"ShowAsObjectiveReward": false,
		"UsesGlobalProgressionMod": true
	},
	{
		"CategoricalProgressionId": "RapierAbilityTable",
		"DisplayName": "@ui_rapier_mastery",
		"MaxLevel": 19,
		"Expansion01MaxLevel": 0,
		"Expansion02MaxLevel": 0,
		"AutoRankUp": true,
		"InfiniteLevels": false,
		"RepeatMaxLevel": false,
		"AllowOverflow": false,
		"RankTableId": "WeaponMastery",
		"ProgressionPointPool": "RapierAbilityTable",
		"ShowAsObjectiveReward": false,
		"UsesGlobalProgressionMod": true
	},
	{
		"CategoricalProgressionId": "IceMagicAbilityTable",
		"DisplayName": "@ui_icemagic_mastery",
		"MaxLevel": 19,
		"Expansion01MaxLevel": 0,
		"Expansion02MaxLevel": 0,
		"AutoRankUp": true,
		"InfiniteLevels": false,
		"RepeatMaxLevel": false,
		"AllowOverflow": false,
		"RankTableId": "WeaponMastery",
		"ProgressionPointPool": "IceMagicAbilityTable",
		"ShowAsObjectiveReward": false,
		"UsesGlobalProgressionMod": true
	},
	{
		"CategoricalProgressionId": "VoidGauntletAbilityTable",
		"DisplayName": "@ui_voidmagic_mastery",
		"MaxLevel": 19,
		"Expansion01MaxLevel": 0,
		"Expansion02MaxLevel": 0,
		"AutoRankUp": true,
		"InfiniteLevels": false,
		"RepeatMaxLevel": false,
		"AllowOverflow": false,
		"RankTableId": "WeaponMastery",
		"ProgressionPointPool": "VoidGauntletAbilityTable",
		"ShowAsObjectiveReward": false,
		"UsesGlobalProgressionMod": true
	},
	{
		"CategoricalProgressionId": "GreatSwordAbilityTable",
		"DisplayName": "@ui_greatsword_mastery",
		"MaxLevel": 19,
		"Expansion01MaxLevel": 0,
		"Expansion02MaxLevel": 0,
		"AutoRankUp": true,
		"InfiniteLevels": false,
		"RepeatMaxLevel": false,
		"AllowOverflow": false,
		"RankTableId": "WeaponMastery",
		"ProgressionPointPool": "GreatSwordAbilityTable",
		"ShowAsObjectiveReward": false,
		"UsesGlobalProgressionMod": true
	},
	{
		"CategoricalProgressionId": "FlailAbilityTable",
		"DisplayName": "@ui_Flail_mastery",
		"MaxLevel": 19,
		"Expansion01MaxLevel": 0,
		"Expansion02MaxLevel": 0,
		"AutoRankUp": true,
		"InfiniteLevels": false,
		"RepeatMaxLevel": false,
		"AllowOverflow": false,
		"RankTableId": "WeaponMastery",
		"ProgressionPointPool": "FlailAbilityTable",
		"ShowAsObjectiveReward": false,
		"UsesGlobalProgressionMod": true
	},
	{
		"CategoricalProgressionId": "Weaponsmithing",
		"DisplayName": "@ui_weaponsmithing",
		"MaxLevel": 200,
		"Expansion01MaxLevel": 250,
		"Expansion02MaxLevel": 0,
		"AutoRankUp": true,
		"InfiniteLevels": false,
		"RepeatMaxLevel": false,
		"AllowOverflow": false,
		"RankTableId": "Weaponsmithing",
		"PostSkillCapSkill": "Weaponsmithing_PostCap",
		"ShowAsObjectiveReward": false,
		"UsesGlobalProgressionMod": true
	},
	{
		"CategoricalProgressionId": "Armoring",
		"DisplayName": "@ui_armoring",
		"MaxLevel": 200,
		"Expansion01MaxLevel": 250,
		"Expansion02MaxLevel": 0,
		"AutoRankUp": true,
		"InfiniteLevels": false,
		"RepeatMaxLevel": false,
		"AllowOverflow": false,
		"RankTableId": "Armoring",
		"PostSkillCapSkill": "Armoring_PostCap",
		"ShowAsObjectiveReward": false,
		"UsesGlobalProgressionMod": true
	},
	{
		"CategoricalProgressionId": "Jewelcrafting",
		"DisplayName": "@ui_jewelcrafting",
		"MaxLevel": 200,
		"Expansion01MaxLevel": 250,
		"Expansion02MaxLevel": 0,
		"AutoRankUp": true,
		"InfiniteLevels": false,
		"RepeatMaxLevel": false,
		"AllowOverflow": false,
		"RankTableId": "Jewelcrafting",
		"PostSkillCapSkill": "Jewelcrafting_PostCap",
		"ShowAsObjectiveReward": false,
		"UsesGlobalProgressionMod": true
	},
	{
		"CategoricalProgressionId": "Arcana",
		"DisplayName": "@ui_arcana",
		"MaxLevel": 200,
		"Expansion01MaxLevel": 250,
		"Expansion02MaxLevel": 0,
		"AutoRankUp": true,
		"InfiniteLevels": false,
		"RepeatMaxLevel": false,
		"AllowOverflow": false,
		"RankTableId": "Arcana",
		"PostSkillCapSkill": "Arcana_PostCap",
		"ShowAsObjectiveReward": false,
		"UsesGlobalProgressionMod": true
	},
	{
		"CategoricalProgressionId": "Cooking",
		"DisplayName": "@ui_cooking",
		"MaxLevel": 200,
		"Expansion01MaxLevel": 250,
		"Expansion02MaxLevel": 0,
		"AutoRankUp": true,
		"InfiniteLevels": false,
		"RepeatMaxLevel": false,
		"AllowOverflow": false,
		"RankTableId": "Cooking",
		"PostSkillCapSkill": "Cooking_PostCap",
		"ShowAsObjectiveReward": false,
		"UsesGlobalProgressionMod": true
	},
	{
		"CategoricalProgressionId": "Furnishing",
		"DisplayName": "@ui_furnishing",
		"MaxLevel": 200,
		"Expansion01MaxLevel": 250,
		"Expansion02MaxLevel": 0,
		"AutoRankUp": true,
		"InfiniteLevels": false,
		"RepeatMaxLevel": false,
		"AllowOverflow": false,
		"RankTableId": "Furnishing",
		"PostSkillCapSkill": "Furnishing_PostCap",
		"ShowAsObjectiveReward": false,
		"UsesGlobalProgressionMod": true
	},
	{
		"CategoricalProgressionId": "Engineering",
		"DisplayName": "@ui_engineering",
		"MaxLevel": 200,
		"Expansion01MaxLevel": 250,
		"Expansion02MaxLevel": 0,
		"AutoRankUp": true,
		"InfiniteLevels": false,
		"RepeatMaxLevel": false,
		"AllowOverflow": false,
		"RankTableId": "Engineering",
		"PostSkillCapSkill": "Engineering_PostCap",
		"ShowAsObjectiveReward": false,
		"UsesGlobalProgressionMod": true
	},
	{
		"CategoricalProgressionId": "Smelting",
		"DisplayName": "@ui_smelting",
		"MaxLevel": 200,
		"Expansion01MaxLevel": 250,
		"Expansion02MaxLevel": 0,
		"AutoRankUp": true,
		"InfiniteLevels": false,
		"RepeatMaxLevel": false,
		"AllowOverflow": false,
		"RankTableId": "Smelting",
		"PostSkillCapSkill": "Smelting_PostCap",
		"ShowAsObjectiveReward": false,
		"UsesGlobalProgressionMod": true
	},
	{
		"CategoricalProgressionId": "Woodworking",
		"DisplayName": "@ui_woodworking",
		"MaxLevel": 200,
		"Expansion01MaxLevel": 250,
		"Expansion02MaxLevel": 0,
		"AutoRankUp": true,
		"InfiniteLevels": false,
		"RepeatMaxLevel": false,
		"AllowOverflow": false,
		"RankTableId": "Woodworking",
		"PostSkillCapSkill": "Woodworking_PostCap",
		"ShowAsObjectiveReward": false,
		"UsesGlobalProgressionMod": true
	},
	{
		"CategoricalProgressionId": "Leatherworking",
		"DisplayName": "@ui_leatherworking",
		"MaxLevel": 200,
		"Expansion01MaxLevel": 250,
		"Expansion02MaxLevel": 0,
		"AutoRankUp": true,
		"InfiniteLevels": false,
		"RepeatMaxLevel": false,
		"AllowOverflow": false,
		"RankTableId": "Leatherworking",
		"PostSkillCapSkill": "Leatherworking_PostCap",
		"ShowAsObjectiveReward": false,
		"UsesGlobalProgressionMod": true
	},
	{
		"CategoricalProgressionId": "Weaving",
		"DisplayName": "@ui_weaving",
		"MaxLevel": 200,
		"Expansion01MaxLevel": 250,
		"Expansion02MaxLevel": 0,
		"AutoRankUp": true,
		"InfiniteLevels": false,
		"RepeatMaxLevel": false,
		"AllowOverflow": false,
		"RankTableId": "Weaving",
		"PostSkillCapSkill": "Weaving_PostCap",
		"ShowAsObjectiveReward": false,
		"UsesGlobalProgressionMod": true
	},
	{
		"CategoricalProgressionId": "Stonecutting",
		"DisplayName": "@ui_stonecutting",
		"MaxLevel": 200,
		"Expansion01MaxLevel": 250,
		"Expansion02MaxLevel": 0,
		"AutoRankUp": true,
		"InfiniteLevels": false,
		"RepeatMaxLevel": false,
		"AllowOverflow": false,
		"RankTableId": "Stonecutting",
		"PostSkillCapSkill": "Stonecutting_PostCap",
		"ShowAsObjectiveReward": false,
		"UsesGlobalProgressionMod": true
	},
	{
		"CategoricalProgressionId": "Skinning",
		"DisplayName": "@ui_skinning",
		"MaxLevel": 200,
		"Expansion01MaxLevel": 250,
		"Expansion02MaxLevel": 0,
		"AutoRankUp": true,
		"InfiniteLevels": false,
		"RepeatMaxLevel": false,
		"AllowOverflow": false,
		"RankTableId": "Skinning",
		"PostSkillCapSkill": "Skinning_PostCap",
		"ShowAsObjectiveReward": false,
		"UsesGlobalProgressionMod": true
	},
	{
		"CategoricalProgressionId": "Mining",
		"DisplayName": "@ui_mining",
		"MaxLevel": 200,
		"Expansion01MaxLevel": 250,
		"Expansion02MaxLevel": 0,
		"AutoRankUp": true,
		"InfiniteLevels": false,
		"RepeatMaxLevel": false,
		"AllowOverflow": false,
		"RankTableId": "Mining",
		"PostSkillCapSkill": "Mining_PostCap",
		"ShowAsObjectiveReward": false,
		"UsesGlobalProgressionMod": true
	},
	{
		"CategoricalProgressionId": "Logging",
		"DisplayName": "@ui_logging",
		"MaxLevel": 200,
		"Expansion01MaxLevel": 250,
		"Expansion02MaxLevel": 0,
		"AutoRankUp": true,
		"InfiniteLevels": false,
		"RepeatMaxLevel": false,
		"AllowOverflow": false,
		"RankTableId": "Logging",
		"PostSkillCapSkill": "Logging_PostCap",
		"ShowAsObjectiveReward": false,
		"UsesGlobalProgressionMod": true
	},
	{
		"CategoricalProgressionId": "Harvesting",
		"DisplayName": "@ui_harvesting",
		"MaxLevel": 200,
		"Expansion01MaxLevel": 250,
		"Expansion02MaxLevel": 0,
		"AutoRankUp": true,
		"InfiniteLevels": false,
		"RepeatMaxLevel": false,
		"AllowOverflow": false,
		"RankTableId": "Harvesting",
		"PostSkillCapSkill": "Harvesting_PostCap",
		"ShowAsObjectiveReward": false,
		"UsesGlobalProgressionMod": true
	},
	{
		"CategoricalProgressionId": "AzothStaff",
		"DisplayName": "@ui_azoth_staff_tradeskill",
		"MaxLevel": 5,
		"Expansion01MaxLevel": 0,
		"Expansion02MaxLevel": 0,
		"AutoRankUp": true,
		"InfiniteLevels": false,
		"RepeatMaxLevel": false,
		"AllowOverflow": false,
		"RankTableId": "AzothStaff",
		"ShowAsObjectiveReward": false,
		"UsesGlobalProgressionMod": true
	},
	{
		"CategoricalProgressionId": "Musician",
		"DisplayName": "@ui_musician",
		"MaxLevel": 200,
		"Expansion01MaxLevel": 250,
		"Expansion02MaxLevel": 0,
		"AutoRankUp": true,
		"InfiniteLevels": false,
		"RepeatMaxLevel": false,
		"AllowOverflow": false,
		"RankTableId": "Musician",
		"PostSkillCapSkill": "Instruments_PostCap",
		"ShowAsObjectiveReward": false,
		"UsesGlobalProgressionMod": true
	},
	{
		"CategoricalProgressionId": "Riding",
		"DisplayName": "@ui_riding",
		"MaxLevel": 0,
		"Expansion01MaxLevel": 250,
		"Expansion02MaxLevel": 0,
		"AutoRankUp": true,
		"InfiniteLevels": false,
		"RepeatMaxLevel": false,
		"AllowOverflow": false,
		"RankTableId": "Riding",
		"ShowAsObjectiveReward": false,
		"UsesGlobalProgressionMod": true
	},
	{
		"CategoricalProgressionId": "Weaponsmithing_PostCap",
		"DisplayName": "@ui_weaponsmithing_postcap",
		"MaxLevel": 1,
		"Expansion01MaxLevel": 0,
		"Expansion02MaxLevel": 0,
		"AutoRankUp": true,
		"InfiniteLevels": true,
		"RepeatMaxLevel": false,
		"AllowOverflow": false,
		"RankTableId": "TradeSkillPostCap",
		"PreSkillCapSkill": "Weaponsmithing",
		"ShowAsObjectiveReward": false,
		"UsesGlobalProgressionMod": true
	},
	{
		"CategoricalProgressionId": "Armoring_PostCap",
		"DisplayName": "@ui_armoring_postcap",
		"MaxLevel": 1,
		"Expansion01MaxLevel": 0,
		"Expansion02MaxLevel": 0,
		"AutoRankUp": true,
		"InfiniteLevels": true,
		"RepeatMaxLevel": false,
		"AllowOverflow": false,
		"RankTableId": "TradeSkillPostCap",
		"PreSkillCapSkill": "Armoring",
		"ShowAsObjectiveReward": false,
		"UsesGlobalProgressionMod": true
	},
	{
		"CategoricalProgressionId": "Jewelcrafting_PostCap",
		"DisplayName": "@ui_jewelcrafting_postcap",
		"MaxLevel": 1,
		"Expansion01MaxLevel": 0,
		"Expansion02MaxLevel": 0,
		"AutoRankUp": true,
		"InfiniteLevels": true,
		"RepeatMaxLevel": false,
		"AllowOverflow": false,
		"RankTableId": "TradeSkillPostCap",
		"PreSkillCapSkill": "Jewelcrafting",
		"ShowAsObjectiveReward": false,
		"UsesGlobalProgressionMod": true
	},
	{
		"CategoricalProgressionId": "Arcana_PostCap",
		"DisplayName": "@ui_arcana_postcap",
		"MaxLevel": 1,
		"Expansion01MaxLevel": 0,
		"Expansion02MaxLevel": 0,
		"AutoRankUp": true,
		"InfiniteLevels": true,
		"RepeatMaxLevel": false,
		"AllowOverflow": false,
		"RankTableId": "TradeSkillPostCap",
		"PreSkillCapSkill": "Arcana",
		"ShowAsObjectiveReward": false,
		"UsesGlobalProgressionMod": true
	},
	{
		"CategoricalProgressionId": "Cooking_PostCap",
		"DisplayName": "@ui_cooking_postcap",
		"MaxLevel": 1,
		"Expansion01MaxLevel": 0,
		"Expansion02MaxLevel": 0,
		"AutoRankUp": true,
		"InfiniteLevels": true,
		"RepeatMaxLevel": false,
		"AllowOverflow": false,
		"RankTableId": "TradeSkillPostCap",
		"PreSkillCapSkill": "Cooking",
		"ShowAsObjectiveReward": false,
		"UsesGlobalProgressionMod": true
	},
	{
		"CategoricalProgressionId": "Fishing_PostCap",
		"DisplayName": "@ui_Fishing_postcap",
		"MaxLevel": 1,
		"Expansion01MaxLevel": 0,
		"Expansion02MaxLevel": 0,
		"AutoRankUp": true,
		"InfiniteLevels": true,
		"RepeatMaxLevel": false,
		"AllowOverflow": false,
		"RankTableId": "TradeSkillPostCap",
		"PreSkillCapSkill": "Fishing",
		"ShowAsObjectiveReward": false,
		"UsesGlobalProgressionMod": true
	},
	{
		"CategoricalProgressionId": "Furnishing_PostCap",
		"DisplayName": "@ui_furnishing_postcap",
		"MaxLevel": 1,
		"Expansion01MaxLevel": 0,
		"Expansion02MaxLevel": 0,
		"AutoRankUp": true,
		"InfiniteLevels": true,
		"RepeatMaxLevel": false,
		"AllowOverflow": false,
		"RankTableId": "TradeSkillPostCap",
		"PreSkillCapSkill": "Furnishing",
		"ShowAsObjectiveReward": false,
		"UsesGlobalProgressionMod": true
	},
	{
		"CategoricalProgressionId": "Engineering_PostCap",
		"DisplayName": "@ui_engineering_postcap",
		"MaxLevel": 1,
		"Expansion01MaxLevel": 0,
		"Expansion02MaxLevel": 0,
		"AutoRankUp": true,
		"InfiniteLevels": true,
		"RepeatMaxLevel": false,
		"AllowOverflow": false,
		"RankTableId": "TradeSkillPostCap",
		"PreSkillCapSkill": "Engineering",
		"ShowAsObjectiveReward": false,
		"UsesGlobalProgressionMod": true
	},
	{
		"CategoricalProgressionId": "Smelting_PostCap",
		"DisplayName": "@ui_smelting_postcap",
		"MaxLevel": 1,
		"Expansion01MaxLevel": 0,
		"Expansion02MaxLevel": 0,
		"AutoRankUp": true,
		"InfiniteLevels": true,
		"RepeatMaxLevel": false,
		"AllowOverflow": false,
		"RankTableId": "TradeSkillPostCap",
		"PreSkillCapSkill": "Smelting",
		"ShowAsObjectiveReward": false,
		"UsesGlobalProgressionMod": true
	},
	{
		"CategoricalProgressionId": "Woodworking_PostCap",
		"DisplayName": "@ui_woodworking_postcap",
		"MaxLevel": 1,
		"Expansion01MaxLevel": 0,
		"Expansion02MaxLevel": 0,
		"AutoRankUp": true,
		"InfiniteLevels": true,
		"RepeatMaxLevel": false,
		"AllowOverflow": false,
		"RankTableId": "TradeSkillPostCap",
		"PreSkillCapSkill": "Woodworking",
		"ShowAsObjectiveReward": false,
		"UsesGlobalProgressionMod": true
	},
	{
		"CategoricalProgressionId": "Leatherworking_PostCap",
		"DisplayName": "@ui_leatherworking_postcap",
		"MaxLevel": 1,
		"Expansion01MaxLevel": 0,
		"Expansion02MaxLevel": 0,
		"AutoRankUp": true,
		"InfiniteLevels": true,
		"RepeatMaxLevel": false,
		"AllowOverflow": false,
		"RankTableId": "TradeSkillPostCap",
		"PreSkillCapSkill": "Leatherworking",
		"ShowAsObjectiveReward": false,
		"UsesGlobalProgressionMod": true
	},
	{
		"CategoricalProgressionId": "Weaving_PostCap",
		"DisplayName": "@ui_weaving_postcap",
		"MaxLevel": 1,
		"Expansion01MaxLevel": 0,
		"Expansion02MaxLevel": 0,
		"AutoRankUp": true,
		"InfiniteLevels": true,
		"RepeatMaxLevel": false,
		"AllowOverflow": false,
		"RankTableId": "TradeSkillPostCap",
		"PreSkillCapSkill": "Weaving",
		"ShowAsObjectiveReward": false,
		"UsesGlobalProgressionMod": true
	},
	{
		"CategoricalProgressionId": "Stonecutting_PostCap",
		"DisplayName": "@ui_stonecutting_postcap",
		"MaxLevel": 1,
		"Expansion01MaxLevel": 0,
		"Expansion02MaxLevel": 0,
		"AutoRankUp": true,
		"InfiniteLevels": true,
		"RepeatMaxLevel": false,
		"AllowOverflow": false,
		"RankTableId": "TradeSkillPostCap",
		"PreSkillCapSkill": "Stonecutting",
		"ShowAsObjectiveReward": false,
		"UsesGlobalProgressionMod": true
	},
	{
		"CategoricalProgressionId": "Skinning_PostCap",
		"DisplayName": "@ui_skinning_postcap",
		"MaxLevel": 1,
		"Expansion01MaxLevel": 0,
		"Expansion02MaxLevel": 0,
		"AutoRankUp": true,
		"InfiniteLevels": true,
		"RepeatMaxLevel": false,
		"AllowOverflow": false,
		"RankTableId": "TradeSkillPostCap",
		"PreSkillCapSkill": "Skinning",
		"ShowAsObjectiveReward": false,
		"UsesGlobalProgressionMod": true
	},
	{
		"CategoricalProgressionId": "Mining_PostCap",
		"DisplayName": "@ui_mining_postcap",
		"MaxLevel": 1,
		"Expansion01MaxLevel": 0,
		"Expansion02MaxLevel": 0,
		"AutoRankUp": true,
		"InfiniteLevels": true,
		"RepeatMaxLevel": false,
		"AllowOverflow": false,
		"RankTableId": "TradeSkillPostCap",
		"PreSkillCapSkill": "Mining",
		"ShowAsObjectiveReward": false,
		"UsesGlobalProgressionMod": true
	},
	{
		"CategoricalProgressionId": "Logging_PostCap",
		"DisplayName": "@ui_logging_postcap",
		"MaxLevel": 1,
		"Expansion01MaxLevel": 0,
		"Expansion02MaxLevel": 0,
		"AutoRankUp": true,
		"InfiniteLevels": true,
		"RepeatMaxLevel": false,
		"AllowOverflow": false,
		"RankTableId": "TradeSkillPostCap",
		"PreSkillCapSkill": "Logging",
		"ShowAsObjectiveReward": false,
		"UsesGlobalProgressionMod": true
	},
	{
		"CategoricalProgressionId": "Harvesting_PostCap",
		"DisplayName": "@ui_harvesting_postcap",
		"MaxLevel": 1,
		"Expansion01MaxLevel": 0,
		"Expansion02MaxLevel": 0,
		"AutoRankUp": true,
		"InfiniteLevels": true,
		"RepeatMaxLevel": false,
		"AllowOverflow": false,
		"RankTableId": "TradeSkillPostCap",
		"PreSkillCapSkill": "Harvesting",
		"ShowAsObjectiveReward": false,
		"UsesGlobalProgressionMod": true
	},
	{
		"CategoricalProgressionId": "Instruments_PostCap",
		"DisplayName": "@ui_musician_postcap",
		"MaxLevel": 1,
		"Expansion01MaxLevel": 0,
		"Expansion02MaxLevel": 0,
		"AutoRankUp": true,
		"InfiniteLevels": true,
		"RepeatMaxLevel": false,
		"AllowOverflow": false,
		"RankTableId": "TradeSkillPostCap",
		"PreSkillCapSkill": "Musician",
		"ShowAsObjectiveReward": false,
		"UsesGlobalProgressionMod": true
	},
	{
		"CategoricalProgressionId": "Azoth_Currency",
		"DisplayName": "@ui_azoth_currency",
		"MaxLevel": 0,
		"Expansion01MaxLevel": 0,
		"Expansion02MaxLevel": 0,
		"AutoRankUp": false,
		"InfiniteLevels": false,
		"RepeatMaxLevel": false,
		"AllowOverflow": false,
		"RankTableId": "AzothCurrency",
		"EconomyTrackerType": "AzothGenerated",
		"ShowAsObjectiveReward": false,
		"IconPath": "lyshineui/images/icons/items/currency/icon_azoth.webp",
		"UsesGlobalProgressionMod": false
	},
	{
		"CategoricalProgressionId": "AzothSalt_Currency",
		"MaxLevel": 0,
		"Expansion01MaxLevel": 0,
		"Expansion02MaxLevel": 0,
		"AutoRankUp": false,
		"InfiniteLevels": false,
		"RepeatMaxLevel": false,
		"AllowOverflow": false,
		"RankTableId": "AzothSaltCurrency",
		"EconomyTrackerType": "AzothGenerated",
		"ShowAsObjectiveReward": true,
		"UsesGlobalProgressionMod": false
	},
	{
		"CategoricalProgressionId": "PvP_XP",
		"MaxLevel": 200,
		"Expansion01MaxLevel": 0,
		"Expansion02MaxLevel": 0,
		"AutoRankUp": false,
		"InfiniteLevels": false,
		"RepeatMaxLevel": true,
		"AllowOverflow": true,
		"RankTableId": "PvPXP",
		"ShowAsObjectiveReward": true,
		"UsesGlobalProgressionMod": false
	},
	{
		"CategoricalProgressionId": "Fishing",
		"DisplayName": "@ui_fishing",
		"MaxLevel": 200,
		"Expansion01MaxLevel": 250,
		"Expansion02MaxLevel": 0,
		"AutoRankUp": true,
		"InfiniteLevels": false,
		"RepeatMaxLevel": false,
		"AllowOverflow": false,
		"RankTableId": "Fishing",
		"PostSkillCapSkill": "Fishing_PostCap",
		"ShowAsObjectiveReward": false,
		"UsesGlobalProgressionMod": true
	},
	{
		"CategoricalProgressionId": "CollectibleTest",
		"MaxLevel": 5,
		"Expansion01MaxLevel": 0,
		"Expansion02MaxLevel": 0,
		"AutoRankUp": true,
		"InfiniteLevels": false,
		"RepeatMaxLevel": false,
		"AllowOverflow": false,
		"RankTableId": "CollectiblesRankData",
		"AchievementIdOnMaxRank": "fish_hotspot_40030_charted",
		"ShowAsObjectiveReward": false,
		"UsesGlobalProgressionMod": false
	},
	{
		"CategoricalProgressionId": "74",
		"DisplayName": "@DevWorld_Red",
		"MaxLevel": 300,
		"Expansion01MaxLevel": 0,
		"Expansion02MaxLevel": 0,
		"AutoRankUp": true,
		"InfiniteLevels": false,
		"RepeatMaxLevel": false,
		"AllowOverflow": false,
		"RankTableId": "Territory_Standing",
		"ProgressionPointPool": "TerritoryRankBonus_74",
		"ShowAsObjectiveReward": false,
		"UsesGlobalProgressionMod": false
	},
	{
		"CategoricalProgressionId": "75",
		"DisplayName": "@DevWorld_Blue",
		"MaxLevel": 300,
		"Expansion01MaxLevel": 0,
		"Expansion02MaxLevel": 0,
		"AutoRankUp": true,
		"InfiniteLevels": false,
		"RepeatMaxLevel": false,
		"AllowOverflow": false,
		"RankTableId": "Territory_Standing",
		"ProgressionPointPool": "TerritoryRankBonus_75",
		"ShowAsObjectiveReward": false,
		"UsesGlobalProgressionMod": false
	},
	{
		"CategoricalProgressionId": "Camping",
		"DisplayName": "@ui_camping",
		"MaxLevel": 5,
		"Expansion01MaxLevel": 6,
		"Expansion02MaxLevel": 0,
		"AutoRankUp": true,
		"InfiniteLevels": false,
		"RepeatMaxLevel": false,
		"AllowOverflow": false,
		"RankTableId": "Camping",
		"ShowAsObjectiveReward": true,
		"IconPath": "lyshineui/images/campingrestrictions/campingallowed_large.webp",
		"UsesGlobalProgressionMod": false,
		"DisplayDescription": "@ui_unlock_camping_tooltip"
	},
	{
		"CategoricalProgressionId": "SyndicateTokens",
		"DisplayName": "@ui_faction_name1",
		"MaxLevel": 4,
		"Expansion01MaxLevel": 5,
		"Expansion02MaxLevel": 0,
		"ProgressionType": "FactionCurrency",
		"AutoRankUp": false,
		"InfiniteLevels": false,
		"RepeatMaxLevel": false,
		"AllowOverflow": false,
		"RankTableId": "SyndicateTokens",
		"ShowAsObjectiveReward": true,
		"IconPath": "lyshineui/images/icons/objectives/reward_factionreputation1_large.webp",
		"UsesGlobalProgressionMod": false,
		"DisplayDescription": "@owg_faction_unlock_tooltip"
	},
	{
		"CategoricalProgressionId": "MarauderTokens",
		"DisplayName": "@ui_faction_name2",
		"MaxLevel": 4,
		"Expansion01MaxLevel": 5,
		"Expansion02MaxLevel": 0,
		"ProgressionType": "FactionCurrency",
		"AutoRankUp": false,
		"InfiniteLevels": false,
		"RepeatMaxLevel": false,
		"AllowOverflow": false,
		"RankTableId": "MarauderTokens",
		"ShowAsObjectiveReward": true,
		"IconPath": "lyshineui/images/icons/objectives/reward_factionreputation2_large.webp",
		"UsesGlobalProgressionMod": false,
		"DisplayDescription": "@owg_faction_unlock_tooltip"
	},
	{
		"CategoricalProgressionId": "CovenantTokens",
		"DisplayName": "@ui_faction_name3",
		"MaxLevel": 4,
		"Expansion01MaxLevel": 5,
		"Expansion02MaxLevel": 0,
		"ProgressionType": "FactionCurrency",
		"AutoRankUp": false,
		"InfiniteLevels": false,
		"RepeatMaxLevel": false,
		"AllowOverflow": false,
		"RankTableId": "CovenantTokens",
		"ShowAsObjectiveReward": true,
		"IconPath": "lyshineui/images/icons/objectives/reward_factionreputation3_large.webp",
		"UsesGlobalProgressionMod": false,
		"DisplayDescription": "@owg_faction_unlock_tooltip"
	},
	{
		"CategoricalProgressionId": "DungeonEdengrove00DifficultyExp23",
		"MaxLevel": 3,
		"Expansion01MaxLevel": 0,
		"Expansion02MaxLevel": 0,
		"AutoRankUp": true,
		"InfiniteLevels": false,
		"RepeatMaxLevel": false,
		"AllowOverflow": false,
		"RankTableId": "MutatorRankData",
		"ShowAsObjectiveReward": false,
		"UsesGlobalProgressionMod": false
	},
	{
		"CategoricalProgressionId": "DungeonReekwater00DifficultyExp23",
		"MaxLevel": 3,
		"Expansion01MaxLevel": 0,
		"Expansion02MaxLevel": 0,
		"AutoRankUp": true,
		"InfiniteLevels": false,
		"RepeatMaxLevel": false,
		"AllowOverflow": false,
		"RankTableId": "MutatorRankData",
		"ShowAsObjectiveReward": false,
		"UsesGlobalProgressionMod": false
	},
	{
		"CategoricalProgressionId": "DungeonEbonscale00DifficultyExp23",
		"MaxLevel": 3,
		"Expansion01MaxLevel": 0,
		"Expansion02MaxLevel": 0,
		"AutoRankUp": true,
		"InfiniteLevels": false,
		"RepeatMaxLevel": false,
		"AllowOverflow": false,
		"RankTableId": "MutatorRankData",
		"ShowAsObjectiveReward": false,
		"UsesGlobalProgressionMod": false
	},
	{
		"CategoricalProgressionId": "DungeonShatterMtn00DifficultyExp23",
		"MaxLevel": 3,
		"Expansion01MaxLevel": 0,
		"Expansion02MaxLevel": 0,
		"AutoRankUp": true,
		"InfiniteLevels": false,
		"RepeatMaxLevel": false,
		"AllowOverflow": false,
		"RankTableId": "MutatorRankData",
		"ShowAsObjectiveReward": false,
		"UsesGlobalProgressionMod": false
	},
	{
		"CategoricalProgressionId": "DungeonRestlessShores01DifficultyExp23",
		"MaxLevel": 3,
		"Expansion01MaxLevel": 0,
		"Expansion02MaxLevel": 0,
		"AutoRankUp": true,
		"InfiniteLevels": false,
		"RepeatMaxLevel": false,
		"AllowOverflow": false,
		"RankTableId": "MutatorRankData",
		"ShowAsObjectiveReward": false,
		"UsesGlobalProgressionMod": false
	},
	{
		"CategoricalProgressionId": "DungeonEverfall00DifficultyExp23",
		"MaxLevel": 3,
		"Expansion01MaxLevel": 0,
		"Expansion02MaxLevel": 0,
		"AutoRankUp": true,
		"InfiniteLevels": false,
		"RepeatMaxLevel": false,
		"AllowOverflow": false,
		"RankTableId": "MutatorRankData",
		"ShowAsObjectiveReward": false,
		"UsesGlobalProgressionMod": false
	},
	{
		"CategoricalProgressionId": "DungeonCutlass00DifficultyExp23",
		"MaxLevel": 3,
		"Expansion01MaxLevel": 0,
		"Expansion02MaxLevel": 0,
		"AutoRankUp": true,
		"InfiniteLevels": false,
		"RepeatMaxLevel": false,
		"AllowOverflow": false,
		"RankTableId": "MutatorRankData",
		"ShowAsObjectiveReward": false,
		"UsesGlobalProgressionMod": false
	},
	{
		"CategoricalProgressionId": "DungeonBrimstoneSands00DifficultyExp23",
		"MaxLevel": 3,
		"Expansion01MaxLevel": 0,
		"Expansion02MaxLevel": 0,
		"AutoRankUp": true,
		"InfiniteLevels": false,
		"RepeatMaxLevel": false,
		"AllowOverflow": false,
		"RankTableId": "MutatorRankData",
		"ShowAsObjectiveReward": false,
		"UsesGlobalProgressionMod": false
	},
	{
		"CategoricalProgressionId": "DungeonGreatCleave01DifficultyExp23",
		"MaxLevel": 3,
		"Expansion01MaxLevel": 0,
		"Expansion02MaxLevel": 0,
		"AutoRankUp": true,
		"InfiniteLevels": false,
		"RepeatMaxLevel": false,
		"AllowOverflow": false,
		"RankTableId": "MutatorRankData",
		"ShowAsObjectiveReward": false,
		"UsesGlobalProgressionMod": false
	},
	{
		"CategoricalProgressionId": "DungeonFirstLight01DifficultyExp23",
		"MaxLevel": 3,
		"Expansion01MaxLevel": 0,
		"Expansion02MaxLevel": 0,
		"AutoRankUp": true,
		"InfiniteLevels": false,
		"RepeatMaxLevel": false,
		"AllowOverflow": false,
		"RankTableId": "MutatorRankData",
		"ShowAsObjectiveReward": false,
		"UsesGlobalProgressionMod": false
	},
	{
		"CategoricalProgressionId": "DungeonGreatCleave00DifficultyExp23",
		"MaxLevel": 3,
		"Expansion01MaxLevel": 0,
		"Expansion02MaxLevel": 0,
		"AutoRankUp": true,
		"InfiniteLevels": false,
		"RepeatMaxLevel": false,
		"AllowOverflow": false,
		"RankTableId": "MutatorRankData",
		"ShowAsObjectiveReward": false,
		"UsesGlobalProgressionMod": false
	},
	{
		"CategoricalProgressionId": "EventProgress",
		"DisplayName": "@ui_event_progress_name",
		"MaxLevel": 4,
		"Expansion01MaxLevel": 0,
		"Expansion02MaxLevel": 0,
		"AutoRankUp": true,
		"InfiniteLevels": false,
		"RepeatMaxLevel": false,
		"AllowOverflow": false,
		"RankTableId": "EventRanks",
		"ShowAsObjectiveReward": true,
		"IconPath": "lyshineui/images/icons/objectives/reward_eventprogress_large.webp",
		"UsesGlobalProgressionMod": false,
		"DisplayDescription": "@ui_event_reputation_description",
		"EventId": "WinterConvergence"
	},
	{
		"CategoricalProgressionId": "SummerEventProgress",
		"DisplayName": "@ui_event_summer_progress_name",
		"MaxLevel": 4,
		"Expansion01MaxLevel": 0,
		"Expansion02MaxLevel": 0,
		"AutoRankUp": true,
		"InfiniteLevels": false,
		"RepeatMaxLevel": false,
		"AllowOverflow": false,
		"RankTableId": "SummerEventRanks",
		"ShowAsObjectiveReward": true,
		"IconPath": "lyshineui/images/icons/objectives/reward_eventprogress_large.webp",
		"UsesGlobalProgressionMod": false,
		"DisplayDescription": "@ui_event_reputation_description",
		"EventId": "SummerMedley"
	},
	{
		"CategoricalProgressionId": "HalloweenEventProgress",
		"DisplayName": "@ui_event_halloween_progress_name",
		"MaxLevel": 2,
		"Expansion01MaxLevel": 0,
		"Expansion02MaxLevel": 0,
		"AutoRankUp": true,
		"InfiniteLevels": false,
		"RepeatMaxLevel": false,
		"AllowOverflow": false,
		"RankTableId": "HalloweenEventRanks",
		"ShowAsObjectiveReward": true,
		"IconPath": "lyshineui/images/icons/objectives/reward_eventprogress_large.webp",
		"UsesGlobalProgressionMod": false,
		"DisplayDescription": "@ui_event_reputation_description",
		"EventId": "NightveilHallow"
	},
	{
		"CategoricalProgressionId": "SpringEventProgress",
		"DisplayName": "@ui_event_spring_progress_name",
		"MaxLevel": 2,
		"Expansion01MaxLevel": 0,
		"Expansion02MaxLevel": 0,
		"AutoRankUp": true,
		"InfiniteLevels": false,
		"RepeatMaxLevel": false,
		"AllowOverflow": false,
		"RankTableId": "SpringEventRanks",
		"ShowAsObjectiveReward": true,
		"IconPath": "lyshineui/images/icons/objectives/reward_eventprogress_large.webp",
		"UsesGlobalProgressionMod": false,
		"DisplayDescription": "@ui_event_reputation_description",
		"EventId": "SpringtideBloom"
	},
	{
		"CategoricalProgressionId": "SeasonPass",
		"DisplayName": "@seasons_rewards_categorical_progression_id",
		"MaxLevel": 100,
		"Expansion01MaxLevel": 0,
		"Expansion02MaxLevel": 0,
		"AutoRankUp": true,
		"InfiniteLevels": false,
		"RepeatMaxLevel": false,
		"AllowOverflow": false,
		"RankTableId": "SeasonPass_Season1",
		"ShowAsObjectiveReward": false,
		"UsesGlobalProgressionMod": false,
		"DisplayDescription": "Season 1"
	},
	{
		"CategoricalProgressionId": "Collectibles_Reekwater_Gem",
		"MaxLevel": 50,
		"Expansion01MaxLevel": 0,
		"Expansion02MaxLevel": 0,
		"AutoRankUp": true,
		"InfiniteLevels": false,
		"RepeatMaxLevel": false,
		"AllowOverflow": false,
		"RankTableId": "CollectiblesRankData",
		"ShowAsObjectiveReward": false,
		"UsesGlobalProgressionMod": false
	},
	{
		"CategoricalProgressionId": "Collectibles_Reekwater_Chest",
		"MaxLevel": 15,
		"Expansion01MaxLevel": 0,
		"Expansion02MaxLevel": 0,
		"AutoRankUp": true,
		"InfiniteLevels": false,
		"RepeatMaxLevel": false,
		"AllowOverflow": false,
		"RankTableId": "CollectiblesRankData",
		"ShowAsObjectiveReward": false,
		"UsesGlobalProgressionMod": false
	}
]