[
	{
		"ThrowableId": "ThrowableItemT1",
		"ActivationTime": 3,
		"SpawnSliceOnActivate": true,
		"ActivationSlicePath": "slices/items/weapons/Throwable_Base_Explosion.dynamicslice",
		"GatherableSlicePath": "slices/Gatherables/Master_Throwable_Object.dynamicslice",
		"SpellName": "Throwable_Base_Projectile",
		"AttachmentName": "righthandattach",
		"WarningTime": 2,
		"AttachmentSlicePath": "slices/Gatherables/Master_Throwable_Object_Equipped.dynamicslice"
	},
	{
		"ThrowableId": "AI_Season_04_IceGuardian_Icicle",
		"ActivationTime": 0,
		"SpawnSliceOnActivate": false,
		"GatherableSlicePath": "slices/Characters/SpellSlices/Seasons/Season_04/ancient_ice_guardian_trial_icicle_throwable.dynamicslice",
		"SpellName": "AI_Season_04_IceGuardian_IcicleProjectile",
		"AttachmentName": "righthandattach",
		"WarningTime": 0,
		"AttachmentSlicePath": "slices/Characters/SpellSlices/Seasons/Season_04/ancient_ice_guardian_trial_icicle_equipped.dynamicslice"
	},
	{
		"ThrowableId": "MSQ_Empress_Cannon",
		"ActivationTime": 3,
		"SpawnSliceOnActivate": true,
		"ActivationSlicePath": "slices/items/weapons/Throwable_Base_Explosion.dynamicslice",
		"GatherableSlicePath": "slices/Characters/SpellSlices/Dynasty_Empress_Solo_Cannon_Gatherable.dynamicslice",
		"SpellName": "AI_MSQ_Empress_Cannon_BallProjectile",
		"AttachmentName": "righthandattach",
		"WarningTime": 2,
		"AttachmentSlicePath": "slices/Characters/SpellSlices/Dynasty_Empress_Solo_Cannon_Equipped.dynamicslice"
	},
	{
		"ThrowableId": "Raid_CutlassKeys00_Water_Throwable_Item",
		"ActivationTime": 0,
		"SpawnSliceOnActivate": false,
		"GatherableSlicePath": "slices/Dungeon/Raids/CutlassKeys00/Raid_CutlassKeys00_Cleansing_Water_Throwable.dynamicslice",
		"SpellName": "Raid_CutlassKeys00_Water_Throwable_Projectile",
		"AttachmentName": "righthandattach",
		"WarningTime": 0,
		"AttachmentSlicePath": "slices/Dungeon/Raids/CutlassKeys00/Raid_CutlassKeys00_Cleansing_Water_Throwable_Equipped.dynamicslice"
	},
	{
		"ThrowableId": "LightningFields_Core_Throwable_Item",
		"ActivationTime": 3,
		"SpawnSliceOnActivate": true,
		"ActivationSlicePath": "slices/worldevents/cutlasskeys/lightningfields/lightningfields_throwable_base_equipped_explosion.dynamicslice",
		"GatherableSlicePath": "slices/WorldEvents/CutlassKeys/LightningFields/LightningFields_Throwable_Gatherable_01.dynamicslice",
		"SpellName": "LightningFields_Throwable_Base_Projectile",
		"AttachmentName": "righthandattach",
		"WarningTime": 2,
		"AttachmentSlicePath": "slices/WorldEvents/CutlassKeys/LightningFields/LightningFields_Throwable_Object_Equipped_01.dynamicslice"
	},
	{
		"ThrowableId": "Torch_Throwable_Item",
		"ActivationTime": 0,
		"SpawnSliceOnActivate": false,
		"GatherableSlicePath": "slices/Dunwood/Gimmicks/Torch_Throwable/Torch_Throwable_Gatherable.dynamicslice",
		"SpellName": "Torch_Throwable_Base_Projectile",
		"AttachmentName": "righthandattach",
		"WarningTime": 0,
		"AttachmentSlicePath": "slices/Dunwood/Gimmicks/Torch_Throwable/Torch_Throwable_Object_Equipped.dynamicslice"
	}
]