[
	{
		"Rank": 0,
		"DisplayName": "@owg_rank_merchant_1",
		"MaximumInfluence": 3000,
		"RequiredLevel": 10,
		"InfluenceCost": 0,
		"CurrencyCost": 0,
		"AzothCost": 0,
		"SanityCheck": false
	},
	{
		"Rank": 1,
		"DisplayName": "@owg_rank_merchant_2",
		"MaximumInfluence": 11000,
		"RequiredLevel": 20,
		"InfluenceCost": 0,
		"CurrencyCost": 0,
		"AzothCost": 0,
		"SanityCheck": true
	},
	{
		"Rank": 2,
		"DisplayName": "@owg_rank_merchant_3",
		"MaximumInfluence": 26000,
		"RequiredLevel": 35,
		"InfluenceCost": 0,
		"CurrencyCost": 0,
		"AzothCost": 0,
		"SanityCheck": true
	},
	{
		"Rank": 3,
		"DisplayName": "@owg_rank_merchant_4",
		"MaximumInfluence": 49000,
		"RequiredLevel": 50,
		"InfluenceCost": 0,
		"CurrencyCost": 0,
		"AzothCost": 0,
		"SanityCheck": true
	},
	{
		"Rank": 4,
		"DisplayName": "@owg_rank_merchant_5",
		"MaximumInfluence": 85000,
		"RequiredLevel": 60,
		"InfluenceCost": 0,
		"CurrencyCost": 0,
		"AzothCost": 0,
		"SanityCheck": true
	},
	{
		"Rank": 5,
		"DisplayName": "@owg_rank_merchant_6",
		"MaximumInfluence": 85000,
		"RequiredLevel": 61,
		"InfluenceCost": 0,
		"CurrencyCost": 0,
		"AzothCost": 0,
		"SanityCheck": true
	}
]