[
	{
		"SkeletonName": "player_male",
		"Xform": "Xform",
		"Head": "Head",
		"Neck": "Neck",
		"Spine": "Spine2",
		"LeftEye": "Eye_left_BND",
		"RightEye": "Eye_right_BND",
		"RightHand": "Hand_right",
		"RightForeArm": "Forearm_right_twist",
		"RightMidArm": "MidArm_right",
		"RightUpperArm": "UpperArm_right",
		"LeftHand": "Hand_left",
		"LeftForeArm": "Forearm_left_twist",
		"LeftMidArm": "MidArm_left",
		"LeftUpperArm": "UpperArm_left"
	},
	{
		"SkeletonName": "player_female",
		"Xform": "Xform",
		"Head": "Head",
		"Neck": "Neck",
		"Spine": "Spine2",
		"LeftEye": "Eye_left_BND",
		"RightEye": "Eye_right_BND",
		"RightHand": "Hand_right",
		"RightForeArm": "Forearm_right_twist",
		"RightMidArm": "MidArm_right",
		"RightUpperArm": "UpperArm_right",
		"LeftHand": "Hand_left",
		"LeftForeArm": "Forearm_left_twist",
		"LeftMidArm": "MidArm_left",
		"LeftUpperArm": "UpperArm_left"
	},
	{
		"SkeletonName": "npc_skel",
		"Xform": "Xform",
		"Head": "Head",
		"Neck": "Neck",
		"Spine": "Spine2",
		"LeftEye": "Eye_left_BND",
		"RightEye": "Eye_right_BND",
		"RightHand": "right_hand_attach",
		"RightForeArm": "Forearm_right_twist",
		"RightMidArm": "MidArm_right",
		"RightUpperArm": "UpperArm_right",
		"LeftHand": "left_hand_attach",
		"LeftForeArm": "Forearm_left_twist",
		"LeftMidArm": "MidArm_left",
		"LeftUpperArm": "UpperArm_left"
	},
	{
		"SkeletonName": "alligator_skel",
		"Xform": "Xform",
		"Head": "bind_mouth_web",
		"Neck": "bind_neck_01",
		"Spine": "bind_spine_05",
		"RightHand": "bind_right_frontLeg_04",
		"RightForeArm": "bind_right_frontLeg_03",
		"RightMidArm": "bind_right_frontLeg_02",
		"RightUpperArm": "bind_right_frontLeg_01",
		"LeftHand": "bind_left_frontLeg_04",
		"LeftForeArm": "bind_left_frontLeg_03",
		"LeftMidArm": "bind_left_frontLeg_02",
		"LeftUpperArm": "bind_left_frontLeg_01"
	},
	{
		"SkeletonName": "bison_skel",
		"Xform": "Xform",
		"Head": "bind_head_01",
		"Neck": "bind_neck_01",
		"Spine": "bind_spine_03",
		"RightHand": "bind_right_frontLeg_04",
		"RightForeArm": "bind_right_frontLeg_03",
		"RightMidArm": "bind_right_frontLeg_02",
		"RightUpperArm": "bind_right_shoulder",
		"LeftHand": "bind_left_frontLeg_04",
		"LeftForeArm": "bind_left_frontLeg_03",
		"LeftMidArm": "bind_left_frontLeg_02",
		"LeftUpperArm": "bind_left_shoulder"
	},
	{
		"SkeletonName": "boar_skel",
		"Xform": "Xform",
		"Head": "bind_head_01",
		"Neck": "bind_neck_01",
		"Spine": "bind_spine_03",
		"RightHand": "bind_right_frontFoot_01",
		"RightForeArm": "bind_right_frontLeg_03",
		"RightMidArm": "bind_right_frontLeg_02",
		"RightUpperArm": "bind_right_frontLeg_01",
		"LeftHand": "bind_left_frontFoot_01",
		"LeftForeArm": "bind_left_frontLeg_03",
		"LeftMidArm": "bind_left_frontLeg_02",
		"LeftUpperArm": "bind_left_frontLeg_01"
	},
	{
		"SkeletonName": "cowDevon_skel",
		"Xform": "Xform",
		"Head": "bind_head_01",
		"Neck": "bind_neck_01",
		"Spine": "bind_spine_05",
		"RightHand": "bind_right_frontLeg_04",
		"RightForeArm": "bind_right_frontLeg_03",
		"RightMidArm": "bind_right_frontLeg_02",
		"RightUpperArm": "bind_right_shoulder",
		"LeftHand": "bind_left_frontLeg_04",
		"LeftForeArm": "bind_left_frontLeg_03",
		"LeftMidArm": "bind_left_frontLeg_02",
		"LeftUpperArm": "bind_left_shoulder"
	},
	{
		"SkeletonName": "goat_skel",
		"Xform": "Xform",
		"Head": "bind_head_01",
		"Neck": "bind_neck_01",
		"Spine": "bind_spine_02",
		"RightHand": "bind_right_Front_toe",
		"RightForeArm": "bind_right_Front_ankle",
		"RightMidArm": "bind_right_Front_elbow",
		"RightUpperArm": "bind_right_Front_shoulder",
		"LeftHand": "bind_left_Front_toe",
		"LeftForeArm": "bind_left_Front_ankle",
		"LeftMidArm": "bind_left_Front_elbow",
		"LeftUpperArm": "bind_left_Front_shoulder"
	},
	{
		"SkeletonName": "hareSnowshoe_skel",
		"Xform": "Xform",
		"Head": "bind_head_01",
		"Neck": "bind_neck_01",
		"Spine": "bind_spine2",
		"RightHand": "bind_right_frontLeg_03",
		"RightForeArm": "bind_right_frontLeg_03",
		"RightMidArm": "bind_right_frontLeg_02",
		"RightUpperArm": "bind_right_frontLeg_01",
		"LeftHand": "bind_left_frontLeg_03",
		"LeftForeArm": "bind_left_frontLeg_03",
		"LeftMidArm": "bind_left_frontLeg_02",
		"LeftUpperArm": "bind_left_frontLeg_01"
	},
	{
		"SkeletonName": "horse_body_skel",
		"Xform": "Xform",
		"Head": "head_jnt",
		"Neck": "neck_1_jnt",
		"Spine": "spine_3_jnt",
		"LeftEye": "left_eye_jnt",
		"RightEye": "right_eye_jnt"
	},
	{
		"SkeletonName": "mastiff_skel",
		"Xform": "Xform",
		"Head": "c_neck4_BND",
		"Neck": "c_neck4_BND",
		"Spine": "c_spine5_BND",
		"LeftEye": "l_eye1_BND",
		"RightEye": "r_eye1_BND"
	},
	{
		"SkeletonName": "bear_skel",
		"Xform": "Xform",
		"Head": "head_jnt",
		"Neck": "neck_1_jnt",
		"Spine": "spine_3_jnt",
		"LeftEye": "left_eye_jnt",
		"RightEye": "right_eye_jnt",
		"RightHand": "right_claw_jnt",
		"RightForeArm": "right_hand_jnt",
		"RightMidArm": "right_elbow_jnt",
		"RightUpperArm": "bind_right_clav",
		"LeftHand": "left_claw_jnt",
		"LeftForeArm": "left_hand_jnt",
		"LeftMidArm": "right_elbow_jnt",
		"LeftUpperArm": "bind_left_clav"
	},
	{
		"SkeletonName": "wolf_skel",
		"Xform": "Xform",
		"Head": "bind_head_jnt",
		"Neck": "bind_neck_1_jnt",
		"Spine": "bind_spine_2_jnt",
		"LeftEye": "bind_left_eye_jnt",
		"RightEye": "bind_right_eye_jnt",
		"RightHand": "bind_right_fingers_end_jnt",
		"RightForeArm": "bind_right_wrist_jnt",
		"RightMidArm": "bind_right_arm_jnt",
		"RightUpperArm": "bind_right_upperArm_jnt",
		"LeftHand": "bind_left_fingers_end_jnt",
		"LeftForeArm": "bind_left_wrist_jnt",
		"LeftMidArm": "bind_left_arm_jnt",
		"LeftUpperArm": "bind_left_upperArm_jnt"
	},
	{
		"SkeletonName": "elk_skel",
		"Xform": "Xform",
		"Head": "head_jnt",
		"Neck": "neck_1_jnt",
		"Spine": "spine_3_jnt",
		"RightHand": "right_front_phalange_2_jnt",
		"RightForeArm": "right_front_phalange_1_jnt",
		"RightMidArm": "right_cannon_jnt",
		"RightUpperArm": "right_radius_jnt",
		"LeftHand": "left_front_phalange_2_jnt",
		"LeftForeArm": "left_front_phalange_1_jnt",
		"LeftMidArm": "left_cannon_jnt",
		"LeftUpperArm": "left_radius_jnt"
	},
	{
		"SkeletonName": "turkey_skel",
		"Xform": "Xform",
		"Head": "bind_head",
		"Neck": "bind_neck_1",
		"Spine": "bind_spine_2",
		"LeftEye": "bind_head",
		"RightEye": "bind_head",
		"RightHand": "bind_rightFingers",
		"RightForeArm": "bind_rightWrist",
		"RightMidArm": "bind_rightElbow",
		"RightUpperArm": "bind_rightUpperArm",
		"LeftHand": "bind_leftFingers",
		"LeftForeArm": "bind_leftWrist",
		"LeftMidArm": "bind_leftElbow",
		"LeftUpperArm": "bind_leftUpperArm"
	},
	{
		"SkeletonName": "primalLion_skel",
		"Xform": "Xform",
		"Head": "bind_head",
		"Neck": "bind_neck_b",
		"Spine": "bind_spine_c",
		"RightHand": "bind_right_front_ball",
		"RightForeArm": "bind_left_right_lo_arm_twist_a",
		"RightMidArm": "bind_right_front_elbow",
		"RightUpperArm": "bind_right_front_shoulder",
		"LeftHand": "bind_left_front_ball",
		"LeftForeArm": "bind_left_front_lo_arm_twist_a",
		"LeftMidArm": "bind_left_front_elbow",
		"LeftUpperArm": "bind_left_front_shoulder"
	},
	{
		"SkeletonName": "rat_plaguerat_skel",
		"Xform": "Xform",
		"Head": "bind_head",
		"Neck": "bind_neck_a",
		"Spine": "bind_spine_c"
	},
	{
		"SkeletonName": "wildlife_spider_skel",
		"Xform": "Xform",
		"Head": "bind_head",
		"Neck": "bind_neck_a",
		"Spine": "bind_spine_c"
	},
	{
		"SkeletonName": "housing_nightmarespider_skel",
		"Xform": "Xform",
		"Head": "bind_head",
		"Neck": "bind_neck_a",
		"Spine": "bind_spine_c"
	},
	{
		"SkeletonName": "Raccoon_skel",
		"Xform": "Xform",
		"Head": "bind_head_01",
		"Neck": "bind_neck_01",
		"Spine": "bind_spine_04"
	},
	{
		"SkeletonName": "withered_skel",
		"Xform": "Xform",
		"Head": "Head",
		"Neck": "Neck",
		"Spine": "Spine2",
		"LeftEye": "Eye_left_BND",
		"RightEye": "Eye_right_BND",
		"RightHand": "right_hand_attach",
		"RightForeArm": "Forearm_right_twist",
		"RightMidArm": "MidArm_right",
		"RightUpperArm": "UpperArm_right",
		"LeftHand": "left_hand_attach",
		"LeftForeArm": "Forearm_left_twist",
		"LeftMidArm": "MidArm_left",
		"LeftUpperArm": "UpperArm_left"
	},
	{
		"SkeletonName": "withered_grunt_skel",
		"Xform": "Xform",
		"Head": "bind_head",
		"Neck": "bind_spine_a",
		"Spine": "bind_spine_c",
		"RightHand": "bind_right_front_ball",
		"RightForeArm": "bind_left_front_wrist",
		"RightMidArm": "bind_left_front_elbow",
		"RightUpperArm": "bind_left_front_shoulder",
		"LeftHand": "bind_left_front_ball",
		"LeftForeArm": "bind_right_front_wrist",
		"LeftMidArm": "bind_left_front_elbow",
		"LeftUpperArm": "bind_left_front_shoulder"
	},
	{
		"SkeletonName": "withered_regurgitator_skel",
		"Xform": "Xform",
		"Head": "Head",
		"Neck": "Neck",
		"Spine": "Spine2",
		"LeftEye": "Eye_left_BND",
		"RightEye": "Eye_right_BND",
		"RightHand": "right_hand_attach",
		"RightForeArm": "Forearm_right_twist",
		"RightMidArm": "MidArm_right",
		"RightUpperArm": "UpperArm_right",
		"LeftHand": "left_hand_attach",
		"LeftForeArm": "Forearm_left_twist",
		"LeftMidArm": "MidArm_left",
		"LeftUpperArm": "UpperArm_left"
	},
	{
		"SkeletonName": "zombie",
		"Xform": "Xform",
		"Head": "Head",
		"Neck": "Neck",
		"Spine": "Spine2",
		"RightHand": "right_hand_attach",
		"RightForeArm": "Forearm_right_twist",
		"RightMidArm": "MidArm_right",
		"RightUpperArm": "UpperArm_right",
		"LeftHand": "left_hand_attach",
		"LeftForeArm": "Forearm_left_twist",
		"LeftMidArm": "MidArm_left",
		"LeftUpperArm": "UpperArm_left"
	},
	{
		"SkeletonName": "decaying_brute_skel",
		"Xform": "Xform",
		"Head": "bind_head",
		"Neck": "bind_spine_a",
		"Spine": "bind_spine_c",
		"RightHand": "right_hand_attach",
		"RightForeArm": "bind_right_lo_arm_twist_a",
		"RightMidArm": "bind_right_elbow",
		"RightUpperArm": "bind_right_up_arm_twist_a",
		"LeftHand": "left_hand_attach",
		"LeftForeArm": "bind_left_lo_arm_twist_a",
		"LeftMidArm": "bind_left_elbow",
		"LeftUpperArm": "bind_left_up_arm_twist_a"
	},
	{
		"SkeletonName": "lostpikeman_skel",
		"Xform": "Xform",
		"Head": "Head",
		"Neck": "Neck",
		"Spine": "Spine2",
		"LeftEye": "Eye_left_BND",
		"RightEye": "Eye_right_BND",
		"RightHand": "right_hand_attach",
		"RightForeArm": "Forearm_right_twist",
		"RightMidArm": "MidArm_right",
		"RightUpperArm": "UpperArm_right",
		"LeftHand": "left_hand_attach",
		"LeftForeArm": "Forearm_left_twist",
		"LeftMidArm": "MidArm_left",
		"LeftUpperArm": "UpperArm_left"
	},
	{
		"SkeletonName": "lostsiren_skel",
		"Xform": "Xform",
		"Head": "bind_head",
		"Neck": "bind_neck_a",
		"Spine": "bind_spine_c",
		"LeftEye": "bind_left_eyelid",
		"RightEye": "bind_right_eyelid",
		"RightHand": "right_hand_attachment",
		"RightForeArm": "bind_right_lo_arm_twist_a",
		"RightMidArm": "bind_right_elbow",
		"RightUpperArm": "bind_right_up_arm_twist_a",
		"LeftHand": "left_hand_attachment",
		"LeftForeArm": "bind_left_lo_arm_twist_a",
		"LeftMidArm": "bind_left_elbow",
		"LeftUpperArm": "bind_left_up_arm_twist_a"
	},
	{
		"SkeletonName": "isabella_t2_skel",
		"Xform": "Xform",
		"Head": "bind_head",
		"Neck": "bind_neck_a",
		"Spine": "bind_spine_c",
		"LeftEye": "bind_left_eyelid",
		"RightEye": "bind_right_eyelid",
		"RightHand": "right_hand_attachment",
		"RightForeArm": "bind_right_lo_arm_twist_a",
		"RightMidArm": "bind_right_elbow",
		"RightUpperArm": "bind_right_up_arm_twist_a",
		"LeftHand": "left_hand_attachment",
		"LeftForeArm": "bind_left_lo_arm_twist_a",
		"LeftMidArm": "bind_left_elbow",
		"LeftUpperArm": "bind_left_up_arm_twist_a"
	},
	{
		"SkeletonName": "isabella_skel",
		"Xform": "Xform",
		"Head": "bind_head",
		"Neck": "bind_neck_a",
		"Spine": "bind_spine_c",
		"LeftEye": "bind_left_eyelid",
		"RightEye": "bind_right_eyelid",
		"RightHand": "right_hand_attachment",
		"RightForeArm": "bind_right_lo_arm_twist_a",
		"RightMidArm": "bind_right_elbow",
		"RightUpperArm": "bind_right_up_arm_twist_a",
		"LeftHand": "left_hand_attachment",
		"LeftForeArm": "bind_left_lo_arm_twist_a",
		"LeftMidArm": "bind_left_elbow",
		"LeftUpperArm": "bind_left_up_arm_twist_a"
	},
	{
		"SkeletonName": "piratebrute_skel",
		"Xform": "Xform",
		"Head": "bind_head",
		"Neck": "bind_neck_a",
		"Spine": "bind_spine_c",
		"RightHand": "right_hand_attachment",
		"RightForeArm": "bind_right_lo_arm_twist_a",
		"RightMidArm": "bind_right_elbow",
		"RightUpperArm": "bind_right_up_arm_twist_a",
		"LeftHand": "left_hand_attachment",
		"LeftForeArm": "bind_left_lo_arm_twist_a",
		"LeftMidArm": "bind_left_elbow",
		"LeftUpperArm": "bind_left_up_arm_twist_a"
	},
	{
		"SkeletonName": "admiralbrute_skel",
		"Xform": "Xform",
		"Head": "bind_head",
		"Neck": "bind_neck_a",
		"Spine": "bind_spine_c",
		"RightHand": "right_hand_attach",
		"RightForeArm": "bind_right_lo_arm_twist_a",
		"RightMidArm": "bind_right_elbow",
		"RightUpperArm": "bind_right_up_arm_twist_a",
		"LeftHand": "left_hand_attach",
		"LeftForeArm": "bind_left_lo_arm_twist_a",
		"LeftMidArm": "bind_left_elbow",
		"LeftUpperArm": "bind_left_up_arm_twist_a"
	},
	{
		"SkeletonName": "ancientamalgam_skel",
		"Xform": "Xform",
		"Head": "bind_head",
		"Neck": "bind_neck_a",
		"Spine": "bind_spine_c",
		"RightHand": "right_hand_attachment",
		"RightForeArm": "bind_right_lo_arm_twist_a",
		"RightMidArm": "bind_right_elbow",
		"RightUpperArm": "bind_right_up_arm_twist_a",
		"LeftHand": "left_hand_attachment",
		"LeftForeArm": "bind_left_lo_arm_twist_a",
		"LeftMidArm": "bind_left_elbow",
		"LeftUpperArm": "bind_left_up_arm_twist_a"
	},
	{
		"SkeletonName": "halloweenboss_skel",
		"Xform": "Xform",
		"Head": "bind_head",
		"Neck": "bind_neck_a",
		"Spine": "bind_spine_c",
		"LeftEye": "bind_left_eyelid",
		"RightEye": "bind_right_eyelid",
		"RightHand": "right_hand_attachment",
		"RightForeArm": "bind_right_lo_arm_twist_a",
		"RightMidArm": "bind_right_elbow",
		"RightUpperArm": "bind_right_up_arm_twist_a",
		"LeftHand": "left_hand_attachment",
		"LeftForeArm": "bind_left_lo_arm_twist_a",
		"LeftMidArm": "bind_left_elbow",
		"LeftUpperArm": "bind_left_up_arm_twist_a"
	},
	{
		"SkeletonName": "nereid_boss_skel",
		"Xform": "Xform",
		"Head": "bind_head",
		"Neck": "bind_neck_a",
		"Spine": "bind_spine_c",
		"LeftEye": "bind_left_eyelid",
		"RightEye": "bind_right_eyelid",
		"RightHand": "right_hand_attachment",
		"RightForeArm": "bind_right_lo_arm_twist_a",
		"RightMidArm": "bind_right_elbow",
		"RightUpperArm": "bind_right_up_arm_twist_a",
		"LeftHand": "left_hand_attachment",
		"LeftForeArm": "bind_left_lo_arm_twist_a",
		"LeftMidArm": "bind_left_elbow",
		"LeftUpperArm": "bind_left_up_arm_twist_a"
	},
	{
		"SkeletonName": "male_skeleton_ancient",
		"Xform": "Xform",
		"Head": "Head",
		"Neck": "Neck",
		"Spine": "Spine2",
		"LeftEye": "l_mid_brow_BND",
		"RightEye": "r_mid_brow_BND",
		"RightHand": "right_hand_attach",
		"RightForeArm": "Forearm_right_twist",
		"RightMidArm": "MidArm_right",
		"RightUpperArm": "UpperArm_right",
		"LeftHand": "left_hand_attach",
		"LeftForeArm": "Forearm_left_twist",
		"LeftMidArm": "MidArm_left",
		"LeftUpperArm": "UpperArm_left"
	},
	{
		"SkeletonName": "naga_ancient_skel",
		"Xform": "Xform",
		"Head": "bind_head",
		"Neck": "bind_neck_a",
		"Spine": "bind_spine_c",
		"LeftEye": "bind_left_brow",
		"RightEye": "bind_right_brow",
		"RightHand": "right_hand_attach",
		"RightForeArm": "bind_right_lo_arm_twist_a",
		"RightMidArm": "bind_right_elbow",
		"RightUpperArm": "bind_right_up_arm_twist_a",
		"LeftHand": "left_hand_attach",
		"LeftForeArm": "bind_left_lo_arm_twist_a",
		"LeftMidArm": "bind_left_elbow",
		"LeftUpperArm": "bind_left_up_arm_twist_a"
	},
	{
		"SkeletonName": "torso_boss_skel",
		"Xform": "Xform",
		"Head": "bind_head",
		"Neck": "bind_neck_a",
		"Spine": "bind_spine_c",
		"LeftEye": "bind_left_eyelid",
		"RightEye": "bind_right_eyelid",
		"RightHand": "right_hand_attach",
		"RightForeArm": "bind_right_lo_arm_twist_a",
		"RightMidArm": "bind_right_elbow",
		"RightUpperArm": "bind_right_up_arm_twist_a",
		"LeftHand": "left_hand_attach",
		"LeftForeArm": "bind_left_lo_arm_twist_a",
		"LeftMidArm": "bind_left_elbow",
		"LeftUpperArm": "bind_left_up_arm_twist_a"
	},
	{
		"SkeletonName": "ghost_skel",
		"Xform": "Xform",
		"Head": "c_neck3_BND",
		"Neck": "c_neck3_BND",
		"Spine": "c_spine3_BND",
		"LeftEye": "l_eyebrow1_BND",
		"RightEye": "r_eyebrow1_BND",
		"RightHand": "l_wrist2_BND",
		"RightForeArm": "l_arm3_BND",
		"RightMidArm": "l_arm2_BND",
		"RightUpperArm": "l_arm1_BND",
		"LeftHand": "r_wrist2_BND",
		"LeftForeArm": "r_arm3_BND",
		"LeftMidArm": "r_arm2_BND",
		"LeftUpperArm": "r_arm1_BND"
	},
	{
		"SkeletonName": "spirit_skel",
		"Xform": "Xform",
		"Head": "c_neck3_BND",
		"Neck": "c_neck3_BND"
	},
	{
		"SkeletonName": "npc_invasion_skel",
		"Xform": "Xform",
		"Head": "Head",
		"Neck": "Neck",
		"Spine": "Spine2",
		"RightHand": "right_hand_attach",
		"RightForeArm": "Forearm_right_twist",
		"RightMidArm": "MidArm_right",
		"RightUpperArm": "UpperArm_right",
		"LeftHand": "left_hand_attach",
		"LeftForeArm": "Forearm_left_twist",
		"LeftMidArm": "MidArm_left",
		"LeftUpperArm": "UpperArm_left"
	},
	{
		"SkeletonName": "broken_cook_skel",
		"Xform": "Xform",
		"Head": "Head",
		"Neck": "Neck",
		"Spine": "Spine2",
		"LeftEye": "Eye_left_BND",
		"RightEye": "Eye_right_BND",
		"RightHand": "right_hand_attach",
		"RightForeArm": "Forearm_right_twist",
		"RightMidArm": "MidArm_right",
		"RightUpperArm": "UpperArm_right",
		"LeftHand": "left_hand_attach",
		"LeftForeArm": "Forearm_left_twist",
		"LeftMidArm": "MidArm_left",
		"LeftUpperArm": "UpperArm_left"
	},
	{
		"SkeletonName": "invasion_raider_skel",
		"Xform": "Xform",
		"Head": "bind_head",
		"Neck": "bind_neck_a",
		"Spine": "bind_spine_c",
		"RightHand": "right_hand_attach",
		"RightForeArm": "Forearm_right_twist",
		"RightMidArm": "MidArm_right",
		"RightUpperArm": "UpperArm_right",
		"LeftHand": "left_hand_attach",
		"LeftForeArm": "Forearm_left_twist",
		"LeftMidArm": "MidArm_left",
		"LeftUpperArm": "UpperArm_left"
	},
	{
		"SkeletonName": "invasion_grunt_skel",
		"Xform": "Xform",
		"Head": "bind_head",
		"Neck": "bind_neck_a",
		"Spine": "bind_spine_c",
		"RightHand": "bind_right_front_ball",
		"RightForeArm": "bind_left_front_wrist",
		"RightMidArm": "bind_left_front_elbow",
		"RightUpperArm": "bind_left_front_shoulder",
		"LeftHand": "bind_left_front_ball",
		"LeftForeArm": "bind_right_front_wrist",
		"LeftMidArm": "bind_left_front_elbow",
		"LeftUpperArm": "bind_left_front_shoulder"
	},
	{
		"SkeletonName": "invasion_bomber_skel",
		"Xform": "Xform",
		"Head": "Head",
		"Neck": "Neck",
		"Spine": "Spine2",
		"RightHand": "right_hand_attach",
		"RightForeArm": "Forearm_right_twist",
		"RightMidArm": "MidArm_right",
		"RightUpperArm": "UpperArm_right",
		"LeftHand": "left_hand_attach",
		"LeftForeArm": "Forearm_left_twist",
		"LeftMidArm": "MidArm_left",
		"LeftUpperArm": "UpperArm_left"
	},
	{
		"SkeletonName": "bomber",
		"Xform": "Xform",
		"Head": "Head",
		"Neck": "Neck",
		"Spine": "Spine2",
		"LeftEye": "Eye_left_BND",
		"RightEye": "Eye_right_BND",
		"RightHand": "right_hand_attach",
		"RightForeArm": "Forearm_right_twist",
		"RightMidArm": "MidArm_right",
		"RightUpperArm": "UpperArm_right",
		"LeftHand": "left_hand_attach",
		"LeftForeArm": "Forearm_left_twist",
		"LeftMidArm": "MidArm_left",
		"LeftUpperArm": "UpperArm_left"
	},
	{
		"SkeletonName": "damnedbear_invasion_skel",
		"Xform": "Xform",
		"Head": "head_jnt",
		"Neck": "neck_1_jnt",
		"Spine": "spine_3_jnt",
		"RightHand": "right_hand_jnt",
		"LeftHand": "left_hand_jnt"
	},
	{
		"SkeletonName": "male_damnedcommander_body_skel",
		"Xform": "Xform",
		"Head": "Head",
		"Neck": "Neck",
		"Spine": "Spine2",
		"LeftEye": "Eye_left_BND",
		"RightEye": "Eye_right_BND",
		"RightHand": "right_hand_attach",
		"RightForeArm": "Forearm_right_twist",
		"RightMidArm": "MidArm_right",
		"RightUpperArm": "UpperArm_right",
		"LeftHand": "left_hand_attach",
		"LeftForeArm": "Forearm_left_twist",
		"LeftMidArm": "MidArm_left",
		"LeftUpperArm": "UpperArm_left"
	},
	{
		"SkeletonName": "male_damnedcommander_scaled_invasion_skel",
		"Xform": "Xform",
		"Head": "Head",
		"Neck": "Neck",
		"Spine": "Spine2",
		"LeftEye": "Eye_left_BND",
		"RightEye": "Eye_right_BND",
		"RightHand": "right_hand_attach",
		"RightForeArm": "Forearm_right_twist",
		"RightMidArm": "MidArm_right",
		"RightUpperArm": "UpperArm_right",
		"LeftHand": "left_hand_attach",
		"LeftForeArm": "Forearm_left_twist",
		"LeftMidArm": "MidArm_left",
		"LeftUpperArm": "UpperArm_left"
	},
	{
		"SkeletonName": "corrupted_acolyte",
		"Xform": "Xform",
		"Head": "Head",
		"Neck": "Neck",
		"Spine": "Spine2",
		"LeftEye": "Eye_left_BND",
		"RightEye": "Eye_right_BND",
		"RightHand": "right_hand_attach",
		"RightForeArm": "Forearm_right_twist",
		"RightMidArm": "MidArm_right",
		"RightUpperArm": "UpperArm_right",
		"LeftHand": "left_hand_attach",
		"LeftForeArm": "Forearm_left_twist",
		"LeftMidArm": "MidArm_left",
		"LeftUpperArm": "UpperArm_left"
	},
	{
		"SkeletonName": "corrupted_heavy_skel",
		"Xform": "Xform",
		"Head": "Head",
		"Neck": "Neck",
		"Spine": "Spine2",
		"LeftEye": "Eye_left_BND",
		"RightEye": "Eye_right_BND",
		"RightHand": "right_hand_attach",
		"RightForeArm": "Forearm_right_twist",
		"RightMidArm": "MidArm_right",
		"RightUpperArm": "UpperArm_right",
		"LeftHand": "left_hand_attach",
		"LeftForeArm": "Forearm_left_twist",
		"LeftMidArm": "MidArm_left",
		"LeftUpperArm": "UpperArm_left"
	},
	{
		"SkeletonName": "corrupted_lesser_cultist",
		"Xform": "Xform",
		"Head": "Head",
		"Neck": "Neck",
		"Spine": "Spine2",
		"LeftEye": "Eye_left_BND",
		"RightEye": "Eye_right_BND",
		"RightHand": "right_hand_attach",
		"RightForeArm": "Forearm_right_twist",
		"RightMidArm": "MidArm_right",
		"RightUpperArm": "UpperArm_right",
		"LeftHand": "left_hand_attach",
		"LeftForeArm": "Forearm_left_twist",
		"LeftMidArm": "MidArm_left",
		"LeftUpperArm": "UpperArm_left"
	},
	{
		"SkeletonName": "corrupted_ogre",
		"Xform": "Xform",
		"Head": "bind_head",
		"Neck": "bind_neck_a",
		"Spine": "bind_spine_c",
		"RightHand": "right_hand_attachment",
		"RightForeArm": "bind_right_lo_arm_twist_a",
		"RightMidArm": "bind_right_elbow",
		"RightUpperArm": "bind_right_up_arm_twist_a",
		"LeftHand": "left_hand_attachment",
		"LeftForeArm": "bind_left_lo_arm_twist_a",
		"LeftMidArm": "bind_left_elbow",
		"LeftUpperArm": "bind_left_up_arm_twist_a"
	},
	{
		"SkeletonName": "corrupted_tendril_skel",
		"Xform": "Xform",
		"Head": "bind_hook",
		"Spine": "spine_beam",
		"LeftEye": "bind_hook",
		"RightEye": "bind_hook",
		"RightHand": "bind_spline_k",
		"RightForeArm": "bind_spline_i",
		"RightMidArm": "bind_spline_g",
		"RightUpperArm": "bind_spline_f",
		"LeftHand": "bind_spline_l",
		"LeftForeArm": "bind_spline_j",
		"LeftMidArm": "bind_spline_h",
		"LeftUpperArm": "bind_spline_e"
	},
	{
		"SkeletonName": "corruption_thrower",
		"Xform": "Xform",
		"Head": "Head",
		"Neck": "Neck",
		"Spine": "c_spineTwist5_BND",
		"LeftEye": "Eye_left_BND",
		"RightEye": "Eye_right_BND",
		"RightHand": "right_hand_attach",
		"RightForeArm": "Forearm_right_twist",
		"RightMidArm": "MidArm_right",
		"RightUpperArm": "UpperArm_right",
		"LeftHand": "left_hand_attach",
		"LeftForeArm": "Forearm_left_twist",
		"LeftMidArm": "MidArm_left",
		"LeftUpperArm": "UpperArm_left"
	},
	{
		"SkeletonName": "corruptionentity_skel",
		"Xform": "Xform",
		"Head": "Head",
		"Neck": "Neck",
		"Spine": "c_spineTwist5_BND",
		"LeftEye": "Eye_left_BND",
		"RightEye": "Eye_right_BND",
		"RightHand": "right_hand_attach",
		"RightForeArm": "Forearm_right_twist",
		"RightMidArm": "MidArm_right",
		"RightUpperArm": "UpperArm_right",
		"LeftHand": "left_hand_attach",
		"LeftForeArm": "Forearm_left_twist",
		"LeftMidArm": "MidArm_left",
		"LeftUpperArm": "UpperArm_left"
	},
	{
		"SkeletonName": "corruptionswarm",
		"Xform": "Xform",
		"Head": "Head",
		"Neck": "Neck",
		"Spine": "Spine3",
		"LeftEye": "Eye_left_BND",
		"RightEye": "Eye_right_BND",
		"RightHand": "right_hand_attach",
		"RightForeArm": "Forearm_right_twist",
		"RightMidArm": "MidArm_right",
		"RightUpperArm": "UpperArm_right",
		"LeftHand": "left_hand_attach",
		"LeftForeArm": "Forearm_left_twist",
		"LeftMidArm": "MidArm_left",
		"LeftUpperArm": "UpperArm_left"
	},
	{
		"SkeletonName": "corrupted_spriggan_invasion_skel",
		"Xform": "Xform",
		"Head": "Head",
		"Neck": "Neck",
		"Spine": "Spine3",
		"RightHand": "right_hand_attach",
		"RightForeArm": "Forearm_right_twist",
		"RightMidArm": "MidArm_right",
		"RightUpperArm": "UpperArm_right",
		"LeftHand": "left_hand_attach",
		"LeftForeArm": "Forearm_left_twist",
		"LeftMidArm": "MidArm_left",
		"LeftUpperArm": "UpperArm_left"
	},
	{
		"SkeletonName": "damnedwolf_skel",
		"Xform": "bind_xform",
		"Head": "bind_head_jnt",
		"Neck": "bind_neck_1_jnt",
		"Spine": "bind_spine_2_jnt",
		"LeftEye": "bind_left_eye_jnt",
		"RightEye": "bind_right_eye_jnt",
		"RightHand": "bind_right_hand_jnt",
		"RightForeArm": "bind_right_wrist_jnt",
		"RightMidArm": "bind_right_arm_jnt",
		"RightUpperArm": "bind_right_clav_jnt",
		"LeftHand": "bind_left_hand_jnt",
		"LeftForeArm": "bind_right_wrist_jnt",
		"LeftMidArm": "bind_left_arm_jnt",
		"LeftUpperArm": "bind_left_clav_jnt"
	},
	{
		"SkeletonName": "damnedpriest_skel",
		"Xform": "Xform",
		"Head": "Head",
		"Neck": "Neck",
		"Spine": "Spine2",
		"LeftEye": "Eye_left_BND",
		"RightEye": "Eye_right_BND",
		"RightHand": "right_hand_attach",
		"RightForeArm": "Forearm_right_twist",
		"RightMidArm": "MidArm_right",
		"RightUpperArm": "UpperArm_right",
		"LeftHand": "left_hand_attach",
		"LeftForeArm": "Forearm_left_twist",
		"LeftMidArm": "MidArm_left",
		"LeftUpperArm": "UpperArm_left"
	},
	{
		"SkeletonName": "corrupted_dynasty_maiden_skel",
		"Xform": "Xform",
		"Head": "bind_head",
		"Neck": "bind_neck_a",
		"Spine": "bind_spine_c",
		"LeftEye": "bind_left_eyelid",
		"RightEye": "bind_right_eyelid",
		"RightHand": "right_hand_attachment",
		"RightForeArm": "bind_right_lo_arm_twist_a",
		"RightMidArm": "bind_right_elbow",
		"RightUpperArm": "bind_right_up_arm_twist_a",
		"LeftHand": "left_hand_attachment",
		"LeftForeArm": "bind_left_lo_arm_twist_a",
		"LeftMidArm": "bind_left_elbow",
		"LeftUpperArm": "bind_left_up_arm_twist_a"
	},
	{
		"SkeletonName": "dynasty_summoner",
		"Xform": "Xform",
		"Head": "Head",
		"Neck": "Neck",
		"Spine": "Spine2",
		"LeftEye": "Eye_left_BND",
		"RightEye": "Eye_right_BND",
		"RightHand": "right_hand_attach",
		"RightForeArm": "Forearm_right_twist",
		"RightMidArm": "MidArm_right",
		"RightUpperArm": "UpperArm_right",
		"LeftHand": "left_hand_attach",
		"LeftForeArm": "Forearm_left_twist",
		"LeftMidArm": "MidArm_left",
		"LeftUpperArm": "UpperArm_left"
	},
	{
		"SkeletonName": "corrupteddynastyempress_skel",
		"Xform": "Xform",
		"Head": "bind_head",
		"Neck": "bind_neck_a",
		"Spine": "bind_spine_c",
		"LeftEye": "bind_left_eyelid",
		"RightEye": "bind_right_eyelid",
		"RightHand": "right_hand_attachment",
		"RightForeArm": "bind_right_lo_arm_twist_a",
		"RightMidArm": "bind_right_elbow",
		"RightUpperArm": "bind_right_up_arm_twist_a",
		"LeftHand": "left_hand_attachment",
		"LeftForeArm": "bind_left_lo_arm_twist_a",
		"LeftMidArm": "bind_left_elbow",
		"LeftUpperArm": "bind_left_up_arm_twist_a"
	},
	{
		"SkeletonName": "damned_skel",
		"Xform": "Xform",
		"Head": "Head",
		"Neck": "Neck",
		"Spine": "Spine2",
		"LeftEye": "Eye_left_BND",
		"RightEye": "Eye_right_BND",
		"RightHand": "right_hand_attach",
		"RightForeArm": "Forearm_right_twist",
		"RightMidArm": "MidArm_right",
		"RightUpperArm": "UpperArm_right",
		"LeftHand": "left_hand_attach",
		"LeftForeArm": "Forearm_left_twist",
		"LeftMidArm": "MidArm_left",
		"LeftUpperArm": "UpperArm_left"
	},
	{
		"SkeletonName": "blightfiend",
		"Xform": "Xform",
		"Head": "Head",
		"Neck": "Neck",
		"Spine": "c_spineTwist5_BND",
		"LeftEye": "Eye_left_BND",
		"RightEye": "Eye_right_BND",
		"RightHand": "right_hand_attach",
		"RightForeArm": "Forearm_right_twist",
		"RightMidArm": "MidArm_right",
		"RightUpperArm": "UpperArm_right",
		"LeftHand": "left_hand_attach",
		"LeftForeArm": "Forearm_left_twist",
		"LeftMidArm": "MidArm_left",
		"LeftUpperArm": "UpperArm_left"
	},
	{
		"SkeletonName": "dryad_beast_skel",
		"Xform": "Xform",
		"Head": "bind_head",
		"Neck": "bind_neck_a",
		"Spine": "bind_spine_c",
		"LeftEye": "bind_left_eyelid",
		"RightEye": "bind_right_eyelid",
		"RightHand": "right_hand_attachment",
		"RightForeArm": "bind_right_lo_arm_twist_a",
		"RightMidArm": "bind_right_elbow",
		"RightUpperArm": "bind_right_up_arm_twist_a",
		"LeftHand": "left_hand_attachment",
		"LeftForeArm": "bind_left_lo_arm_twist_a",
		"LeftMidArm": "bind_left_elbow",
		"LeftUpperArm": "bind_left_up_arm_twist_a"
	},
	{
		"SkeletonName": "dryad_blightfiend",
		"Xform": "Xform",
		"Head": "Head",
		"Neck": "Neck",
		"Spine": "Spine2",
		"LeftEye": "Eye_left_BND",
		"RightEye": "Eye_right_BND",
		"RightHand": "right_hand_attach",
		"RightForeArm": "Forearm_right_twist",
		"RightMidArm": "MidArm_right",
		"RightUpperArm": "UpperArm_right",
		"LeftHand": "left_hand_attach",
		"LeftForeArm": "Forearm_left_twist",
		"LeftMidArm": "MidArm_left",
		"LeftUpperArm": "UpperArm_left"
	},
	{
		"SkeletonName": "dryadprowler_skel",
		"Xform": "Xform",
		"Head": "Head",
		"Neck": "Neck",
		"Spine": "Spine2",
		"LeftEye": "Eye_left_BND",
		"RightEye": "Eye_right_BND",
		"RightHand": "right_hand_attach",
		"RightForeArm": "Forearm_right_twist",
		"RightMidArm": "MidArm_right",
		"RightUpperArm": "UpperArm_right",
		"LeftHand": "left_hand_attach",
		"LeftForeArm": "Forearm_left_twist",
		"LeftMidArm": "MidArm_left",
		"LeftUpperArm": "UpperArm_left"
	},
	{
		"SkeletonName": "dryadshaman_skel",
		"Xform": "Xform",
		"Head": "Head",
		"Neck": "Neck",
		"Spine": "Spine2",
		"LeftEye": "Eye_left_BND",
		"RightEye": "Eye_right_BND",
		"RightHand": "right_hand_attach",
		"RightForeArm": "Forearm_right_twist",
		"RightMidArm": "MidArm_right",
		"RightUpperArm": "UpperArm_right",
		"LeftHand": "left_hand_attach",
		"LeftForeArm": "Forearm_left_twist",
		"LeftMidArm": "MidArm_left",
		"LeftUpperArm": "UpperArm_left"
	},
	{
		"SkeletonName": "dryad_soldier",
		"Xform": "Xform",
		"Head": "Head",
		"Neck": "Neck",
		"Spine": "Spine2",
		"LeftEye": "Eye_left_BND",
		"RightEye": "Eye_right_BND",
		"RightHand": "right_hand_attach",
		"RightForeArm": "Forearm_right_twist",
		"RightMidArm": "MidArm_right",
		"RightUpperArm": "UpperArm_right",
		"LeftHand": "left_hand_attach",
		"LeftForeArm": "Forearm_left_twist",
		"LeftMidArm": "MidArm_left",
		"LeftUpperArm": "UpperArm_left"
	},
	{
		"SkeletonName": "bog_monster",
		"Xform": "Xform",
		"Head": "Head",
		"Neck": "Neck",
		"Spine": "Spine3",
		"LeftEye": "Eye_left_BND",
		"RightEye": "Eye_right_BND",
		"RightHand": "right_hand_attach",
		"RightForeArm": "Forearm_twist02_right",
		"RightMidArm": "UpperArm_twist03_right",
		"RightUpperArm": "UpperArm_right",
		"LeftHand": "left_hand_attach",
		"LeftForeArm": "Forearm_twist02_left",
		"LeftMidArm": "UpperArm_twist03_left",
		"LeftUpperArm": "UpperArm_left"
	},
	{
		"SkeletonName": "apophisproxy_skel",
		"Xform": "Xform",
		"Head": "bind_head",
		"Neck": "bind_neck_a",
		"Spine": "bind_spine_c",
		"LeftEye": "bind_left_eyelid",
		"RightEye": "bind_right_eyelid",
		"RightHand": "right_hand_attach",
		"RightForeArm": "bind_right_lo_arm_twist_a",
		"RightMidArm": "bind_right_elbow",
		"RightUpperArm": "bind_right_up_arm_twist_a",
		"LeftHand": "left_hand_attach",
		"LeftForeArm": "bind_left_lo_arm_twist_a",
		"LeftMidArm": "bind_left_elbow",
		"LeftUpperArm": "bind_left_up_arm_twist_a"
	},
	{
		"SkeletonName": "ElementalSandShaman_skel",
		"Xform": "Xform",
		"Head": "bind_head",
		"Neck": "bind_neck_a",
		"Spine": "bind_spine_c",
		"LeftEye": "bind_left_eyelid",
		"RightEye": "bind_right_eyelid",
		"RightHand": "right_hand_attach",
		"RightForeArm": "bind_right_lo_arm_twist_a",
		"RightMidArm": "bind_right_elbow",
		"RightUpperArm": "bind_right_up_arm_twist_a",
		"LeftHand": "left_hand_attach",
		"LeftForeArm": "bind_left_lo_arm_twist_a",
		"LeftMidArm": "bind_left_elbow",
		"LeftUpperArm": "bind_left_up_arm_twist_a"
	},
	{
		"SkeletonName": "scorpion_skel",
		"Xform": "Xform",
		"Head": "bind_head",
		"Neck": "bind_neck_a",
		"Spine": "bind_spine_b",
		"RightHand": "bind_right_hand_thumb_a",
		"RightForeArm": "bind_right_wrist",
		"RightMidArm": "bind_right_elbow",
		"RightUpperArm": "bind_right_shoulder",
		"LeftHand": "bind_left_hand_thumb_a",
		"LeftForeArm": "bind_left_wrist",
		"LeftMidArm": "bind_left_elbow",
		"LeftUpperArm": "bind_left_shoulder"
	},
	{
		"SkeletonName": "desertscorpionsulfur_skel",
		"Xform": "Xform",
		"Head": "bind_head",
		"Neck": "bind_neck_a",
		"Spine": "bind_spine_b",
		"RightHand": "bind_right_hand_thumb_a",
		"RightForeArm": "bind_right_wrist",
		"RightMidArm": "bind_right_elbow",
		"RightUpperArm": "bind_right_shoulder",
		"LeftHand": "bind_left_hand_thumb_a",
		"LeftForeArm": "bind_left_wrist",
		"LeftMidArm": "bind_left_elbow",
		"LeftUpperArm": "bind_left_shoulder"
	},
	{
		"SkeletonName": "scarab_skel",
		"Xform": "Xform",
		"Head": "bind_head",
		"Neck": "bind_neck_a",
		"Spine": "bind_spine_b",
		"RightHand": "bind_right_wrist",
		"RightForeArm": "bind_right_wrist",
		"RightMidArm": "bind_right_elbow",
		"RightUpperArm": "bind_right_shoulder",
		"LeftHand": "bind_left_wrist",
		"LeftForeArm": "bind_left_wrist",
		"LeftMidArm": "bind_left_elbow",
		"LeftUpperArm": "bind_left_shoulder"
	},
	{
		"SkeletonName": "sulfurdragon_skel",
		"Xform": "xform_C0_0_jnt",
		"Head": "neck_C0_head_jnt",
		"Neck": "neck_C0_2_jnt",
		"Spine": "spine_C1_3_jnt",
		"RightHand": "frontPaw_toes_R1_0_jnt",
		"RightForeArm": "arm_R0_lowerarm_twist_01_jnt",
		"RightMidArm": "arm_R0_lowerarm_jnt",
		"RightUpperArm": "arm_R0_upperarm_twist_01_jnt",
		"LeftHand": "frontPaw_toes_L1_0_jnt",
		"LeftForeArm": "arm_L0_lowerarm_twist_01_jnt",
		"LeftMidArm": "arm_L0_lowerarm_jnt",
		"LeftUpperArm": "arm_L0_upperarm_twist_01_jnt"
	},
	{
		"SkeletonName": "spriggan_forest_skel",
		"Xform": "xform",
		"Head": "Head",
		"Neck": "Neck",
		"Spine": "Spine3",
		"RightHand": "right_hand_attach",
		"RightForeArm": "Forearm_twist02_right",
		"RightMidArm": "UpperArm_twist03_right",
		"RightUpperArm": "UpperArm_right",
		"LeftHand": "left_hand_attach",
		"LeftForeArm": "Forearm_twist02_left",
		"LeftMidArm": "UpperArm_twist03_left",
		"LeftUpperArm": "UpperArm_left"
	},
	{
		"SkeletonName": "spriggan_proto_skel",
		"Xform": "Xform",
		"Head": "head",
		"Neck": "neck",
		"Spine": "spine2",
		"RightHand": "r_wrist",
		"RightForeArm": "Forearm_twist03_right",
		"RightMidArm": "Forearm_twist01_right",
		"RightUpperArm": "UpperArm_right",
		"LeftHand": "l_wrist",
		"LeftForeArm": "Forearm_twist03_left",
		"LeftMidArm": "Forearm_twist01_left",
		"LeftUpperArm": "UpperArm_right"
	},
	{
		"SkeletonName": "spriggan_forest_worm_mesh_proxy_skel",
		"Xform": "Xform",
		"Head": "Head",
		"Neck": "Neck",
		"Spine": "spine3",
		"LeftEye": "Eye_left_BND",
		"RightEye": "Eye_right_BND",
		"RightHand": "right_hand_attach",
		"RightForeArm": "Forearm_twist03_right",
		"RightMidArm": "Forearm_twist01_right",
		"RightUpperArm": "UpperArm_right",
		"LeftHand": "left_hand_attach",
		"LeftForeArm": "Forearm_twist03_left",
		"LeftMidArm": "Forearm_twist01_left",
		"LeftUpperArm": "UpperArm_right"
	},
	{
		"SkeletonName": "spriggan_sulfur_skel",
		"Xform": "Xform",
		"Head": "bind_head_01",
		"Neck": "bind_neck_01",
		"Spine": "bind_spine_04",
		"RightHand": "right_hand_attach",
		"RightForeArm": "Forearm_twist03_right",
		"RightMidArm": "Forearm_twist01_right",
		"RightUpperArm": "UpperArm_right",
		"LeftHand": "left_hand_attach",
		"LeftForeArm": "Forearm_twist03_left",
		"LeftMidArm": "Forearm_twist01_left",
		"LeftUpperArm": "UpperArm_right"
	},
	{
		"SkeletonName": "upyr_guardian_skel",
		"Xform": "Xform",
		"Head": "bind_head",
		"Neck": "bind_neck_a",
		"Spine": "bind_spine_c",
		"LeftEye": "bind_left_eyelid",
		"RightEye": "bind_right_eyelid",
		"RightHand": "right_hand_attach",
		"RightForeArm": "bind_right_lo_arm_twist_a",
		"RightMidArm": "bind_right_elbow",
		"RightUpperArm": "bind_right_up_arm_twist_a",
		"LeftHand": "left_hand_attach",
		"LeftForeArm": "bind_left_lo_arm_twist_a",
		"LeftMidArm": "bind_left_elbow",
		"LeftUpperArm": "bind_left_up_arm_twist_a"
	},
	{
		"SkeletonName": "upyr_baroness_skel",
		"Xform": "Xform",
		"Head": "bind_head",
		"Neck": "bind_neck_a",
		"Spine": "bind_spine_c",
		"LeftEye": "bind_left_eyelid_lower",
		"RightEye": "bind_right_eyelid_lower",
		"RightHand": "right_hand_attach",
		"RightForeArm": "bind_right_lo_arm_twist_a",
		"RightMidArm": "bind_right_elbow",
		"RightUpperArm": "bind_right_up_arm_twist_a",
		"LeftHand": "left_hand_attach",
		"LeftForeArm": "bind_left_lo_arm_twist_a",
		"LeftMidArm": "bind_left_elbow",
		"LeftUpperArm": "bind_left_up_arm_twist_a"
	},
	{
		"SkeletonName": "upyrshade_skel",
		"Xform": "Xform",
		"Head": "bind_head",
		"Neck": "bind_spine_a",
		"Spine": "bind_spine_c",
		"LeftEye": "bind_left_eyelid_bttm",
		"RightEye": "bind_right_eyelid_bttm",
		"RightHand": "right_hand_weapon_attachment",
		"RightForeArm": "bind_right_lo_arm_twist_a",
		"RightMidArm": "bind_right_elbow",
		"RightUpperArm": "bind_right_up_arm_twist_a",
		"LeftHand": "left_hand_weapon_attachment",
		"LeftForeArm": "bind_left_lo_arm_twist_a",
		"LeftMidArm": "bind_left_elbow",
		"LeftUpperArm": "bind_left_up_arm_twist_a"
	},
	{
		"SkeletonName": "mindthief_skel",
		"Xform": "Xform",
		"Head": "bind_head",
		"Neck": "bind_spine_a",
		"Spine": "bind_spine_c",
		"RightHand": "right_hand_weapon_attachment",
		"RightForeArm": "bind_right_lo_arm_twist_a",
		"RightMidArm": "bind_right_elbow",
		"RightUpperArm": "bind_right_up_arm_twist_a",
		"LeftHand": "left_hand_weapon_attachment",
		"LeftForeArm": "bind_left_lo_arm_twist_a",
		"LeftMidArm": "bind_left_elbow",
		"LeftUpperArm": "bind_left_up_arm_twist_a"
	},
	{
		"SkeletonName": "upyrconsort_skel",
		"Xform": "Xform",
		"Head": "bind_head",
		"Neck": "bind_spine_a",
		"Spine": "bind_spine_c",
		"LeftEye": "bind_left_eyelid_lower",
		"RightEye": "bind_right_eyelid_lower",
		"RightHand": "right_hand_weapon_attachment",
		"RightForeArm": "bind_right_lo_arm_twist_a",
		"RightMidArm": "bind_right_elbow",
		"RightUpperArm": "bind_right_up_arm_twist_a",
		"LeftHand": "left_hand_weapon_attachment",
		"LeftForeArm": "bind_left_lo_arm_twist_a",
		"LeftMidArm": "bind_left_elbow",
		"LeftUpperArm": "bind_left_up_arm_twist_a"
	},
	{
		"SkeletonName": "archivist_boss_skel",
		"Xform": "Xform",
		"Head": "bind_head",
		"Neck": "bind_spine_a",
		"Spine": "bind_spine_c",
		"LeftEye": "bind_left_eyelid_lower",
		"RightEye": "bind_right_eyelid_lower",
		"RightHand": "right_hand_weapon_attachment",
		"RightForeArm": "bind_right_lo_arm_twist_a",
		"RightMidArm": "bind_right_elbow",
		"RightUpperArm": "bind_right_up_arm_twist_a",
		"LeftHand": "left_hand_weapon_attachment",
		"LeftForeArm": "bind_left_lo_arm_twist_a",
		"LeftMidArm": "bind_left_elbow",
		"LeftUpperArm": "bind_left_up_arm_twist_a"
	},
	{
		"SkeletonName": "sandworm_skel",
		"Xform": "xform_C0_0_jnt",
		"Head": "Head_C0_0_jnt",
		"LeftEye": "spline_C0_2_jnt",
		"RightEye": "spline_C0_2_jnt"
	},
	{
		"SkeletonName": "halloweenplaguer_skel",
		"Xform": "xform",
		"Head": "Head",
		"Neck": "Neck_rig",
		"Spine": "Spine3",
		"LeftEye": "Look",
		"RightEye": "Look",
		"RightHand": "right_hand_attach",
		"RightForeArm": "Forearm_right",
		"RightMidArm": "UpperArm_right",
		"RightUpperArm": "UpperArm_right",
		"LeftHand": "left_hand_attach",
		"LeftForeArm": "Forearm_left",
		"LeftMidArm": "UpperArm_left",
		"LeftUpperArm": "UpperArm_left"
	},
	{
		"SkeletonName": "halloweengourdspewer_skel",
		"Xform": "Xform",
		"Head": "bind_head",
		"Neck": "bind_neck_a",
		"Spine": "bind_spine_c",
		"LeftEye": "bind_left_eyelid",
		"RightEye": "bind_right_eyelid",
		"RightHand": "right_hand_attach",
		"RightForeArm": "bind_right_lo_arm_twist_a",
		"RightMidArm": "bind_right_elbow",
		"RightUpperArm": "bind_right_up_arm_twist_a",
		"LeftHand": "left_hand_attach",
		"LeftForeArm": "bind_left_lo_arm_twist_a",
		"LeftMidArm": "bind_left_elbow",
		"LeftUpperArm": "bind_left_up_arm_twist_a"
	},
	{
		"SkeletonName": "npc_horus_skel",
		"Xform": "Xform",
		"Head": "Head",
		"Neck": "Neck",
		"Spine": "Spine2",
		"LeftEye": "Eye_left_BND",
		"RightEye": "Eye_right_BND",
		"RightHand": "right_hand_attach",
		"RightForeArm": "Forearm_right_twist",
		"RightMidArm": "MidArm_right",
		"RightUpperArm": "UpperArm_right",
		"LeftHand": "left_hand_attach",
		"LeftForeArm": "Forearm_left_twist",
		"LeftMidArm": "MidArm_left",
		"LeftUpperArm": "UpperArm_left"
	},
	{
		"SkeletonName": "anubianguardian_brute_skel",
		"Xform": "Xform",
		"Head": "bind_head",
		"Neck": "bind_neck_a",
		"Spine": "bind_spine_a",
		"RightHand": "right_hand_attach",
		"RightForeArm": "bind_right_lo_arm_twist_a",
		"RightMidArm": "bind_right_elbow",
		"RightUpperArm": "bind_right_up_arm_twist_a",
		"LeftHand": "left_hand_attach",
		"LeftForeArm": "bind_left_lo_arm_twist_a",
		"LeftMidArm": "bind_left_elbow",
		"LeftUpperArm": "bind_left_up_arm_twist_a"
	},
	{
		"SkeletonName": "armadillo_skel",
		"Xform": "Xform",
		"Head": "bind_head_01",
		"Neck": "bind_neck_01",
		"Spine": "bind_spine_03",
		"RightHand": "bind_right_frontFoot_01",
		"RightForeArm": "bind_right_frontLeg_03",
		"RightMidArm": "bind_right_frontLeg_02",
		"RightUpperArm": "bind_right_frontLeg_01",
		"LeftHand": "bind_left_frontFoot_01",
		"LeftForeArm": "bind_left_frontLeg_03",
		"LeftMidArm": "bind_left_frontLeg_02",
		"LeftUpperArm": "bind_left_frontLeg_01"
	},
	{
		"SkeletonName": "armadillocurled_skel",
		"Xform": "Xform",
		"Head": "Xform",
		"Neck": "Xform",
		"Spine": "Xform",
		"RightHand": "Xform",
		"RightForeArm": "Xform",
		"RightMidArm": "Xform",
		"RightUpperArm": "Xform",
		"LeftHand": "Xform",
		"LeftForeArm": "Xform",
		"LeftMidArm": "Xform",
		"LeftUpperArm": "Xform"
	},
	{
		"SkeletonName": "firechampion_skel",
		"Xform": "Xform",
		"Head": "Head",
		"Neck": "Neck",
		"Spine": "Spine2",
		"LeftEye": "Eye_left_BND",
		"RightEye": "Eye_right_BND",
		"RightHand": "Hand_right",
		"RightForeArm": "Forearm_right_twist",
		"RightMidArm": "MidArm_right",
		"RightUpperArm": "UpperArm_right",
		"LeftHand": "Hand_left",
		"LeftForeArm": "Forearm_left_twist",
		"LeftMidArm": "MidArm_left",
		"LeftUpperArm": "UpperArm_left"
	},
	{
		"SkeletonName": "enneadbossanubis_torso_mesh_skel",
		"Xform": "Xform",
		"Head": "Head",
		"Neck": "Neck",
		"Spine": "c_spineTwist5_BND",
		"RightHand": "right_hand_attach",
		"RightForeArm": "Forearm_right_twist",
		"RightMidArm": "MidArm_right",
		"RightUpperArm": "UpperArm_right",
		"LeftHand": "left_hand_attach",
		"LeftForeArm": "Forearm_left_twist",
		"LeftMidArm": "MidArm_left",
		"LeftUpperArm": "UpperArm_left"
	},
	{
		"SkeletonName": "base_male_naked_skel",
		"Xform": "Xform",
		"Head": "Head",
		"Neck": "Neck",
		"Spine": "c_spineTwist5_BND",
		"RightHand": "right_hand_attach",
		"RightForeArm": "Forearm_right_twist",
		"RightMidArm": "MidArm_right",
		"RightUpperArm": "UpperArm_right",
		"LeftHand": "left_hand_attach",
		"LeftForeArm": "Forearm_left_twist",
		"LeftMidArm": "MidArm_left",
		"LeftUpperArm": "UpperArm_left"
	},
	{
		"SkeletonName": "lostknighttank_skel",
		"Xform": "Xform",
		"Head": "Head",
		"Neck": "Neck",
		"Spine": "Spine2",
		"LeftEye": "Eye_left_BND",
		"RightEye": "Eye_right_BND",
		"RightHand": "right_hand_attach",
		"RightForeArm": "Forearm_right",
		"RightMidArm": "UpperArm_right",
		"RightUpperArm": "UpperArm_right",
		"LeftHand": "left_hand_attach",
		"LeftForeArm": "Forearm_left",
		"LeftMidArm": "UpperArm_left",
		"LeftUpperArm": "UpperArm_left"
	},
	{
		"SkeletonName": "Malek_skel",
		"Xform": "Xform",
		"Head": "Head",
		"Neck": "Neck",
		"Spine": "Spine",
		"LeftEye": "Eye_left_BND",
		"RightEye": "Eye_right_BND",
		"RightHand": "right_hand_attach",
		"RightForeArm": "Forearm_right",
		"RightMidArm": "UpperArm_right",
		"RightUpperArm": "UpperArm_right",
		"LeftHand": "left_hand_attach",
		"LeftForeArm": "Forearm_left",
		"LeftMidArm": "UpperArm_left",
		"LeftUpperArm": "UpperArm_left"
	},
	{
		"SkeletonName": "gorilla_skel",
		"Xform": "Xform",
		"Head": "C_neck_HEAD_jnt",
		"Neck": "C_neck_0_jnt",
		"Spine": "C_spine_2_jnt",
		"LeftEye": "L_eye_EYE_jnt",
		"RightEye": "R_eye_EYE_jnt",
		"RightHand": "R_arm_END_jnt",
		"RightForeArm": "R_arm_3_jnt",
		"RightMidArm": "R_arm_2_jnt",
		"RightUpperArm": "R_arm_1_jnt",
		"LeftHand": "L_arm_END_jnt",
		"LeftForeArm": "L_arm_3_jnt",
		"LeftMidArm": "L_arm_2_jnt",
		"LeftUpperArm": "L_arm_1_jnt"
	},
	{
		"SkeletonName": "mammoth_skel",
		"Xform": "Xform",
		"Head": "C_neck0_head_jnt",
		"Neck": "C_neck0_0_jnt",
		"Spine": "C_spine0_0_jnt",
		"LeftEye": "R_eye0_eye_jnt",
		"RightEye": "L_eye0_eye_jnt",
		"RightHand": "R_legFront0_end_jnt",
		"RightForeArm": "R_legFront0_8_jnt",
		"RightMidArm": "R_legFront0_5_jnt",
		"RightUpperArm": "R_legFront0_2_jnt",
		"LeftHand": "L_legFront0_0_jnt",
		"LeftForeArm": "L_legFront0_8_jnt",
		"LeftMidArm": "L_legFront0_5_jnt",
		"LeftUpperArm": "L_legFront0_2_jnt"
	},
	{
		"SkeletonName": "minotaur_skel",
		"Xform": "Xform",
		"Head": "bind_head",
		"Neck": "bind_neck_a",
		"Spine": "bind_spine_c",
		"LeftEye": "bind_left_eye",
		"RightEye": "bind_right_eye",
		"RightHand": "right_hand_attach",
		"RightForeArm": "bind_right_lo_arm_twist_a",
		"RightMidArm": "bind_right_elbow",
		"RightUpperArm": "bind_right_up_arm_twist_a",
		"LeftHand": "left_hand_attach",
		"LeftForeArm": "bind_left_lo_arm_twist_a",
		"LeftMidArm": "bind_left_elbow",
		"LeftUpperArm": "bind_left_up_arm_twist_a"
	},
	{
		"SkeletonName": "medusa_skel",
		"Xform": "Xform",
		"Head": "bind_head",
		"Neck": "bind_neck_a",
		"Spine": "bind_spine_c",
		"LeftEye": "Eye_left_BND",
		"RightEye": "Eye_right_BND",
		"RightHand": "right_hand_attach",
		"RightForeArm": "bind_right_lo_arm_twist_a",
		"RightMidArm": "bind_right_elbow",
		"RightUpperArm": "bind_right_up_arm_twist_a",
		"LeftHand": "left_hand_attach",
		"LeftForeArm": "bind_left_lo_arm_twist_a",
		"LeftMidArm": "bind_left_elbow",
		"LeftUpperArm": "bind_left_up_arm_twist_a"
	},
	{
		"SkeletonName": "MFRazorLotus_skel",
		"Xform": "Xform",
		"Head": "Head",
		"Neck": "M_Spine_RazorLotus_C0_9_jnt",
		"Spine": "M_Spine_RazorLotus_C0_4_jnt",
		"LeftEye": "head",
		"RightEye": "head",
		"RightHand": "M_Spine_RazorLotus_C0_4_jnt",
		"RightForeArm": "M_Spine_RazorLotus_C0_4_jnt",
		"RightMidArm": "M_Spine_RazorLotus_C0_4_jnt",
		"RightUpperArm": "M_Spine_RazorLotus_C0_4_jnt",
		"LeftHand": "M_Spine_RazorLotus_C0_5_jnt",
		"LeftForeArm": "M_Spine_RazorLotus_C0_5_jnt",
		"LeftMidArm": "M_Spine_RazorLotus_C0_5_jnt",
		"LeftUpperArm": "M_Spine_RazorLotus_C0_5_jnt"
	},
	{
		"SkeletonName": "chameleon_skel",
		"Xform": "xform_C0_0_jnt",
		"Head": "neck_C0_head_jnt",
		"Neck": "neck_C0_2_jnt",
		"Spine": "spine_C1_2_jnt",
		"LeftEye": "eye_L0_0_jnt",
		"RightEye": "eye_R0_0_jnt",
		"RightHand": "arm_R0_hand_jnt",
		"RightForeArm": "arm_R0_Lowerarm_twist_01_jnt",
		"RightMidArm": "arm_R0_lowerarm_jnt",
		"RightUpperArm": "arm_R0_upperarm_twist_01_jnt",
		"LeftHand": "arm_L0_hand_jnt",
		"LeftForeArm": "arm_L0_Lowerarm_twist_01_jnt",
		"LeftMidArm": "arm_L0_lowerarm_jnt",
		"LeftUpperArm": "arm_L0_upperarm_twist_01_jnt"
	},
	{
		"SkeletonName": "armoreddragon_skel",
		"Xform": "xform_C0_0_jnt",
		"Head": "neck_C0_head_jnt",
		"Neck": "neck_C0_2_jnt",
		"Spine": "spine_C1_3_jnt",
		"RightHand": "frontPaw_toes_R1_0_jnt",
		"RightForeArm": "arm_R0_lowerarm_twist_01_jnt",
		"RightMidArm": "arm_R0_lowerarm_jnt",
		"RightUpperArm": "arm_R0_upperarm_twist_01_jnt",
		"LeftHand": "frontPaw_toes_L1_0_jnt",
		"LeftForeArm": "arm_L0_lowerarm_twist_01_jnt",
		"LeftMidArm": "arm_L0_lowerarm_jnt",
		"LeftUpperArm": "arm_L0_upperarm_twist_01_jnt"
	},
	{
		"SkeletonName": "ghastlysniper_skel",
		"Xform": "Xform",
		"Head": "Head",
		"Neck": "Neck",
		"Spine": "Spine2",
		"LeftEye": "Eye_left_BND",
		"RightEye": "Eye_right_BND",
		"RightHand": "Hand_right",
		"RightForeArm": "Forearm_right_twist",
		"RightMidArm": "MidArm_right",
		"RightUpperArm": "UpperArm_right",
		"LeftHand": "Hand_left",
		"LeftForeArm": "Forearm_left_twist",
		"LeftMidArm": "MidArm_left",
		"LeftUpperArm": "UpperArm_left"
	},
	{
		"SkeletonName": "ghastlyhatchet_skel",
		"Xform": "Xform",
		"Head": "Head",
		"Neck": "Neck",
		"Spine": "Spine2",
		"LeftEye": "Eye_left_BND",
		"RightEye": "Eye_right_BND",
		"RightHand": "Hand_right",
		"RightForeArm": "Forearm_right_twist",
		"RightMidArm": "MidArm_right",
		"RightUpperArm": "UpperArm_right",
		"LeftHand": "Hand_left",
		"LeftForeArm": "Forearm_left_twist",
		"LeftMidArm": "MidArm_left",
		"LeftUpperArm": "UpperArm_left"
	},
	{
		"SkeletonName": "CorruptedLeviathan_skel",
		"Xform": "Xform",
		"Head": "bind_head",
		"Neck": "bind_neck_a",
		"Spine": "tentacleSpineA_C0_spine_02_Jnt",
		"LeftEye": "EyeBallA_L0_01_Jnt",
		"RightEye": "EyeBallC_R0_01_Jnt",
		"RightHand": "hand_attach_R0_hand_attach_Jnt",
		"RightForeArm": "arm_R0_lowerarm_twist_01_Jnt",
		"RightMidArm": "arm_R0_upperarm_twist_01_Jnt",
		"RightUpperArm": "arm_R0_upperarm_Jnt",
		"LeftHand": "hand_attach_L0_hand_attach_Jnt",
		"LeftForeArm": "arm_L0_lowerarm_twist_01_Jnt",
		"LeftMidArm": "arm_L0_upperarm_twist_01_Jnt",
		"LeftUpperArm": "arm_L0_upperarm_Jnt"
	},
	{
		"SkeletonName": "undeadnaga_skel",
		"Xform": "Xform",
		"Head": "Head",
		"Neck": "Head",
		"Spine": "Spine_04_Bind",
		"RightHand": "right_hand_attach",
		"RightForeArm": "arm_R0_3_Bind",
		"RightMidArm": "arm_R0_3_Bind",
		"RightUpperArm": "arm_R0_0_Bind",
		"LeftHand": "left_hand_attach",
		"LeftForeArm": "arm_L0_3_Bind",
		"LeftMidArm": "arm_L0_3_Bind",
		"LeftUpperArm": "arm_L0_0_Bind"
	},
	{
		"SkeletonName": "mfexplosivesprout_skel",
		"Head": "M_Spine_ExplosiveSprout_C0_0_bind",
		"Neck": "M_Spine_ExplosiveSprout_C0_0_bind",
		"Spine": "M_Spine_ExplosiveSprout_C0_0_bind",
		"RightHand": "M_Spine_ExplosiveSprout_C0_0_bind",
		"RightForeArm": "M_Spine_ExplosiveSprout_C0_0_bind",
		"RightMidArm": "M_Spine_ExplosiveSprout_C0_0_bind",
		"RightUpperArm": "M_Spine_ExplosiveSprout_C0_0_bind",
		"LeftHand": "M_Spine_ExplosiveSprout_C0_0_bind",
		"LeftForeArm": "M_Spine_ExplosiveSprout_C0_0_bind",
		"LeftMidArm": "M_Spine_ExplosiveSprout_C0_0_bind",
		"LeftUpperArm": "M_Spine_ExplosiveSprout_C0_0_bind"
	},
	{
		"SkeletonName": "mammothexpeditioncrystal_skel",
		"Xform": "Xform",
		"Head": "crystal_C0_0_jnt",
		"Neck": "crystal_C0_0_jnt",
		"Spine": "crystal_C0_0_jnt",
		"RightHand": "crystal_C0_0_jnt",
		"RightForeArm": "crystal_C0_0_jnt",
		"RightMidArm": "crystal_C0_0_jnt",
		"RightUpperArm": "crystal_C0_0_jnt",
		"LeftHand": "crystal_C0_0_jnt",
		"LeftForeArm": "crystal_C0_0_jnt",
		"LeftMidArm": "crystal_C0_0_jnt",
		"LeftUpperArm": "crystal_C0_0_jnt"
	},
	{
		"SkeletonName": "mammothexpedition_skel",
		"Xform": "Xform",
		"Head": "C_neck0_head_jnt",
		"Neck": "C_neck0_0_jnt",
		"Spine": "C_spine0_0_jnt",
		"LeftEye": "L_eye0_eye_jnt",
		"RightEye": "R_eye0_eye_jnt",
		"RightHand": "R_legFront0_end_jnt",
		"RightForeArm": "R_legFront0_8_jnt",
		"RightMidArm": "R_legFront0_5_jnt",
		"RightUpperArm": "R_legFront0_2_jnt",
		"LeftHand": "L_legFront0_0_jnt",
		"LeftForeArm": "L_legFront0_8_jnt",
		"LeftMidArm": "L_legFront0_5_jnt",
		"LeftUpperArm": "L_legFront0_2_jnt"
	},
	{
		"SkeletonName": "hercynetankboar_mesh_skel",
		"Xform": "Xform",
		"Head": "bind_head",
		"Neck": "bind_neck_a",
		"Spine": "bind_spine_c",
		"LeftEye": "bind_left_eyelid",
		"RightEye": "bind_right_eyelid",
		"RightHand": "bind_right_wrist",
		"RightForeArm": "bind_right_elbow",
		"RightMidArm": "bind_right_shoulder",
		"RightUpperArm": "bind_right_scapula",
		"LeftHand": "bind_left_wrist",
		"LeftForeArm": "bind_left_elbow",
		"LeftMidArm": "bind_left_shoulder",
		"LeftUpperArm": "bind_left_scapula"
	},
	{
		"SkeletonName": "hercyneRangedCorvid_skel",
		"Xform": "Xform",
		"Head": "bind_head",
		"Neck": "bind_neck_a",
		"Spine": "bind_spine_c",
		"LeftEye": "bind_left_eye",
		"RightEye": "bind_right_eye",
		"RightHand": "right_hand_attach",
		"RightForeArm": "bind_right_lo_arm_twist_a",
		"RightMidArm": "bind_right_elbow",
		"RightUpperArm": "bind_right_up_arm_twist_a",
		"LeftHand": "left_hand_attach",
		"LeftForeArm": "bind_left_lo_arm_twist_a",
		"LeftMidArm": "bind_left_elbow",
		"LeftUpperArm": "bind_left_up_arm_twist_a"
	},
	{
		"SkeletonName": "hercynewolf_skel",
		"Xform": "Xform",
		"Head": "bind_head",
		"Neck": "bind_neck_a",
		"Spine": "bind_spine_c",
		"LeftEye": "bind_left_eyelid",
		"RightEye": "bind_right_eyelid",
		"RightHand": "right_hand_attach",
		"RightForeArm": "bind_right_lo_arm_twist_a",
		"RightMidArm": "bind_right_elbow",
		"RightUpperArm": "bind_right_up_arm_twist_a",
		"LeftHand": "left_hand_attach",
		"LeftForeArm": "bind_left_lo_arm_twist_a",
		"LeftMidArm": "bind_left_elbow",
		"LeftUpperArm": "bind_left_up_arm_twist_a"
	},
	{
		"SkeletonName": "hercyne_elephant_skel",
		"Xform": "Xform",
		"Head": "bind_head",
		"Neck": "bind_spine_a",
		"Spine": "bind_spine_c",
		"LeftEye": "bind_left_eyelid",
		"RightEye": "bind_right_eyelid",
		"RightHand": "right_hand_attachment",
		"RightForeArm": "bind_right_lo_arm_twist_a",
		"RightMidArm": "bind_right_elbow",
		"RightUpperArm": "bind_right_up_arm_twist_a",
		"LeftHand": "left_hand_attachment",
		"LeftForeArm": "bind_left_lo_arm_twist_a",
		"LeftMidArm": "bind_left_elbow",
		"LeftUpperArm": "bind_left_up_arm_twist_a"
	},
	{
		"SkeletonName": "hercynereindeer_skel",
		"Xform": "Xform",
		"Head": "bind_head",
		"Neck": "bind_neck_a",
		"Spine": "bind_spine_c",
		"LeftEye": "bind_left_eyelid",
		"RightEye": "bind_right_eyelid",
		"RightHand": "right_hand_attach",
		"RightForeArm": "bind_right_lo_arm_twist_a",
		"RightMidArm": "bind_right_elbow",
		"RightUpperArm": "bind_right_up_arm_twist_a",
		"LeftHand": "left_hand_attach",
		"LeftForeArm": "bind_left_lo_arm_twist_a",
		"LeftMidArm": "bind_left_elbow",
		"LeftUpperArm": "bind_left_up_arm_twist_a"
	},
	{
		"SkeletonName": "typhon_skel",
		"Xform": "Xform",
		"Head": "bind_head",
		"Neck": "bind_neck_a",
		"Spine": "bind_spine_c",
		"LeftEye": "bind_left_eye",
		"RightEye": "bind_right_eye",
		"RightHand": "right_hand_attach",
		"RightForeArm": "bind_right_lo_arm_twist_a",
		"RightMidArm": "bind_right_elbow",
		"RightUpperArm": "bind_right_up_arm_twist_a",
		"LeftHand": "left_hand_attach",
		"LeftForeArm": "bind_left_lo_arm_twist_a",
		"LeftMidArm": "bind_left_elbow",
		"LeftUpperArm": "bind_left_up_arm_twist_a"
	},
	{
		"SkeletonName": "broodmother_skel",
		"Xform": "xform_c0_xform_jnt",
		"Head": "neck_c1_4_jnt",
		"Neck": "neck_c1_2_jnt",
		"Spine": "spine_c1_3_jnt",
		"RightHand": "arm_r0_hand_jnt",
		"RightForeArm": "arm_r0_lowerarm_twist_01_jnt",
		"RightMidArm": "arm_r0_lowerarm_jnt",
		"RightUpperArm": "arm_r0_upperarm_twist_01_jnt",
		"LeftHand": "arm_l0_hand_jnt",
		"LeftForeArm": "arm_l0_lowerarm_twist_01_jnt",
		"LeftMidArm": "arm_l0_lowerarm_jnt",
		"LeftUpperArm": "arm_l0_upperarm_twist_01_jnt"
	},
	{
		"SkeletonName": "lostsoulharvester_skel",
		"Xform": "Xform",
		"Head": "Neck_01_Bind",
		"Neck": "Neck_01_Bind",
		"Spine": "Spine_C0_4_bind",
		"RightHand": "right_hand_attach",
		"RightForeArm": "arm_R0_3_Bind",
		"RightMidArm": "arm_R0_3_Bind",
		"RightUpperArm": "arm_R0_0_Bind",
		"LeftHand": "left_hand_attach",
		"LeftForeArm": "arm_L0_3_Bind",
		"LeftMidArm": "arm_L0_3_Bind",
		"LeftUpperArm": "arm_L0_0_Bind"
	},
	{
		"SkeletonName": "EmpressZhou_skel",
		"Xform": "Xform",
		"Head": "bind_head",
		"Neck": "bind_neck_a",
		"Spine": "bind_spine_c",
		"LeftEye": "bind_left_eyelid",
		"RightEye": "bind_right_eyelid",
		"RightHand": "bind_right_wrist",
		"RightForeArm": "bind_right_elbow",
		"RightMidArm": "bind_right_shoulder",
		"RightUpperArm": "bind_right_scapula",
		"LeftHand": "bind_left_wrist",
		"LeftForeArm": "bind_left_elbow",
		"LeftMidArm": "bind_left_shoulder",
		"LeftUpperArm": "bind_left_scapula"
	},
	{
		"SkeletonName": "lostcryptkeeper_skel",
		"Xform": "Xform",
		"Head": "Head",
		"Neck": "Neck",
		"Spine": "Spine2",
		"LeftEye": "Eye_left_BND",
		"RightEye": "Eye_right_BND",
		"RightHand": "right_hand_attach",
		"RightForeArm": "Forearm_right_twist",
		"RightMidArm": "MidArm_right",
		"RightUpperArm": "UpperArm_right",
		"LeftHand": "left_hand_attach",
		"LeftForeArm": "Forearm_left_twist",
		"LeftMidArm": "MidArm_left",
		"LeftUpperArm": "UpperArm_left"
	},
	{
		"SkeletonName": "corrupteddynastyempress_IGC_skel",
		"Xform": "Xform",
		"Head": "bind_head",
		"Neck": "bind_neck_a",
		"Spine": "bind_spine_c",
		"LeftEye": "bind_left_eye",
		"RightEye": "bind_right_eye",
		"RightHand": "bind_right_wrist",
		"RightForeArm": "bind_right_elbow",
		"RightMidArm": "bind_right_shoulder",
		"RightUpperArm": "bind_right_scapula",
		"LeftHand": "bind_left_wrist",
		"LeftForeArm": "bind_left_elbow",
		"LeftMidArm": "bind_left_shoulder",
		"LeftUpperArm": "bind_left_scapula"
	},
	{
		"SkeletonName": "skye_skel",
		"Xform": "Xform",
		"Head": "Head",
		"Neck": "Neck",
		"Spine": "Spine2",
		"LeftEye": "Eye_left_BND",
		"RightEye": "Eye_right_BND",
		"RightHand": "Hand_right",
		"RightForeArm": "Forearm_right_twist",
		"RightMidArm": "MidArm_right",
		"RightUpperArm": "UpperArm_right",
		"LeftHand": "Hand_left",
		"LeftForeArm": "Forearm_left_twist",
		"LeftMidArm": "MidArm_left",
		"LeftUpperArm": "UpperArm_left"
	},
	{
		"SkeletonName": "isabella_IGC_skel",
		"Xform": "Xform",
		"Head": "bind_head",
		"Neck": "bind_neck_a",
		"Spine": "bind_spine_c",
		"LeftEye": "bind_left_eyelid",
		"RightEye": "bind_right_eyelid",
		"RightHand": "right_hand_attachment",
		"RightForeArm": "bind_right_lo_arm_twist_a",
		"RightMidArm": "bind_right_elbow",
		"RightUpperArm": "bind_right_up_arm_twist_a",
		"LeftHand": "left_hand_attachment",
		"LeftForeArm": "bind_left_lo_arm_twist_a",
		"LeftMidArm": "bind_left_elbow",
		"LeftUpperArm": "bind_left_up_arm_twist_a"
	},
	{
		"SkeletonName": "isabella_IGC_Wing_skel",
		"Xform": "Xform",
		"Head": "bind_head",
		"Neck": "bind_neck_a",
		"Spine": "bind_spine_c",
		"LeftEye": "bind_left_eyelid",
		"RightEye": "bind_right_eyelid",
		"RightHand": "right_hand_attachment",
		"RightForeArm": "bind_right_lo_arm_twist_a",
		"RightMidArm": "bind_right_elbow",
		"RightUpperArm": "bind_right_up_arm_twist_a",
		"LeftHand": "left_hand_attachment",
		"LeftForeArm": "bind_left_lo_arm_twist_a",
		"LeftMidArm": "bind_left_elbow",
		"LeftUpperArm": "bind_left_up_arm_twist_a"
	},
	{
		"SkeletonName": "graceomalley_skel",
		"Xform": "Xform",
		"Head": "Head",
		"Neck": "Neck",
		"Spine": "Spine2",
		"LeftEye": "Eye_left_BND",
		"RightEye": "Eye_right_BND",
		"RightHand": "Hand_right",
		"RightForeArm": "Forearm_roll_right",
		"RightMidArm": "MidArm_right",
		"RightUpperArm": "UpperArm_right",
		"LeftHand": "Hand_left",
		"LeftForeArm": "Forearm_roll_left",
		"LeftMidArm": "MidArm_left",
		"LeftUpperArm": "UpperArm_left"
	},
	{
		"SkeletonName": "AbominableLiang_skel",
		"Xform": "Xform",
		"Head": "bind_head",
		"Neck": "bind_spine_a",
		"Spine": "bind_spine_c",
		"RightHand": "bind_right_front_ball",
		"RightForeArm": "bind_left_front_wrist",
		"RightMidArm": "bind_left_front_elbow",
		"RightUpperArm": "bind_left_front_shoulder",
		"LeftHand": "bind_left_front_ball",
		"LeftForeArm": "bind_right_front_wrist",
		"LeftMidArm": "bind_left_front_elbow",
		"LeftUpperArm": "bind_left_front_shoulder"
	},
	{
		"SkeletonName": "EmpressZhou_IGC_skel",
		"Xform": "Xform",
		"Head": "bind_head",
		"Neck": "bind_neck_a",
		"Spine": "bind_spine_c",
		"RightHand": "bind_right_wrist",
		"RightForeArm": "bind_right_elbow",
		"RightMidArm": "bind_right_shoulder",
		"RightUpperArm": "bind_right_scapula",
		"LeftHand": "bind_left_wrist",
		"LeftForeArm": "bind_left_elbow",
		"LeftMidArm": "bind_left_shoulder",
		"LeftUpperArm": "bind_left_scapula"
	}
]