[
	{
		"SightID": "WolfSight",
		"StatusEffectToListenFor": "WolfVision",
		"SightCategoryFlag": "Wolf"
	},
	{
		"SightID": "ElkSight",
		"StatusEffectToListenFor": "ElkVision",
		"SightCategoryFlag": "Elk"
	},
	{
		"SightID": "BearSight",
		"StatusEffectToListenFor": "BearVision",
		"SightCategoryFlag": "Bear"
	},
	{
		"SightID": "TurkeySight",
		"StatusEffectToListenFor": "TurkeyVision",
		"SightCategoryFlag": "Turkey"
	},
	{
		"SightID": "PlayerSight",
		"StatusEffectToListenFor": "PlayerVision",
		"SightCategoryFlag": "Player"
	},
	{
		"SightID": "AllSight",
		"StatusEffectToListenFor": "AllVision",
		"SightCategoryFlag": "Character"
	},
	{
		"SightID": "AllSight_Upgrade",
		"StatusEffectToListenFor": "AllVision_Upgrade",
		"SightCategoryFlag": "Character"
	},
	{
		"SightID": "Animals",
		"StatusEffectToListenFor": "AnimalVision",
		"SightCategoryFlag": "Wolf+Elk+Bear+Turkey"
	}
]