[
	{
		"ExpansionId": "None",
		"DisplayName": "@ui_newworld",
		"Icon": "lyshineui/images/icons/newworld/logonewworldcondensed.webp",
		"MaxDisplayLevel": 60,
		"MaxCraftGS": 625,
		"MaxEquipGS": 625,
		"MaxTradeskillLevel": 200
	},
	{
		"ExpansionId": "Expansion2023",
		"DisplayName": "@expansion_1_name",
		"Icon": "lyshineui/images/icons/newworld/icon_expansion_1.webp",
		"MaxDisplayLevel": 65,
		"MaxCraftGS": 700,
		"MaxEquipGS": 725,
		"MaxTradeskillLevel": 250,
		"EntitlementId": "Ent_Xpack_RiseOfTheAngryEarth_Owner"
	}
]