[
	{
		"RewardID": "WeaponSlot2",
		"MilestoneType": "major",
		"MilestoneLevel": 1,
		"Name": "@WeaponSlot2_Name",
		"Icon": "lyshineui/images/icons/progressionmilestones/weaponslot.webp",
		"Image": "lyshineui/images/glory/milestonerewards/milestonereward_weapon1.webp",
		"Tooltip": "@WeaponSlot2_Tooltip",
		"Notes": "Located in PBA"
	},
	{
		"RewardID": "QuickSlot3",
		"MilestoneLevel": 15,
		"Name": "@QuickSlot3_Name",
		"Icon": "lyshineui/images/icons/progressionmilestones/quickslot.webp",
		"Tooltip": "@QuickSlot3_Tooltip",
		"Notes": "Located in PBA"
	},
	{
		"RewardID": "QuickSlot4",
		"MilestoneLevel": 25,
		"Name": "@QuickSlot4_Name",
		"Icon": "lyshineui/images/icons/progressionmilestones/quickslot.webp",
		"Tooltip": "@QuickSlot4_Tooltip",
		"Notes": "Located in PBA"
	},
	{
		"RewardID": "RingSlot",
		"MilestoneType": "major",
		"MilestoneLevel": 20,
		"Name": "@RingSlot_Name",
		"Icon": "lyshineui/images/icons/progressionmilestones/ringslot.webp",
		"Image": "lyshineui/images/glory/milestonerewards/milestonereward_ring1.webp",
		"Tooltip": "@RingSlot_Tooltip",
		"Notes": "Located in PBA"
	},
	{
		"RewardID": "EarringSlot",
		"MilestoneType": "major",
		"MilestoneLevel": 40,
		"Name": "@EarringSlot_Name",
		"Icon": "lyshineui/images/icons/progressionmilestones/earringslot.webp",
		"Image": "lyshineui/images/glory/milestonerewards/milestonereward_earring1.webp",
		"Tooltip": "@EarringSlot_Tooltip",
		"Notes": "Located in PBA"
	},
	{
		"RewardID": "BagSlot1",
		"MilestoneType": "major",
		"MilestoneLevel": 10,
		"Name": "@BagSlot1_Name",
		"Icon": "lyshineui/images/icons/progressionmilestones/bagslot.webp",
		"Image": "lyshineui/images/glory/milestonerewards/milestonereward_bagslot1.webp",
		"Tooltip": "@BagSlot1_Tooltip",
		"Notes": "Located in PBA"
	},
	{
		"RewardID": "BagSlot2",
		"MilestoneType": "major",
		"MilestoneLevel": 30,
		"Name": "@BagSlot2_Name",
		"Icon": "lyshineui/images/icons/progressionmilestones/bagslot.webp",
		"Image": "lyshineui/images/glory/milestonerewards/milestonereward_bagslot1.webp",
		"Tooltip": "@BagSlot2_Tooltip",
		"Notes": "Located in PBA"
	},
	{
		"RewardID": "BagSlot3",
		"MilestoneType": "major",
		"MilestoneLevel": 45,
		"Name": "@BagSlot3_Name",
		"Icon": "lyshineui/images/icons/progressionmilestones/bagslot.webp",
		"Image": "lyshineui/images/glory/milestonerewards/milestonereward_bagslot1.webp",
		"Tooltip": "@BagSlot3_Tooltip",
		"Notes": "Located in PBA"
	},
	{
		"RewardID": "House1",
		"MilestoneType": "major",
		"MilestoneLevel": 15,
		"Name": "@House1_Name",
		"Icon": "lyshineui/images/icons/progressionmilestones/house.webp",
		"Image": "lyshineui/images/glory/milestonerewards/milestonereward_house1.webp",
		"Tooltip": "@House1_Tooltip"
	},
	{
		"RewardID": "House2",
		"MilestoneType": "major",
		"MilestoneLevel": 35,
		"Name": "@House2_Name",
		"Icon": "lyshineui/images/icons/progressionmilestones/house.webp",
		"Image": "lyshineui/images/glory/milestonerewards/milestonereward_house1.webp",
		"Tooltip": "@House2_Tooltip"
	},
	{
		"RewardID": "House3",
		"MilestoneType": "major",
		"MilestoneLevel": 55,
		"Name": "@House3_Name",
		"Icon": "lyshineui/images/icons/progressionmilestones/house.webp",
		"Image": "lyshineui/images/glory/milestonerewards/milestonereward_house1.webp",
		"Tooltip": "@House3_Tooltip"
	},
	{
		"RewardID": "LoadoutSlots",
		"MilestoneType": "major",
		"MilestoneLevel": 25,
		"Name": "@LoadoutSlots_Name",
		"Icon": "lyshineui/images/icons/progressionmilestones/gearset.webp",
		"Image": "lyshineui/images/glory/milestonerewards/milestonereward_gearset.webp",
		"Tooltip": "@LoadoutSlots_Tooltip"
	},
	{
		"RewardID": "Duels",
		"MilestoneType": "major",
		"MilestoneLevel": 10,
		"Name": "@Duels_Name",
		"Icon": "lyshineui/images/icons/progressionmilestones/duels.webp",
		"Image": "lyshineui/images/glory/milestonerewards/milestonereward_duels.webp",
		"Tooltip": "@Duels_Tooltip"
	},
	{
		"RewardID": "Invasions",
		"MilestoneType": "major",
		"MilestoneLevel": 50,
		"Name": "@Invasions_Name",
		"Icon": "lyshineui/images/icons/progressionmilestones/invasions.webp",
		"Image": "lyshineui/images/glory/milestonerewards/milestonereward_invasions.webp",
		"Tooltip": "@Invasions_Tooltip"
	},
	{
		"RewardID": "OutpostRush",
		"MilestoneType": "major",
		"MilestoneLevel": 60,
		"Name": "@OutpostRush_Name",
		"Icon": "lyshineui/images/icons/progressionmilestones/outpostrush.webp",
		"Image": "lyshineui/images/glory/milestonerewards/milestonereward_outpostrush.webp",
		"Tooltip": "@OutpostRush_Tooltip"
	},
	{
		"RewardID": "AzothStaffT1",
		"MilestoneLevel": 20,
		"Name": "@AzothStaffT1_Name",
		"Icon": "lyshineui/images/icons/progressionmilestones/azothstaff1.webp",
		"Tooltip": "@AzothStaffT1_Tooltip",
		"QuestName": "@9901_0019_forgethestaff_objective_title"
	},
	{
		"RewardID": "AzothStaffT2",
		"MilestoneLevel": 30,
		"Name": "@AzothStaffT2_Name",
		"Icon": "lyshineui/images/icons/progressionmilestones/azothstaff2.webp",
		"Tooltip": "@AzothStaffT2_Tooltip",
		"QuestName": "@9903_0026_heartsandsouls_objective_title"
	},
	{
		"RewardID": "AzothStaffT3",
		"MilestoneLevel": 40,
		"Name": "@AzothStaffT3_Name",
		"Icon": "lyshineui/images/icons/progressionmilestones/azothstaff3.webp",
		"Tooltip": "@AzothStaffT3_Tooltip",
		"QuestName": "@9905_0034_thealliance_objective_title"
	},
	{
		"RewardID": "AzothStaffT4",
		"MilestoneLevel": 50,
		"Name": "@AzothStaffT4_Name",
		"Icon": "lyshineui/images/icons/progressionmilestones/azothstaff4.webp",
		"Tooltip": "@AzothStaffT4_Tooltip",
		"QuestName": "@9905_0045_thebox_objective_title"
	},
	{
		"RewardID": "AzothStaffT5",
		"MilestoneLevel": 60,
		"Name": "@AzothStaffT5_Name",
		"Icon": "lyshineui/images/icons/progressionmilestones/azothstaff5.webp",
		"Tooltip": "@AzothStaffT5_Tooltip",
		"QuestName": "@9910_0056_thetempestsheart_objective_title"
	},
	{
		"RewardID": "CampingT1",
		"MilestoneLevel": 10,
		"Name": "@CampingT1_Name",
		"Icon": "lyshineui/images/icons/progressionmilestones/campupgrade.webp",
		"Tooltip": "@CampingT1_Tooltip"
	},
	{
		"RewardID": "CampingT2",
		"MilestoneLevel": 15,
		"Name": "@CampingT2_Name",
		"Icon": "lyshineui/images/icons/progressionmilestones/campupgrade2.webp",
		"Tooltip": "@CampingT2_Tooltip"
	},
	{
		"RewardID": "CampingT3",
		"MilestoneLevel": 25,
		"Name": "@CampingT3_Name",
		"Icon": "lyshineui/images/icons/progressionmilestones/campupgrade3.webp",
		"Tooltip": "@CampingT3_Tooltip"
	},
	{
		"RewardID": "CampingT4",
		"MilestoneLevel": 40,
		"Name": "@CampingT4_Name",
		"Icon": "lyshineui/images/icons/progressionmilestones/campupgrade4.webp",
		"Tooltip": "@CampingT4_Tooltip"
	},
	{
		"RewardID": "CampingT5",
		"MilestoneLevel": 55,
		"Name": "@CampingT5_Name",
		"Icon": "lyshineui/images/icons/progressionmilestones/campupgrade5.webp",
		"Tooltip": "@CampingT5_Tooltip"
	},
	{
		"RewardID": "Territory1a",
		"MilestoneType": "territory",
		"MilestoneLevel": 15,
		"Name": "@TerritoryRecommendation_1a"
	},
	{
		"RewardID": "Territory2",
		"MilestoneType": "territory",
		"MilestoneLevel": 25,
		"Name": "@TerritoryRecommendation_2"
	},
	{
		"RewardID": "Territory3",
		"MilestoneType": "territory",
		"MilestoneLevel": 30,
		"Name": "@TerritoryRecommendation_3"
	},
	{
		"RewardID": "Territory4",
		"MilestoneType": "territory",
		"MilestoneLevel": 40,
		"Name": "@TerritoryRecommendation_4"
	},
	{
		"RewardID": "Territory5",
		"MilestoneType": "territory",
		"MilestoneLevel": 45,
		"Name": "@TerritoryRecommendation_5"
	},
	{
		"RewardID": "Territory6",
		"MilestoneType": "territory",
		"MilestoneLevel": 50,
		"Name": "@TerritoryRecommendation_6"
	},
	{
		"RewardID": "Territory7",
		"MilestoneType": "territory",
		"MilestoneLevel": 60,
		"Name": "@TerritoryRecommendation_7"
	},
	{
		"RewardID": "PvPArenas",
		"MilestoneLevel": 20,
		"Name": "@PvPArenas_Name",
		"Icon": "lyshineui/images/icons/progressionmilestones/3v3arena.webp",
		"Tooltip": "@PvPArenas_Tooltip"
	},
	{
		"RewardID": "SeasonsRewards",
		"MilestoneType": "minor",
		"MilestoneLevel": 25,
		"Name": "@SeasonsRewards_Name",
		"Icon": "lyshineui/images/seasonsrewards/icon_unlock_seasonrewardtrack_bg.webp",
		"Tooltip": "@seasonsrewards_tooltip"
	},
	{
		"RewardID": "SeasonsJourney",
		"MilestoneType": "minor",
		"MilestoneLevel": 25,
		"Name": "@SeasonsJourney_Name",
		"Icon": "lyshineui/images/seasonsrewards/icon_unlock_seasonjourney_bg.webp",
		"Tooltip": "@seasonsjourney_tooltip"
	},
	{
		"RewardID": "HorseUnlock",
		"MilestoneType": "minor",
		"MilestoneLevel": 20,
		"Name": "@Mount_Horse_Unlock",
		"Icon": "lyshineui/images/icons/progressionmilestones/mountunlock.webp",
		"Tooltip": "@Mount_Horse_Tooltip",
		"QuestName": "@9401_BefriendHorse_title",
		"ExpansionIdUnlock": "Expansion2023"
	},
	{
		"RewardID": "Artifacts1",
		"MilestoneType": "major",
		"MilestoneLevel": 65,
		"Name": "@Artifacts1_Name",
		"Icon": "lyshineui/images/icons/progressionmilestones/weaponslot.webp",
		"Image": "lyshineui/images/glory/milestonerewards/milestonereward_weapon1.webp",
		"Tooltip": "@Artifacts1_Tooltip",
		"ExpansionIdUnlock": "Expansion2023",
		"Notes": "Located in PBA"
	}
]