[
	{
		"CameraShakeID": "Small",
		"ShakeShiftX": 0.01,
		"ShakeShiftY": 0.01,
		"ShakeShiftZ": 0.01,
		"ShakeAngleX": 0,
		"ShakeAngleY": 0.005,
		"ShakeAngleZ": 0,
		"SustainDuration": 0.1,
		"FadeInDuration": 0,
		"FadeOutDuration": 0.1,
		"Frequency": 0.015,
		"Randomness": 0,
		"ShakeChannel": 1,
		"FlipVec": 1,
		"UpdateOnly": 0,
		"Permanent": 0,
		"IsSmooth": 1
	},
	{
		"CameraShakeID": "Large",
		"ShakeShiftX": 0.04,
		"ShakeShiftY": 0.04,
		"ShakeShiftZ": 0.04,
		"ShakeAngleX": 0.01,
		"ShakeAngleY": 0.01,
		"ShakeAngleZ": 0.01,
		"SustainDuration": 0.2,
		"FadeInDuration": 0.1,
		"FadeOutDuration": 0.1,
		"Frequency": 0.03,
		"Randomness": 0,
		"ShakeChannel": 2,
		"FlipVec": 1,
		"UpdateOnly": 0,
		"Permanent": 0,
		"IsSmooth": 1
	},
	{
		"CameraShakeID": "Small_short",
		"ShakeShiftX": 0.02,
		"ShakeShiftY": 0.02,
		"ShakeShiftZ": 0.02,
		"ShakeAngleX": 0,
		"ShakeAngleY": 0,
		"ShakeAngleZ": 0,
		"SustainDuration": 0.15,
		"FadeInDuration": 0.1,
		"FadeOutDuration": 0.1,
		"Frequency": 0.03,
		"Randomness": 0,
		"ShakeChannel": 3,
		"FlipVec": 1,
		"UpdateOnly": 0,
		"Permanent": 0,
		"IsSmooth": 1
	},
	{
		"CameraShakeID": "Large_short",
		"ShakeShiftX": 0.02,
		"ShakeShiftY": 0.02,
		"ShakeShiftZ": 0.02,
		"ShakeAngleX": 0.005,
		"ShakeAngleY": 0.005,
		"ShakeAngleZ": 0.005,
		"SustainDuration": 0.1,
		"FadeInDuration": 0.05,
		"FadeOutDuration": 0.05,
		"Frequency": 0.015,
		"Randomness": 0,
		"ShakeChannel": 4,
		"FlipVec": 1,
		"UpdateOnly": 0,
		"Permanent": 0,
		"IsSmooth": 1
	},
	{
		"CameraShakeID": "Large_long",
		"ShakeShiftX": 0.04,
		"ShakeShiftY": 0.04,
		"ShakeShiftZ": 0.04,
		"ShakeAngleX": 0.01,
		"ShakeAngleY": 0.01,
		"ShakeAngleZ": 0.01,
		"SustainDuration": 0.25,
		"FadeInDuration": 0.1,
		"FadeOutDuration": 0.1,
		"Frequency": 0.03,
		"Randomness": 0,
		"ShakeChannel": 5,
		"FlipVec": 1,
		"UpdateOnly": 0,
		"Permanent": 0,
		"IsSmooth": 1
	},
	{
		"CameraShakeID": "Small_long",
		"ShakeShiftX": 0.02,
		"ShakeShiftY": 0.02,
		"ShakeShiftZ": 0.02,
		"ShakeAngleX": 0,
		"ShakeAngleY": 0,
		"ShakeAngleZ": 0,
		"SustainDuration": 0.25,
		"FadeInDuration": 0.1,
		"FadeOutDuration": 0.1,
		"Frequency": 0.03,
		"Randomness": 0,
		"ShakeChannel": 6,
		"FlipVec": 1,
		"UpdateOnly": 0,
		"Permanent": 0,
		"IsSmooth": 1
	},
	{
		"CameraShakeID": "Small_long1sec",
		"ShakeShiftX": 0.02,
		"ShakeShiftY": 0.02,
		"ShakeShiftZ": 0.02,
		"ShakeAngleX": 0,
		"ShakeAngleY": 0,
		"ShakeAngleZ": 0,
		"SustainDuration": 2,
		"FadeInDuration": 0.2,
		"FadeOutDuration": 0.2,
		"Frequency": 0.01,
		"Randomness": 0,
		"ShakeChannel": 6,
		"FlipVec": 1,
		"UpdateOnly": 0,
		"Permanent": 0,
		"IsSmooth": 1
	},
	{
		"CameraShakeID": "WH_Hit_L1",
		"ShakeShiftX": 0,
		"ShakeShiftY": 0.015,
		"ShakeShiftZ": 0.015,
		"ShakeAngleX": 0,
		"ShakeAngleY": 0.003,
		"ShakeAngleZ": 0,
		"SustainDuration": 0,
		"FadeInDuration": 0,
		"FadeOutDuration": 0.2,
		"Frequency": 0.03,
		"Randomness": 0.15,
		"ShakeChannel": 7,
		"FlipVec": 1,
		"UpdateOnly": 0,
		"Permanent": 0,
		"IsSmooth": 1
	},
	{
		"CameraShakeID": "WH_Hit_L2",
		"ShakeShiftX": 0,
		"ShakeShiftY": 0.03,
		"ShakeShiftZ": 0.03,
		"ShakeAngleX": 0,
		"ShakeAngleY": 0.01,
		"ShakeAngleZ": 0,
		"SustainDuration": 0,
		"FadeInDuration": 0,
		"FadeOutDuration": 0.6,
		"Frequency": 0.07,
		"Randomness": 0.3,
		"ShakeChannel": 7,
		"FlipVec": 1,
		"UpdateOnly": 0,
		"Permanent": 0,
		"IsSmooth": 1
	},
	{
		"CameraShakeID": "WH_Hit_L3",
		"ShakeShiftX": 0,
		"ShakeShiftY": 0.03,
		"ShakeShiftZ": 0.03,
		"ShakeAngleX": 0,
		"ShakeAngleY": 0.015,
		"ShakeAngleZ": 0,
		"SustainDuration": 0,
		"FadeInDuration": 0,
		"FadeOutDuration": 0.8,
		"Frequency": 0.07,
		"Randomness": 0.3,
		"ShakeChannel": 7,
		"FlipVec": 1,
		"UpdateOnly": 0,
		"Permanent": 0,
		"IsSmooth": 1
	},
	{
		"CameraShakeID": "WH_Hit_L4",
		"ShakeShiftX": 0,
		"ShakeShiftY": 0.03,
		"ShakeShiftZ": 0.03,
		"ShakeAngleX": 0,
		"ShakeAngleY": 0.018,
		"ShakeAngleZ": 0,
		"SustainDuration": 0,
		"FadeInDuration": 0,
		"FadeOutDuration": 1,
		"Frequency": 0.08,
		"Randomness": 0.3,
		"ShakeChannel": 7,
		"FlipVec": 1,
		"UpdateOnly": 0,
		"Permanent": 0,
		"IsSmooth": 1
	},
	{
		"CameraShakeID": "WH_Jump",
		"ShakeShiftX": 0,
		"ShakeShiftY": 0.01,
		"ShakeShiftZ": 0.04,
		"ShakeAngleX": 0,
		"ShakeAngleY": 0.002,
		"ShakeAngleZ": 0,
		"SustainDuration": 0,
		"FadeInDuration": 0,
		"FadeOutDuration": 1.1,
		"Frequency": 0.095,
		"Randomness": 0.3,
		"ShakeChannel": 7,
		"FlipVec": 1,
		"UpdateOnly": 0,
		"Permanent": 0,
		"IsSmooth": 1
	},
	{
		"CameraShakeID": "WH_Swing_Light",
		"ShakeShiftX": 0,
		"ShakeShiftY": 0.02,
		"ShakeShiftZ": 0.03,
		"ShakeAngleX": 0,
		"ShakeAngleY": 0.003,
		"ShakeAngleZ": 0,
		"SustainDuration": 0,
		"FadeInDuration": 0,
		"FadeOutDuration": 0.6,
		"Frequency": 0.08,
		"Randomness": 0.1,
		"ShakeChannel": 7,
		"FlipVec": 1,
		"UpdateOnly": 0,
		"Permanent": 0,
		"IsSmooth": 1
	},
	{
		"CameraShakeID": "WH_Swing_Med",
		"ShakeShiftX": 0,
		"ShakeShiftY": 0.03,
		"ShakeShiftZ": 0.06,
		"ShakeAngleX": 0,
		"ShakeAngleY": 0.004,
		"ShakeAngleZ": 0,
		"SustainDuration": 0,
		"FadeInDuration": 0,
		"FadeOutDuration": 0.75,
		"Frequency": 0.09,
		"Randomness": 0.2,
		"ShakeChannel": 7,
		"FlipVec": 1,
		"UpdateOnly": 0,
		"Permanent": 0,
		"IsSmooth": 1
	},
	{
		"CameraShakeID": "WH_Swing_Heavy",
		"ShakeShiftX": 0,
		"ShakeShiftY": 0.04,
		"ShakeShiftZ": 0.09,
		"ShakeAngleX": 0,
		"ShakeAngleY": 0.007,
		"ShakeAngleZ": 0,
		"SustainDuration": 0,
		"FadeInDuration": 0,
		"FadeOutDuration": 1.25,
		"Frequency": 0.1,
		"Randomness": 0.3,
		"ShakeChannel": 7,
		"FlipVec": 1,
		"UpdateOnly": 0,
		"Permanent": 0,
		"IsSmooth": 1
	},
	{
		"CameraShakeID": "WH_Swing_Fade",
		"ShakeShiftX": 0,
		"ShakeShiftY": 0.015,
		"ShakeShiftZ": 0.05,
		"ShakeAngleX": 0,
		"ShakeAngleY": 0.004,
		"ShakeAngleZ": 0,
		"SustainDuration": 0,
		"FadeInDuration": 0,
		"FadeOutDuration": 1.35,
		"Frequency": 0.09,
		"Randomness": 0.3,
		"ShakeChannel": 7,
		"FlipVec": 1,
		"UpdateOnly": 0,
		"Permanent": 0,
		"IsSmooth": 1
	},
	{
		"CameraShakeID": "FL_Slam_Med",
		"ShakeShiftX": 0,
		"ShakeShiftY": 0.07,
		"ShakeShiftZ": 0.07,
		"ShakeAngleX": 0,
		"ShakeAngleY": 0.02,
		"ShakeAngleZ": 0,
		"SustainDuration": 0,
		"FadeInDuration": 0,
		"FadeOutDuration": 0.75,
		"Frequency": 0.09,
		"Randomness": 0.2,
		"ShakeChannel": 7,
		"FlipVec": 1,
		"UpdateOnly": 0,
		"Permanent": 0,
		"IsSmooth": 1
	},
	{
		"CameraShakeID": "GravityWell",
		"ShakeShiftX": 0.005,
		"ShakeShiftY": 0,
		"ShakeShiftZ": 0.005,
		"ShakeAngleX": 0.003,
		"ShakeAngleY": 0.0036,
		"ShakeAngleZ": 0,
		"SustainDuration": 0.3,
		"FadeInDuration": 0.1,
		"FadeOutDuration": 0.1,
		"Frequency": 0.03,
		"Randomness": 0,
		"ShakeChannel": 0,
		"FlipVec": 1,
		"UpdateOnly": 0,
		"Permanent": 0,
		"IsSmooth": 1
	},
	{
		"CameraShakeID": "Azothstaff_during",
		"ShakeShiftX": 0.003,
		"ShakeShiftY": 0,
		"ShakeShiftZ": 0.003,
		"ShakeAngleX": 0.003,
		"ShakeAngleY": 0.003,
		"ShakeAngleZ": 0,
		"SustainDuration": 0.5,
		"FadeInDuration": 0.1,
		"FadeOutDuration": 1,
		"Frequency": 0.03,
		"Randomness": 0,
		"ShakeChannel": 0,
		"FlipVec": 1,
		"UpdateOnly": 0,
		"Permanent": 1,
		"IsSmooth": 1
	},
	{
		"CameraShakeID": "Minor_mono_death",
		"ShakeShiftX": 0.1,
		"ShakeShiftY": 0.25,
		"ShakeShiftZ": 0.1,
		"ShakeAngleX": 0.01,
		"ShakeAngleY": 0,
		"ShakeAngleZ": 0,
		"SustainDuration": 0.1,
		"FadeInDuration": 0,
		"FadeOutDuration": 1,
		"Frequency": 0,
		"Randomness": 0,
		"ShakeChannel": 0,
		"FlipVec": 1,
		"UpdateOnly": 0,
		"Permanent": 0,
		"IsSmooth": 0
	},
	{
		"CameraShakeID": "Minor_mono_small",
		"ShakeShiftX": 0.01,
		"ShakeShiftY": 0.01,
		"ShakeShiftZ": 0.01,
		"ShakeAngleX": 0.005,
		"ShakeAngleY": 0,
		"ShakeAngleZ": 0,
		"SustainDuration": 0.1,
		"FadeInDuration": 0,
		"FadeOutDuration": 0.3,
		"Frequency": 0,
		"Randomness": 0,
		"ShakeChannel": 0,
		"FlipVec": 1,
		"UpdateOnly": 0,
		"Permanent": 0,
		"IsSmooth": 0
	},
	{
		"CameraShakeID": "Minor_port_wave",
		"ShakeShiftX": 0,
		"ShakeShiftY": 0,
		"ShakeShiftZ": 0,
		"ShakeAngleX": 0.01,
		"ShakeAngleY": 0.01,
		"ShakeAngleZ": 0.002,
		"SustainDuration": 0,
		"FadeInDuration": 0,
		"FadeOutDuration": 0.5,
		"Frequency": 0,
		"Randomness": 0,
		"ShakeChannel": 0,
		"FlipVec": 1,
		"UpdateOnly": 0,
		"Permanent": 0,
		"IsSmooth": 0
	},
	{
		"CameraShakeID": "PrimaryAttack",
		"ShakeShiftX": 0.05,
		"ShakeShiftY": 0,
		"ShakeShiftZ": 0.05,
		"ShakeAngleX": 0.01,
		"ShakeAngleY": 0,
		"ShakeAngleZ": 0.01,
		"SustainDuration": 0.1,
		"FadeInDuration": 0,
		"FadeOutDuration": 0,
		"Frequency": 0.03,
		"Randomness": 0,
		"ShakeChannel": 0,
		"FlipVec": 1,
		"UpdateOnly": 0,
		"Permanent": 0,
		"IsSmooth": 0
	},
	{
		"CameraShakeID": "Brute_Footsteps",
		"ShakeShiftX": 0.005,
		"ShakeShiftY": 0,
		"ShakeShiftZ": 0.005,
		"ShakeAngleX": 0.005,
		"ShakeAngleY": 0.005,
		"ShakeAngleZ": 0.005,
		"SustainDuration": 0.01,
		"FadeInDuration": 0.01,
		"FadeOutDuration": 0.01,
		"Frequency": 0.015,
		"Randomness": 0,
		"ShakeChannel": 0,
		"FlipVec": 1,
		"UpdateOnly": 0,
		"Permanent": 0,
		"IsSmooth": 1
	},
	{
		"CameraShakeID": "Lightning01",
		"ShakeShiftX": 0.1,
		"ShakeShiftY": 0,
		"ShakeShiftZ": 0.1,
		"ShakeAngleX": 0.005,
		"ShakeAngleY": 0,
		"ShakeAngleZ": 0,
		"SustainDuration": 0.15,
		"FadeInDuration": 0,
		"FadeOutDuration": 0,
		"Frequency": 0.01,
		"Randomness": 0,
		"ShakeChannel": 0,
		"FlipVec": 1,
		"UpdateOnly": 0,
		"Permanent": 0,
		"IsSmooth": 1
	},
	{
		"CameraShakeID": "Brazier_Door",
		"ShakeShiftX": 0.02,
		"ShakeShiftY": 0.02,
		"ShakeShiftZ": 0.02,
		"ShakeAngleX": 0.005,
		"ShakeAngleY": 0.005,
		"ShakeAngleZ": 0.005,
		"SustainDuration": 6,
		"FadeInDuration": 0.2,
		"FadeOutDuration": 0.2,
		"Frequency": 0.05,
		"Randomness": 0,
		"ShakeChannel": 6,
		"FlipVec": 1,
		"UpdateOnly": 0,
		"Permanent": 0,
		"IsSmooth": 1
	},
	{
		"CameraShakeID": "AE_Naga_MassiveAOE_Tell",
		"ShakeShiftX": 0.01,
		"ShakeShiftY": 0,
		"ShakeShiftZ": 0.01,
		"ShakeAngleX": 0.002,
		"ShakeAngleY": 0,
		"ShakeAngleZ": 0,
		"SustainDuration": 3.2,
		"FadeInDuration": 1,
		"FadeOutDuration": 0,
		"Frequency": 0.03,
		"Randomness": 0,
		"ShakeChannel": 9,
		"FlipVec": 1,
		"UpdateOnly": 0,
		"Permanent": 0,
		"IsSmooth": 1
	},
	{
		"CameraShakeID": "Torso_Boss_Intro",
		"ShakeShiftX": 0.0025,
		"ShakeShiftY": 0,
		"ShakeShiftZ": 0.0025,
		"ShakeAngleX": 0.001,
		"ShakeAngleY": 0,
		"ShakeAngleZ": 0,
		"SustainDuration": 5,
		"FadeInDuration": 1,
		"FadeOutDuration": 0,
		"Frequency": 0.03,
		"Randomness": 0,
		"ShakeChannel": 9,
		"FlipVec": 1,
		"UpdateOnly": 0,
		"Permanent": 0,
		"IsSmooth": 1
	},
	{
		"CameraShakeID": "Naga_Corrupted_Corruption_Shot",
		"ShakeShiftX": 0.002,
		"ShakeShiftY": 0.002,
		"ShakeShiftZ": 0.002,
		"ShakeAngleX": 0.001,
		"ShakeAngleY": 0,
		"ShakeAngleZ": 0,
		"SustainDuration": 0,
		"FadeInDuration": 1,
		"FadeOutDuration": 0,
		"Frequency": 0.015,
		"Randomness": 0,
		"ShakeChannel": 9,
		"FlipVec": 1,
		"UpdateOnly": 0,
		"Permanent": 0,
		"IsSmooth": 1
	},
	{
		"CameraShakeID": "UndeadNaga_FieryDomain",
		"ShakeShiftX": 0.001,
		"ShakeShiftY": 0.001,
		"ShakeShiftZ": 0.001,
		"ShakeAngleX": 0.001,
		"ShakeAngleY": 0.001,
		"ShakeAngleZ": 0.001,
		"SustainDuration": 0.2,
		"FadeInDuration": 0.2,
		"FadeOutDuration": 0.2,
		"Frequency": 0.05,
		"Randomness": 0.3,
		"ShakeChannel": 6,
		"FlipVec": 1,
		"UpdateOnly": 0,
		"Permanent": 0,
		"IsSmooth": 1
	},
	{
		"CameraShakeID": "Ice_Floor_Broken",
		"ShakeShiftX": 0.01,
		"ShakeShiftY": 0.01,
		"ShakeShiftZ": 0.01,
		"ShakeAngleX": 0.004,
		"ShakeAngleY": 0.004,
		"ShakeAngleZ": 0.004,
		"SustainDuration": 2,
		"FadeInDuration": 0,
		"FadeOutDuration": 1,
		"Frequency": 0.02,
		"Randomness": 0,
		"ShakeChannel": 6,
		"FlipVec": 1,
		"UpdateOnly": 0,
		"Permanent": 0,
		"IsSmooth": 0
	},
	{
		"CameraShakeID": "Gate_Rising",
		"ShakeShiftX": 0.01,
		"ShakeShiftY": 0.01,
		"ShakeShiftZ": 0.01,
		"ShakeAngleX": 0.003,
		"ShakeAngleY": 0.003,
		"ShakeAngleZ": 0.003,
		"SustainDuration": 2,
		"FadeInDuration": 0.3,
		"FadeOutDuration": 1,
		"Frequency": 0.03,
		"Randomness": 0.3,
		"ShakeChannel": 6,
		"FlipVec": 1,
		"UpdateOnly": 0,
		"Permanent": 0,
		"IsSmooth": 0
	},
	{
		"CameraShakeID": "AI_Broodmother_Stomp",
		"ShakeShiftX": 0.03,
		"ShakeShiftY": 0.03,
		"ShakeShiftZ": 0.03,
		"ShakeAngleX": 0,
		"ShakeAngleY": 0.005,
		"ShakeAngleZ": 0,
		"SustainDuration": 0.1,
		"FadeInDuration": 0,
		"FadeOutDuration": 0.1,
		"Frequency": 0.02,
		"Randomness": 0,
		"ShakeChannel": 1,
		"FlipVec": 1,
		"UpdateOnly": 0,
		"Permanent": 0,
		"IsSmooth": 1
	},
	{
		"CameraShakeID": "AI_Broodmother_ScootSteps",
		"ShakeShiftX": 0.01,
		"ShakeShiftY": 0,
		"ShakeShiftZ": 0.01,
		"ShakeAngleX": 0.005,
		"ShakeAngleY": 0.005,
		"ShakeAngleZ": 0.005,
		"SustainDuration": 0.01,
		"FadeInDuration": 0.01,
		"FadeOutDuration": 0.01,
		"Frequency": 0.015,
		"Randomness": 0,
		"ShakeChannel": 0,
		"FlipVec": 1,
		"UpdateOnly": 0,
		"Permanent": 0,
		"IsSmooth": 1
	},
	{
		"CameraShakeID": "AI_Broodmother_Intro",
		"ShakeShiftX": 0.04,
		"ShakeShiftY": 0.04,
		"ShakeShiftZ": 0.04,
		"ShakeAngleX": 0.01,
		"ShakeAngleY": 0.01,
		"ShakeAngleZ": 0.01,
		"SustainDuration": 0.2,
		"FadeInDuration": 0.1,
		"FadeOutDuration": 0.1,
		"Frequency": 0.03,
		"Randomness": 0,
		"ShakeChannel": 2,
		"FlipVec": 1,
		"UpdateOnly": 0,
		"Permanent": 0,
		"IsSmooth": 1
	},
	{
		"CameraShakeID": "Blunderbuss_Primary_Fire_ADS",
		"ShakeShiftX": 0,
		"ShakeShiftY": 0,
		"ShakeShiftZ": 0.75,
		"ShakeAngleX": 0,
		"ShakeAngleY": 0,
		"ShakeAngleZ": 0,
		"SustainDuration": 0.1,
		"FadeInDuration": 0,
		"FadeOutDuration": 0.1,
		"Frequency": 1,
		"Randomness": 0,
		"ShakeChannel": 8,
		"FlipVec": 1,
		"UpdateOnly": 0,
		"Permanent": 0,
		"IsSmooth": 1
	},
	{
		"CameraShakeID": "Blunderbuss_Mortar_Fire",
		"ShakeShiftX": 0,
		"ShakeShiftY": 0,
		"ShakeShiftZ": 2,
		"ShakeAngleX": 0,
		"ShakeAngleY": 0,
		"ShakeAngleZ": 0,
		"SustainDuration": 0.1,
		"FadeInDuration": 0,
		"FadeOutDuration": 0.1,
		"Frequency": 1,
		"Randomness": 0,
		"ShakeChannel": 8,
		"FlipVec": 1,
		"UpdateOnly": 0,
		"Permanent": 0,
		"IsSmooth": 1
	},
	{
		"CameraShakeID": "Blunderbuss_Primary_Fire_Hip",
		"ShakeShiftX": 0,
		"ShakeShiftY": 0,
		"ShakeShiftZ": 0.9,
		"ShakeAngleX": 0,
		"ShakeAngleY": 0,
		"ShakeAngleZ": 0,
		"SustainDuration": 0.1,
		"FadeInDuration": 0,
		"FadeOutDuration": 0.1,
		"Frequency": 1,
		"Randomness": 0,
		"ShakeChannel": 8,
		"FlipVec": 1,
		"UpdateOnly": 0,
		"Permanent": 0,
		"IsSmooth": 1
	},
	{
		"CameraShakeID": "FTUE_Door",
		"ShakeShiftX": 0.01,
		"ShakeShiftY": 0.01,
		"ShakeShiftZ": 0.01,
		"ShakeAngleX": 0.003,
		"ShakeAngleY": 0.003,
		"ShakeAngleZ": 0.003,
		"SustainDuration": 4,
		"FadeInDuration": 0.3,
		"FadeOutDuration": 1,
		"Frequency": 0.03,
		"Randomness": 0.3,
		"ShakeChannel": 6,
		"FlipVec": 1,
		"UpdateOnly": 0,
		"Permanent": 0,
		"IsSmooth": 1
	},
	{
		"CameraShakeID": "DW_RotatingWall",
		"ShakeShiftX": 0.01,
		"ShakeShiftY": 0.01,
		"ShakeShiftZ": 0.01,
		"ShakeAngleX": 0.003,
		"ShakeAngleY": 0.003,
		"ShakeAngleZ": 0.003,
		"SustainDuration": 6,
		"FadeInDuration": 0.3,
		"FadeOutDuration": 1,
		"Frequency": 0.03,
		"Randomness": 0.3,
		"ShakeChannel": 6,
		"FlipVec": 1,
		"UpdateOnly": 0,
		"Permanent": 0,
		"IsSmooth": 1
	}
]