[
	{
		"NPAId": "*NPA_UnitTest_ReqAchCond_1",
		"ReqAchievementConditional": "debug_11"
	},
	{
		"NPAId": "*NPA_UnitTest_ReqAchCond_2",
		"ReqAchievementConditional": "!debug_11"
	},
	{
		"NPAId": "*NPA_UnitTest_ReqAchCond_3",
		"ReqAchievementConditional": "*NPA_UnitTest_ReqAchCond_1"
	},
	{
		"NPAId": "*NPA_UnitTest_ReqAchCond_4",
		"ReqAchievementConditional": "!*NPA_UnitTest_ReqAchCond_1"
	},
	{
		"NPAId": "*NPA_UnitTest_ReqAchCond_5",
		"ReqAchievementConditional": "debug_12"
	},
	{
		"NPAId": "*NPA_UnitTest_ReqAchCond_6",
		"ReqAchievementConditional": "!debug_12"
	},
	{
		"NPAId": "*NPA_UnitTest_ReqAchCond_7",
		"ReqAchievementConditional": "*NPA_UnitTest_ReqAchCond_5"
	},
	{
		"NPAId": "*NPA_UnitTest_ReqAchCond_8",
		"ReqAchievementConditional": "!*NPA_UnitTest_ReqAchCond_5"
	},
	{
		"NPAId": "*NPA_UnitTest_ReqAchCond_9",
		"ReqAchievementConditional": "debug_11 && debug_12"
	},
	{
		"NPAId": "*NPA_UnitTest_ReqAchCond_10",
		"ReqAchievementConditional": "debug_11 && *NPA_UnitTest_ReqAchCond_5"
	},
	{
		"NPAId": "*NPA_UnitTest_ReqAchCond_11",
		"ReqAchievementConditional": "*NPA_UnitTest_ReqAchCond_1 && *NPA_UnitTest_ReqAchCond_5"
	},
	{
		"NPAId": "*NPA_UnitTest_ReqAchCond_12",
		"ReqAchievementConditional": "*NPA_UnitTest_ReqAchCond_1 && debug_12"
	},
	{
		"NPAId": "*NPA_UnitTest_ReqAchCond_13",
		"ReqAchievementConditional": "!debug_11 || !debug_12"
	},
	{
		"NPAId": "*NPA_UnitTest_ReqAchCond_14",
		"ReqAchievementConditional": "!debug_11 || *NPA_UnitTest_ReqAchCond_8"
	},
	{
		"NPAId": "*NPA_UnitTest_ReqAchCond_15",
		"ReqAchievementConditional": "*NPA_UnitTest_ReqAchCond_4 || *NPA_UnitTest_ReqAchCond_8"
	},
	{
		"NPAId": "*NPA_UnitTest_ReqAchCond_16",
		"ReqAchievementConditional": "*NPA_UnitTest_ReqAchCond_4 || debug_12"
	},
	{
		"NPAId": "*NPA_UnitTest_ObjFlow_1",
		"ObjectiveFlow": "u:Quest_08015"
	},
	{
		"NPAId": "*NPA_UnitTest_ObjFlow_2",
		"ObjectiveFlow": "u:Quest_08015:a"
	},
	{
		"NPAId": "*NPA_UnitTest_ObjFlow_3",
		"ObjectiveFlow": "u:Quest_08015/Quest_08015_Task_1"
	},
	{
		"NPAId": "*NPA_UnitTest_ObjFlow_4",
		"ObjectiveFlow": "u:Quest_08015/Quest_08015_Task_1:a"
	},
	{
		"NPAId": "*NPA_UnitTest_ObjFlow_5",
		"ObjectiveFlow": "u:Quest_08015/Quest_08015_Task_1:c"
	},
	{
		"NPAId": "*NPA_UnitTest_ObjFlow_6",
		"ObjectiveFlow": "u:Quest_08015/Quest_08015_Task_2"
	},
	{
		"NPAId": "*NPA_UnitTest_ObjFlow_7",
		"ObjectiveFlow": "u:Quest_08015/Quest_08015_Task_2:a"
	},
	{
		"NPAId": "*NPA_UnitTest_ObjFlow_8",
		"ObjectiveFlow": "u:Quest_08015/Quest_08015_Task_2:c"
	},
	{
		"NPAId": "*NPA_UnitTest_ObjFlow_9",
		"ObjectiveFlow": "u:Quest_08015:r"
	},
	{
		"NPAId": "*NPA_UnitTest_ObjFlow_10",
		"ObjectiveFlow": "u:Quest_08015:c"
	},
	{
		"NPAId": "*NPA_UnitTest_ObjFlow_11",
		"ObjectiveFlow": "u:Quest_08015,l:Quest_08015/Quest_08015_Task_2,u:Quest_08015:r,l:Quest_08015:c"
	},
	{
		"NPAId": "*NPA_UnitTest_ObjFlow_12",
		"ObjectiveFlow": "u:Quest_08015/Quest_08015_Task_1,l:Quest_08015/Quest_08015_Task_2,u:Quest_08015/Quest_08015_Task_2:c,l:Quest_08015:c"
	},
	{
		"NPAId": "*NPA_UnitTest_ObjFlow_13",
		"ObjectiveFlow": "u:Quest_08015,l:Quest_08015:c,u:Quest_08016,l:Quest_08016:c"
	},
	{
		"NPAId": "*NPA_UnitTest_ObjFlow_14",
		"ObjectiveFlow": "u:Quest_08015/Quest_08015_Task_1,l:Quest_08015/Quest_08015_Task_2,u:Quest_08016/Quest_08016_Task_1,l:Quest_08016/Quest_08016_Task_2,u:Quest_08016:c"
	},
	{
		"NPAId": "*NPA_UnitTest_ObjFlow_15",
		"ReqAchievementConditional": "debug_11",
		"ObjectiveFlow": "u:Quest_08015"
	},
	{
		"NPAId": "*NPA_UnitTest_ObjFlow_16",
		"ReqAchievementConditional": "debug_11",
		"ObjectiveFlow": "u:Quest_08015:a"
	},
	{
		"NPAId": "*NPA_UnitTest_ObjFlow_17",
		"ReqAchievementConditional": "debug_11",
		"ObjectiveFlow": "u:Quest_08015/Quest_08015_Task_1"
	},
	{
		"NPAId": "*NPA_UnitTest_ObjFlow_18",
		"ReqAchievementConditional": "debug_11",
		"ObjectiveFlow": "u:Quest_08015/Quest_08015_Task_1:a"
	},
	{
		"NPAId": "*NPA_UnitTest_ObjFlow_19",
		"ReqAchievementConditional": "debug_11",
		"ObjectiveFlow": "u:Quest_08015/Quest_08015_Task_1:c"
	},
	{
		"NPAId": "*NPA_UnitTest_ObjFlow_20",
		"ReqAchievementConditional": "debug_11",
		"ObjectiveFlow": "u:Quest_08015/Quest_08015_Task_2"
	},
	{
		"NPAId": "*NPA_UnitTest_ObjFlow_21",
		"ReqAchievementConditional": "debug_11",
		"ObjectiveFlow": "u:Quest_08015/Quest_08015_Task_2:a"
	},
	{
		"NPAId": "*NPA_UnitTest_ObjFlow_22",
		"ReqAchievementConditional": "debug_11",
		"ObjectiveFlow": "u:Quest_08015/Quest_08015_Task_2:c"
	},
	{
		"NPAId": "*NPA_UnitTest_ObjFlow_23",
		"ReqAchievementConditional": "debug_11",
		"ObjectiveFlow": "u:Quest_08015:r"
	},
	{
		"NPAId": "*NPA_UnitTest_ObjFlow_24",
		"ReqAchievementConditional": "debug_11",
		"ObjectiveFlow": "u:Quest_08015:c"
	}
]