[
	{
		"TerritoryID": 8101,
		"NameLocalizationKey": "Defend_Object_Event",
		"IsPOI": true,
		"MapIcon": "lyshineui/images/map/icon/pois/damned_compass.webp",
		"CompassIcon": "lyshineui/images/map/icon/pois/damned_compass.webp",
		"TooltipBackground": "lyshineui/images/map/tooltipimages/poi/maptooltip_darkness_minor_monolith.webp",
		"GroupSize": 0,
		"POILevel": 0,
		"POITag": ["DefendObject"]
	},
	{
		"TerritoryID": 8102,
		"NameLocalizationKey": "@objective_quest_encounter",
		"IsPOI": true,
		"MapIcon": "lyshineui/images/icons/objectives/icon_objective_mapbutton.webp",
		"CompassIcon": "lyshineui/images/icons/objectives/icon_objective_quest.webp",
		"TooltipBackground": "lyshineui/images/map/tooltipimages/poi/maptooltip_darkness_minor_monolith.webp",
		"GroupSize": 0,
		"POILevel": 0,
		"POITag": ["QuestEncounter"]
	}
]