[
	{
		"TypeID": "Physical",
		"IntID": 1,
		"Category": "Physical"
	},
	{
		"TypeID": "Melee",
		"IntID": 2,
		"Category": "Physical"
	},
	{
		"TypeID": "Ranged",
		"IntID": 3,
		"Category": "Physical"
	},
	{
		"TypeID": "Fire",
		"IntID": 4,
		"Category": "Fire"
	},
	{
		"TypeID": "Magic",
		"IntID": 5,
		"Category": "Magic"
	},
	{
		"TypeID": "Spirit",
		"IntID": 6,
		"Category": "Magic"
	},
	{
		"TypeID": "Eldritch",
		"IntID": 7,
		"Category": "Magic"
	},
	{
		"TypeID": "SlayingUndead",
		"IntID": 8,
		"Category": "Slaying"
	},
	{
		"TypeID": "SlayingBeast",
		"IntID": 9,
		"Category": "Slaying"
	}
]