[
	{
		"Rank": 0,
		"DisplayName": "@ui_event_rank_0",
		"MaximumInfluence": 1000,
		"RequiredLevel": 0,
		"InfluenceCost": 0,
		"CurrencyCost": 0,
		"AzothCost": 0,
		"SanityCheck": false,
		"EntitlementId": 0
	},
	{
		"Rank": 1,
		"DisplayName": "@ui_event_rank_1",
		"MaximumInfluence": 1500,
		"RequiredLevel": 0,
		"InfluenceCost": 0,
		"CurrencyCost": 0,
		"AzothCost": 0,
		"SanityCheck": true,
		"EntitlementId": 0
	},
	{
		"Rank": 2,
		"DisplayName": "@ui_event_rank_2",
		"MaximumInfluence": 2500,
		"RequiredLevel": 0,
		"InfluenceCost": 0,
		"CurrencyCost": 0,
		"AzothCost": 0,
		"SanityCheck": true,
		"EntitlementId": 0
	},
	{
		"Rank": 3,
		"DisplayName": "@ui_event_rank_3",
		"MaximumInfluence": 4000,
		"RequiredLevel": 0,
		"InfluenceCost": 0,
		"CurrencyCost": 0,
		"AzothCost": 0,
		"SanityCheck": true,
		"EntitlementId": 0
	},
	{
		"Rank": 4,
		"DisplayName": "@ui_event_rank_4",
		"MaximumInfluence": 7500,
		"RequiredLevel": 0,
		"InfluenceCost": 0,
		"CurrencyCost": 0,
		"AzothCost": 0,
		"SanityCheck": true,
		"EntitlementId": 0
	}
]