[
	{
		"RowPlaceholders": "FIRSTROW",
		"LootBucket1": "BattleRoyaleWeapons_Common",
		"LootBucket2": "BattleRoyaleWeapons_Uncommon",
		"LootBucket3": "BattleRoyaleWeapons_Rare",
		"LootBucket4": "BattleRoyaleWeapons_Epic",
		"LootBucket5": "BattleRoyaleWeapons_Legendary",
		"LootBucket6": "BattleRoyaleArmor_Common",
		"LootBucket7": "BattleRoyaleArmor_Uncommon",
		"LootBucket8": "BattleRoyaleArmor_Rare",
		"LootBucket9": "BattleRoyaleArmor_Epic",
		"LootBucket10": "BattleRoyaleArmor_Legendary",
		"LootBucket11": "BattleRoyaleTrinket_Common",
		"LootBucket12": "BattleRoyaleTrinket_Uncommon",
		"LootBucket13": "BattleRoyaleTrinket_Rare",
		"LootBucket14": "BattleRoyaleTrinket_Epic",
		"LootBucket15": "BattleRoyaleTrinket_Legendary",
		"LootBucket16": "BattleRoyale_Consumables"
	},
	{
		"RowPlaceholders": "DATA1"
	},
	{
		"RowPlaceholders": "DATA2"
	},
	{
		"RowPlaceholders": "DATA3"
	},
	{
		"RowPlaceholders": "DATA4"
	},
	{
		"RowPlaceholders": "DATA5"
	},
	{
		"RowPlaceholders": "DATA6"
	},
	{
		"RowPlaceholders": "DATA7"
	},
	{
		"RowPlaceholders": "DATA8"
	},
	{
		"RowPlaceholders": "DATA9"
	},
	{
		"RowPlaceholders": "DATA10"
	},
	{
		"RowPlaceholders": "DATA11"
	},
	{
		"RowPlaceholders": "DATA12"
	},
	{
		"RowPlaceholders": "DATA13"
	},
	{
		"RowPlaceholders": "DATA14"
	},
	{
		"RowPlaceholders": "DATA15"
	},
	{
		"RowPlaceholders": "DATA16"
	},
	{
		"RowPlaceholders": "DATA17"
	},
	{
		"RowPlaceholders": "DATA18"
	},
	{
		"RowPlaceholders": "DATA19"
	},
	{
		"RowPlaceholders": "DATA20"
	},
	{
		"RowPlaceholders": "DATA21"
	},
	{
		"RowPlaceholders": "DATA22"
	},
	{
		"RowPlaceholders": "DATA23"
	},
	{
		"RowPlaceholders": "DATA24"
	},
	{
		"RowPlaceholders": "DATA25"
	},
	{
		"RowPlaceholders": "DATA26"
	},
	{
		"RowPlaceholders": "DATA27"
	},
	{
		"RowPlaceholders": "DATA28"
	},
	{
		"RowPlaceholders": "DATA29"
	},
	{
		"RowPlaceholders": "DATA30"
	},
	{
		"RowPlaceholders": "DATA31"
	}
]