[
	{
		"ValueID": "HeightOffset",
		"Value": "2"
	},
	{
		"ValueID": "MaxDisplayDistance",
		"Value": "75"
	},
	{
		"ValueID": "DisplayTime",
		"Value": "2.0"
	},
	{
		"ValueID": "FadeFraction",
		"Value": "0.75"
	},
	{
		"ValueID": "Velocity",
		"Value": ".8"
	},
	{
		"ValueID": "FontSizeMin",
		"Value": "4"
	},
	{
		"ValueID": "FontSizeMax",
		"Value": "6"
	},
	{
		"ValueID": "StaminaColor",
		"Value": "0096FF"
	},
	{
		"ValueID": "HealthColor",
		"Value": "FF4D00"
	},
	{
		"ValueID": "BlockedColor",
		"Value": "94DBEB"
	},
	{
		"ValueID": "ImmuneColor",
		"Value": "CCCCCC"
	},
	{
		"ValueID": "AttackColor",
		"Value": "FFCC33"
	}
]