[
	{
		"ConversionID": "RepairT1_RepairT2",
		"FromCurrencyId": "Repair_T1",
		"FromCurrencyIsCategoricalProgression": true,
		"FromCurrencyQuantity": 1,
		"ToCurrencyId": "Repair_T2",
		"ToCurrencyIsCategoricalProgression": true,
		"ToCurrencyQuantity": 1
	},
	{
		"ConversionID": "RepairT2_RepairT3",
		"FromCurrencyId": "Repair_T2",
		"FromCurrencyIsCategoricalProgression": true,
		"FromCurrencyQuantity": 1,
		"ToCurrencyId": "Repair_T3",
		"ToCurrencyIsCategoricalProgression": true,
		"ToCurrencyQuantity": 1
	},
	{
		"ConversionID": "RepairT3_RepairT4",
		"FromCurrencyId": "Repair_T3",
		"FromCurrencyIsCategoricalProgression": true,
		"FromCurrencyQuantity": 1,
		"ToCurrencyId": "Repair_T4",
		"ToCurrencyIsCategoricalProgression": true,
		"ToCurrencyQuantity": 1
	},
	{
		"ConversionID": "RepairT4_RepairT5",
		"FromCurrencyId": "Repair_T4",
		"FromCurrencyIsCategoricalProgression": true,
		"FromCurrencyQuantity": 1,
		"ToCurrencyId": "Repair_T5",
		"ToCurrencyIsCategoricalProgression": true,
		"ToCurrencyQuantity": 1
	},
	{
		"ConversionID": "RepairT5_RepairT4",
		"FromCurrencyId": "Repair_T5",
		"FromCurrencyIsCategoricalProgression": true,
		"FromCurrencyQuantity": 1,
		"ToCurrencyId": "Repair_T4",
		"ToCurrencyIsCategoricalProgression": true,
		"ToCurrencyQuantity": 60
	},
	{
		"ConversionID": "RepairT5_Crowns",
		"FromCurrencyId": "Repair_T5",
		"FromCurrencyIsCategoricalProgression": true,
		"FromCurrencyQuantity": 5,
		"ToCurrencyId": "Crowns",
		"ToCurrencyIsCategoricalProgression": false,
		"ToCurrencyQuantity": 15
	}
]