[
	{
		"ContributionId": "Spawn_Killed",
		"Category": "default",
		"Value": 100,
		"Shared": false,
		"Expires": false
	},
	{
		"ContributionId": "Spawn_Killed : Invasion_Grunt",
		"Category": "default",
		"Value": 100,
		"Shared": false,
		"Expires": false
	},
	{
		"ContributionId": "Damage_Received",
		"Category": "default",
		"Value": 1,
		"Shared": false,
		"Expires": false
	},
	{
		"ContributionId": "Support",
		"Category": "default",
		"Value": 1,
		"Shared": false,
		"Expires": false
	},
	{
		"ContributionId": "Killed",
		"Category": "default",
		"Value": 1,
		"Shared": false,
		"Expires": false
	},
	{
		"ContributionId": "Wave_Started",
		"Category": "default",
		"Value": 1,
		"Shared": false,
		"Expires": false
	},
	{
		"ContributionId": "Spawn_Interacted",
		"Category": "default",
		"Value": 1,
		"Shared": false,
		"Expires": false
	},
	{
		"ContributionId": "Spawn_Interacted:09A_M5_WoodBoard",
		"Category": "interaction",
		"Value": 100,
		"Shared": true,
		"Expires": false
	}
]