[
	{
		"ContributionId": "Spawn_Killed",
		"Category": "default",
		"Value": 1,
		"Shared": false,
		"Expires": false
	},
	{
		"ContributionId": "Damage_Received",
		"Category": "default",
		"Value": 1,
		"Shared": false,
		"Expires": false
	},
	{
		"ContributionId": "Support",
		"Category": "default",
		"Value": 1,
		"Shared": false,
		"Expires": false
	},
	{
		"ContributionId": "Killed",
		"Category": "default",
		"Value": 1,
		"Shared": false,
		"Expires": false
	},
	{
		"ContributionId": "Wave_Started",
		"Category": "default",
		"Value": 1,
		"Shared": false,
		"Expires": false
	},
	{
		"ContributionId": "Spawn_Interacted",
		"Category": "default",
		"Value": 1,
		"Shared": false,
		"Expires": false
	},
	{
		"ContributionId": "Damage_Dealt",
		"Category": "default",
		"Value": 1,
		"Shared": false,
		"Expires": false
	},
	{
		"ContributionId": "Encounter_Activated",
		"Category": "default",
		"Value": 1,
		"Shared": false,
		"Expires": false
	},
	{
		"ContributionId": "Spawn_Interacted : BoatEncounter_Cannon_01",
		"Category": "interaction",
		"Value": 100,
		"Shared": true,
		"Expires": false
	},
	{
		"ContributionId": "Spawn_Interacted:98_Syndicate_03_Well_A",
		"Category": "interaction",
		"Value": 100,
		"Shared": true,
		"Expires": false
	},
	{
		"ContributionId": "Spawn_Interacted:98_Syndicate_03_Well_B",
		"Category": "interaction",
		"Value": 100,
		"Shared": true,
		"Expires": false
	},
	{
		"ContributionId": "Spawn_Interacted:95A_S02_Geyser_Puzzle_Boulder_Interact",
		"Category": "interaction",
		"Value": 100,
		"Shared": true,
		"Expires": false
	},
	{
		"ContributionId": "Spawn_Interacted:DepositBoulder",
		"Category": "interaction",
		"Value": 100,
		"Shared": true,
		"Expires": false
	}
]