[
	{
		"ContributionId": "Spawn_Killed",
		"Category": "default",
		"Value": 100,
		"Shared": false,
		"Expires": false
	},
	{
		"ContributionId": "Spawn_Interacted",
		"Category": "default",
		"Value": 100,
		"Shared": false,
		"Expires": false
	},
	{
		"ContributionId": "Encounter_Activated",
		"Category": "default",
		"Value": 500,
		"Shared": false,
		"Expires": false
	},
	{
		"ContributionId": "Damage_Received",
		"Category": "default",
		"Value": 100,
		"Shared": false,
		"Expires": false
	},
	{
		"ContributionId": "Damage_Dealt",
		"Category": "default",
		"Value": 100,
		"Shared": false,
		"Expires": false
	},
	{
		"ContributionId": "Wave_Started",
		"Category": "default",
		"Value": 100,
		"Shared": false,
		"Expires": false
	},
	{
		"ContributionId": "Killed",
		"Category": "default",
		"Value": 100,
		"Shared": false,
		"Expires": false
	},
	{
		"ContributionId": "Support",
		"Category": "default",
		"Value": 100,
		"Shared": false,
		"Expires": false
	}
]