[
	{
		"DamageID": "Attack_Stab",
		"WeaponCategory": "Spear",
		"IgnoreInvulnerable": 0,
		"NoReaction": 0,
		"SurfaceImpactEffect": "Bullet",
		"AttackType": "Light",
		"DamageType": "Thrust",
		"DeflectDamageID": "Deflect_Default",
		"CanCrit": false,
		"DmgCoef": 0.55,
		"DmgCoefHead": 1,
		"DmgCoefCrit": 1,
		"PowerLevel": 0,
		"BlockPowerLevel": 1,
		"CritPowerLevel": 0,
		"HitStun": 10,
		"BlockHitStun": 5,
		"CritHitStun": 10,
		"ImpactDistanceX": 0,
		"ImpactDistanceY": 0.3,
		"ImpactDistanceZ": 0,
		"ImpactDecayRate": 0.8,
		"CritImpactDistanceX": 0,
		"CritImpactDistanceY": 0.3,
		"CritImpactDistanceZ": 0,
		"CritImpactDecayRate": 0.8,
		"BlockImpactDistanceX": 0,
		"BlockImpactDistanceY": 0,
		"BlockImpactDistanceZ": 0,
		"BlockImpactDecayRate": 0.8,
		"AddDmg": 0,
		"StaggerDmgModifier": 0,
		"StaggerResistModifier": 0,
		"TargetCameraShakeID": "Small",
		"BlockTargetCameraShakeID": "Small",
		"ImpactRating": 3,
		"BlockStaminaDmgMod": 0.15,
		"BlockAbsorptionModifier": 1,
		"StunBreakoutIncrement": 0,
		"LOSCheckVerticalAngleOffset": 30,
		"HitRuneCharge": 0.1625,
		"HitBlockedRuneCharge": 0.325
	},
	{
		"DamageID": "Attack_Heavy_Stab",
		"WeaponCategory": "Spear",
		"IgnoreInvulnerable": 0,
		"NoReaction": 0,
		"SurfaceImpactEffect": "Bullet",
		"AttackType": "Heavy",
		"DamageType": "Thrust",
		"DeflectDamageID": "Deflect_Default",
		"CanCrit": false,
		"DmgCoef": 1,
		"DmgCoefHead": 1,
		"DmgCoefCrit": 1,
		"PowerLevel": 1,
		"BlockPowerLevel": 1,
		"CritPowerLevel": 1,
		"HitStun": 15,
		"BlockHitStun": 10,
		"CritHitStun": 15,
		"ImpactDistanceX": 0,
		"ImpactDistanceY": 1,
		"ImpactDistanceZ": 0,
		"ImpactDecayRate": 0.8,
		"CritImpactDistanceX": 0,
		"CritImpactDistanceY": 1,
		"CritImpactDistanceZ": 0,
		"CritImpactDecayRate": 0.8,
		"BlockImpactDistanceX": 0,
		"BlockImpactDistanceY": 0,
		"BlockImpactDistanceZ": 0,
		"BlockImpactDecayRate": 0.8,
		"AddDmg": 0,
		"StaggerDmgModifier": 0,
		"StaggerResistModifier": 0,
		"TargetCameraShakeID": "Small",
		"BlockTargetCameraShakeID": "Small",
		"ImpactRating": 3,
		"BlockStaminaDmgMod": 1.2,
		"BlockAbsorptionModifier": 1,
		"StunBreakoutIncrement": 0,
		"LOSCheckVerticalAngleOffset": 30,
		"HitRuneCharge": 0.1625,
		"HitBlockedRuneCharge": 0.325
	},
	{
		"DamageID": "Attack_Swing",
		"WeaponCategory": "Spear",
		"IgnoreInvulnerable": 0,
		"NoReaction": 0,
		"SurfaceImpactEffect": "Bullet",
		"AttackType": "Light",
		"DamageType": "Thrust",
		"DeflectDamageID": "Deflect_Default",
		"CanCrit": false,
		"DmgCoef": 0.35,
		"DmgCoefHead": 1,
		"DmgCoefCrit": 1,
		"PowerLevel": 0,
		"BlockPowerLevel": 0,
		"CritPowerLevel": 0,
		"HitStun": 15,
		"BlockHitStun": 10,
		"CritHitStun": 15,
		"ImpactDistanceX": 0,
		"ImpactDistanceY": 0.5,
		"ImpactDistanceZ": 0,
		"ImpactDecayRate": 0.8,
		"CritImpactDistanceX": 0,
		"CritImpactDistanceY": 0.5,
		"CritImpactDistanceZ": 0,
		"CritImpactDecayRate": 0.8,
		"BlockImpactDistanceX": 0,
		"BlockImpactDistanceY": 0,
		"BlockImpactDistanceZ": 0,
		"BlockImpactDecayRate": 0.8,
		"AddDmg": 0,
		"StaggerDmgModifier": 0,
		"StaggerResistModifier": 0,
		"TargetCameraShakeID": "Small",
		"BlockTargetCameraShakeID": "Small",
		"ImpactRating": 3,
		"BlockStaminaDmgMod": 0.3,
		"BlockAbsorptionModifier": 1,
		"StunBreakoutIncrement": 1,
		"LOSCheckVerticalAngleOffset": 30,
		"HitRuneCharge": 0.1625,
		"HitBlockedRuneCharge": 0.325
	},
	{
		"DamageID": "Attack_Leg_Sweep",
		"WeaponCategory": "Spear",
		"IgnoreInvulnerable": 0,
		"NoReaction": 0,
		"SurfaceImpactEffect": "Bullet",
		"AttackType": "Heavy",
		"DamageType": "Thrust",
		"DeflectDamageID": "Deflect_Default",
		"CanCrit": false,
		"DmgCoef": 0.2,
		"DmgCoefHead": 1,
		"DmgCoefCrit": 1,
		"PowerLevel": 5,
		"BlockPowerLevel": 5,
		"CritPowerLevel": 5,
		"HitStun": 50,
		"BlockHitStun": 45,
		"CritHitStun": 50,
		"ImpactDistanceX": 0,
		"ImpactDistanceY": 0.5,
		"ImpactDistanceZ": 0,
		"ImpactDecayRate": 0.8,
		"CritImpactDistanceX": 0,
		"CritImpactDistanceY": 0.5,
		"CritImpactDistanceZ": 0,
		"CritImpactDecayRate": 0.8,
		"BlockImpactDistanceX": 0,
		"BlockImpactDistanceY": 0,
		"BlockImpactDistanceZ": 0,
		"BlockImpactDecayRate": 0.8,
		"AddDmg": 0,
		"StaggerDmgModifier": 0,
		"StaggerResistModifier": 0,
		"TargetCameraShakeID": "Small",
		"BlockTargetCameraShakeID": "Small",
		"ImpactRating": 3,
		"BlockStaminaDmgMod": 0.5,
		"BlockAbsorptionModifier": 1,
		"StunBreakoutIncrement": 1,
		"LOSCheckVerticalAngleOffset": 30,
		"HitRuneCharge": 0.1625,
		"HitBlockedRuneCharge": 0.325
	},
	{
		"DamageID": "Attack_Leg_Sweep_FollowUp",
		"WeaponCategory": "Spear",
		"IgnoreInvulnerable": 0,
		"NoReaction": 0,
		"SurfaceImpactEffect": "Bullet",
		"AttackType": "Heavy",
		"DamageType": "Thrust",
		"DeflectDamageID": "Deflect_Default",
		"CanCrit": false,
		"DmgCoef": 0.85,
		"DmgCoefHead": 1,
		"DmgCoefCrit": 1,
		"PowerLevel": 0,
		"BlockPowerLevel": 2,
		"CritPowerLevel": 0,
		"HitStun": 25,
		"BlockHitStun": 20,
		"CritHitStun": 25,
		"ImpactDistanceX": 0,
		"ImpactDistanceY": 0.5,
		"ImpactDistanceZ": 0,
		"ImpactDecayRate": 0.8,
		"CritImpactDistanceX": 0,
		"CritImpactDistanceY": 0.5,
		"CritImpactDistanceZ": 0,
		"CritImpactDecayRate": 0.8,
		"BlockImpactDistanceX": 0,
		"BlockImpactDistanceY": 0,
		"BlockImpactDistanceZ": 0,
		"BlockImpactDecayRate": 0.8,
		"AddDmg": 0,
		"StaggerDmgModifier": 0,
		"StaggerResistModifier": 0,
		"TargetCameraShakeID": "Small",
		"ImpactRating": 3,
		"BlockStaminaDmgMod": 1,
		"BlockAbsorptionModifier": 1,
		"StunBreakoutIncrement": 1,
		"LOSCheckVerticalAngleOffset": 30,
		"HitRuneCharge": 0.1625,
		"HitBlockedRuneCharge": 0.325
	},
	{
		"DamageID": "Deflect_Default",
		"WeaponCategory": "Unarmed",
		"IgnoreInvulnerable": 1,
		"NoReaction": 0,
		"DamageType": "Standard",
		"CanCrit": false,
		"DmgCoef": 0,
		"DmgCoefHead": 0,
		"DmgCoefCrit": 0,
		"PowerLevel": 2,
		"BlockPowerLevel": 2,
		"CritPowerLevel": 2,
		"HitStun": 0,
		"BlockHitStun": 0,
		"CritHitStun": 0,
		"ImpactDistanceX": 0,
		"ImpactDistanceY": 1,
		"ImpactDistanceZ": 0,
		"ImpactDecayRate": 0.8,
		"CritImpactDistanceX": 0,
		"CritImpactDistanceY": 1,
		"CritImpactDistanceZ": 0,
		"CritImpactDecayRate": 0.8,
		"BlockImpactDistanceX": 0,
		"BlockImpactDistanceY": 0,
		"BlockImpactDistanceZ": 0,
		"BlockImpactDecayRate": 0,
		"AddDmg": 0,
		"StaggerDmgModifier": 0,
		"StaggerResistModifier": 0,
		"TargetCameraShakeID": "Small",
		"ImpactRating": 0,
		"BlockStaminaDmgMod": 0.45,
		"BlockAbsorptionModifier": 1,
		"StunBreakoutIncrement": 1,
		"LOSCheckVerticalAngleOffset": 0,
		"HitRuneCharge": 0.1625,
		"HitBlockedRuneCharge": 0.325
	},
	{
		"DamageID": "Fall",
		"WeaponCategory": "Fall",
		"IgnoreInvulnerable": 1,
		"NoReaction": 1,
		"SurfaceImpactEffect": "Bullet",
		"DamageType": "Falling",
		"CanCrit": false,
		"DmgCoef": 1,
		"DmgCoefHead": 0,
		"DmgCoefCrit": 0,
		"PowerLevel": 2,
		"BlockPowerLevel": 2,
		"CritPowerLevel": 2,
		"HitStun": 0,
		"BlockHitStun": 0,
		"CritHitStun": 0,
		"ImpactDistanceX": 0,
		"ImpactDistanceY": 0,
		"ImpactDistanceZ": 0,
		"ImpactDecayRate": 0,
		"CritImpactDistanceX": 0,
		"CritImpactDistanceY": 0,
		"CritImpactDistanceZ": 0,
		"CritImpactDecayRate": 0,
		"BlockImpactDistanceX": 0,
		"BlockImpactDistanceY": 0,
		"BlockImpactDistanceZ": 0,
		"BlockImpactDecayRate": 0,
		"AddDmg": 0,
		"StaggerDmgModifier": 0,
		"StaggerResistModifier": 0,
		"TargetCameraShakeID": "Small",
		"ImpactRating": 0,
		"BlockStaminaDmgMod": 1,
		"BlockAbsorptionModifier": 1,
		"StunBreakoutIncrement": 1,
		"LOSCheckVerticalAngleOffset": 0,
		"HitRuneCharge": 0.1625,
		"HitBlockedRuneCharge": 0.325
	},
	{
		"DamageID": "Reaction_Breakout",
		"WeaponCategory": "Fall",
		"IgnoreInvulnerable": 1,
		"NoReaction": 1,
		"SurfaceImpactEffect": "Bullet",
		"DamageType": "Falling",
		"CanCrit": false,
		"DmgCoef": 0,
		"DmgCoefHead": 0,
		"DmgCoefCrit": 0,
		"PowerLevel": 0,
		"BlockPowerLevel": 0,
		"CritPowerLevel": 0,
		"HitStun": 0,
		"BlockHitStun": 0,
		"CritHitStun": 0,
		"ImpactDistanceX": 0,
		"ImpactDistanceY": 0,
		"ImpactDistanceZ": 0,
		"ImpactDecayRate": 0,
		"CritImpactDistanceX": 0,
		"CritImpactDistanceY": 0,
		"CritImpactDistanceZ": 0,
		"CritImpactDecayRate": 0,
		"BlockImpactDistanceX": 0,
		"BlockImpactDistanceY": 0,
		"BlockImpactDistanceZ": 0,
		"BlockImpactDecayRate": 0,
		"AddDmg": 0,
		"StaggerDmgModifier": 0,
		"StaggerResistModifier": 10,
		"TargetCameraShakeID": "Small",
		"ImpactRating": 1,
		"BlockStaminaDmgMod": 0,
		"BlockAbsorptionModifier": 1,
		"StunBreakoutIncrement": 1,
		"LOSCheckVerticalAngleOffset": 0,
		"HitRuneCharge": 0.1625,
		"HitBlockedRuneCharge": 0.325
	}
]