[
	{
		"DamageID": "Slap",
		"WeaponCategory": "Unarmed",
		"IgnoreInvulnerable": 0,
		"NoReaction": 0,
		"SurfaceImpactEffect": "Bullet",
		"AttackType": "Light",
		"DamageType": "Strike",
		"EffectOnlyOnDamage": true,
		"CanCrit": false,
		"DmgCoef": 0.35,
		"DmgCoefHead": 1,
		"DmgCoefCrit": 1,
		"PowerLevel": 0,
		"BlockPowerLevel": 0,
		"CritPowerLevel": 0,
		"HitStun": 10,
		"BlockHitStun": 15,
		"CritHitStun": 10,
		"ImpactDistanceX": 0,
		"ImpactDistanceY": 0.5,
		"ImpactDistanceZ": 0,
		"ImpactDecayRate": 0.8,
		"CritImpactDistanceX": 0,
		"CritImpactDistanceY": 1.5,
		"CritImpactDistanceZ": 0,
		"CritImpactDecayRate": 0.8,
		"BlockImpactDistanceX": 0,
		"BlockImpactDistanceY": 0,
		"BlockImpactDistanceZ": 0,
		"BlockImpactDecayRate": 0.9,
		"StaggerDmgModifier": 0.7,
		"CritStaggerDmgModifier": 0.7,
		"StaggerResistModifier": 1,
		"AddDmg": 0,
		"ImpactRating": 0,
		"BlockStaminaDmgMod": 0.15,
		"BlockAbsorptionModifier": 1,
		"CameraShakeID": "Small",
		"CritCameraShakeID": "Small",
		"StunBreakoutIncrement": 1,
		"HitRuneCharge": 0.1625,
		"HitBlockedRuneCharge": 0.325,
		"StaminaDmg": 0
	},
	{
		"DamageID": "Smash",
		"WeaponCategory": "Unarmed",
		"IgnoreInvulnerable": 0,
		"NoReaction": 0,
		"SurfaceImpactEffect": "Bullet",
		"AttackType": "Heavy",
		"DamageType": "Strike",
		"EffectOnlyOnDamage": true,
		"CanCrit": false,
		"DmgCoef": 0.5,
		"DmgCoefHead": 1,
		"DmgCoefCrit": 1,
		"PowerLevel": 2,
		"BlockPowerLevel": 0,
		"CritPowerLevel": 0,
		"HitStun": 25,
		"BlockHitStun": 25,
		"CritHitStun": 30,
		"ImpactDistanceX": 0,
		"ImpactDistanceY": 1,
		"ImpactDistanceZ": 0,
		"ImpactDecayRate": 0.8,
		"CritImpactDistanceX": 0,
		"CritImpactDistanceY": 2.5,
		"CritImpactDistanceZ": 0,
		"CritImpactDecayRate": 0.8,
		"BlockImpactDistanceX": 0,
		"BlockImpactDistanceY": 0,
		"BlockImpactDistanceZ": 0,
		"BlockImpactDecayRate": 0.9,
		"StaggerDmgModifier": 1,
		"CritStaggerDmgModifier": 1,
		"StaggerResistModifier": 1,
		"AddDmg": 0,
		"ImpactRating": 0,
		"BlockStaminaDmgMod": 0.5,
		"BlockAbsorptionModifier": 1,
		"CameraShakeID": "Small",
		"CritCameraShakeID": "Small",
		"StunBreakoutIncrement": 1,
		"HitRuneCharge": 0.1625,
		"HitBlockedRuneCharge": 0.325,
		"StaminaDmg": 0
	},
	{
		"DamageID": "Rush",
		"WeaponCategory": "Unarmed",
		"IgnoreInvulnerable": 0,
		"NoReaction": 0,
		"SurfaceImpactEffect": "Bullet",
		"AttackType": "Heavy",
		"DamageType": "Strike",
		"EffectOnlyOnDamage": true,
		"CanCrit": false,
		"DmgCoef": 0.8,
		"DmgCoefHead": 1,
		"DmgCoefCrit": 1,
		"PowerLevel": 3,
		"BlockPowerLevel": 3,
		"CritPowerLevel": 3,
		"HitStun": 35,
		"BlockHitStun": 35,
		"CritHitStun": 45,
		"ImpactDistanceX": 2.5,
		"ImpactDistanceY": 2.5,
		"ImpactDistanceZ": 0,
		"ImpactDecayRate": 0.8,
		"CritImpactDistanceX": 2.5,
		"CritImpactDistanceY": 2.5,
		"CritImpactDistanceZ": 0,
		"CritImpactDecayRate": 0.8,
		"BlockImpactDistanceX": 0,
		"BlockImpactDistanceY": 0,
		"BlockImpactDistanceZ": 0,
		"BlockImpactDecayRate": 0.9,
		"StaggerDmgModifier": 1.1,
		"CritStaggerDmgModifier": 1.1,
		"StaggerResistModifier": 1,
		"AddDmg": 0,
		"ImpactRating": 0,
		"BlockStaminaDmgMod": 1.5,
		"BlockAbsorptionModifier": 1,
		"CameraShakeID": "Large",
		"CritCameraShakeID": "Large",
		"StunBreakoutIncrement": 1,
		"HitRuneCharge": 0.1625,
		"HitBlockedRuneCharge": 0.325,
		"StaminaDmg": 0
	},
	{
		"DamageID": "Throw",
		"WeaponCategory": "Unarmed",
		"IgnoreInvulnerable": 0,
		"NoReaction": 0,
		"SurfaceImpactEffect": "Bullet",
		"AttackType": "Heavy",
		"DamageType": "Strike",
		"EffectOnlyOnDamage": true,
		"CanCrit": false,
		"DmgCoef": 0.7,
		"DmgCoefHead": 1,
		"DmgCoefCrit": 1,
		"PowerLevel": 3,
		"BlockPowerLevel": 3,
		"CritPowerLevel": 3,
		"HitStun": 30,
		"BlockHitStun": 35,
		"CritHitStun": 45,
		"ImpactDistanceX": 2.5,
		"ImpactDistanceY": 2.5,
		"ImpactDistanceZ": 0,
		"ImpactDecayRate": 0.8,
		"CritImpactDistanceX": 2.5,
		"CritImpactDistanceY": 2.5,
		"CritImpactDistanceZ": 0,
		"CritImpactDecayRate": 0.8,
		"BlockImpactDistanceX": 0,
		"BlockImpactDistanceY": 0,
		"BlockImpactDistanceZ": 0,
		"BlockImpactDecayRate": 0.9,
		"StaggerDmgModifier": 1.1,
		"CritStaggerDmgModifier": 1.1,
		"StaggerResistModifier": 1,
		"AddDmg": 0,
		"ImpactRating": 0,
		"BlockStaminaDmgMod": 1.5,
		"BlockAbsorptionModifier": 1,
		"CameraShakeID": "Large",
		"CritCameraShakeID": "Large",
		"StunBreakoutIncrement": 1,
		"HitRuneCharge": 0.1625,
		"HitBlockedRuneCharge": 0.325,
		"StaminaDmg": 0
	},
	{
		"DamageID": "Deflect_Default",
		"WeaponCategory": "Unarmed",
		"IgnoreInvulnerable": 1,
		"NoReaction": 0,
		"DamageType": "Standard",
		"EffectOnlyOnDamage": false,
		"CanCrit": false,
		"DmgCoef": 0,
		"DmgCoefHead": 1,
		"DmgCoefCrit": 1,
		"PowerLevel": 2,
		"BlockPowerLevel": 2,
		"CritPowerLevel": 2,
		"HitStun": 25,
		"BlockHitStun": 30,
		"CritHitStun": 25,
		"ImpactDistanceX": 0,
		"ImpactDistanceY": 1,
		"ImpactDistanceZ": 0,
		"ImpactDecayRate": 0.8,
		"CritImpactDistanceX": 0,
		"CritImpactDistanceY": 1,
		"CritImpactDistanceZ": 0,
		"CritImpactDecayRate": 0.8,
		"BlockImpactDistanceX": 0,
		"BlockImpactDistanceY": 0,
		"BlockImpactDistanceZ": 0,
		"BlockImpactDecayRate": 0.9,
		"StaggerDmgModifier": 0.75,
		"CritStaggerDmgModifier": 0.75,
		"StaggerResistModifier": 1,
		"AddDmg": 0,
		"ImpactRating": 0,
		"BlockStaminaDmgMod": 1,
		"BlockAbsorptionModifier": 1,
		"CameraShakeID": "Large",
		"CritCameraShakeID": "Large",
		"StunBreakoutIncrement": 1,
		"HitRuneCharge": 0.1625,
		"HitBlockedRuneCharge": 0.325,
		"StaminaDmg": 0
	},
	{
		"DamageID": "Fall",
		"WeaponCategory": "Fall",
		"IgnoreInvulnerable": 1,
		"NoReaction": 1,
		"SurfaceImpactEffect": "Bullet",
		"DamageType": "Falling",
		"EffectOnlyOnDamage": false,
		"CanCrit": false,
		"DmgCoef": 1,
		"DmgCoefHead": 1,
		"DmgCoefCrit": 1,
		"PowerLevel": 2,
		"BlockPowerLevel": 2,
		"CritPowerLevel": 2,
		"HitStun": 0,
		"BlockHitStun": 0,
		"CritHitStun": 0,
		"ImpactDistanceX": 0,
		"ImpactDistanceY": 0,
		"ImpactDistanceZ": 0,
		"ImpactDecayRate": 0,
		"CritImpactDistanceX": 0,
		"CritImpactDistanceY": 0,
		"CritImpactDistanceZ": 0,
		"CritImpactDecayRate": 0,
		"BlockImpactDistanceX": 0,
		"BlockImpactDistanceY": 0,
		"BlockImpactDistanceZ": 0,
		"BlockImpactDecayRate": 0,
		"StaggerDmgModifier": 0.9,
		"CritStaggerDmgModifier": 0.9,
		"StaggerResistModifier": 1,
		"AddDmg": 0,
		"ImpactRating": 0,
		"BlockStaminaDmgMod": 1,
		"BlockAbsorptionModifier": 1,
		"CameraShakeID": "Large",
		"CritCameraShakeID": "Large",
		"StunBreakoutIncrement": 1,
		"HitRuneCharge": 0.1625,
		"HitBlockedRuneCharge": 0.325,
		"StaminaDmg": 0
	},
	{
		"DamageID": "Spell_Thunder_Charger_Bolts",
		"WeaponCategory": "Unarmed",
		"IgnoreInvulnerable": 0,
		"NoReaction": 0,
		"SurfaceImpactEffect": "Bullet",
		"AttackType": "Magic",
		"DamageType": "Lightning",
		"EffectOnlyOnDamage": true,
		"DeflectDamageID": "Deflect_Default",
		"CanCrit": false,
		"DmgCoef": 0.5,
		"DmgCoefHead": 1,
		"DmgCoefCrit": 1,
		"PowerLevel": 1,
		"BlockPowerLevel": 1,
		"CritPowerLevel": 1,
		"HitStun": 12,
		"BlockHitStun": 12,
		"CritHitStun": 12,
		"ImpactDistanceX": 0.8,
		"ImpactDistanceY": 0,
		"ImpactDistanceZ": 0,
		"ImpactDecayRate": 0.8,
		"CritImpactDistanceX": 0.8,
		"CritImpactDistanceY": 0,
		"CritImpactDistanceZ": 0,
		"CritImpactDecayRate": 0.8,
		"BlockImpactDistanceX": 0,
		"BlockImpactDistanceY": 0,
		"BlockImpactDistanceZ": 0,
		"BlockImpactDecayRate": 0.8,
		"StaggerDmgModifier": 0,
		"CritStaggerDmgModifier": 0,
		"StaggerResistModifier": 0,
		"AddDmg": 0,
		"ImpactRating": 0,
		"BlockStaminaDmgMod": 1,
		"BlockAbsorptionModifier": 1,
		"CameraShakeID": "Large",
		"CritCameraShakeID": "Large",
		"StunBreakoutIncrement": 1,
		"HitRuneCharge": 0.1625,
		"HitBlockedRuneCharge": 0.325,
		"StaminaDmg": 0
	},
	{
		"DamageID": "Thunder_Charger_Run",
		"WeaponCategory": "Unarmed",
		"IgnoreInvulnerable": 0,
		"NoReaction": 0,
		"SurfaceImpactEffect": "Bullet",
		"AttackType": "Light",
		"DamageType": "Lightning",
		"EffectOnlyOnDamage": true,
		"CanCrit": false,
		"DmgCoef": 0.4,
		"DmgCoefHead": 1,
		"DmgCoefCrit": 1,
		"PowerLevel": 0,
		"BlockPowerLevel": 0,
		"CritPowerLevel": 0,
		"HitStun": 10,
		"BlockHitStun": 15,
		"CritHitStun": 10,
		"ImpactDistanceX": 0,
		"ImpactDistanceY": 1,
		"ImpactDistanceZ": 0,
		"ImpactDecayRate": 0.8,
		"CritImpactDistanceX": 0,
		"CritImpactDistanceY": 1.5,
		"CritImpactDistanceZ": 0,
		"CritImpactDecayRate": 0.8,
		"BlockImpactDistanceX": 0,
		"BlockImpactDistanceY": 0,
		"BlockImpactDistanceZ": 0,
		"BlockImpactDecayRate": 0.9,
		"StaggerDmgModifier": 0.7,
		"CritStaggerDmgModifier": 0.7,
		"StaggerResistModifier": 1,
		"AddDmg": 0,
		"ImpactRating": 0,
		"BlockStaminaDmgMod": 0.15,
		"BlockAbsorptionModifier": 1,
		"CameraShakeID": "Small",
		"CritCameraShakeID": "Small",
		"StunBreakoutIncrement": 1,
		"HitRuneCharge": 0.1625,
		"HitBlockedRuneCharge": 0.325,
		"StaminaDmg": 0
	},
	{
		"DamageID": "Smash_Fire",
		"WeaponCategory": "Unarmed",
		"IgnoreInvulnerable": 0,
		"NoReaction": 0,
		"SurfaceImpactEffect": "Bullet",
		"AttackType": "Heavy",
		"DamageType": "Fire",
		"StatusEffect": ["AI_Burn_9"],
		"EffectOnlyOnDamage": true,
		"CanCrit": false,
		"DmgCoef": 0.3,
		"DmgCoefHead": 1,
		"DmgCoefCrit": 1,
		"PowerLevel": 3,
		"BlockPowerLevel": 0,
		"CritPowerLevel": 0,
		"HitStun": 30,
		"BlockHitStun": 25,
		"CritHitStun": 30,
		"ImpactDistanceX": 0,
		"ImpactDistanceY": 2,
		"ImpactDistanceZ": 0,
		"ImpactDecayRate": 0.8,
		"CritImpactDistanceX": 0,
		"CritImpactDistanceY": 2.5,
		"CritImpactDistanceZ": 0,
		"CritImpactDecayRate": 0.8,
		"BlockImpactDistanceX": 0,
		"BlockImpactDistanceY": 0,
		"BlockImpactDistanceZ": 0,
		"BlockImpactDecayRate": 0.9,
		"StaggerDmgModifier": 1,
		"CritStaggerDmgModifier": 1,
		"StaggerResistModifier": 1,
		"AddDmg": 0,
		"ImpactRating": 0,
		"BlockStaminaDmgMod": 0.5,
		"BlockAbsorptionModifier": 1,
		"CameraShakeID": "Small",
		"CritCameraShakeID": "Small",
		"StunBreakoutIncrement": 1,
		"HitRuneCharge": 0.1625,
		"HitBlockedRuneCharge": 0.325,
		"StaminaDmg": 0
	},
	{
		"DamageID": "Blizzard_Bomb_Explosion",
		"WeaponCategory": "Unarmed",
		"IgnoreInvulnerable": 0,
		"NoReaction": 0,
		"SurfaceImpactEffect": "Bullet",
		"AttackType": "Magic",
		"DamageType": "Ice",
		"StatusEffect": ["AI_Snare_4sec"],
		"EffectOnlyOnDamage": true,
		"CanCrit": false,
		"DmgCoef": 0.35,
		"DmgCoefHead": 1,
		"DmgCoefCrit": 1,
		"PowerLevel": 0,
		"BlockPowerLevel": 0,
		"CritPowerLevel": 0,
		"HitStun": 10,
		"BlockHitStun": 15,
		"CritHitStun": 10,
		"ImpactDistanceX": 0,
		"ImpactDistanceY": 1,
		"ImpactDistanceZ": 0,
		"ImpactDecayRate": 0.8,
		"CritImpactDistanceX": 0,
		"CritImpactDistanceY": 1.5,
		"CritImpactDistanceZ": 0,
		"CritImpactDecayRate": 0.8,
		"BlockImpactDistanceX": 0,
		"BlockImpactDistanceY": 0,
		"BlockImpactDistanceZ": 0,
		"BlockImpactDecayRate": 0.9,
		"StaggerDmgModifier": 0.7,
		"CritStaggerDmgModifier": 0.7,
		"StaggerResistModifier": 1,
		"AddDmg": 0,
		"ImpactRating": 0,
		"BlockStaminaDmgMod": 0.15,
		"BlockAbsorptionModifier": 1,
		"CameraShakeID": "Small",
		"CritCameraShakeID": "Small",
		"StunBreakoutIncrement": 1,
		"HitRuneCharge": 0.1625,
		"HitBlockedRuneCharge": 0.325,
		"StaminaDmg": 0
	},
	{
		"DamageID": "Smash_Fire_Physical",
		"WeaponCategory": "Unarmed",
		"IgnoreInvulnerable": 0,
		"NoReaction": 0,
		"SurfaceImpactEffect": "Bullet",
		"AttackType": "Heavy",
		"DamageType": "Strike",
		"EffectOnlyOnDamage": true,
		"CanCrit": false,
		"DmgCoef": 0.3,
		"DmgCoefHead": 1,
		"DmgCoefCrit": 1,
		"PowerLevel": 2,
		"BlockPowerLevel": 0,
		"CritPowerLevel": 0,
		"HitStun": 30,
		"BlockHitStun": 25,
		"CritHitStun": 30,
		"ImpactDistanceX": 0,
		"ImpactDistanceY": 2,
		"ImpactDistanceZ": 0,
		"ImpactDecayRate": 0.8,
		"CritImpactDistanceX": 0,
		"CritImpactDistanceY": 2.5,
		"CritImpactDistanceZ": 0,
		"CritImpactDecayRate": 0.8,
		"BlockImpactDistanceX": 0,
		"BlockImpactDistanceY": 0,
		"BlockImpactDistanceZ": 0,
		"BlockImpactDecayRate": 0.9,
		"StaggerDmgModifier": 1,
		"CritStaggerDmgModifier": 1,
		"StaggerResistModifier": 1,
		"AddDmg": 0,
		"ImpactRating": 0,
		"BlockStaminaDmgMod": 0.5,
		"BlockAbsorptionModifier": 1,
		"CameraShakeID": "Small",
		"CritCameraShakeID": "Small",
		"StunBreakoutIncrement": 1,
		"HitRuneCharge": 0.1625,
		"HitBlockedRuneCharge": 0.325,
		"StaminaDmg": 0
	},
	{
		"DamageID": "Throw_Small",
		"WeaponCategory": "Unarmed",
		"IgnoreInvulnerable": 0,
		"NoReaction": 0,
		"SurfaceImpactEffect": "Bullet",
		"AttackType": "Heavy",
		"DamageType": "Strike",
		"EffectOnlyOnDamage": true,
		"CanCrit": false,
		"DmgCoef": 0.5,
		"DmgCoefHead": 1,
		"DmgCoefCrit": 1,
		"PowerLevel": 0,
		"BlockPowerLevel": 3,
		"CritPowerLevel": 3,
		"HitStun": 10,
		"BlockHitStun": 35,
		"CritHitStun": 45,
		"ImpactDistanceX": 0,
		"ImpactDistanceY": 0,
		"ImpactDistanceZ": 0,
		"ImpactDecayRate": 0.8,
		"CritImpactDistanceX": 2.5,
		"CritImpactDistanceY": 2.5,
		"CritImpactDistanceZ": 0,
		"CritImpactDecayRate": 0.8,
		"BlockImpactDistanceX": 0,
		"BlockImpactDistanceY": 0,
		"BlockImpactDistanceZ": 0,
		"BlockImpactDecayRate": 0.9,
		"StaggerDmgModifier": 1.1,
		"CritStaggerDmgModifier": 1.1,
		"StaggerResistModifier": 1,
		"AddDmg": 0,
		"ImpactRating": 0,
		"BlockStaminaDmgMod": 1.5,
		"BlockAbsorptionModifier": 1,
		"CameraShakeID": "Large",
		"CritCameraShakeID": "Large",
		"StunBreakoutIncrement": 1,
		"HitRuneCharge": 0.1625,
		"HitBlockedRuneCharge": 0.325,
		"StaminaDmg": 0
	},
	{
		"DamageID": "Attack_Leap",
		"WeaponCategory": "Unarmed",
		"IgnoreInvulnerable": 0,
		"NoReaction": 0,
		"SurfaceImpactEffect": "Bullet",
		"AttackType": "Light",
		"DamageType": "Strike",
		"EffectOnlyOnDamage": true,
		"CanCrit": false,
		"DmgCoef": 0.35,
		"DmgCoefHead": 1,
		"DmgCoefCrit": 1,
		"PowerLevel": 1,
		"BlockPowerLevel": 0,
		"CritPowerLevel": 0,
		"HitStun": 10,
		"BlockHitStun": 15,
		"CritHitStun": 10,
		"ImpactDistanceX": 0,
		"ImpactDistanceY": 0.5,
		"ImpactDistanceZ": 0,
		"ImpactDecayRate": 0.8,
		"CritImpactDistanceX": 0,
		"CritImpactDistanceY": 1.5,
		"CritImpactDistanceZ": 0,
		"CritImpactDecayRate": 0.8,
		"BlockImpactDistanceX": 0,
		"BlockImpactDistanceY": 0,
		"BlockImpactDistanceZ": 0,
		"BlockImpactDecayRate": 0.9,
		"StaggerDmgModifier": 0.7,
		"CritStaggerDmgModifier": 0.7,
		"StaggerResistModifier": 1,
		"AddDmg": 0,
		"ImpactRating": 0,
		"BlockStaminaDmgMod": 0.15,
		"BlockAbsorptionModifier": 1,
		"CameraShakeID": "Small",
		"CritCameraShakeID": "Small",
		"StunBreakoutIncrement": 1,
		"HitRuneCharge": 0.1625,
		"HitBlockedRuneCharge": 0.325,
		"StaminaDmg": 0
	}
]