[
	{
		"DamageID": "Attack_Fists",
		"WeaponCategory": "Blunt_AI",
		"IgnoreInvulnerable": 0,
		"NoReaction": 0,
		"SurfaceImpactEffect": "Bullet",
		"DeflectDamageID": "Unarmed",
		"AttackType": "Light",
		"DamageType": "Strike",
		"CanCrit": false,
		"DmgCoef": 0.25,
		"DmgCoefHead": 0.2,
		"DmgCoefCrit": 0.6,
		"PowerLevel": 0,
		"BlockPowerLevel": 0,
		"CritPowerLevel": 3,
		"HitStun": 13,
		"BlockHitStun": 9,
		"CritHitStun": 13,
		"ImpactDistanceX": 0,
		"ImpactDistanceY": 0,
		"ImpactDistanceZ": 0,
		"ImpactDecayRate": 0.8,
		"BlockImpactDistanceX": 0,
		"BlockImpactDistanceY": 0,
		"BlockImpactDistanceZ": 0,
		"BlockImpactDecayRate": 0.8,
		"CritImpactDistanceX": 0,
		"CritImpactDistanceY": 0.5,
		"CritImpactDistanceZ": 0,
		"CritImpactDecayRate": 0.8,
		"AddDmg": 0,
		"StaggerDmgModifier": 0.75,
		"StaggerResistModifier": 1,
		"HungerDmg": 0,
		"ThirstDmg": 0,
		"StaminaDmg": 0.07,
		"ImpactRating": 3,
		"BlockStaminaDmgMod": 0.15,
		"BlockAbsorptionModifier": 1,
		"TargetCameraShakeID": "Small_short",
		"BlockTargetCameraShakeID": "Small",
		"CritTargetCameraShakeID": "Small_short",
		"StunBreakoutIncrement": 1,
		"HitRuneCharge": 0.1625,
		"HitBlockedRuneCharge": 0.325
	},
	{
		"DamageID": "Attack_ThornSlap",
		"WeaponCategory": "Blunt_AI",
		"IgnoreInvulnerable": 0,
		"NoReaction": 0,
		"SurfaceImpactEffect": "Bullet",
		"DeflectDamageID": "Unarmed",
		"AttackType": "Light",
		"DamageType": "Slash",
		"CanCrit": false,
		"DmgCoef": 0.3,
		"DmgCoefHead": 0.2,
		"DmgCoefCrit": 0.6,
		"PowerLevel": 0,
		"BlockPowerLevel": 0,
		"CritPowerLevel": 3,
		"HitStun": 14,
		"BlockHitStun": 10,
		"CritHitStun": 14,
		"ImpactDistanceX": 0,
		"ImpactDistanceY": 0,
		"ImpactDistanceZ": 0,
		"ImpactDecayRate": 0.8,
		"BlockImpactDistanceX": 0,
		"BlockImpactDistanceY": 0,
		"BlockImpactDistanceZ": 0,
		"BlockImpactDecayRate": 0.8,
		"CritImpactDistanceX": 0,
		"CritImpactDistanceY": 0.5,
		"CritImpactDistanceZ": 0,
		"CritImpactDecayRate": 0.8,
		"AddDmg": 0,
		"StaggerDmgModifier": 0.75,
		"StaggerResistModifier": 1,
		"HungerDmg": 0,
		"ThirstDmg": 0,
		"StaminaDmg": 0.11,
		"ImpactRating": 3,
		"BlockStaminaDmgMod": 0.2,
		"BlockAbsorptionModifier": 1,
		"TargetCameraShakeID": "Small",
		"BlockTargetCameraShakeID": "Small",
		"CritTargetCameraShakeID": "Small",
		"StunBreakoutIncrement": 1,
		"HitRuneCharge": 0.1625,
		"HitBlockedRuneCharge": 0.325
	},
	{
		"DamageID": "Spore_Cloud",
		"WeaponCategory": "Blunt_AI",
		"IgnoreInvulnerable": 0,
		"NoReaction": 0,
		"SurfaceImpactEffect": "Bullet",
		"DeflectDamageID": "Unarmed",
		"AttackType": "Magic",
		"DamageType": "Nature",
		"CanCrit": false,
		"DmgCoef": 0.95,
		"DmgCoefHead": 0.3,
		"DmgCoefCrit": 0.6,
		"PowerLevel": 0,
		"BlockPowerLevel": 0,
		"CritPowerLevel": 3,
		"HitStun": 13,
		"BlockHitStun": 10,
		"CritHitStun": 13,
		"ImpactDistanceX": 0,
		"ImpactDistanceY": 0,
		"ImpactDistanceZ": 0,
		"ImpactDecayRate": 0.8,
		"BlockImpactDistanceX": 0,
		"BlockImpactDistanceY": 0,
		"BlockImpactDistanceZ": 0,
		"BlockImpactDecayRate": 0.8,
		"CritImpactDistanceX": 0,
		"CritImpactDistanceY": 0.5,
		"CritImpactDistanceZ": 0,
		"CritImpactDecayRate": 0.8,
		"AddDmg": 0,
		"StaggerDmgModifier": 0.75,
		"StaggerResistModifier": 1,
		"HungerDmg": 0,
		"ThirstDmg": 0,
		"StaminaDmg": 0,
		"ImpactRating": 3,
		"BlockStaminaDmgMod": 0,
		"BlockAbsorptionModifier": 1,
		"BlockTargetCameraShakeID": "Small",
		"StunBreakoutIncrement": 1,
		"HitRuneCharge": 0.1625,
		"HitBlockedRuneCharge": 0.325
	},
	{
		"DamageID": "Attack_Uppercut",
		"WeaponCategory": "Blunt_AI",
		"IgnoreInvulnerable": 0,
		"NoReaction": 0,
		"SurfaceImpactEffect": "Bullet",
		"DeflectDamageID": "Unarmed",
		"AttackType": "Heavy",
		"DamageType": "Strike",
		"CanCrit": false,
		"DmgCoef": 1.2,
		"DmgCoefHead": 0.4,
		"DmgCoefCrit": 0.6,
		"PowerLevel": 3,
		"BlockPowerLevel": 2,
		"CritPowerLevel": 3,
		"HitStun": 18,
		"BlockHitStun": 13,
		"CritHitStun": 18,
		"ImpactDistanceX": 0,
		"ImpactDistanceY": -1.5,
		"ImpactDistanceZ": 0.5,
		"ImpactDecayRate": 0.8,
		"BlockImpactDistanceX": 0,
		"BlockImpactDistanceY": 0.2,
		"BlockImpactDistanceZ": 0,
		"BlockImpactDecayRate": 0.8,
		"CritImpactDistanceX": 0,
		"CritImpactDistanceY": 1,
		"CritImpactDistanceZ": 0,
		"CritImpactDecayRate": 0.8,
		"AddDmg": 0,
		"StaggerDmgModifier": 0.9,
		"StaggerResistModifier": 1,
		"HungerDmg": 0,
		"ThirstDmg": 0,
		"StaminaDmg": 0.7,
		"ImpactRating": 3,
		"BlockStaminaDmgMod": 0.9,
		"BlockAbsorptionModifier": 1,
		"TargetCameraShakeID": "Large_short",
		"BlockTargetCameraShakeID": "Small",
		"CritTargetCameraShakeID": "Large_short",
		"StunBreakoutIncrement": 1,
		"HitRuneCharge": 0.1625,
		"HitBlockedRuneCharge": 0.325
	},
	{
		"DamageID": "Attack_Slam",
		"WeaponCategory": "Blunt_AI",
		"IgnoreInvulnerable": 0,
		"NoReaction": 0,
		"SurfaceImpactEffect": "Bullet",
		"DeflectDamageID": "Unarmed",
		"AttackType": "Heavy",
		"DamageType": "Strike",
		"CanCrit": false,
		"DmgCoef": 0.8,
		"DmgCoefHead": 0.4,
		"DmgCoefCrit": 0.6,
		"PowerLevel": 2,
		"BlockPowerLevel": 1,
		"CritPowerLevel": 3,
		"HitStun": 18,
		"BlockHitStun": 15,
		"CritHitStun": 18,
		"ImpactDistanceX": 0,
		"ImpactDistanceY": 1.25,
		"ImpactDistanceZ": 0.35,
		"ImpactDecayRate": 0.8,
		"BlockImpactDistanceX": 0,
		"BlockImpactDistanceY": 0.2,
		"BlockImpactDistanceZ": 0,
		"BlockImpactDecayRate": 0.8,
		"CritImpactDistanceX": 0,
		"CritImpactDistanceY": 1.5,
		"CritImpactDistanceZ": 0,
		"CritImpactDecayRate": 0.8,
		"AddDmg": 0,
		"StaggerDmgModifier": 0.9,
		"StaggerResistModifier": 1,
		"HungerDmg": 0,
		"ThirstDmg": 0,
		"StaminaDmg": 0.2,
		"ImpactRating": 3,
		"BlockStaminaDmgMod": 0.6,
		"BlockAbsorptionModifier": 1,
		"TargetCameraShakeID": "Large_short",
		"BlockTargetCameraShakeID": "Small",
		"CritTargetCameraShakeID": "Large_short",
		"StunBreakoutIncrement": 1,
		"HitRuneCharge": 0.1625,
		"HitBlockedRuneCharge": 0.325
	},
	{
		"DamageID": "Somersault",
		"WeaponCategory": "Blunt_AI",
		"IgnoreInvulnerable": 0,
		"NoReaction": 0,
		"SurfaceImpactEffect": "Bullet",
		"DeflectDamageID": "Unarmed",
		"AttackType": "Heavy",
		"DamageType": "Strike",
		"CanCrit": false,
		"DmgCoef": 0.4,
		"DmgCoefHead": 0.4,
		"DmgCoefCrit": 0.6,
		"PowerLevel": 2,
		"BlockPowerLevel": 1,
		"CritPowerLevel": 3,
		"HitStun": 10,
		"BlockHitStun": 5,
		"CritHitStun": 10,
		"ImpactDistanceX": 0.5,
		"ImpactDistanceY": 0,
		"ImpactDistanceZ": 0,
		"ImpactDecayRate": 0.8,
		"BlockImpactDistanceX": 0,
		"BlockImpactDistanceY": 0,
		"BlockImpactDistanceZ": 0,
		"BlockImpactDecayRate": 0.8,
		"CritImpactDistanceX": 0,
		"CritImpactDistanceY": 0.5,
		"CritImpactDistanceZ": 0,
		"CritImpactDecayRate": 0.8,
		"AddDmg": 0,
		"StaggerDmgModifier": 0.75,
		"StaggerResistModifier": 1,
		"HungerDmg": 0,
		"ThirstDmg": 0,
		"StaminaDmg": 0.1,
		"ImpactRating": 3,
		"BlockStaminaDmgMod": 0.3,
		"BlockAbsorptionModifier": 1,
		"TargetCameraShakeID": "Large",
		"BlockTargetCameraShakeID": "Small",
		"CritTargetCameraShakeID": "Large",
		"StunBreakoutIncrement": 1,
		"HitRuneCharge": 0.1625,
		"HitBlockedRuneCharge": 0.325
	},
	{
		"DamageID": "Attack_SwingKick",
		"WeaponCategory": "Blunt_AI",
		"IgnoreInvulnerable": 0,
		"NoReaction": 0,
		"SurfaceImpactEffect": "Bullet",
		"DeflectDamageID": "Unarmed",
		"AttackType": "Heavy",
		"DamageType": "Strike",
		"CanCrit": false,
		"DmgCoef": 0.7,
		"DmgCoefHead": 0.5,
		"DmgCoefCrit": 0.6,
		"PowerLevel": 3,
		"BlockPowerLevel": 2,
		"CritPowerLevel": 3,
		"HitStun": 28,
		"BlockHitStun": 20,
		"CritHitStun": 28,
		"ImpactDistanceX": 0,
		"ImpactDistanceY": -2.25,
		"ImpactDistanceZ": 0.25,
		"ImpactDecayRate": 0.8,
		"BlockImpactDistanceX": 0,
		"BlockImpactDistanceY": 0.5,
		"BlockImpactDistanceZ": 0,
		"BlockImpactDecayRate": 0.8,
		"CritImpactDistanceX": 0,
		"CritImpactDistanceY": 2,
		"CritImpactDistanceZ": 0,
		"CritImpactDecayRate": 0.8,
		"AddDmg": 0,
		"StaggerDmgModifier": 0.9,
		"StaggerResistModifier": 1,
		"HungerDmg": 0,
		"ThirstDmg": 0,
		"StaminaDmg": 0.2,
		"ImpactRating": 3,
		"BlockStaminaDmgMod": 0.65,
		"BlockAbsorptionModifier": 1,
		"TargetCameraShakeID": "Large_short",
		"BlockTargetCameraShakeID": "Small",
		"CritTargetCameraShakeID": "Large_short",
		"StunBreakoutIncrement": 1,
		"HitRuneCharge": 0.1625,
		"HitBlockedRuneCharge": 0.325
	},
	{
		"DamageID": "Somersault_Leg_Drop",
		"WeaponCategory": "Blunt_AI",
		"IgnoreInvulnerable": 0,
		"NoReaction": 0,
		"SurfaceImpactEffect": "Bullet",
		"DeflectDamageID": "Unarmed",
		"AttackType": "Heavy",
		"DamageType": "Strike",
		"CanCrit": false,
		"DmgCoef": 0.85,
		"DmgCoefHead": 0.6,
		"DmgCoefCrit": 0.6,
		"PowerLevel": 4,
		"BlockPowerLevel": 3,
		"CritPowerLevel": 3,
		"HitStun": 30,
		"BlockHitStun": 22,
		"CritHitStun": 30,
		"ImpactDistanceX": 0,
		"ImpactDistanceY": 0.8,
		"ImpactDistanceZ": 0.2,
		"ImpactDecayRate": 0.8,
		"BlockImpactDistanceX": 0,
		"BlockImpactDistanceY": 0.4,
		"BlockImpactDistanceZ": 0,
		"BlockImpactDecayRate": 0.8,
		"CritImpactDistanceX": 0,
		"CritImpactDistanceY": 0.5,
		"CritImpactDistanceZ": 0,
		"CritImpactDecayRate": 0.8,
		"AddDmg": 0,
		"StaggerDmgModifier": 0.75,
		"StaggerResistModifier": 1,
		"HungerDmg": 0,
		"ThirstDmg": 0,
		"StaminaDmg": 0.7,
		"ImpactRating": 3,
		"BlockStaminaDmgMod": 0.7,
		"BlockAbsorptionModifier": 1,
		"TargetCameraShakeID": "Large_short",
		"BlockTargetCameraShakeID": "Small",
		"CritTargetCameraShakeID": "Large_short",
		"StunBreakoutIncrement": 1,
		"HitRuneCharge": 0.1625,
		"HitBlockedRuneCharge": 0.325
	}
]