[
	{
		"DamageID": "Victory_Wipe",
		"IgnoreInvulnerable": true,
		"DamageType": "Standard",
		"StatusEffect": ["StatusEffect_Boss_TeamWipe"],
		"EffectOnlyOnDamage": false,
		"CanCrit": false,
		"DmgCoef": 999,
		"DmgCoefCrit": 999,
		"DmgCoefHead": 999,
		"PowerLevel": 4,
		"CritPowerLevel": 4,
		"BlockPowerLevel": 4,
		"HitStun": 35,
		"CritHitStun": 30,
		"BlockHitStun": 35,
		"ImpactDistanceX": 0,
		"ImpactDistanceY": 5.5,
		"ImpactDistanceZ": 0,
		"ImpactDecayRate": 0.8,
		"CritImpactDistanceX": 0,
		"CritImpactDistanceY": 5.5,
		"CritImpactDistanceZ": 0,
		"CritImpactDecayRate": 0.8,
		"BlockImpactDistanceX": 0,
		"BlockImpactDistanceY": 5.5,
		"BlockImpactDistanceZ": 0,
		"BlockImpactDecayRate": 0.8,
		"AddDmg": 0,
		"StaggerDmgModifier": 1,
		"CameraShakeID": "Small",
		"BlockStaminaDmgMod": 2,
		"BlockAbsorptionModifier": 1,
		"StunBreakoutIncrement": 1,
		"HitRuneCharge": 0.1625,
		"HitBlockedRuneCharge": 0.325
	}
]