[
	{
		"TerritoryID": 7000,
		"NameLocalizationKey": "@ui_poi_arena_spriggan",
		"IsPOI": true,
		"MapIcon": "lyshineui/images/map/icon/pois/trial.webp",
		"CompassIcon": "lyshineui/images/map/icon/pois/trial.webp",
		"DiscoveryRadius": 300,
		"IsDiscoverable": true,
		"IsChartable": true,
		"DiscoveredAchievement": "Arena_7000_discovered",
		"ChartedAchievement": "Arena_7000_charted",
		"POITag": ["Arena", "Arena1"],
		"AudioGroup": "PvE_Arena",
		"AudioState": "PvE_ForestSpriggan",
		"GroupSize": 3,
		"RecommendedLevel": 66,
		"TooltipBackground": "lyshineui/images/map/tooltipimages/poi/maptooltip_poi_spriggan.webp"
	},
	{
		"TerritoryID": 7001,
		"NameLocalizationKey": "@ui_poi_arena_spriggan",
		"IsPOI": true,
		"MapIcon": "lyshineui/images/map/icon/pois/trial.webp",
		"CompassIcon": "lyshineui/images/map/icon/pois/trial.webp",
		"DiscoveryRadius": 300,
		"IsDiscoverable": true,
		"IsChartable": true,
		"DiscoveredAchievement": "Arena_7001_discovered",
		"ChartedAchievement": "Arena_7001_charted",
		"POITag": ["Arena", "Arena2"],
		"AudioGroup": "PvE_Arena",
		"AudioState": "PvE_ForestSpriggan",
		"GroupSize": 3,
		"RecommendedLevel": 66,
		"TooltipBackground": "lyshineui/images/map/tooltipimages/poi/maptooltip_poi_spriggan.webp"
	},
	{
		"TerritoryID": 7002,
		"NameLocalizationKey": "@ui_poi_arena_spriggan",
		"IsPOI": true,
		"MapIcon": "lyshineui/images/map/icon/pois/trial.webp",
		"CompassIcon": "lyshineui/images/map/icon/pois/trial.webp",
		"DiscoveryRadius": 300,
		"IsDiscoverable": true,
		"IsChartable": true,
		"DiscoveredAchievement": "Arena_7002_discovered",
		"ChartedAchievement": "Arena_7002_charted",
		"POITag": ["Arena", "Arena3"],
		"AudioGroup": "PvE_Arena",
		"AudioState": "PvE_ForestSpriggan",
		"GroupSize": 3,
		"RecommendedLevel": 66,
		"TooltipBackground": "lyshineui/images/map/tooltipimages/poi/maptooltip_poi_spriggan.webp"
	},
	{
		"TerritoryID": 7003,
		"NameLocalizationKey": "@ui_poi_arena_myrkgard",
		"IsPOI": true,
		"MapIcon": "lyshineui/images/map/icon/pois/trial.webp",
		"CompassIcon": "lyshineui/images/map/icon/pois/trial.webp",
		"DiscoveryRadius": 300,
		"IsDiscoverable": true,
		"IsChartable": true,
		"DiscoveredAchievement": "Arena_7003_discovered",
		"ChartedAchievement": "Arena_7003_charted",
		"POITag": ["Arena"],
		"AudioGroup": "PvE_Arena",
		"AudioState": "PvE_DryadBeast",
		"GroupSize": 3,
		"RecommendedLevel": 66
	},
	{
		"TerritoryID": 7004,
		"NameLocalizationKey": "@ui_poi_arena_siren",
		"IsPOI": true,
		"MapIcon": "lyshineui/images/map/icon/pois/trial.webp",
		"CompassIcon": "lyshineui/images/map/icon/pois/trial.webp",
		"DiscoveryRadius": 300,
		"IsDiscoverable": true,
		"IsChartable": true,
		"DiscoveredAchievement": "Arena_7004_discovered",
		"ChartedAchievement": "Arena_7004_charted",
		"POITag": ["Arena"],
		"AudioGroup": "PvE_Arena",
		"AudioState": "PvE_SirenQueen",
		"GroupSize": 3,
		"RecommendedLevel": 66,
		"TooltipBackground": "lyshineui/images/map/tooltipimages/poi/maptooltip_poi_siren.webp"
	},
	{
		"TerritoryID": 7005,
		"NameLocalizationKey": "@ui_poi_arena_swamp",
		"IsPOI": true,
		"MapIcon": "lyshineui/images/map/icon/pois/trial.webp",
		"CompassIcon": "lyshineui/images/map/icon/pois/trial.webp",
		"DiscoveryRadius": 300,
		"IsDiscoverable": true,
		"IsChartable": true,
		"DiscoveredAchievement": "Arena_7005_discovered",
		"ChartedAchievement": "Arena_7005_charted",
		"POITag": ["Arena", "ArenaSwamp"],
		"AudioGroup": "PvE_Arena",
		"AudioState": "PvE_DryadBeast",
		"GroupSize": 3,
		"RecommendedLevel": 66,
		"TooltipBackground": "lyshineui/images/map/tooltipimages/poi/maptooltip_poi_protector.webp"
	}
]