[
	{
		"DamageID": "Spell_Self_Destruct_Fire",
		"IgnoreInvulnerable": 0,
		"NoReaction": 0,
		"AttackType": "Magic",
		"DamageType": "Fire",
		"StatusEffect": ["AI_ExplosiveSprout_FireExplosion"],
		"EffectOnlyOnDamage": "TRUE",
		"CanCrit": "FALSE",
		"DmgCoef": 0.8,
		"DmgCoefHead": 1,
		"PowerLevel": 2,
		"BlockPowerLevel": 3,
		"CritPowerLevel": 2,
		"HitStun": 35,
		"BlockHitStun": 30,
		"CritHitStun": 35,
		"ImpactDistanceX": 0,
		"ImpactDistanceY": 1,
		"ImpactDistanceZ": 0,
		"ImpactDecayRate": 0.8,
		"BlockImpactDistanceX": 0,
		"BlockImpactDistanceY": 0,
		"BlockImpactDistanceZ": 0,
		"BlockImpactDecayRate": 0.8,
		"CritImpactDistanceX": 0,
		"CritImpactDistanceY": 4,
		"CritImpactDistanceZ": 1.5,
		"CritImpactDecayRate": 0.8,
		"AddDmg": 0,
		"StaggerDmgModifier": 1.4,
		"StaggerResistModifier": 4,
		"StaminaDmg": 0,
		"ImpactRating": 1,
		"BlockStaminaDmgMod": 3,
		"BlockAbsorptionModifier": 2,
		"StunBreakoutIncrement": 1,
		"HitRuneCharge": 0.1625,
		"HitBlockedRuneCharge": 0.325
	},
	{
		"DamageID": "Spell_Self_Destruct_Hit_Self",
		"IgnoreInvulnerable": 1,
		"NoReaction": 1,
		"AttackType": "Light",
		"DamageType": "Standard",
		"CanCrit": "FALSE",
		"DmgCoef": 100,
		"DmgCoefHead": 1,
		"PowerLevel": 0,
		"BlockPowerLevel": 0,
		"CritPowerLevel": 0,
		"HitStun": 0,
		"BlockHitStun": 0,
		"CritHitStun": 0,
		"ImpactDistanceX": 0,
		"ImpactDistanceY": 0,
		"ImpactDistanceZ": 0,
		"ImpactDecayRate": 0,
		"BlockImpactDistanceX": 0,
		"BlockImpactDistanceY": 0,
		"BlockImpactDistanceZ": 0,
		"BlockImpactDecayRate": 0,
		"CritImpactDistanceX": 0,
		"CritImpactDistanceY": 0,
		"CritImpactDistanceZ": 0,
		"CritImpactDecayRate": 0,
		"AddDmg": 0,
		"StaggerDmgModifier": 0,
		"StaggerResistModifier": 0,
		"StaminaDmg": 0,
		"ImpactRating": 0,
		"BlockStaminaDmgMod": 0,
		"BlockAbsorptionModifier": 0,
		"StunBreakoutIncrement": 0,
		"HitRuneCharge": 0,
		"HitBlockedRuneCharge": 0
	},
	{
		"DamageID": "Spell_Self_Destruct_Poison",
		"IgnoreInvulnerable": 0,
		"NoReaction": 0,
		"AttackType": "Magic",
		"DamageType": "Nature",
		"StatusEffect": ["AI_ExplosiveSprout_PoisonExplosion"],
		"EffectOnlyOnDamage": "TRUE",
		"CanCrit": "FALSE",
		"DmgCoef": 0.8,
		"DmgCoefHead": 1,
		"PowerLevel": 2,
		"BlockPowerLevel": 3,
		"CritPowerLevel": 2,
		"HitStun": 35,
		"BlockHitStun": 30,
		"CritHitStun": 35,
		"ImpactDistanceX": 0,
		"ImpactDistanceY": 1,
		"ImpactDistanceZ": 0,
		"ImpactDecayRate": 0.8,
		"BlockImpactDistanceX": 0,
		"BlockImpactDistanceY": 0,
		"BlockImpactDistanceZ": 0,
		"BlockImpactDecayRate": 0.8,
		"CritImpactDistanceX": 0,
		"CritImpactDistanceY": 4,
		"CritImpactDistanceZ": 1.5,
		"CritImpactDecayRate": 0.8,
		"AddDmg": 0,
		"StaggerDmgModifier": 1.4,
		"StaggerResistModifier": 4,
		"StaminaDmg": 0,
		"ImpactRating": 1,
		"BlockStaminaDmgMod": 3,
		"BlockAbsorptionModifier": 2,
		"StunBreakoutIncrement": 1,
		"HitRuneCharge": 0.1625,
		"HitBlockedRuneCharge": 0.325
	},
	{
		"DamageID": "Spell_Self_Destruct_Physical",
		"IgnoreInvulnerable": 0,
		"NoReaction": 0,
		"AttackType": "Heavy",
		"DamageType": "Thrust",
		"EffectOnlyOnDamage": "TRUE",
		"CanCrit": "FALSE",
		"DmgCoef": 1.3,
		"DmgCoefHead": 1,
		"PowerLevel": 2,
		"BlockPowerLevel": 3,
		"CritPowerLevel": 2,
		"HitStun": 35,
		"BlockHitStun": 30,
		"CritHitStun": 35,
		"ImpactDistanceX": 0,
		"ImpactDistanceY": 1,
		"ImpactDistanceZ": 0,
		"ImpactDecayRate": 0.8,
		"BlockImpactDistanceX": 0,
		"BlockImpactDistanceY": 0,
		"BlockImpactDistanceZ": 0,
		"BlockImpactDecayRate": 0.8,
		"CritImpactDistanceX": 0,
		"CritImpactDistanceY": 4,
		"CritImpactDistanceZ": 1.5,
		"CritImpactDecayRate": 0.8,
		"AddDmg": 0,
		"StaggerDmgModifier": 1.4,
		"StaggerResistModifier": 4,
		"StaminaDmg": 0,
		"ImpactRating": 1,
		"BlockStaminaDmgMod": 3,
		"BlockAbsorptionModifier": 2,
		"StunBreakoutIncrement": 1,
		"HitRuneCharge": 0.1625,
		"HitBlockedRuneCharge": 0.325
	},
	{
		"DamageID": "Pulse_Fire",
		"IgnoreInvulnerable": 0,
		"NoReaction": 0,
		"AttackType": "Fire",
		"DamageType": "Fire",
		"StatusEffect": ["AI_ExplosiveSprout_FireExplosion"],
		"EffectOnlyOnDamage": "FALSE",
		"CanCrit": "FALSE",
		"DmgCoef": 0,
		"DmgCoefHead": 0,
		"PowerLevel": 0,
		"BlockPowerLevel": 0,
		"CritPowerLevel": 0,
		"HitStun": 0,
		"BlockHitStun": 0,
		"CritHitStun": 0,
		"ImpactDistanceX": 0,
		"ImpactDistanceY": 0,
		"ImpactDistanceZ": 0,
		"ImpactDecayRate": 0.8,
		"BlockImpactDistanceX": 0,
		"BlockImpactDistanceY": 0,
		"BlockImpactDistanceZ": 0,
		"BlockImpactDecayRate": 0.8,
		"CritImpactDistanceX": 0,
		"CritImpactDistanceY": 4,
		"CritImpactDistanceZ": 1.5,
		"CritImpactDecayRate": 0.8,
		"AddDmg": 0,
		"StaggerDmgModifier": 1.4,
		"StaggerResistModifier": 4,
		"StaminaDmg": 0,
		"ImpactRating": 1,
		"BlockStaminaDmgMod": 3,
		"BlockAbsorptionModifier": 2,
		"StunBreakoutIncrement": 1,
		"HitRuneCharge": 0.1625,
		"HitBlockedRuneCharge": 0.325
	},
	{
		"DamageID": "Pulse_Poison",
		"IgnoreInvulnerable": 0,
		"NoReaction": 0,
		"AttackType": "Magic",
		"DamageType": "Nature",
		"StatusEffect": ["AI_ExplosiveSprout_PoisonExplosion"],
		"EffectOnlyOnDamage": "FALSE",
		"CanCrit": "FALSE",
		"DmgCoef": 0,
		"DmgCoefHead": 0,
		"PowerLevel": 0,
		"BlockPowerLevel": 0,
		"CritPowerLevel": 0,
		"HitStun": 0,
		"BlockHitStun": 0,
		"CritHitStun": 0,
		"ImpactDistanceX": 0,
		"ImpactDistanceY": 0,
		"ImpactDistanceZ": 0,
		"ImpactDecayRate": 0.8,
		"BlockImpactDistanceX": 0,
		"BlockImpactDistanceY": 0,
		"BlockImpactDistanceZ": 0,
		"BlockImpactDecayRate": 0.8,
		"CritImpactDistanceX": 0,
		"CritImpactDistanceY": 4,
		"CritImpactDistanceZ": 1.5,
		"CritImpactDecayRate": 0.8,
		"AddDmg": 0,
		"StaggerDmgModifier": 1.4,
		"StaggerResistModifier": 4,
		"StaminaDmg": 0,
		"ImpactRating": 1,
		"BlockStaminaDmgMod": 3,
		"BlockAbsorptionModifier": 2,
		"StunBreakoutIncrement": 1,
		"HitRuneCharge": 0.1625,
		"HitBlockedRuneCharge": 0.325
	},
	{
		"DamageID": "Pulse_Physical",
		"IgnoreInvulnerable": 0,
		"NoReaction": 0,
		"AttackType": "Heavy",
		"DamageType": "Thrust",
		"EffectOnlyOnDamage": "FALSE",
		"CanCrit": "FALSE",
		"DmgCoef": 0.8,
		"DmgCoefHead": 0,
		"PowerLevel": 0,
		"BlockPowerLevel": 0,
		"CritPowerLevel": 0,
		"HitStun": 0,
		"BlockHitStun": 0,
		"CritHitStun": 0,
		"ImpactDistanceX": 0,
		"ImpactDistanceY": 0,
		"ImpactDistanceZ": 0,
		"ImpactDecayRate": 0.8,
		"BlockImpactDistanceX": 0,
		"BlockImpactDistanceY": 0,
		"BlockImpactDistanceZ": 0,
		"BlockImpactDecayRate": 0.8,
		"CritImpactDistanceX": 0,
		"CritImpactDistanceY": 4,
		"CritImpactDistanceZ": 1.5,
		"CritImpactDecayRate": 0.8,
		"AddDmg": 0,
		"StaggerDmgModifier": 1.4,
		"StaggerResistModifier": 4,
		"StaminaDmg": 0,
		"ImpactRating": 1,
		"BlockStaminaDmgMod": 3,
		"BlockAbsorptionModifier": 2,
		"StunBreakoutIncrement": 1,
		"HitRuneCharge": 0.1625,
		"HitBlockedRuneCharge": 0.325
	}
]