[
	{
		"DamageID": "Killing_Strike_Root",
		"WeaponCategory": "CorruptedMagic",
		"IgnoreInvulnerable": 1,
		"NoReaction": 0,
		"IsRanged": true,
		"Unblockable": true,
		"SurfaceImpactEffect": "Bullet",
		"AttackType": "Heavy",
		"DamageType": "Corruption",
		"StatusEffect": ["AI_Root_4sec", "AI_Weaken", "AI_Rend"],
		"EffectOnlyOnDamage": true,
		"UseAttackerPosForReaction": false,
		"DeflectDamageID": "Deflect_Default",
		"CanCrit": false,
		"DmgCoef": 0,
		"DmgCoefHead": 0,
		"DmgCoefCrit": 0,
		"PowerLevel": 1,
		"BlockPowerLevel": 1,
		"CritPowerLevel": 1,
		"HitStun": 20,
		"BlockHitStun": 20,
		"CritHitStun": 15,
		"ImpactDistanceX": 0,
		"ImpactDistanceY": 0,
		"ImpactDistanceZ": 0,
		"ImpactDecayRate": 0.8,
		"BlockImpactDistanceX": 0,
		"BlockImpactDistanceY": 0,
		"BlockImpactDistanceZ": 0,
		"BlockImpactDecayRate": 0.8,
		"CritImpactDistanceX": 0,
		"CritImpactDistanceY": 0,
		"CritImpactDistanceZ": 0,
		"CritImpactDecayRate": 0.8,
		"AddDmg": 0,
		"StaggerDmgModifier": 0,
		"StaggerResistModifier": 1.5,
		"TargetCameraShakeID": "Small",
		"BlockTargetCameraShakeID": "Small",
		"CritTargetCameraShakeID": "Small",
		"ImpactRating": 3,
		"BlockStaminaDmgMod": 1.25,
		"BlockAbsorptionModifier": 1,
		"StunBreakoutIncrement": 0,
		"HitRuneCharge": 0.1625,
		"HitBlockedRuneCharge": 0.325
	},
	{
		"DamageID": "Killing_Strike_Half",
		"WeaponCategory": "Club",
		"IgnoreInvulnerable": 1,
		"NoReaction": 0,
		"IsRanged": false,
		"Unblockable": true,
		"SurfaceImpactEffect": "Bullet",
		"AttackType": "Heavy",
		"DamageType": "Strike",
		"EffectOnlyOnDamage": false,
		"UseAttackerPosForReaction": false,
		"DeflectDamageID": "Deflect_Default",
		"CanCrit": false,
		"DmgCoef": 0.5,
		"DmgCoefHead": 1,
		"DmgCoefCrit": 0,
		"PowerLevel": 4,
		"BlockPowerLevel": 4,
		"CritPowerLevel": 4,
		"HitStun": 30,
		"BlockHitStun": 20,
		"CritHitStun": 30,
		"ImpactDistanceX": 0,
		"ImpactDistanceY": 7,
		"ImpactDistanceZ": 0.75,
		"ImpactDecayRate": 0.8,
		"BlockImpactDistanceX": 0,
		"BlockImpactDistanceY": 0,
		"BlockImpactDistanceZ": 0,
		"BlockImpactDecayRate": 0.8,
		"CritImpactDistanceX": 0,
		"CritImpactDistanceY": 7,
		"CritImpactDistanceZ": 0.75,
		"CritImpactDecayRate": 0.8,
		"AddDmg": 0,
		"StaggerDmgModifier": 1.2,
		"StaggerResistModifier": 1,
		"TargetCameraShakeID": "Small",
		"BlockTargetCameraShakeID": "Small",
		"CritTargetCameraShakeID": "Small",
		"ImpactRating": 1,
		"BlockStaminaDmgMod": 0.55,
		"BlockAbsorptionModifier": 1,
		"StunBreakoutIncrement": 1,
		"HitRuneCharge": 0.1625,
		"HitBlockedRuneCharge": 0.325
	},
	{
		"DamageID": "Feral_Rush_Basic",
		"WeaponCategory": "Sword",
		"IgnoreInvulnerable": 0,
		"NoReaction": 0,
		"IsRanged": false,
		"Unblockable": false,
		"SurfaceImpactEffect": "Bullet",
		"AttackType": "Light",
		"DamageType": "Slash",
		"EffectOnlyOnDamage": false,
		"UseAttackerPosForReaction": false,
		"DeflectDamageID": "Deflect_Default",
		"CanCrit": false,
		"DmgCoef": 0.2,
		"DmgCoefHead": 1,
		"DmgCoefCrit": 1,
		"PowerLevel": 1,
		"BlockPowerLevel": 1,
		"CritPowerLevel": 1,
		"HitStun": 10,
		"BlockHitStun": 10,
		"CritHitStun": 10,
		"ImpactDistanceX": 0,
		"ImpactDistanceY": 1.25,
		"ImpactDistanceZ": 0,
		"ImpactDecayRate": 0.8,
		"BlockImpactDistanceX": 0,
		"BlockImpactDistanceY": 0,
		"BlockImpactDistanceZ": 0,
		"BlockImpactDecayRate": 0,
		"CritImpactDistanceX": 0,
		"CritImpactDistanceY": 1.25,
		"CritImpactDistanceZ": 0,
		"CritImpactDecayRate": 0.8,
		"AddDmg": 0,
		"StaggerDmgModifier": 0.15,
		"StaggerResistModifier": 1.75,
		"TargetCameraShakeID": "Small",
		"BlockTargetCameraShakeID": "Small",
		"CritTargetCameraShakeID": "Small",
		"ImpactRating": 1,
		"BlockStaminaDmgMod": 0.4,
		"BlockAbsorptionModifier": 1,
		"StunBreakoutIncrement": 0,
		"HitRuneCharge": 0.1625,
		"HitBlockedRuneCharge": 0.325
	},
	{
		"DamageID": "Feral_Rush_Final",
		"WeaponCategory": "Sword",
		"IgnoreInvulnerable": 0,
		"NoReaction": 0,
		"IsRanged": false,
		"Unblockable": false,
		"SurfaceImpactEffect": "Bullet",
		"AttackType": "Heavy",
		"DamageType": "Strike",
		"EffectOnlyOnDamage": false,
		"UseAttackerPosForReaction": false,
		"DeflectDamageID": "Deflect_Default",
		"CanCrit": false,
		"DmgCoef": 0.3,
		"DmgCoefHead": 1,
		"DmgCoefCrit": 1,
		"PowerLevel": 3,
		"BlockPowerLevel": 3,
		"CritPowerLevel": 3,
		"HitStun": 25,
		"BlockHitStun": 20,
		"CritHitStun": 25,
		"ImpactDistanceX": 0,
		"ImpactDistanceY": 1.75,
		"ImpactDistanceZ": 0,
		"ImpactDecayRate": 0.8,
		"BlockImpactDistanceX": 0,
		"BlockImpactDistanceY": 0,
		"BlockImpactDistanceZ": 0,
		"BlockImpactDecayRate": 0,
		"CritImpactDistanceX": 0,
		"CritImpactDistanceY": 1.75,
		"CritImpactDistanceZ": 0,
		"CritImpactDecayRate": 0.8,
		"AddDmg": 0,
		"StaggerDmgModifier": 0.8,
		"StaggerResistModifier": 1.75,
		"TargetCameraShakeID": "Small",
		"BlockTargetCameraShakeID": "Small",
		"CritTargetCameraShakeID": "Small",
		"ImpactRating": 1,
		"BlockStaminaDmgMod": 1,
		"BlockAbsorptionModifier": 1,
		"StunBreakoutIncrement": 1,
		"HitRuneCharge": 0.1625,
		"HitBlockedRuneCharge": 0.325
	},
	{
		"DamageID": "Magic_KnockBack",
		"WeaponCategory": "AncientMagic",
		"IgnoreInvulnerable": 1,
		"NoReaction": 0,
		"IsRanged": false,
		"Unblockable": true,
		"SurfaceImpactEffect": "Bullet",
		"AttackType": "Magic",
		"DamageType": "Arcane",
		"EffectOnlyOnDamage": true,
		"UseAttackerPosForReaction": false,
		"DeflectDamageID": "Deflect_Default",
		"CanCrit": false,
		"DmgCoef": 0.1,
		"DmgCoefHead": 1,
		"DmgCoefCrit": 1,
		"PowerLevel": 3,
		"BlockPowerLevel": 3,
		"CritPowerLevel": 3,
		"HitStun": 25,
		"BlockHitStun": 20,
		"CritHitStun": 25,
		"ImpactDistanceX": 0,
		"ImpactDistanceY": 3,
		"ImpactDistanceZ": 0,
		"ImpactDecayRate": 0.8,
		"BlockImpactDistanceX": 0,
		"BlockImpactDistanceY": 0,
		"BlockImpactDistanceZ": 0,
		"BlockImpactDecayRate": 0,
		"CritImpactDistanceX": 0,
		"CritImpactDistanceY": 3,
		"CritImpactDistanceZ": 0,
		"CritImpactDecayRate": 0.8,
		"AddDmg": 0,
		"StaggerDmgModifier": 1.2,
		"StaggerResistModifier": 1.75,
		"TargetCameraShakeID": "Small",
		"BlockTargetCameraShakeID": "Small",
		"CritTargetCameraShakeID": "Small",
		"ImpactRating": 1,
		"BlockStaminaDmgMod": 0.7,
		"BlockAbsorptionModifier": 1,
		"StunBreakoutIncrement": 1,
		"HitRuneCharge": 0.1625,
		"HitBlockedRuneCharge": 0.325
	},
	{
		"DamageID": "Magic_KnockDown",
		"WeaponCategory": "AncientMagic",
		"IgnoreInvulnerable": 1,
		"NoReaction": 0,
		"IsRanged": false,
		"Unblockable": true,
		"SurfaceImpactEffect": "Bullet",
		"AttackType": "Magic",
		"DamageType": "Arcane",
		"EffectOnlyOnDamage": false,
		"UseAttackerPosForReaction": false,
		"DeflectDamageID": "Deflect_Default",
		"CanCrit": false,
		"DmgCoef": 0,
		"DmgCoefHead": 0,
		"DmgCoefCrit": 0,
		"PowerLevel": 4,
		"BlockPowerLevel": 4,
		"CritPowerLevel": 4,
		"HitStun": 25,
		"BlockHitStun": 20,
		"CritHitStun": 25,
		"ImpactDistanceX": 0,
		"ImpactDistanceY": 7,
		"ImpactDistanceZ": 0,
		"ImpactDecayRate": 0.8,
		"BlockImpactDistanceX": 0,
		"BlockImpactDistanceY": 0,
		"BlockImpactDistanceZ": 0,
		"BlockImpactDecayRate": 0,
		"CritImpactDistanceX": 0,
		"CritImpactDistanceY": 7,
		"CritImpactDistanceZ": 0,
		"CritImpactDecayRate": 0.8,
		"AddDmg": 0,
		"StaggerDmgModifier": 0.8,
		"StaggerResistModifier": 1.75,
		"TargetCameraShakeID": "Small",
		"BlockTargetCameraShakeID": "Small",
		"CritTargetCameraShakeID": "Small",
		"ImpactRating": 1,
		"BlockStaminaDmgMod": 0.7,
		"BlockAbsorptionModifier": 1,
		"StunBreakoutIncrement": 1,
		"HitRuneCharge": 0.1625,
		"HitBlockedRuneCharge": 0.325
	},
	{
		"DamageID": "1H_Melee_Primary",
		"WeaponCategory": "Sword",
		"IgnoreInvulnerable": 0,
		"NoReaction": 0,
		"IsRanged": false,
		"Unblockable": false,
		"SurfaceImpactEffect": "Bullet",
		"AttackType": "Light",
		"DamageType": "Slash",
		"EffectOnlyOnDamage": false,
		"UseAttackerPosForReaction": false,
		"DeflectDamageID": "Deflect_Default",
		"CanCrit": false,
		"DmgCoef": 0.2,
		"DmgCoefHead": 1,
		"DmgCoefCrit": 1,
		"PowerLevel": 0,
		"BlockPowerLevel": 0,
		"CritPowerLevel": 0,
		"HitStun": 30,
		"BlockHitStun": 25,
		"CritHitStun": 30,
		"ImpactDistanceX": 0,
		"ImpactDistanceY": 2,
		"ImpactDistanceZ": 0,
		"ImpactDecayRate": 0.8,
		"BlockImpactDistanceX": 0,
		"BlockImpactDistanceY": 0,
		"BlockImpactDistanceZ": 0,
		"BlockImpactDecayRate": 0,
		"CritImpactDistanceX": 0,
		"CritImpactDistanceY": 2,
		"CritImpactDistanceZ": 0,
		"CritImpactDecayRate": 0.8,
		"AddDmg": 0,
		"StaggerDmgModifier": 0,
		"StaggerResistModifier": 0,
		"TargetCameraShakeID": "Small",
		"BlockTargetCameraShakeID": "Small",
		"CritTargetCameraShakeID": "Small",
		"ImpactRating": 3,
		"BlockStaminaDmgMod": 0.33,
		"BlockAbsorptionModifier": 1,
		"StunBreakoutIncrement": 0,
		"HitRuneCharge": 0.1625,
		"HitBlockedRuneCharge": 0.325
	},
	{
		"DamageID": "1H_Melee_Primary_Heavy",
		"WeaponCategory": "Sword",
		"IgnoreInvulnerable": 0,
		"NoReaction": 0,
		"IsRanged": false,
		"Unblockable": false,
		"SurfaceImpactEffect": "Bullet",
		"AttackType": "Heavy",
		"DamageType": "Slash",
		"EffectOnlyOnDamage": false,
		"UseAttackerPosForReaction": false,
		"DeflectDamageID": "Deflect_Default",
		"CanCrit": false,
		"DmgCoef": 0.25,
		"DmgCoefHead": 1,
		"DmgCoefCrit": 1,
		"PowerLevel": 2,
		"BlockPowerLevel": 2,
		"CritPowerLevel": 2,
		"HitStun": 30,
		"BlockHitStun": 25,
		"CritHitStun": 30,
		"ImpactDistanceX": 0,
		"ImpactDistanceY": 2,
		"ImpactDistanceZ": 0,
		"ImpactDecayRate": 0.8,
		"BlockImpactDistanceX": 0,
		"BlockImpactDistanceY": 0,
		"BlockImpactDistanceZ": 0,
		"BlockImpactDecayRate": 0,
		"CritImpactDistanceX": 0,
		"CritImpactDistanceY": 2,
		"CritImpactDistanceZ": 0,
		"CritImpactDecayRate": 0.8,
		"AddDmg": 0,
		"StaggerDmgModifier": 0,
		"StaggerResistModifier": 0,
		"TargetCameraShakeID": "Small",
		"BlockTargetCameraShakeID": "Small",
		"CritTargetCameraShakeID": "Small",
		"ImpactRating": 3,
		"BlockStaminaDmgMod": 0.33,
		"BlockAbsorptionModifier": 1,
		"StunBreakoutIncrement": 0,
		"HitRuneCharge": 0.1625,
		"HitBlockedRuneCharge": 0.325
	},
	{
		"DamageID": "Magic_AOE",
		"WeaponCategory": "AncientMagic",
		"IgnoreInvulnerable": 0,
		"NoReaction": 1,
		"IsRanged": false,
		"Unblockable": false,
		"SurfaceImpactEffect": "Bullet",
		"AttackType": "Magic",
		"DamageType": "Arcane",
		"EffectOnlyOnDamage": false,
		"UseAttackerPosForReaction": false,
		"DeflectDamageID": "Deflect_Default",
		"CanCrit": true,
		"DmgCoef": 0,
		"DmgCoefHead": 0,
		"DmgCoefCrit": 0,
		"PowerLevel": 0,
		"BlockPowerLevel": 0,
		"CritPowerLevel": 0,
		"HitStun": 30,
		"BlockHitStun": 25,
		"CritHitStun": 30,
		"ImpactDistanceX": 0,
		"ImpactDistanceY": 0,
		"ImpactDistanceZ": 0,
		"ImpactDecayRate": 0,
		"BlockImpactDistanceX": 0,
		"BlockImpactDistanceY": 0,
		"BlockImpactDistanceZ": 0,
		"BlockImpactDecayRate": 0,
		"CritImpactDistanceX": 0,
		"CritImpactDistanceY": 0,
		"CritImpactDistanceZ": 0,
		"CritImpactDecayRate": 0,
		"AddDmg": 0,
		"StaggerDmgModifier": 0,
		"StaggerResistModifier": 0,
		"TargetCameraShakeID": "Small",
		"BlockTargetCameraShakeID": "Small",
		"CritTargetCameraShakeID": "Small",
		"ImpactRating": 3,
		"BlockStaminaDmgMod": 0.33,
		"BlockAbsorptionModifier": 1,
		"StunBreakoutIncrement": 0,
		"HitRuneCharge": 0.1625,
		"HitBlockedRuneCharge": 0.325
	},
	{
		"DamageID": "Chained_Pull",
		"WeaponCategory": "CorruptedMagic",
		"IgnoreInvulnerable": 1,
		"NoReaction": 0,
		"IsRanged": false,
		"Unblockable": true,
		"SurfaceImpactEffect": "Bullet",
		"AttackType": "Magic",
		"DamageType": "Corruption",
		"EffectOnlyOnDamage": false,
		"UseAttackerPosForReaction": true,
		"DeflectDamageID": "Deflect_Default",
		"CanCrit": false,
		"DmgCoef": 0,
		"DmgCoefHead": 0,
		"DmgCoefCrit": 0,
		"PowerLevel": 3,
		"BlockPowerLevel": 3,
		"CritPowerLevel": 3,
		"HitStun": 30,
		"BlockHitStun": 30,
		"CritHitStun": 30,
		"ImpactDistanceX": 0,
		"ImpactDistanceY": -1,
		"ImpactDistanceZ": 0,
		"ImpactDecayRate": 0.7,
		"BlockImpactDistanceX": 0,
		"BlockImpactDistanceY": -1,
		"BlockImpactDistanceZ": 0,
		"BlockImpactDecayRate": 0.7,
		"CritImpactDistanceX": 0,
		"CritImpactDistanceY": -1,
		"CritImpactDistanceZ": 0,
		"CritImpactDecayRate": 0.7,
		"AddDmg": 0,
		"StaggerDmgModifier": 1.5,
		"StaggerResistModifier": 1.5,
		"TargetCameraShakeID": "Small",
		"BlockTargetCameraShakeID": "Small",
		"CritTargetCameraShakeID": "Small",
		"ImpactRating": 3,
		"BlockStaminaDmgMod": 0,
		"BlockAbsorptionModifier": 1,
		"StunBreakoutIncrement": 16,
		"HitRuneCharge": 0.1625,
		"HitBlockedRuneCharge": 0.325
	},
	{
		"DamageID": "Time_Bomb",
		"WeaponCategory": "Unarmed",
		"IgnoreInvulnerable": 1,
		"NoReaction": 0,
		"IsRanged": false,
		"Unblockable": true,
		"SurfaceImpactEffect": "Bullet",
		"AttackType": "Heavy",
		"DamageType": "Strike",
		"StatusEffect": ["AI_Yonas_TimeBomb"],
		"EffectOnlyOnDamage": false,
		"UseAttackerPosForReaction": false,
		"DeflectDamageID": "Deflect_Default",
		"CanCrit": false,
		"DmgCoef": 100,
		"DmgCoefHead": 1,
		"DmgCoefCrit": 0,
		"PowerLevel": 4,
		"BlockPowerLevel": 4,
		"CritPowerLevel": 4,
		"HitStun": 20,
		"BlockHitStun": 20,
		"CritHitStun": 15,
		"ImpactDistanceX": 0,
		"ImpactDistanceY": 0,
		"ImpactDistanceZ": 0,
		"ImpactDecayRate": 0.8,
		"BlockImpactDistanceX": 0,
		"BlockImpactDistanceY": 0,
		"BlockImpactDistanceZ": 0,
		"BlockImpactDecayRate": 0.8,
		"CritImpactDistanceX": 0,
		"CritImpactDistanceY": 0,
		"CritImpactDistanceZ": 0,
		"CritImpactDecayRate": 0.8,
		"AddDmg": 0,
		"StaggerDmgModifier": 1.5,
		"StaggerResistModifier": 1.5,
		"TargetCameraShakeID": "Small",
		"BlockTargetCameraShakeID": "Small",
		"CritTargetCameraShakeID": "Small",
		"ImpactRating": 3,
		"BlockStaminaDmgMod": 1.25,
		"BlockAbsorptionModifier": 1,
		"StunBreakoutIncrement": 0,
		"HitRuneCharge": 0.1625,
		"HitBlockedRuneCharge": 0.325
	},
	{
		"DamageID": "Pull",
		"WeaponCategory": "Unarmed",
		"IgnoreInvulnerable": 1,
		"NoReaction": 0,
		"IsRanged": true,
		"Unblockable": true,
		"SurfaceImpactEffect": "Bullet",
		"AttackType": "Magic",
		"DamageType": "Corruption",
		"EffectOnlyOnDamage": false,
		"UseAttackerPosForReaction": true,
		"DeflectDamageID": "Deflect_Default",
		"CanCrit": false,
		"DmgCoef": 0,
		"DmgCoefHead": 0,
		"DmgCoefCrit": 0,
		"PowerLevel": 3,
		"BlockPowerLevel": 3,
		"CritPowerLevel": 3,
		"HitStun": 30,
		"BlockHitStun": 30,
		"CritHitStun": 30,
		"ImpactDistanceX": 0,
		"ImpactDistanceY": -1,
		"ImpactDistanceZ": -2,
		"ImpactDecayRate": 0.7,
		"BlockImpactDistanceX": 0,
		"BlockImpactDistanceY": -1,
		"BlockImpactDistanceZ": -2,
		"BlockImpactDecayRate": 0.7,
		"CritImpactDistanceX": 0,
		"CritImpactDistanceY": -1,
		"CritImpactDistanceZ": -2,
		"CritImpactDecayRate": 0.7,
		"AddDmg": 0,
		"StaggerDmgModifier": 1.5,
		"StaggerResistModifier": 1.5,
		"TargetCameraShakeID": "Small",
		"BlockTargetCameraShakeID": "Small",
		"CritTargetCameraShakeID": "Small",
		"ImpactRating": 3,
		"BlockStaminaDmgMod": 0,
		"BlockAbsorptionModifier": 1,
		"StunBreakoutIncrement": 50,
		"HitRuneCharge": 0.1625,
		"HitBlockedRuneCharge": 0.325
	},
	{
		"DamageID": "Fall",
		"WeaponCategory": "Fall",
		"IgnoreInvulnerable": 1,
		"NoReaction": 1,
		"IsRanged": false,
		"Unblockable": false,
		"SurfaceImpactEffect": "Bullet",
		"DamageType": "Falling",
		"EffectOnlyOnDamage": false,
		"UseAttackerPosForReaction": false,
		"CanCrit": false,
		"DmgCoef": 1,
		"DmgCoefHead": 0,
		"DmgCoefCrit": 1,
		"PowerLevel": 2,
		"BlockPowerLevel": 2,
		"CritPowerLevel": 2,
		"HitStun": 0,
		"BlockHitStun": 0,
		"CritHitStun": 0,
		"ImpactDistanceX": 0,
		"ImpactDistanceY": 0,
		"ImpactDistanceZ": 0,
		"ImpactDecayRate": 0,
		"BlockImpactDistanceX": 0,
		"BlockImpactDistanceY": 0,
		"BlockImpactDistanceZ": 0,
		"BlockImpactDecayRate": 0,
		"CritImpactDistanceX": 0,
		"CritImpactDistanceY": 0,
		"CritImpactDistanceZ": 0,
		"CritImpactDecayRate": 0,
		"AddDmg": 0,
		"StaggerDmgModifier": 0,
		"StaggerResistModifier": 0,
		"TargetCameraShakeID": "Small",
		"BlockTargetCameraShakeID": "Small",
		"CritTargetCameraShakeID": "Small",
		"ImpactRating": 0,
		"BlockStaminaDmgMod": 1,
		"BlockAbsorptionModifier": 1,
		"StunBreakoutIncrement": 1,
		"HitRuneCharge": 0.1625,
		"HitBlockedRuneCharge": 0.325
	},
	{
		"DamageID": "Reaction_Breakout",
		"WeaponCategory": "Fall",
		"IgnoreInvulnerable": 1,
		"NoReaction": 1,
		"IsRanged": false,
		"Unblockable": false,
		"SurfaceImpactEffect": "Bullet",
		"DamageType": "Falling",
		"EffectOnlyOnDamage": false,
		"UseAttackerPosForReaction": false,
		"CanCrit": false,
		"DmgCoef": 0,
		"DmgCoefHead": 0,
		"DmgCoefCrit": 0,
		"PowerLevel": 0,
		"BlockPowerLevel": 0,
		"CritPowerLevel": 0,
		"HitStun": 0,
		"BlockHitStun": 0,
		"CritHitStun": 0,
		"ImpactDistanceX": 0,
		"ImpactDistanceY": 0,
		"ImpactDistanceZ": 0,
		"ImpactDecayRate": 0,
		"BlockImpactDistanceX": 0,
		"BlockImpactDistanceY": 0,
		"BlockImpactDistanceZ": 0,
		"BlockImpactDecayRate": 0,
		"CritImpactDistanceX": 0,
		"CritImpactDistanceY": 0,
		"CritImpactDistanceZ": 0,
		"CritImpactDecayRate": 0,
		"AddDmg": 0,
		"StaggerDmgModifier": 0,
		"StaggerResistModifier": 10,
		"TargetCameraShakeID": "Small",
		"BlockTargetCameraShakeID": "Small",
		"CritTargetCameraShakeID": "Small",
		"ImpactRating": 1,
		"BlockStaminaDmgMod": 0,
		"BlockAbsorptionModifier": 0,
		"StunBreakoutIncrement": 0,
		"HitRuneCharge": 0.1625,
		"HitBlockedRuneCharge": 0.325
	}
]