[
	{
		"CinematicVideoId": "TempestReckoning",
		"VideoPath": "lyshineui/videos/tempestreckoning.webp",
		"Name": "@cinmatic_video_tempest_reckoning",
		"ReqAchievementId": "SwapActive_MSQ_MaraBook",
		"OnWatchedAchievementId": "Cinematic_TempestReckoning",
		"DurationInSec": 108,
		"VolumeScalingFactor": 0.7,
		"Subtitle": "@TempestReckoning01"
	},
	{
		"CinematicVideoId": "TempestRising",
		"VideoPath": "lyshineui/videos/tempestrising.webp",
		"Name": "@cinmatic_video_tempest_rising",
		"ReqAchievementId": "S_headstatue_cutscene",
		"OnWatchedAchievementId": "Cinematic_TempestRising",
		"DurationInSec": 106,
		"VolumeScalingFactor": 0.7,
		"Subtitle": "@TempestRising01"
	},
	{
		"CinematicVideoId": "TempestRisingMB",
		"VideoPath": "lyshineui/videos/tempestrising.webp",
		"Name": "@cinmatic_video_tempest_rising",
		"ReqAchievementId": "S_headstatue_cutscene_mb",
		"OnWatchedAchievementId": "Cinematic_TempestRising",
		"DurationInSec": 106,
		"VolumeScalingFactor": 0.7,
		"Subtitle": "@TempestRisingMB01"
	},
	{
		"CinematicVideoId": "BS_LegacyofAncients",
		"VideoPath": "lyshineui/videos/legacyancients.webp",
		"Name": "@cinmatic_video_legacy_ancients",
		"ReqAchievementId": "16_ImhotepCinematic_Unlock",
		"OnWatchedAchievementId": "Cinematic_LegacyOfAncients",
		"DurationInSec": 106,
		"VolumeScalingFactor": 0.7,
		"Subtitle": "@AncientsLegacy01"
	},
	{
		"CinematicVideoId": "BS_LegacyofRome",
		"VideoPath": "lyshineui/videos/legacyrome.webp",
		"Name": "@cinmatic_video_legacy_rome",
		"ReqAchievementId": "16_CharmionCinematic_Unlock",
		"OnWatchedAchievementId": "Cinematic_LegacyOfRome",
		"DurationInSec": 123,
		"VolumeScalingFactor": 0.7,
		"Subtitle": "@RomeLegacy01"
	},
	{
		"CinematicVideoId": "BS_TheHuntress",
		"VideoPath": "lyshineui/videos/thehuntress.webp",
		"Name": "@cinmatic_video_the_huntress",
		"ReqAchievementId": "16_HuntressCinematic_Unlock",
		"OnWatchedAchievementId": "Cinematic_TheHuntress",
		"DurationInSec": 115,
		"VolumeScalingFactor": 0.7,
		"Subtitle": "@WildHuntress01"
	},
	{
		"CinematicVideoId": "Seasons_01_SkyeLetter",
		"VideoPath": "lyshineui/videos/skyesletter.webp",
		"Name": "@cinmatic_video_seasons_01_skyeletter",
		"ReqAchievementId": "95_s01_Skye_Cinematic_Letter_Unlock",
		"OnWatchedAchievementId": "Cinematic_95_s01_Skye_Watched",
		"DurationInSec": 79,
		"VolumeScalingFactor": 0.7,
		"Subtitle": "@SkyeLetter01"
	},
	{
		"CinematicVideoId": "WF_MorgainesTruth",
		"VideoPath": "lyshineui/videos/morgainestruth.webp",
		"Name": "@cinmatic_video_wf_morgainestruth",
		"ReqAchievementId": "99C_MorgaineCinematic_Unlock",
		"OnWatchedAchievementId": "Cinematic_MorgainesTruth",
		"DurationInSec": 86,
		"VolumeScalingFactor": 0.7,
		"Subtitle": "@MorgaineTruth01"
	},
	{
		"CinematicVideoId": "BW_GalahadsRegret",
		"VideoPath": "lyshineui/videos/galahadsregret.webp",
		"Name": "@cinmatic_video_bw_galahadsregret",
		"ReqAchievementId": "99B_GalahadCinematic_Unlock",
		"OnWatchedAchievementId": "Cinematic_GalahadsRegret",
		"DurationInSec": 86,
		"VolumeScalingFactor": 0.7,
		"Subtitle": "@GalahadRegret01"
	},
	{
		"CinematicVideoId": "BW_AzothTree",
		"VideoPath": "lyshineui/videos/azothtree.webp",
		"Name": "@cinmatic_video_bw_azothtree",
		"ReqAchievementId": "99B_AzothTreeCinematic_Unlock",
		"OnWatchedAchievementId": "Cinematic_AzothTree",
		"DurationInSec": 111,
		"VolumeScalingFactor": 0.7
	},
	{
		"CinematicVideoId": "BW_CorpseCrone",
		"VideoPath": "lyshineui/videos/corpsecrone.webp",
		"Name": "@cinmatic_video_bw_corpsecrone",
		"ReqAchievementId": "99B_PennyfatherCinematic_Unlock",
		"OnWatchedAchievementId": "Cinematic_CorpseCrone",
		"DurationInSec": 82,
		"VolumeScalingFactor": 0.7,
		"Subtitle": "@CorpseCrone01"
	},
	{
		"CinematicVideoId": "Seasons_02_Devourer",
		"VideoPath": "lyshineui/videos/ld_final.webp",
		"Name": "@cinmatic_video_seasons_02_devourer",
		"ReqAchievementId": "Unlock_95A_S02_DevourerCinematic",
		"OnWatchedAchievementId": "Watched_95A_S02_DevourerCinematic",
		"DurationInSec": 107,
		"VolumeScalingFactor": 0.7,
		"Subtitle": "@DevourerLegacy01"
	},
	{
		"CinematicVideoId": "EG_BonesEarth",
		"VideoPath": "lyshineui/videos/nw23_botae_final_00.webp",
		"Name": "@cinmatic_video_eg_bonesearth",
		"ReqAchievementId": "99E_BonesEarthCinematic_Unlock",
		"OnWatchedAchievementId": "Cinematic_BonesEarth",
		"DurationInSec": 93,
		"VolumeScalingFactor": 0.7,
		"Subtitle": "@BonesEarth01"
	},
	{
		"CinematicVideoId": "EG_CaerDun",
		"VideoPath": "lyshineui/videos/nw23_focd_final_00.webp",
		"Name": "@cinmatic_video_eg_caerdun",
		"ReqAchievementId": "99E_CaerDunCinematic_Unlock",
		"OnWatchedAchievementId": "Cinematic_CaerDun",
		"DurationInSec": 82,
		"VolumeScalingFactor": 0.7,
		"Subtitle": "@FallCaerDun01"
	},
	{
		"CinematicVideoId": "EW_ElysianIntro",
		"VideoPath": "lyshineui/videos/nw23_3drothae_placeholder.webp",
		"Name": "@cinmatic_video_ew_elysianintro",
		"ReqAchievementId": "Start_Ely_IntroCinematic",
		"OnWatchedAchievementId": "Watched_Ely_IntroCinematic",
		"DurationInSec": 113,
		"VolumeScalingFactor": 0.7,
		"Subtitle": "@ElysianIntro01"
	},
	{
		"CinematicVideoId": "FL_BeastLords",
		"VideoPath": "lyshineui/videos/nw23_bl_final_00.webp",
		"Name": "@cinmatic_video_fl_beastlords",
		"ReqAchievementId": "09A_BeastLordsCinematic_Unlock",
		"OnWatchedAchievementId": "Cinematic_BeastLords",
		"DurationInSec": 94,
		"VolumeScalingFactor": 0.7,
		"Subtitle": "@BeastLords01"
	},
	{
		"CinematicVideoId": "FL_NewEden",
		"VideoPath": "lyshineui/videos/nw23_ne_final_00.webp",
		"Name": "@cinmatic_video_fl_neweden",
		"ReqAchievementId": "09A_NewEdenCinematic_Unlock",
		"OnWatchedAchievementId": "Cinematic_NewEden",
		"DurationInSec": 91,
		"VolumeScalingFactor": 0.7,
		"Subtitle": "@NewEden01"
	},
	{
		"CinematicVideoId": "FL_ShadowAwakens",
		"VideoPath": "lyshineui/videos/nw23_asa_final_00.webp",
		"Name": "@cinmatic_video_fl_shadowawakens",
		"ReqAchievementId": "09A_ShadowAwakensCinematic_Unlock",
		"OnWatchedAchievementId": "Cinematic_ShadowAwakens",
		"DurationInSec": 89,
		"VolumeScalingFactor": 0.7,
		"Subtitle": "@ShadowAwakens01"
	},
	{
		"CinematicVideoId": "GC_DarkCommand",
		"VideoPath": "lyshineui/videos/nw23_dc_final_00.webp",
		"Name": "@cinmatic_video_gc_darkcommand",
		"ReqAchievementId": "99D_Unlock_ThorpeCinematic",
		"OnWatchedAchievementId": "Cinematic_DarkCommand",
		"DurationInSec": 98,
		"VolumeScalingFactor": 0.7,
		"Subtitle": "@DarkCommand01"
	},
	{
		"CinematicVideoId": "ER_WiseMan",
		"VideoPath": "lyshineui/videos/s4_wc_final.webp",
		"Name": "@cinmatic_video_er_wiseman",
		"ReqAchievementId": "99F_WiseManCinematic_Unlock",
		"OnWatchedAchievementId": "Cinematic_WiseMan",
		"DurationInSec": 103,
		"VolumeScalingFactor": 0.7,
		"Subtitle": "@WisemansCounsel01"
	},
	{
		"CinematicVideoId": "ER_MothersHope",
		"VideoPath": "lyshineui/videos/s4_amh_final.webp",
		"Name": "@cinmatic_video_er_mothershope",
		"ReqAchievementId": "99F_MothersHopeCinematic_Unlock",
		"OnWatchedAchievementId": "Cinematic_MothersHope",
		"DurationInSec": 95,
		"VolumeScalingFactor": 0.7,
		"Subtitle": "@MothersHope01"
	},
	{
		"CinematicVideoId": "SM_FallenAngel",
		"VideoPath": "lyshineui/videos/s4_fa_final.webp",
		"Name": "@cinmatic_video_sm_fallenangel",
		"ReqAchievementId": "99G_FallenAngelCinematic_Unlock",
		"OnWatchedAchievementId": "Cinematic_FallenAngel",
		"DurationInSec": 111,
		"VolumeScalingFactor": 0.7,
		"Subtitle": "@FallenAngel01"
	},
	{
		"CinematicVideoId": "S4_MordredResolve",
		"VideoPath": "lyshineui/videos/s4_mr_final.webp",
		"Name": "@cinmatic_video_s4_mordredresolve",
		"ReqAchievementId": "Unlock_95_s04_Cinematic",
		"OnWatchedAchievementId": "Watched_95_s04_Cinematic",
		"DurationInSec": 96,
		"VolumeScalingFactor": 0.7,
		"Subtitle": "@MordredsRegret01"
	},
	{
		"CinematicVideoId": "MB_EmptyThrone",
		"VideoPath": "lyshineui/videos/s6_tet_final_00.webp",
		"Name": "@cinmatic_video_mb_emptythrone",
		"ReqAchievementId": "12_EmptyThroneCinematic_Unlock",
		"OnWatchedAchievementId": "Cinematic_EmptyThrone",
		"DurationInSec": 116,
		"VolumeScalingFactor": 0.7,
		"Subtitle": "@EmptyThrone01"
	},
	{
		"CinematicVideoId": "MSQ_AncientAeternum",
		"VideoPath": "lyshineui/videos/s6_aa_final_00.webp",
		"Name": "@cinmatic_video_msq_ancientaeternum",
		"ReqAchievementId": "MSQ_AncientAeternumCinematic_Unlock",
		"OnWatchedAchievementId": "Cinematic_AncientAeternum",
		"DurationInSec": 101,
		"VolumeScalingFactor": 0.7,
		"Subtitle": "@AncientAeternum01"
	},
	{
		"CinematicVideoId": "MSQ_FallSoulwardens",
		"VideoPath": "lyshineui/videos/s6_fotsw_final_00.webp",
		"Name": "@cinmatic_video_msq_fallsoulwardens",
		"ReqAchievementId": "MSQ_FallSoulwardensCinematic_Unlock",
		"OnWatchedAchievementId": "Cinematic_FallSoulwardens",
		"DurationInSec": 118,
		"VolumeScalingFactor": 0.7,
		"Subtitle": "@FallSoulwardens01"
	},
	{
		"CinematicVideoId": "WW_MedeasTribute",
		"VideoPath": "lyshineui/videos/s6_mt_final_00.webp",
		"Name": "@cinmatic_video_ww_medeastribute",
		"ReqAchievementId": "06_MedeasTributeCinematic_Unlock",
		"OnWatchedAchievementId": "Cinematic_MedeasTribute",
		"DurationInSec": 129,
		"VolumeScalingFactor": 0.7,
		"Subtitle": "@MedeasTribute01"
	},
	{
		"CinematicVideoId": "MSQ_TroubleOxboro",
		"VideoPath": "lyshineui/videos/s6_two_final.webp",
		"Name": "@cinmatic_video_msq_troubleoxboro",
		"ReqAchievementId": "MSQ_TroubleOxboroCinematic_Unlock",
		"OnWatchedAchievementId": "Cinematic_TroubleOxboro",
		"DurationInSec": 97,
		"VolumeScalingFactor": 0.7,
		"Subtitle": "@TroubleOxboro01"
	},
	{
		"CinematicVideoId": "MSQ_LaEsperanza",
		"VideoPath": "lyshineui/videos/s6_lae_final.webp",
		"Name": "@cinmatic_video_msq_laesperanza",
		"ReqAchievementId": "MSQ_LaEsperanza_Unlock",
		"OnWatchedAchievementId": "Cinematic_LaEsperanza",
		"DurationInSec": 120,
		"VolumeScalingFactor": 0.7,
		"Subtitle": "@LaEsperanza01"
	},
	{
		"CinematicVideoId": "FTUE_Intro1",
		"VideoPath": "lyshineui/videos/ff_i1.webp",
		"Name": "@cinmatic_video_FTUE_Intro1",
		"ReqAchievementId": "FTUE_Intro1_Cinematic_Unlock",
		"OnWatchedAchievementId": "FTUE_Intro1_Cinematic_Watched",
		"DurationInSec": 88,
		"VolumeScalingFactor": 1,
		"Subtitle": "@Intro_A_01"
	},
	{
		"CinematicVideoId": "FTUE_Intro2",
		"VideoPath": "lyshineui/videos/ff_i2.webp",
		"Name": "@cinmatic_video_FTUE_Intro2",
		"ReqAchievementId": "FTUE_Intro2_Cinematic_Unlock",
		"OnWatchedAchievementId": "FTUE_Intro2_Cinematic_Watched",
		"DurationInSec": 171,
		"VolumeScalingFactor": 1,
		"Subtitle": "@Intro_B_01"
	},
	{
		"CinematicVideoId": "FTUE_Intro3",
		"VideoPath": "lyshineui/videos/ff_i3.webp",
		"Name": "@cinmatic_video_FTUE_Intro3",
		"ReqAchievementId": "FTUE_Intro3_Cinematic_Unlock",
		"OnWatchedAchievementId": "FTUE_Intro3_Cinematic_Watched",
		"DurationInSec": 44,
		"VolumeScalingFactor": 1,
		"CanSkip": "false"
	},
	{
		"CinematicVideoId": "FTUE_Rez",
		"VideoPath": "lyshineui/videos/ff_res.webp",
		"Name": "@cinmatic_video_FTUE_Rez",
		"ReqAchievementId": "FTUE_Rez_Cinematic_Unlock",
		"OnWatchedAchievementId": "FTUE_Rez_Cinematic_Watched",
		"DurationInSec": 64,
		"VolumeScalingFactor": 1,
		"Subtitle": "@Resurrection_01"
	},
	{
		"CinematicVideoId": "FTUE_Rit",
		"VideoPath": "lyshineui/videos/ff_ritual_v2.webp",
		"Name": "@cinmatic_video_FTUE_Rit",
		"ReqAchievementId": "FTUE_Rit_Cinematic_Unlock",
		"OnWatchedAchievementId": "FTUE_Rit_Cinematic_Watched",
		"DurationInSec": 40,
		"VolumeScalingFactor": 1,
		"CanSkip": "false",
		"Subtitle": "@Ritual_01"
	},
	{
		"CinematicVideoId": "EW_NewElysianIntro",
		"VideoPath": "lyshineui/videos/rotae_recut.webp",
		"Name": "@cinmatic_video_NewElysianIntro",
		"ReqAchievementId": "16_BSMSQ_19",
		"OnWatchedAchievementId": "Watched_Ely_IntroCinematic",
		"DurationInSec": 75,
		"VolumeScalingFactor": 1.25,
		"Subtitle": "@NewElysianIntro01"
	}
]