[
	{
		"DamageID": "MW_Attack_Objective",
		"WeaponCategory": "Unarmed",
		"IgnoreInvulnerable": 0,
		"NoReaction": 0,
		"SurfaceImpactEffect": "Bullet",
		"AttackType": "Light",
		"DamageType": "Strike",
		"EffectOnlyOnDamage": false,
		"CanCrit": "0",
		"DmgCoef": 0.0425,
		"DmgCoefHead": 0.35,
		"DmgCoefCrit": 0,
		"PowerLevel": 0,
		"BlockPowerLevel": 0,
		"CritPowerLevel": 0,
		"HitStun": 7,
		"BlockHitStun": 5,
		"CritHitStun": 7,
		"ImpactDistanceX": 0,
		"ImpactDistanceY": 0.35,
		"ImpactDistanceZ": 0,
		"ImpactDecayRate": 0.8,
		"BlockImpactDistanceX": 0,
		"BlockImpactDistanceY": 0,
		"BlockImpactDistanceZ": 0,
		"BlockImpactDecayRate": 0.8,
		"CritImpactDistanceX": 0,
		"CritImpactDistanceY": 0.35,
		"CritImpactDistanceZ": 0,
		"CritImpactDecayRate": 0.8,
		"AddDmg": 0,
		"StaggerDmgModifier": 0.25,
		"CritStaggerDmgModifier": 0,
		"StaggerResistModifier": 0.2,
		"TargetCameraShakeID": "Small",
		"BlockTargetCameraShakeID": "Small",
		"CritTargetCameraShakeID": "Small",
		"ImpactRating": "1",
		"BlockStaminaDmgMod": "0.2",
		"BlockAbsorptionModifier": "1",
		"StunBreakoutIncrement": 1,
		"HitRuneCharge": 0.1625,
		"HitBlockedRuneCharge": 0.325
	},
	{
		"DamageID": "MW_Attack_Hoof_Strike",
		"WeaponCategory": "Unarmed",
		"IgnoreInvulnerable": 0,
		"NoReaction": 0,
		"SurfaceImpactEffect": "Bullet",
		"AttackType": "Light",
		"DamageType": "Strike",
		"EffectOnlyOnDamage": false,
		"CanCrit": "0",
		"DmgCoef": 0.18,
		"DmgCoefHead": 1,
		"DmgCoefCrit": 0,
		"PowerLevel": 0,
		"BlockPowerLevel": 0,
		"CritPowerLevel": 0,
		"HitStun": 7,
		"BlockHitStun": 5,
		"CritHitStun": 7,
		"ImpactDistanceX": 0,
		"ImpactDistanceY": 1,
		"ImpactDistanceZ": 0,
		"ImpactDecayRate": 0.8,
		"BlockImpactDistanceX": 0,
		"BlockImpactDistanceY": 0,
		"BlockImpactDistanceZ": 0,
		"BlockImpactDecayRate": 0.8,
		"CritImpactDistanceX": 0,
		"CritImpactDistanceY": 1,
		"CritImpactDistanceZ": 0,
		"CritImpactDecayRate": 0.8,
		"AddDmg": 0,
		"StaggerDmgModifier": 0.25,
		"CritStaggerDmgModifier": 0,
		"StaggerResistModifier": 0.4,
		"TargetCameraShakeID": "Small",
		"BlockTargetCameraShakeID": "Small",
		"CritTargetCameraShakeID": "Small",
		"ImpactRating": "1",
		"BlockStaminaDmgMod": "0.2",
		"BlockAbsorptionModifier": "1",
		"StunBreakoutIncrement": 0,
		"HitRuneCharge": 0.1625,
		"HitBlockedRuneCharge": 0.325
	},
	{
		"DamageID": "MW_Attack_Kick",
		"WeaponCategory": "Unarmed",
		"IgnoreInvulnerable": 0,
		"NoReaction": 0,
		"SurfaceImpactEffect": "Bullet",
		"AttackType": "Heavy",
		"DamageType": "Strike",
		"EffectOnlyOnDamage": false,
		"CanCrit": "0",
		"DmgCoef": 0.27,
		"DmgCoefHead": 1,
		"DmgCoefCrit": 0,
		"PowerLevel": 3,
		"BlockPowerLevel": 2,
		"CritPowerLevel": 3,
		"HitStun": 20,
		"BlockHitStun": 10,
		"CritHitStun": 20,
		"ImpactDistanceX": 0,
		"ImpactDistanceY": 3,
		"ImpactDistanceZ": 0,
		"ImpactDecayRate": 0.8,
		"BlockImpactDistanceX": 0,
		"BlockImpactDistanceY": 0,
		"BlockImpactDistanceZ": 0,
		"BlockImpactDecayRate": 0.8,
		"CritImpactDistanceX": 0,
		"CritImpactDistanceY": 3,
		"CritImpactDistanceZ": 0,
		"CritImpactDecayRate": 0.8,
		"AddDmg": 0,
		"StaggerDmgModifier": 0.3,
		"CritStaggerDmgModifier": 0,
		"StaggerResistModifier": 1,
		"TargetCameraShakeID": "Small",
		"BlockTargetCameraShakeID": "Small",
		"CritTargetCameraShakeID": "Small",
		"ImpactRating": "1",
		"BlockStaminaDmgMod": "0.3",
		"BlockAbsorptionModifier": "1",
		"StunBreakoutIncrement": 1,
		"HitRuneCharge": 0.1625,
		"HitBlockedRuneCharge": 0.325
	},
	{
		"DamageID": "MW_Attack_AntlerSweep_Light",
		"WeaponCategory": "Unarmed",
		"IgnoreInvulnerable": 0,
		"NoReaction": 0,
		"SurfaceImpactEffect": "Bullet",
		"AttackType": "Light",
		"DamageType": "Strike",
		"EffectOnlyOnDamage": false,
		"CanCrit": "0",
		"DmgCoef": 0.18,
		"DmgCoefHead": 1,
		"DmgCoefCrit": 0,
		"PowerLevel": 0,
		"BlockPowerLevel": 0,
		"CritPowerLevel": 0,
		"HitStun": 7,
		"BlockHitStun": 5,
		"CritHitStun": 7,
		"ImpactDistanceX": 0,
		"ImpactDistanceY": 0.35,
		"ImpactDistanceZ": 0,
		"ImpactDecayRate": 0.8,
		"BlockImpactDistanceX": 0,
		"BlockImpactDistanceY": 0,
		"BlockImpactDistanceZ": 0,
		"BlockImpactDecayRate": 0.8,
		"CritImpactDistanceX": 0,
		"CritImpactDistanceY": 0.35,
		"CritImpactDistanceZ": 0,
		"CritImpactDecayRate": 0.8,
		"AddDmg": 0,
		"StaggerDmgModifier": 0.25,
		"CritStaggerDmgModifier": 0,
		"StaggerResistModifier": 0.2,
		"TargetCameraShakeID": "Small",
		"BlockTargetCameraShakeID": "Small",
		"CritTargetCameraShakeID": "Small",
		"ImpactRating": "1",
		"BlockStaminaDmgMod": "0.2",
		"BlockAbsorptionModifier": "1",
		"StunBreakoutIncrement": 1,
		"HitRuneCharge": 0.1625,
		"HitBlockedRuneCharge": 0.325
	},
	{
		"DamageID": "MW_Attack_AntlerSweep_Heavy",
		"WeaponCategory": "Unarmed",
		"IgnoreInvulnerable": 0,
		"NoReaction": 0,
		"SurfaceImpactEffect": "Bullet",
		"AttackType": "Heavy",
		"DamageType": "Slash",
		"EffectOnlyOnDamage": true,
		"CanCrit": "0",
		"DmgCoef": 0.36,
		"DmgCoefHead": 1,
		"DmgCoefCrit": 0,
		"PowerLevel": 2,
		"BlockPowerLevel": 1,
		"CritPowerLevel": 2,
		"HitStun": 20,
		"BlockHitStun": 15,
		"CritHitStun": 20,
		"ImpactDistanceX": 0,
		"ImpactDistanceY": 1.5,
		"ImpactDistanceZ": 0,
		"ImpactDecayRate": 0.8,
		"BlockImpactDistanceX": 0,
		"BlockImpactDistanceY": 0,
		"BlockImpactDistanceZ": 0,
		"BlockImpactDecayRate": 0.8,
		"CritImpactDistanceX": 0,
		"CritImpactDistanceY": 1.5,
		"CritImpactDistanceZ": 0,
		"CritImpactDecayRate": 0.8,
		"AddDmg": 0,
		"StaggerDmgModifier": 0.3,
		"CritStaggerDmgModifier": 0,
		"StaggerResistModifier": 1,
		"TargetCameraShakeID": "Small",
		"BlockTargetCameraShakeID": "Small",
		"CritTargetCameraShakeID": "Small",
		"ImpactRating": "2",
		"BlockStaminaDmgMod": "0.5",
		"BlockAbsorptionModifier": "1",
		"StunBreakoutIncrement": 1,
		"HitRuneCharge": 0.1625,
		"HitBlockedRuneCharge": 0.325
	},
	{
		"DamageID": "MW_Attack_Headbutt",
		"WeaponCategory": "Unarmed",
		"IgnoreInvulnerable": 0,
		"NoReaction": 0,
		"SurfaceImpactEffect": "Bullet",
		"AttackType": "Heavy",
		"DamageType": "Thrust",
		"StatusEffect": ["AI_MotherwellElk_SE_Rend"],
		"EffectOnlyOnDamage": true,
		"CanCrit": "0",
		"DmgCoef": 0.5,
		"DmgCoefHead": 1,
		"DmgCoefCrit": 0,
		"PowerLevel": 3,
		"BlockPowerLevel": 2,
		"CritPowerLevel": 3,
		"HitStun": 25,
		"BlockHitStun": 20,
		"CritHitStun": 25,
		"ImpactDistanceX": 0,
		"ImpactDistanceY": 2,
		"ImpactDistanceZ": 0,
		"ImpactDecayRate": 0.8,
		"BlockImpactDistanceX": 0,
		"BlockImpactDistanceY": 0,
		"BlockImpactDistanceZ": 0,
		"BlockImpactDecayRate": 0.8,
		"CritImpactDistanceX": 0,
		"CritImpactDistanceY": 2,
		"CritImpactDistanceZ": 0,
		"CritImpactDecayRate": 0.8,
		"AddDmg": 0,
		"StaggerDmgModifier": 1.25,
		"CritStaggerDmgModifier": 0,
		"StaggerResistModifier": 1,
		"TargetCameraShakeID": "Small",
		"BlockTargetCameraShakeID": "Small",
		"CritTargetCameraShakeID": "Small",
		"ImpactRating": "3",
		"BlockStaminaDmgMod": "0.75",
		"BlockAbsorptionModifier": "1",
		"StunBreakoutIncrement": 1,
		"HitRuneCharge": 0.1625,
		"HitBlockedRuneCharge": 0.325
	},
	{
		"DamageID": "MW_Attack_Charge",
		"WeaponCategory": "Unarmed",
		"IgnoreInvulnerable": 0,
		"NoReaction": 0,
		"SurfaceImpactEffect": "Bullet",
		"AttackType": "Heavy",
		"DamageType": "Thrust",
		"Affixes": "AI_NatureDMG_25",
		"StatusEffect": ["AI_MotherwellElk_SE_Exhaust"],
		"EffectOnlyOnDamage": false,
		"CanCrit": "0",
		"DmgCoef": 0.68,
		"DmgCoefHead": 1,
		"DmgCoefCrit": 0,
		"PowerLevel": 4,
		"BlockPowerLevel": 4,
		"CritPowerLevel": 4,
		"HitStun": 35,
		"BlockHitStun": 30,
		"CritHitStun": 35,
		"ImpactDistanceX": 0,
		"ImpactDistanceY": 4,
		"ImpactDistanceZ": 0,
		"ImpactDecayRate": 0.8,
		"BlockImpactDistanceX": 0,
		"BlockImpactDistanceY": 0,
		"BlockImpactDistanceZ": 0,
		"BlockImpactDecayRate": 0.8,
		"CritImpactDistanceX": 0,
		"CritImpactDistanceY": 4,
		"CritImpactDistanceZ": 0,
		"CritImpactDecayRate": 0.8,
		"AddDmg": 0,
		"StaggerDmgModifier": 1.5,
		"CritStaggerDmgModifier": 0,
		"StaggerResistModifier": 1.2,
		"TargetCameraShakeID": "Large",
		"BlockTargetCameraShakeID": "Large",
		"CritTargetCameraShakeID": "Large",
		"ImpactRating": "3",
		"BlockStaminaDmgMod": "1",
		"BlockAbsorptionModifier": "1",
		"StunBreakoutIncrement": 1,
		"HitRuneCharge": 0.1625,
		"HitBlockedRuneCharge": 0.325
	},
	{
		"DamageID": "MW_Attack_Jump_Slam",
		"WeaponCategory": "Unarmed",
		"IgnoreInvulnerable": 0,
		"NoReaction": 0,
		"SurfaceImpactEffect": "Bullet",
		"AttackType": "Magic",
		"DamageType": "Strike",
		"Affixes": "AI_NatureDMG_50",
		"StatusEffect": ["AI_MotherwellElk_SE_Slow"],
		"EffectOnlyOnDamage": true,
		"CanCrit": "0",
		"DmgCoef": 0.25,
		"DmgCoefHead": 1,
		"DmgCoefCrit": 0,
		"PowerLevel": 4,
		"BlockPowerLevel": 2,
		"CritPowerLevel": 4,
		"HitStun": 30,
		"BlockHitStun": 15,
		"CritHitStun": 30,
		"ImpactDistanceX": 0,
		"ImpactDistanceY": 4,
		"ImpactDistanceZ": 0,
		"ImpactDecayRate": 0.8,
		"BlockImpactDistanceX": 0,
		"BlockImpactDistanceY": 0,
		"BlockImpactDistanceZ": 0,
		"BlockImpactDecayRate": 0.8,
		"CritImpactDistanceX": 0,
		"CritImpactDistanceY": 4,
		"CritImpactDistanceZ": 0,
		"CritImpactDecayRate": 0.8,
		"AddDmg": 0,
		"StaggerDmgModifier": 1.5,
		"CritStaggerDmgModifier": 0,
		"StaggerResistModifier": 1.2,
		"TargetCameraShakeID": "Large",
		"BlockTargetCameraShakeID": "Large",
		"CritTargetCameraShakeID": "Large",
		"ImpactRating": "3",
		"BlockStaminaDmgMod": "0.5",
		"BlockAbsorptionModifier": "1",
		"StunBreakoutIncrement": 1,
		"HitRuneCharge": 0.1625,
		"HitBlockedRuneCharge": 0.325
	},
	{
		"DamageID": "Fall",
		"WeaponCategory": "Fall",
		"IgnoreInvulnerable": 1,
		"NoReaction": 1,
		"SurfaceImpactEffect": "Bullet",
		"DamageType": "Falling",
		"EffectOnlyOnDamage": false,
		"CanCrit": "0",
		"DmgCoef": 1,
		"DmgCoefHead": 1,
		"DmgCoefCrit": 0,
		"PowerLevel": 2,
		"BlockPowerLevel": 2,
		"CritPowerLevel": 2,
		"HitStun": 0,
		"BlockHitStun": 0,
		"CritHitStun": 0,
		"ImpactDistanceX": 0,
		"ImpactDistanceY": 0,
		"ImpactDistanceZ": 0,
		"ImpactDecayRate": 0,
		"BlockImpactDistanceX": 0,
		"BlockImpactDistanceY": 0,
		"BlockImpactDistanceZ": 0,
		"BlockImpactDecayRate": 0,
		"CritImpactDistanceX": 0,
		"CritImpactDistanceY": 0,
		"CritImpactDistanceZ": 0,
		"CritImpactDecayRate": 0,
		"AddDmg": 0,
		"StaggerDmgModifier": 0,
		"CritStaggerDmgModifier": 0,
		"StaggerResistModifier": 0,
		"TargetCameraShakeID": "Small",
		"BlockTargetCameraShakeID": "Small",
		"CritTargetCameraShakeID": "Small",
		"ImpactRating": "0",
		"BlockStaminaDmgMod": "1",
		"BlockAbsorptionModifier": "1",
		"StunBreakoutIncrement": 1,
		"HitRuneCharge": 0.1625,
		"HitBlockedRuneCharge": 0.325
	},
	{
		"DamageID": "MW_Attack_Panic",
		"WeaponCategory": "Blunt_AI",
		"IgnoreInvulnerable": 0,
		"NoReaction": 0,
		"SurfaceImpactEffect": "Bullet",
		"AttackType": "Light",
		"DamageType": "Strike",
		"EffectOnlyOnDamage": false,
		"CanCrit": "1",
		"DmgCoef": 1,
		"DmgCoefHead": 0,
		"DmgCoefCrit": 2,
		"PowerLevel": 2,
		"BlockPowerLevel": 2,
		"CritPowerLevel": 25,
		"HitStun": 20,
		"BlockHitStun": 25,
		"CritHitStun": 0,
		"ImpactDistanceX": 1,
		"ImpactDistanceY": 0,
		"ImpactDistanceZ": 0.8,
		"ImpactDecayRate": 0,
		"BlockImpactDistanceX": 0,
		"BlockImpactDistanceY": 0,
		"BlockImpactDistanceZ": 0.8,
		"BlockImpactDecayRate": 0,
		"CritImpactDistanceX": 1,
		"CritImpactDistanceY": 0,
		"CritImpactDistanceZ": 0.8,
		"CritImpactDecayRate": 0,
		"AddDmg": 3,
		"StaggerDmgModifier": 0,
		"CritStaggerDmgModifier": 1,
		"StaggerResistModifier": 1,
		"TargetCameraShakeID": "0.2",
		"BlockTargetCameraShakeID": "1",
		"ImpactRating": "Small",
		"BlockStaminaDmgMod": "Small",
		"BlockAbsorptionModifier": "Small",
		"StunBreakoutIncrement": 0.1625,
		"HitRuneCharge": 0.325,
		"HitBlockedRuneCharge": 0
	},
	{
		"DamageID": "Attack_AntlerSweep_Breakout",
		"WeaponCategory": "Blunt_AI",
		"IgnoreInvulnerable": 0,
		"NoReaction": 0,
		"SurfaceImpactEffect": "Bullet",
		"AttackType": "Light",
		"DamageType": "Strike",
		"EffectOnlyOnDamage": false,
		"CanCrit": "0",
		"DmgCoef": 0.35,
		"DmgCoefHead": 1,
		"DmgCoefCrit": 0,
		"PowerLevel": 3,
		"BlockPowerLevel": 3,
		"CritPowerLevel": 3,
		"HitStun": 15,
		"BlockHitStun": 15,
		"CritHitStun": 15,
		"ImpactDistanceX": 0,
		"ImpactDistanceY": 2,
		"ImpactDistanceZ": 0,
		"ImpactDecayRate": 0.8,
		"BlockImpactDistanceX": 0,
		"BlockImpactDistanceY": 0.5,
		"BlockImpactDistanceZ": 0,
		"BlockImpactDecayRate": 0.8,
		"CritImpactDistanceX": 0,
		"CritImpactDistanceY": 2,
		"CritImpactDistanceZ": 0,
		"CritImpactDecayRate": 0.8,
		"AddDmg": 0,
		"StaggerDmgModifier": 0.3,
		"CritStaggerDmgModifier": 0,
		"StaggerResistModifier": 10,
		"TargetCameraShakeID": "Small",
		"BlockTargetCameraShakeID": "Small",
		"CritTargetCameraShakeID": "Small",
		"ImpactRating": "3",
		"BlockStaminaDmgMod": "1",
		"BlockAbsorptionModifier": "1",
		"StunBreakoutIncrement": 0.5,
		"HitRuneCharge": 0.1625,
		"HitBlockedRuneCharge": 0.325
	},
	{
		"DamageID": "Reaction_Breakout",
		"WeaponCategory": "Blunt_AI",
		"IgnoreInvulnerable": 0,
		"NoReaction": 0,
		"SurfaceImpactEffect": "Bullet",
		"AttackType": "Light",
		"DamageType": "Strike",
		"EffectOnlyOnDamage": false,
		"CanCrit": "0",
		"DmgCoef": 0.35,
		"DmgCoefHead": 1,
		"DmgCoefCrit": 0,
		"PowerLevel": 3,
		"BlockPowerLevel": 3,
		"CritPowerLevel": 3,
		"HitStun": 15,
		"BlockHitStun": 15,
		"CritHitStun": 15,
		"ImpactDistanceX": 0,
		"ImpactDistanceY": 2,
		"ImpactDistanceZ": 0,
		"ImpactDecayRate": 0.8,
		"BlockImpactDistanceX": 0,
		"BlockImpactDistanceY": 0.5,
		"BlockImpactDistanceZ": 0,
		"BlockImpactDecayRate": 0.8,
		"CritImpactDistanceX": 0,
		"CritImpactDistanceY": 2,
		"CritImpactDistanceZ": 0,
		"CritImpactDecayRate": 0.8,
		"AddDmg": 0,
		"StaggerDmgModifier": 0.3,
		"CritStaggerDmgModifier": 0,
		"StaggerResistModifier": 10,
		"TargetCameraShakeID": "Small",
		"BlockTargetCameraShakeID": "Small",
		"CritTargetCameraShakeID": "Small",
		"ImpactRating": "3",
		"BlockStaminaDmgMod": "1",
		"BlockAbsorptionModifier": "1",
		"StunBreakoutIncrement": 0.5,
		"HitRuneCharge": 0.1625,
		"HitBlockedRuneCharge": 0.325
	}
]