[
	{
		"DamageID": "Sandworm_BodySlam",
		"WeaponCategory": "Blunt_AI",
		"IgnoreInvulnerable": 0,
		"NoReaction": 0,
		"IsRanged": false,
		"SurfaceImpactEffect": "Bullet",
		"DeflectDamageID": "Unarmed",
		"AttackType": "Heavy",
		"DamageType": "Strike",
		"CanCrit": false,
		"DmgCoef": 0.7,
		"DmgCoefHead": 1,
		"DmgCoefCrit": 1,
		"PowerLevel": 5,
		"BlockPowerLevel": 3,
		"CritPowerLevel": 5,
		"HitStun": 40,
		"BlockHitStun": 35,
		"CritHitStun": 40,
		"ImpactDistanceX": 0,
		"ImpactDistanceY": 0,
		"ImpactDistanceZ": 0,
		"ImpactDecayRate": 0.8,
		"BlockImpactDistanceX": 0,
		"BlockImpactDistanceY": 0,
		"BlockImpactDistanceZ": 0,
		"BlockImpactDecayRate": 0.8,
		"CritImpactDistanceX": 0,
		"CritImpactDistanceY": 0,
		"CritImpactDistanceZ": 0,
		"CritImpactDecayRate": 0.8,
		"AddDmg": 0,
		"StaggerDmgModifier": 1,
		"StaggerResistModifier": 0,
		"HungerDmg": 0,
		"ThirstDmg": 0,
		"StaminaDmg": 0,
		"ImpactRating": 3,
		"BlockStaminaDmgMod": 1.25,
		"BlockAbsorptionModifier": 1,
		"TargetCameraShakeID": "Large_short",
		"BlockTargetCameraShakeID": "Small",
		"CritTargetCameraShakeID": "Large_short",
		"StunBreakoutIncrement": 1,
		"HitRuneCharge": 0.1625,
		"HitBlockedRuneCharge": 0.325
	},
	{
		"DamageID": "Sandworm_AcidSpit_Direct",
		"WeaponCategory": "Blunt_AI",
		"IgnoreInvulnerable": 0,
		"NoReaction": 0,
		"IsRanged": true,
		"SurfaceImpactEffect": "Bullet",
		"DeflectDamageID": "Unarmed",
		"AttackType": "Magic",
		"DamageType": "Acid",
		"CanCrit": false,
		"DmgCoef": 0.1,
		"DmgCoefHead": 1,
		"DmgCoefCrit": 1,
		"PowerLevel": 0,
		"BlockPowerLevel": 0,
		"CritPowerLevel": 0,
		"HitStun": 30,
		"BlockHitStun": 15,
		"CritHitStun": 30,
		"ImpactDistanceX": 0,
		"ImpactDistanceY": 0,
		"ImpactDistanceZ": 0,
		"ImpactDecayRate": 0.8,
		"BlockImpactDistanceX": 0,
		"BlockImpactDistanceY": 0,
		"BlockImpactDistanceZ": 0,
		"BlockImpactDecayRate": 0.8,
		"CritImpactDistanceX": 0,
		"CritImpactDistanceY": 1,
		"CritImpactDistanceZ": 0,
		"CritImpactDecayRate": 0.8,
		"AddDmg": 0,
		"StaggerDmgModifier": 0.3,
		"StaggerResistModifier": 1,
		"HungerDmg": 0,
		"ThirstDmg": 0,
		"StaminaDmg": 0,
		"ImpactRating": 3,
		"BlockStaminaDmgMod": 1,
		"BlockAbsorptionModifier": 1,
		"TargetCameraShakeID": "Large_short",
		"BlockTargetCameraShakeID": "Small",
		"CritTargetCameraShakeID": "Large_short",
		"StunBreakoutIncrement": 1,
		"HitRuneCharge": 0.1625,
		"HitBlockedRuneCharge": 0.325
	},
	{
		"DamageID": "Sandworm_AcidBall_Direct",
		"WeaponCategory": "Blunt_AI",
		"IgnoreInvulnerable": 0,
		"NoReaction": 0,
		"IsRanged": true,
		"SurfaceImpactEffect": "Bullet",
		"DeflectDamageID": "Unarmed",
		"AttackType": "Magic",
		"DamageType": "Acid",
		"CanCrit": false,
		"DmgCoef": 0.2,
		"DmgCoefHead": 1,
		"DmgCoefCrit": 1,
		"PowerLevel": 1,
		"BlockPowerLevel": 0,
		"CritPowerLevel": 0,
		"HitStun": 30,
		"BlockHitStun": 15,
		"CritHitStun": 30,
		"ImpactDistanceX": 0,
		"ImpactDistanceY": 0,
		"ImpactDistanceZ": 0,
		"ImpactDecayRate": 0.8,
		"BlockImpactDistanceX": 0,
		"BlockImpactDistanceY": 0,
		"BlockImpactDistanceZ": 0,
		"BlockImpactDecayRate": 0.8,
		"CritImpactDistanceX": 0,
		"CritImpactDistanceY": 1,
		"CritImpactDistanceZ": 0,
		"CritImpactDecayRate": 0.8,
		"AddDmg": 0,
		"StaggerDmgModifier": 0.3,
		"StaggerResistModifier": 1,
		"HungerDmg": 0,
		"ThirstDmg": 0,
		"StaminaDmg": 0,
		"ImpactRating": 3,
		"BlockStaminaDmgMod": 1,
		"BlockAbsorptionModifier": 1,
		"TargetCameraShakeID": "Large_short",
		"BlockTargetCameraShakeID": "Small",
		"CritTargetCameraShakeID": "Large_short",
		"StunBreakoutIncrement": 1,
		"HitRuneCharge": 0.1625,
		"HitBlockedRuneCharge": 0.325
	},
	{
		"DamageID": "Sandworm_AcidSpew_Direct",
		"WeaponCategory": "Blunt_AI",
		"IgnoreInvulnerable": 0,
		"NoReaction": 0,
		"IsRanged": true,
		"SurfaceImpactEffect": "Bullet",
		"DeflectDamageID": "Unarmed",
		"AttackType": "Magic",
		"DamageType": "Acid",
		"CanCrit": false,
		"DmgCoef": 0.2,
		"DmgCoefHead": 1,
		"DmgCoefCrit": 1,
		"PowerLevel": 1,
		"BlockPowerLevel": 0,
		"CritPowerLevel": 0,
		"HitStun": 30,
		"BlockHitStun": 15,
		"CritHitStun": 30,
		"ImpactDistanceX": 0,
		"ImpactDistanceY": 0,
		"ImpactDistanceZ": 0,
		"ImpactDecayRate": 0.8,
		"BlockImpactDistanceX": 0,
		"BlockImpactDistanceY": 0,
		"BlockImpactDistanceZ": 0,
		"BlockImpactDecayRate": 0.8,
		"CritImpactDistanceX": 0,
		"CritImpactDistanceY": 1,
		"CritImpactDistanceZ": 0,
		"CritImpactDecayRate": 0.8,
		"AddDmg": 0,
		"StaggerDmgModifier": 0.3,
		"StaggerResistModifier": 1,
		"HungerDmg": 0,
		"ThirstDmg": 0,
		"StaminaDmg": 0,
		"ImpactRating": 3,
		"BlockStaminaDmgMod": 1,
		"BlockAbsorptionModifier": 1,
		"TargetCameraShakeID": "Large_short",
		"BlockTargetCameraShakeID": "Small",
		"CritTargetCameraShakeID": "Large_short",
		"StunBreakoutIncrement": 1,
		"HitRuneCharge": 0.1625,
		"HitBlockedRuneCharge": 0.325
	},
	{
		"DamageID": "Sandworm_Emerge",
		"WeaponCategory": "Blunt_AI",
		"IgnoreInvulnerable": 0,
		"NoReaction": 0,
		"IsRanged": false,
		"SurfaceImpactEffect": "Bullet",
		"DeflectDamageID": "Unarmed",
		"AttackType": "Heavy",
		"DamageType": "Strike",
		"CanCrit": false,
		"DmgCoef": 1,
		"DmgCoefHead": 1,
		"DmgCoefCrit": 1,
		"PowerLevel": 4,
		"BlockPowerLevel": 3,
		"CritPowerLevel": 3,
		"HitStun": 25,
		"BlockHitStun": 35,
		"CritHitStun": 30,
		"ImpactDistanceX": 0,
		"ImpactDistanceY": 0,
		"ImpactDistanceZ": 0,
		"ImpactDecayRate": 0.8,
		"BlockImpactDistanceX": 0,
		"BlockImpactDistanceY": 0,
		"BlockImpactDistanceZ": 0,
		"BlockImpactDecayRate": 0.8,
		"CritImpactDistanceX": 0,
		"CritImpactDistanceY": 0,
		"CritImpactDistanceZ": 0,
		"CritImpactDecayRate": 0.8,
		"AddDmg": 0,
		"StaggerDmgModifier": 1,
		"StaggerResistModifier": 0,
		"HungerDmg": 0,
		"ThirstDmg": 0,
		"StaminaDmg": 0,
		"ImpactRating": 3,
		"BlockStaminaDmgMod": 0.8,
		"BlockAbsorptionModifier": 1,
		"TargetCameraShakeID": "Large_short",
		"BlockTargetCameraShakeID": "Small",
		"CritTargetCameraShakeID": "Large_short",
		"StunBreakoutIncrement": 1,
		"HitRuneCharge": 0.1625,
		"HitBlockedRuneCharge": 0.325
	},
	{
		"DamageID": "Sandworm_WormPellet_Explosion",
		"WeaponCategory": "Unarmed",
		"IgnoreInvulnerable": 1,
		"NoReaction": 0,
		"IsRanged": false,
		"SurfaceImpactEffect": "Bullet",
		"DeflectDamageID": "Unarmed",
		"AttackType": "Heavy",
		"DamageType": "Strike",
		"CanCrit": false,
		"DmgCoef": 1,
		"DmgCoefHead": 1,
		"DmgCoefCrit": 1,
		"PowerLevel": 1,
		"BlockPowerLevel": 3,
		"CritPowerLevel": 5,
		"HitStun": 40,
		"BlockHitStun": 35,
		"CritHitStun": 40,
		"ImpactDistanceX": 0,
		"ImpactDistanceY": 0,
		"ImpactDistanceZ": 0,
		"ImpactDecayRate": 0.8,
		"BlockImpactDistanceX": 0,
		"BlockImpactDistanceY": 0,
		"BlockImpactDistanceZ": 0,
		"BlockImpactDecayRate": 0.8,
		"CritImpactDistanceX": 0,
		"CritImpactDistanceY": 0,
		"CritImpactDistanceZ": 0,
		"CritImpactDecayRate": 0.8,
		"AddDmg": 0,
		"StaggerDmgModifier": 1,
		"StaggerResistModifier": 0,
		"HungerDmg": 0,
		"ThirstDmg": 0,
		"StaminaDmg": 0,
		"ImpactRating": 3,
		"BlockStaminaDmgMod": 1.25,
		"BlockAbsorptionModifier": 1,
		"TargetCameraShakeID": "Large_short",
		"BlockTargetCameraShakeID": "Small",
		"CritTargetCameraShakeID": "Large_short",
		"StunBreakoutIncrement": 1,
		"HitRuneCharge": 0.1625,
		"HitBlockedRuneCharge": 0.325
	},
	{
		"DamageID": "Sandworm_BodySweep",
		"WeaponCategory": "Unarmed",
		"IgnoreInvulnerable": 0,
		"NoReaction": 0,
		"IsRanged": false,
		"SurfaceImpactEffect": "Bullet",
		"DeflectDamageID": "Unarmed",
		"AttackType": "Heavy",
		"DamageType": "Strike",
		"CanCrit": false,
		"DmgCoef": 1,
		"DmgCoefHead": 1,
		"DmgCoefCrit": 1,
		"PowerLevel": 4,
		"BlockPowerLevel": 3,
		"CritPowerLevel": 5,
		"HitStun": 40,
		"BlockHitStun": 35,
		"CritHitStun": 40,
		"ImpactDistanceX": 0,
		"ImpactDistanceY": 0,
		"ImpactDistanceZ": 0,
		"ImpactDecayRate": 0.8,
		"BlockImpactDistanceX": 0,
		"BlockImpactDistanceY": 0,
		"BlockImpactDistanceZ": 0,
		"BlockImpactDecayRate": 0.8,
		"CritImpactDistanceX": 0,
		"CritImpactDistanceY": 0,
		"CritImpactDistanceZ": 0,
		"CritImpactDecayRate": 0.8,
		"AddDmg": 0,
		"StaggerDmgModifier": 1,
		"StaggerResistModifier": 0,
		"HungerDmg": 0,
		"ThirstDmg": 0,
		"StaminaDmg": 0,
		"ImpactRating": 3,
		"BlockStaminaDmgMod": 1.25,
		"BlockAbsorptionModifier": 1,
		"TargetCameraShakeID": "Large_short",
		"BlockTargetCameraShakeID": "Small",
		"CritTargetCameraShakeID": "Large_short",
		"StunBreakoutIncrement": 1,
		"HitRuneCharge": 0.1625,
		"HitBlockedRuneCharge": 0.325
	},
	{
		"DamageID": "Sandworm_BodySweep_L",
		"WeaponCategory": "Unarmed",
		"IgnoreInvulnerable": 0,
		"NoReaction": 0,
		"IsRanged": false,
		"SurfaceImpactEffect": "Bullet",
		"DeflectDamageID": "Unarmed",
		"AttackType": "Heavy",
		"DamageType": "Strike",
		"CanCrit": false,
		"DmgCoef": 1,
		"DmgCoefHead": 1,
		"DmgCoefCrit": 1,
		"PowerLevel": 0,
		"BlockPowerLevel": 0,
		"CritPowerLevel": 0,
		"HitStun": 40,
		"BlockHitStun": 35,
		"CritHitStun": 40,
		"ImpactDistanceX": 0,
		"ImpactDistanceY": 2,
		"ImpactDistanceZ": 0,
		"ImpactDecayRate": 0.8,
		"BlockImpactDistanceX": 0,
		"BlockImpactDistanceY": 0,
		"BlockImpactDistanceZ": 0,
		"BlockImpactDecayRate": 0.8,
		"CritImpactDistanceX": 0,
		"CritImpactDistanceY": 0,
		"CritImpactDistanceZ": 0,
		"CritImpactDecayRate": 0.8,
		"AddDmg": 0,
		"StaggerDmgModifier": 1,
		"StaggerResistModifier": 0,
		"HungerDmg": 0,
		"ThirstDmg": 0,
		"StaminaDmg": 0,
		"ImpactRating": 3,
		"BlockStaminaDmgMod": 1.25,
		"BlockAbsorptionModifier": 1,
		"TargetCameraShakeID": "Large_short",
		"BlockTargetCameraShakeID": "Small",
		"CritTargetCameraShakeID": "Large_short",
		"StunBreakoutIncrement": 1,
		"HitRuneCharge": 0.1625,
		"HitBlockedRuneCharge": 0.325
	},
	{
		"DamageID": "Sandworm_BodySweep_R",
		"WeaponCategory": "Unarmed",
		"IgnoreInvulnerable": 0,
		"NoReaction": 0,
		"IsRanged": false,
		"SurfaceImpactEffect": "Bullet",
		"DeflectDamageID": "Unarmed",
		"AttackType": "Heavy",
		"DamageType": "Strike",
		"CanCrit": false,
		"DmgCoef": 1,
		"DmgCoefHead": 1,
		"DmgCoefCrit": 1,
		"PowerLevel": 0,
		"BlockPowerLevel": 0,
		"CritPowerLevel": 0,
		"HitStun": 40,
		"BlockHitStun": 35,
		"CritHitStun": 40,
		"ImpactDistanceX": 0,
		"ImpactDistanceY": 2,
		"ImpactDistanceZ": 0,
		"ImpactDecayRate": 0.8,
		"BlockImpactDistanceX": 0,
		"BlockImpactDistanceY": 0,
		"BlockImpactDistanceZ": 0,
		"BlockImpactDecayRate": 0.8,
		"CritImpactDistanceX": 0,
		"CritImpactDistanceY": 0,
		"CritImpactDistanceZ": 0,
		"CritImpactDecayRate": 0.8,
		"AddDmg": 0,
		"StaggerDmgModifier": 1,
		"StaggerResistModifier": 0,
		"HungerDmg": 0,
		"ThirstDmg": 0,
		"StaminaDmg": 0,
		"ImpactRating": 3,
		"BlockStaminaDmgMod": 1.25,
		"BlockAbsorptionModifier": 1,
		"TargetCameraShakeID": "Large_short",
		"BlockTargetCameraShakeID": "Small",
		"CritTargetCameraShakeID": "Large_short",
		"StunBreakoutIncrement": 1,
		"HitRuneCharge": 0.1625,
		"HitBlockedRuneCharge": 0.325
	},
	{
		"DamageID": "Sandworm_Chomp",
		"WeaponCategory": "Blunt_AI",
		"IgnoreInvulnerable": 0,
		"NoReaction": 0,
		"IsRanged": false,
		"SurfaceImpactEffect": "Bullet",
		"DeflectDamageID": "Unarmed",
		"AttackType": "Heavy",
		"DamageType": "Strike",
		"CanCrit": false,
		"DmgCoef": 2,
		"DmgCoefHead": 1,
		"DmgCoefCrit": 1,
		"PowerLevel": 5,
		"BlockPowerLevel": 3,
		"CritPowerLevel": 3,
		"HitStun": 25,
		"BlockHitStun": 35,
		"CritHitStun": 30,
		"ImpactDistanceX": 0,
		"ImpactDistanceY": 0,
		"ImpactDistanceZ": 0,
		"ImpactDecayRate": 0.8,
		"BlockImpactDistanceX": 0,
		"BlockImpactDistanceY": 0,
		"BlockImpactDistanceZ": 0,
		"BlockImpactDecayRate": 0.8,
		"CritImpactDistanceX": 0,
		"CritImpactDistanceY": 0,
		"CritImpactDistanceZ": 0,
		"CritImpactDecayRate": 0.8,
		"AddDmg": 0,
		"StaggerDmgModifier": 1,
		"StaggerResistModifier": 0,
		"HungerDmg": 0,
		"ThirstDmg": 0,
		"StaminaDmg": 0,
		"ImpactRating": 3,
		"BlockStaminaDmgMod": 0.8,
		"BlockAbsorptionModifier": 1,
		"TargetCameraShakeID": "Large_short",
		"BlockTargetCameraShakeID": "Small",
		"CritTargetCameraShakeID": "Large_short",
		"StunBreakoutIncrement": 1,
		"HitRuneCharge": 0.1625,
		"HitBlockedRuneCharge": 0.325
	},
	{
		"DamageID": "Sandworm_Bite",
		"WeaponCategory": "Blunt_AI",
		"IgnoreInvulnerable": 0,
		"NoReaction": 0,
		"IsRanged": false,
		"SurfaceImpactEffect": "Bullet",
		"DeflectDamageID": "Unarmed",
		"AttackType": "Heavy",
		"DamageType": "Strike",
		"CanCrit": false,
		"DmgCoef": 2,
		"DmgCoefHead": 1,
		"DmgCoefCrit": 1,
		"PowerLevel": 5,
		"BlockPowerLevel": 3,
		"CritPowerLevel": 3,
		"HitStun": 25,
		"BlockHitStun": 35,
		"CritHitStun": 30,
		"ImpactDistanceX": 0,
		"ImpactDistanceY": 0,
		"ImpactDistanceZ": 0,
		"ImpactDecayRate": 0.8,
		"BlockImpactDistanceX": 0,
		"BlockImpactDistanceY": 0,
		"BlockImpactDistanceZ": 0,
		"BlockImpactDecayRate": 0.8,
		"CritImpactDistanceX": 0,
		"CritImpactDistanceY": 0,
		"CritImpactDistanceZ": 0,
		"CritImpactDecayRate": 0.8,
		"AddDmg": 0,
		"StaggerDmgModifier": 1,
		"StaggerResistModifier": 0,
		"HungerDmg": 0,
		"ThirstDmg": 0,
		"StaminaDmg": 0,
		"ImpactRating": 3,
		"BlockStaminaDmgMod": 0.8,
		"BlockAbsorptionModifier": 1,
		"TargetCameraShakeID": "Large_short",
		"BlockTargetCameraShakeID": "Small",
		"CritTargetCameraShakeID": "Large_short",
		"StunBreakoutIncrement": 1,
		"HitRuneCharge": 0.1625,
		"HitBlockedRuneCharge": 0.325
	}
]